product_id,site_id,week,on_hand,in_transit
NWO-1001,DC_NORTH,2023-06-05,252,172
NWO-1001,DC_NORTH,2023-06-12,472,152
NWO-1001,DC_NORTH,2023-06-19,265,99
NWO-1001,DC_NORTH,2023-06-26,227,98
NWO-1001,DC_NORTH,2023-07-03,224,131
NWO-1001,DC_NORTH,2023-07-10,344,138
NWO-1001,DC_NORTH,2023-07-17,333,120
NWO-1001,DC_NORTH,2023-07-24,350,109
NWO-1001,DC_NORTH,2023-07-31,237,127
NWO-1001,DC_NORTH,2023-08-07,376,137
NWO-1001,DC_NORTH,2023-08-14,424,95
NWO-1001,DC_NORTH,2023-08-21,306,119
NWO-1001,DC_NORTH,2023-08-28,408,117
NWO-1001,DC_NORTH,2023-09-04,400,111
NWO-1001,DC_NORTH,2023-09-11,266,82
NWO-1001,DC_NORTH,2023-09-18,186,74
NWO-1001,DC_NORTH,2023-09-25,244,168
NWO-1001,DC_NORTH,2023-10-02,504,206
NWO-1001,DC_NORTH,2023-10-09,403,233
NWO-1001,DC_NORTH,2023-10-16,451,101
NWO-1001,DC_NORTH,2023-10-23,351,81
NWO-1001,DC_NORTH,2023-10-30,220,219
NWO-1001,DC_NORTH,2023-11-06,590,160
NWO-1001,DC_NORTH,2023-11-13,463,141
NWO-1001,DC_NORTH,2023-11-20,410,114
NWO-1001,DC_NORTH,2023-11-27,323,163
NWO-1001,DC_NORTH,2023-12-04,482,187
NWO-1001,DC_NORTH,2023-12-11,440,183
NWO-1001,DC_NORTH,2023-12-18,641,196
NWO-1001,DC_NORTH,2023-12-25,683,72
NWO-1001,DC_NORTH,2024-01-01,200,116
NWO-1001,DC_NORTH,2024-01-08,268,104
NWO-1001,DC_NORTH,2024-01-15,260,101
NWO-1001,DC_NORTH,2024-01-22,276,96
NWO-1001,DC_NORTH,2024-01-29,308,111
NWO-1001,DC_NORTH,2024-02-05,351,92
NWO-1001,DC_NORTH,2024-02-12,184,73
NWO-1001,DC_NORTH,2024-02-19,255,114
NWO-1001,DC_NORTH,2024-02-26,248,130
NWO-1001,DC_NORTH,2024-03-04,343,105
NWO-1001,DC_NORTH,2024-03-11,278,129
NWO-1001,DC_NORTH,2024-03-18,281,118
NWO-1001,DC_NORTH,2024-03-25,255,111
NWO-1001,DC_NORTH,2024-04-01,335,118
NWO-1001,DC_NORTH,2024-04-08,411,129
NWO-1001,DC_NORTH,2024-04-15,423,149
NWO-1001,DC_NORTH,2024-04-22,299,106
NWO-1001,DC_NORTH,2024-04-29,293,100
NWO-1001,DC_NORTH,2024-05-06,405,101
NWO-1001,DC_NORTH,2024-05-13,335,112
NWO-1001,DC_NORTH,2024-05-20,330,99
NWO-1001,DC_NORTH,2024-05-27,245,137
NWO-1001,DC_NORTH,2024-06-03,354,175
NWO-1001,DC_NORTH,2024-06-10,382,158
NWO-1001,DC_NORTH,2024-06-17,418,188
NWO-1001,DC_NORTH,2024-06-24,390,138
NWO-1001,DC_NORTH,2024-07-01,452,122
NWO-1001,DC_NORTH,2024-07-08,450,192
NWO-1001,DC_NORTH,2024-07-15,455,131
NWO-1001,DC_NORTH,2024-07-22,273,204
NWO-1001,DC_NORTH,2024-07-29,580,108
NWO-1001,DC_NORTH,2024-08-05,388,134
NWO-1001,DC_NORTH,2024-08-12,393,237
NWO-1001,DC_NORTH,2024-08-19,635,168
NWO-1001,DC_NORTH,2024-08-26,380,111
NWO-1001,DC_NORTH,2024-09-02,331,132
NWO-1001,DC_NORTH,2024-09-09,288,120
NWO-1001,DC_NORTH,2024-09-16,393,139
NWO-1001,DC_NORTH,2024-09-23,369,92
NWO-1001,DC_NORTH,2024-09-30,199,208
NWO-1001,DC_NORTH,2024-10-07,490,122
NWO-1001,DC_NORTH,2024-10-14,314,157
NWO-1001,DC_NORTH,2024-10-21,520,122
NWO-1001,DC_NORTH,2024-10-28,284,142
NWO-1001,DC_NORTH,2024-11-04,405,125
NWO-1001,DC_NORTH,2024-11-11,298,173
NWO-1001,DC_NORTH,2024-11-18,398,163
NWO-1001,DC_NORTH,2024-11-25,394,214
NWO-1001,DC_NORTH,2024-12-02,498,168
NWO-1001,DC_NORTH,2024-12-09,589,144
NWO-1001,DC_NORTH,2024-12-16,487,135
NWO-1001,DC_NORTH,2024-12-23,519,215
NWO-1001,DC_NORTH,2024-12-30,549,111
NWO-1001,DC_NORTH,2025-01-06,314,124
NWO-1001,DC_NORTH,2025-01-13,285,88
NWO-1001,DC_NORTH,2025-01-20,308,128
NWO-1001,DC_NORTH,2025-01-27,451,112
NWO-1001,DC_NORTH,2025-02-03,237,116
NWO-1001,DC_NORTH,2025-02-10,360,106
NWO-1001,DC_NORTH,2025-02-17,298,76
NWO-1001,DC_NORTH,2025-02-24,226,105
NWO-1001,DC_NORTH,2025-03-03,257,136
NWO-1001,DC_NORTH,2025-03-10,455,132
NWO-1001,DC_NORTH,2025-03-17,420,175
NWO-1001,DC_NORTH,2025-03-24,467,81
NWO-1001,DC_NORTH,2025-03-31,266,125
NWO-1001,DC_NORTH,2025-04-07,265,109
NWO-1001,DC_NORTH,2025-04-14,312,142
NWO-1001,DC_NORTH,2025-04-21,383,142
NWO-1001,DC_NORTH,2025-04-28,470,117
NWO-1001,DC_NORTH,2025-05-05,295,164
NWO-1001,DC_NORTH,2025-05-12,520,149
NWO-1001,DC_NORTH,2025-05-19,382,161
NWO-1001,DC_NORTH,2025-05-26,352,153
NWO-1001,DC_NORTH,2025-06-02,388,121
NWO-1001,DC_NORTH,2025-06-09,377,179
NWO-1001,DC_NORTH,2025-06-16,504,133
NWO-1001,DC_NORTH,2025-06-23,402,118
NWO-1001,DC_NORTH,2025-06-30,330,130
NWO-1001,DC_NORTH,2025-07-07,348,150
NWO-1001,DC_NORTH,2025-07-14,462,160
NWO-1001,DC_NORTH,2025-07-21,486,111
NWO-1001,DC_NORTH,2025-07-28,402,128
NWO-1001,DC_NORTH,2025-08-04,448,139
NWO-1001,DC_NORTH,2025-08-11,434,171
NWO-1001,DC_NORTH,2025-08-18,334,134
NWO-1001,DC_NORTH,2025-08-25,441,130
NWO-1001,DC_NORTH,2025-09-01,462,152
NWO-1001,DC_NORTH,2025-09-08,306,134
NWO-1001,DC_NORTH,2025-09-15,405,138
NWO-1001,DC_NORTH,2025-09-22,399,168
NWO-1001,DC_NORTH,2025-09-29,446,143
NWO-1001,DC_NORTH,2025-10-06,328,144
NWO-1001,DC_NORTH,2025-10-13,311,138
NWO-1001,DC_NORTH,2025-10-20,437,198
NWO-1001,DC_NORTH,2025-10-27,475,202
NWO-1001,DC_NORTH,2025-11-03,589,179
NWO-1001,DC_NORTH,2025-11-10,633,246
NWO-1001,DC_NORTH,2025-11-17,540,242
NWO-1001,DC_NORTH,2025-11-24,788,224
NWO-1001,DC_NORTH,2025-12-01,472,263
NWO-1001,DC_NORTH,2025-12-08,786,258
NWO-1001,DC_NORTH,2025-12-15,955,218
NWO-1001,DC_NORTH,2025-12-22,682,180
NWO-1001,DC_NORTH,2025-12-29,545,145
NWO-1001,DC_NORTH,2026-01-05,321,116
NWO-1001,DC_NORTH,2026-01-12,364,131
NWO-1001,DC_NORTH,2026-01-19,318,127
NWO-1001,DC_NORTH,2026-01-26,367,149
NWO-1001,DC_NORTH,2026-02-02,460,115
NWO-1001,DC_NORTH,2026-02-09,334,121
NWO-1001,DC_NORTH,2026-02-16,341,151
NWO-1001,DC_NORTH,2026-02-23,397,174
NWO-1001,DC_NORTH,2026-03-02,364,185
NWO-1001,DC_NORTH,2026-03-09,370,106
NWO-1001,DC_NORTH,2026-03-16,382,131
NWO-1001,DC_NORTH,2026-03-23,524,172
NWO-1001,DC_NORTH,2026-03-30,369,115
NWO-1001,DC_NORTH,2026-04-06,358,147
NWO-1001,DC_NORTH,2026-04-13,337,135
NWO-1001,DC_NORTH,2026-04-20,411,156
NWO-1001,DC_NORTH,2026-04-27,486,152
NWO-1001,DC_NORTH,2026-05-04,330,139
NWO-1001,DC_NORTH,2026-05-11,459,113
NWO-1001,DC_NORTH,2026-05-18,414,194
NWO-1001,DC_NORTH,2026-05-25,402,133
NWO-1001,DC_NORTH,2026-06-01,469,174
NWO-1001,DC_SOUTH,2023-06-05,1032,308
NWO-1001,DC_SOUTH,2023-06-12,735,358
NWO-1001,DC_SOUTH,2023-06-19,914,286
NWO-1001,DC_SOUTH,2023-06-26,611,305
NWO-1001,DC_SOUTH,2023-07-03,702,388
NWO-1001,DC_SOUTH,2023-07-10,701,308
NWO-1001,DC_SOUTH,2023-07-17,1029,354
NWO-1001,DC_SOUTH,2023-07-24,843,340
NWO-1001,DC_SOUTH,2023-07-31,893,274
NWO-1001,DC_SOUTH,2023-08-07,899,355
NWO-1001,DC_SOUTH,2023-08-14,712,309
NWO-1001,DC_SOUTH,2023-08-21,1080,326
NWO-1001,DC_SOUTH,2023-08-28,765,386
NWO-1001,DC_SOUTH,2023-09-04,771,307
NWO-1001,DC_SOUTH,2023-09-11,661,373
NWO-1001,DC_SOUTH,2023-09-18,875,356
NWO-1001,DC_SOUTH,2023-09-25,798,292
NWO-1001,DC_SOUTH,2023-10-02,881,383
NWO-1001,DC_SOUTH,2023-10-09,980,309
NWO-1001,DC_SOUTH,2023-10-16,665,295
NWO-1001,DC_SOUTH,2023-10-23,650,568
NWO-1001,DC_SOUTH,2023-10-30,1179,742
NWO-1001,DC_SOUTH,2023-11-06,2315,563
NWO-1001,DC_SOUTH,2023-11-13,1981,562
NWO-1001,DC_SOUTH,2023-11-20,1622,481
NWO-1001,DC_SOUTH,2023-11-27,1251,400
NWO-1001,DC_SOUTH,2023-12-04,1254,440
NWO-1001,DC_SOUTH,2023-12-11,1350,423
NWO-1001,DC_SOUTH,2023-12-18,1152,682
NWO-1001,DC_SOUTH,2023-12-25,1917,268
NWO-1001,DC_SOUTH,2024-01-01,748,240
NWO-1001,DC_SOUTH,2024-01-08,811,352
NWO-1001,DC_SOUTH,2024-01-15,1026,253
NWO-1001,DC_SOUTH,2024-01-22,970,249
NWO-1001,DC_SOUTH,2024-01-29,795,261
NWO-1001,DC_SOUTH,2024-02-05,864,344
NWO-1001,DC_SOUTH,2024-02-12,938,231
NWO-1001,DC_SOUTH,2024-02-19,680,212
NWO-1001,DC_SOUTH,2024-02-26,542,239
NWO-1001,DC_SOUTH,2024-03-04,728,409
NWO-1001,DC_SOUTH,2024-03-11,1186,321
NWO-1001,DC_SOUTH,2024-03-18,960,306
NWO-1001,DC_SOUTH,2024-03-25,789,255
NWO-1001,DC_SOUTH,2024-04-01,678,360
NWO-1001,DC_SOUTH,2024-04-08,747,282
NWO-1001,DC_SOUTH,2024-04-15,750,330
NWO-1001,DC_SOUTH,2024-04-22,1100,287
NWO-1001,DC_SOUTH,2024-04-29,713,305
NWO-1001,DC_SOUTH,2024-05-06,1035,258
NWO-1001,DC_SOUTH,2024-05-13,995,365
NWO-1001,DC_SOUTH,2024-05-20,1112,382
NWO-1001,DC_SOUTH,2024-05-27,759,402
NWO-1001,DC_SOUTH,2024-06-03,1237,381
NWO-1001,DC_SOUTH,2024-06-10,878,400
NWO-1001,DC_SOUTH,2024-06-17,889,367
NWO-1001,DC_SOUTH,2024-06-24,915,342
NWO-1001,DC_SOUTH,2024-07-01,774,311
NWO-1001,DC_SOUTH,2024-07-08,683,336
NWO-1001,DC_SOUTH,2024-07-15,1056,306
NWO-1001,DC_SOUTH,2024-07-22,1157,414
NWO-1001,DC_SOUTH,2024-07-29,1032,410
NWO-1001,DC_SOUTH,2024-08-05,1027,394
NWO-1001,DC_SOUTH,2024-08-12,737,365
NWO-1001,DC_SOUTH,2024-08-19,1142,369
NWO-1001,DC_SOUTH,2024-08-26,720,339
NWO-1001,DC_SOUTH,2024-09-02,808,333
NWO-1001,DC_SOUTH,2024-09-09,852,281
NWO-1001,DC_SOUTH,2024-09-16,724,378
NWO-1001,DC_SOUTH,2024-09-23,906,395
NWO-1001,DC_SOUTH,2024-09-30,1277,416
NWO-1001,DC_SOUTH,2024-10-07,852,359
NWO-1001,DC_SOUTH,2024-10-14,1056,441
NWO-1001,DC_SOUTH,2024-10-21,1099,328
NWO-1001,DC_SOUTH,2024-10-28,1137,499
NWO-1001,DC_SOUTH,2024-11-04,1173,538
NWO-1001,DC_SOUTH,2024-11-11,1469,448
NWO-1001,DC_SOUTH,2024-11-18,1371,517
NWO-1001,DC_SOUTH,2024-11-25,1449,504
NWO-1001,DC_SOUTH,2024-12-02,1582,459
NWO-1001,DC_SOUTH,2024-12-09,1156,488
NWO-1001,DC_SOUTH,2024-12-16,1019,600
NWO-1001,DC_SOUTH,2024-12-23,1902,546
NWO-1001,DC_SOUTH,2024-12-30,1887,253
NWO-1001,DC_SOUTH,2025-01-06,642,396
NWO-1001,DC_SOUTH,2025-01-13,777,252
NWO-1001,DC_SOUTH,2025-01-20,584,237
NWO-1001,DC_SOUTH,2025-01-27,600,244
NWO-1001,DC_SOUTH,2025-02-03,830,308
NWO-1001,DC_SOUTH,2025-02-10,764,355
NWO-1001,DC_SOUTH,2025-02-17,1010,318
NWO-1001,DC_SOUTH,2025-02-24,1073,406
NWO-1001,DC_SOUTH,2025-03-03,1265,319
NWO-1001,DC_SOUTH,2025-03-10,1048,343
NWO-1001,DC_SOUTH,2025-03-17,1128,347
NWO-1001,DC_SOUTH,2025-03-24,827,342
NWO-1001,DC_SOUTH,2025-03-31,923,270
NWO-1001,DC_SOUTH,2025-04-07,664,348
NWO-1001,DC_SOUTH,2025-04-14,979,326
NWO-1001,DC_SOUTH,2025-04-21,636,327
NWO-1001,DC_SOUTH,2025-04-28,845,335
NWO-1001,DC_SOUTH,2025-05-05,840,375
NWO-1001,DC_SOUTH,2025-05-12,958,364
NWO-1001,DC_SOUTH,2025-05-19,1229,285
NWO-1001,DC_SOUTH,2025-05-26,1015,420
NWO-1001,DC_SOUTH,2025-06-02,937,367
NWO-1001,DC_SOUTH,2025-06-09,1243,376
NWO-1001,DC_SOUTH,2025-06-16,1018,488
NWO-1001,DC_SOUTH,2025-06-23,1408,544
NWO-1001,DC_SOUTH,2025-06-30,1070,383
NWO-1001,DC_SOUTH,2025-07-07,1334,369
NWO-1001,DC_SOUTH,2025-07-14,1450,296
NWO-1001,DC_SOUTH,2025-07-21,669,292
NWO-1001,DC_SOUTH,2025-07-28,790,378
NWO-1001,DC_SOUTH,2025-08-04,1214,337
NWO-1001,DC_SOUTH,2025-08-11,828,512
NWO-1001,DC_SOUTH,2025-08-18,1283,485
NWO-1001,DC_SOUTH,2025-08-25,1137,362
NWO-1001,DC_SOUTH,2025-09-01,1053,271
NWO-1001,DC_SOUTH,2025-09-08,1079,327
NWO-1001,DC_SOUTH,2025-09-15,1168,416
NWO-1001,DC_SOUTH,2025-09-22,1237,470
NWO-1001,DC_SOUTH,2025-09-29,1412,425
NWO-1001,DC_SOUTH,2025-10-06,1221,445
NWO-1001,DC_SOUTH,2025-10-13,1235,532
NWO-1001,DC_SOUTH,2025-10-20,1127,351
NWO-1001,DC_SOUTH,2025-10-27,1069,408
NWO-1001,DC_SOUTH,2025-11-03,1586,559
NWO-1001,DC_SOUTH,2025-11-10,1603,587
NWO-1001,DC_SOUTH,2025-11-17,1404,594
NWO-1001,DC_SOUTH,2025-11-24,1964,523
NWO-1001,DC_SOUTH,2025-12-01,1106,624
NWO-1001,DC_SOUTH,2025-12-08,1629,540
NWO-1001,DC_SOUTH,2025-12-15,1573,631
NWO-1001,DC_SOUTH,2025-12-22,1699,609
NWO-1001,DC_SOUTH,2025-12-29,1782,308
NWO-1001,DC_SOUTH,2026-01-05,792,298
NWO-1001,DC_SOUTH,2026-01-12,822,304
NWO-1001,DC_SOUTH,2026-01-19,728,242
NWO-1001,DC_SOUTH,2026-01-26,627,338
NWO-1001,DC_SOUTH,2026-02-02,974,276
NWO-1001,DC_SOUTH,2026-02-09,973,376
NWO-1001,DC_SOUTH,2026-02-16,1153,292
NWO-1001,DC_SOUTH,2026-02-23,613,423
NWO-1001,DC_SOUTH,2026-03-02,1117,455
NWO-1001,DC_SOUTH,2026-03-09,1293,365
NWO-1001,DC_SOUTH,2026-03-16,971,345
NWO-1001,DC_SOUTH,2026-03-23,1121,387
NWO-1001,DC_SOUTH,2026-03-30,891,299
NWO-1001,DC_SOUTH,2026-04-06,1168,449
NWO-1001,DC_SOUTH,2026-04-13,1132,540
NWO-1001,DC_SOUTH,2026-04-20,1660,376
NWO-1001,DC_SOUTH,2026-04-27,1329,496
NWO-1001,DC_SOUTH,2026-05-04,1418,391
NWO-1001,DC_SOUTH,2026-05-11,807,415
NWO-1001,DC_SOUTH,2026-05-18,1300,405
NWO-1001,DC_SOUTH,2026-05-25,1037,395
NWO-1001,DC_SOUTH,2026-06-01,1113,422
NWO-1001,DC_WEST,2023-06-05,719,205
NWO-1001,DC_WEST,2023-06-12,515,253
NWO-1001,DC_WEST,2023-06-19,596,214
NWO-1001,DC_WEST,2023-06-26,495,331
NWO-1001,DC_WEST,2023-07-03,1075,257
NWO-1001,DC_WEST,2023-07-10,801,328
NWO-1001,DC_WEST,2023-07-17,606,215
NWO-1001,DC_WEST,2023-07-24,696,250
NWO-1001,DC_WEST,2023-07-31,625,293
NWO-1001,DC_WEST,2023-08-07,540,237
NWO-1001,DC_WEST,2023-08-14,616,311
NWO-1001,DC_WEST,2023-08-21,776,253
NWO-1001,DC_WEST,2023-08-28,588,182
NWO-1001,DC_WEST,2023-09-04,461,269
NWO-1001,DC_WEST,2023-09-11,655,204
NWO-1001,DC_WEST,2023-09-18,723,224
NWO-1001,DC_WEST,2023-09-25,566,232
NWO-1001,DC_WEST,2023-10-02,505,201
NWO-1001,DC_WEST,2023-10-09,697,189
NWO-1001,DC_WEST,2023-10-16,537,261
NWO-1001,DC_WEST,2023-10-23,801,196
NWO-1001,DC_WEST,2023-10-30,763,285
NWO-1001,DC_WEST,2023-11-06,653,282
NWO-1001,DC_WEST,2023-11-13,631,320
NWO-1001,DC_WEST,2023-11-20,660,398
NWO-1001,DC_WEST,2023-11-27,1054,264
NWO-1001,DC_WEST,2023-12-04,846,348
NWO-1001,DC_WEST,2023-12-11,885,336
NWO-1001,DC_WEST,2023-12-18,787,454
NWO-1001,DC_WEST,2023-12-25,928,137
NWO-1001,DC_WEST,2024-01-01,344,161
NWO-1001,DC_WEST,2024-01-08,556,147
NWO-1001,DC_WEST,2024-01-15,359,197
NWO-1001,DC_WEST,2024-01-22,509,264
NWO-1001,DC_WEST,2024-01-29,612,277
NWO-1001,DC_WEST,2024-02-05,499,218
NWO-1001,DC_WEST,2024-02-12,455,233
NWO-1001,DC_WEST,2024-02-19,572,189
NWO-1001,DC_WEST,2024-02-26,620,201
NWO-1001,DC_WEST,2024-03-04,704,191
NWO-1001,DC_WEST,2024-03-11,784,258
NWO-1001,DC_WEST,2024-03-18,547,267
NWO-1001,DC_WEST,2024-03-25,681,260
NWO-1001,DC_WEST,2024-04-01,510,234
NWO-1001,DC_WEST,2024-04-08,431,233
NWO-1001,DC_WEST,2024-04-15,526,260
NWO-1001,DC_WEST,2024-04-22,705,277
NWO-1001,DC_WEST,2024-04-29,768,229
NWO-1001,DC_WEST,2024-05-06,637,249
NWO-1001,DC_WEST,2024-05-13,836,252
NWO-1001,DC_WEST,2024-05-20,548,314
NWO-1001,DC_WEST,2024-05-27,793,229
NWO-1001,DC_WEST,2024-06-03,783,269
NWO-1001,DC_WEST,2024-06-10,802,279
NWO-1001,DC_WEST,2024-06-17,837,304
NWO-1001,DC_WEST,2024-06-24,568,295
NWO-1001,DC_WEST,2024-07-01,640,266
NWO-1001,DC_WEST,2024-07-08,870,301
NWO-1001,DC_WEST,2024-07-15,715,229
NWO-1001,DC_WEST,2024-07-22,728,289
NWO-1001,DC_WEST,2024-07-29,900,383
NWO-1001,DC_WEST,2024-08-05,1106,275
NWO-1001,DC_WEST,2024-08-12,592,260
NWO-1001,DC_WEST,2024-08-19,724,235
NWO-1001,DC_WEST,2024-08-26,585,264
NWO-1001,DC_WEST,2024-09-02,918,245
NWO-1001,DC_WEST,2024-09-09,472,268
NWO-1001,DC_WEST,2024-09-16,642,214
NWO-1001,DC_WEST,2024-09-23,790,214
NWO-1001,DC_WEST,2024-09-30,747,227
NWO-1001,DC_WEST,2024-10-07,815,266
NWO-1001,DC_WEST,2024-10-14,760,280
NWO-1001,DC_WEST,2024-10-21,859,253
NWO-1001,DC_WEST,2024-10-28,723,296
NWO-1001,DC_WEST,2024-11-04,770,321
NWO-1001,DC_WEST,2024-11-11,1183,331
NWO-1001,DC_WEST,2024-11-18,816,284
NWO-1001,DC_WEST,2024-11-25,800,426
NWO-1001,DC_WEST,2024-12-02,963,407
NWO-1001,DC_WEST,2024-12-09,943,393
NWO-1001,DC_WEST,2024-12-16,1256,305
NWO-1001,DC_WEST,2024-12-23,1139,486
NWO-1001,DC_WEST,2024-12-30,1440,227
NWO-1001,DC_WEST,2025-01-06,691,254
NWO-1001,DC_WEST,2025-01-13,887,201
NWO-1001,DC_WEST,2025-01-20,400,190
NWO-1001,DC_WEST,2025-01-27,638,223
NWO-1001,DC_WEST,2025-02-03,510,150
NWO-1001,DC_WEST,2025-02-10,611,227
NWO-1001,DC_WEST,2025-02-17,521,265
NWO-1001,DC_WEST,2025-02-24,812,213
NWO-1001,DC_WEST,2025-03-03,736,229
NWO-1001,DC_WEST,2025-03-10,757,280
NWO-1001,DC_WEST,2025-03-17,666,228
NWO-1001,DC_WEST,2025-03-24,719,223
NWO-1001,DC_WEST,2025-03-31,553,261
NWO-1001,DC_WEST,2025-04-07,565,278
NWO-1001,DC_WEST,2025-04-14,779,390
NWO-1001,DC_WEST,2025-04-21,1070,270
NWO-1001,DC_WEST,2025-04-28,851,202
NWO-1001,DC_WEST,2025-05-05,667,321
NWO-1001,DC_WEST,2025-05-12,563,351
NWO-1001,DC_WEST,2025-05-19,990,234
NWO-1001,DC_WEST,2025-05-26,641,265
NWO-1001,DC_WEST,2025-06-02,969,375
NWO-1001,DC_WEST,2025-06-09,830,217
NWO-1001,DC_WEST,2025-06-16,868,299
NWO-1001,DC_WEST,2025-06-23,974,343
NWO-1001,DC_WEST,2025-06-30,894,303
NWO-1001,DC_WEST,2025-07-07,971,351
NWO-1001,DC_WEST,2025-07-14,682,313
NWO-1001,DC_WEST,2025-07-21,736,338
NWO-1001,DC_WEST,2025-07-28,803,218
NWO-1001,DC_WEST,2025-08-04,749,310
NWO-1001,DC_WEST,2025-08-11,1150,278
NWO-1001,DC_WEST,2025-08-18,999,288
NWO-1001,DC_WEST,2025-08-25,791,300
NWO-1001,DC_WEST,2025-09-01,625,246
NWO-1001,DC_WEST,2025-09-08,664,258
NWO-1001,DC_WEST,2025-09-15,813,257
NWO-1001,DC_WEST,2025-09-22,645,315
NWO-1001,DC_WEST,2025-09-29,880,310
NWO-1001,DC_WEST,2025-10-06,727,331
NWO-1001,DC_WEST,2025-10-13,671,413
NWO-1001,DC_WEST,2025-10-20,1232,331
NWO-1001,DC_WEST,2025-10-27,1040,312
NWO-1001,DC_WEST,2025-11-03,766,314
NWO-1001,DC_WEST,2025-11-10,1300,561
NWO-1001,DC_WEST,2025-11-17,1682,398
NWO-1001,DC_WEST,2025-11-24,1473,354
NWO-1001,DC_WEST,2025-12-01,853,461
NWO-1001,DC_WEST,2025-12-08,1141,385
NWO-1001,DC_WEST,2025-12-15,927,499
NWO-1001,DC_WEST,2025-12-22,1458,393
NWO-1001,DC_WEST,2025-12-29,996,236
NWO-1001,DC_WEST,2026-01-05,979,217
NWO-1001,DC_WEST,2026-01-12,851,262
NWO-1001,DC_WEST,2026-01-19,682,205
NWO-1001,DC_WEST,2026-01-26,629,296
NWO-1001,DC_WEST,2026-02-02,676,307
NWO-1001,DC_WEST,2026-02-09,616,176
NWO-1001,DC_WEST,2026-02-16,756,326
NWO-1001,DC_WEST,2026-02-23,685,347
NWO-1001,DC_WEST,2026-03-02,745,273
NWO-1001,DC_WEST,2026-03-09,850,324
NWO-1001,DC_WEST,2026-03-16,665,302
NWO-1001,DC_WEST,2026-03-23,992,368
NWO-1001,DC_WEST,2026-03-30,761,268
NWO-1001,DC_WEST,2026-04-06,835,361
NWO-1001,DC_WEST,2026-04-13,788,251
NWO-1001,DC_WEST,2026-04-20,759,323
NWO-1001,DC_WEST,2026-04-27,674,404
NWO-1001,DC_WEST,2026-05-04,871,310
NWO-1001,DC_WEST,2026-05-11,843,235
NWO-1001,DC_WEST,2026-05-18,896,249
NWO-1001,DC_WEST,2026-05-25,763,476
NWO-1001,DC_WEST,2026-06-01,1579,537
NWO-1002,DC_NORTH,2023-06-05,473,139
NWO-1002,DC_NORTH,2023-06-12,482,153
NWO-1002,DC_NORTH,2023-06-19,438,176
NWO-1002,DC_NORTH,2023-06-26,318,180
NWO-1002,DC_NORTH,2023-07-03,368,152
NWO-1002,DC_NORTH,2023-07-10,367,125
NWO-1002,DC_NORTH,2023-07-17,400,127
NWO-1002,DC_NORTH,2023-07-24,358,175
NWO-1002,DC_NORTH,2023-07-31,489,154
NWO-1002,DC_NORTH,2023-08-07,518,140
NWO-1002,DC_NORTH,2023-08-14,404,178
NWO-1002,DC_NORTH,2023-08-21,365,216
NWO-1002,DC_NORTH,2023-08-28,609,120
NWO-1002,DC_NORTH,2023-09-04,485,92
NWO-1002,DC_NORTH,2023-09-11,363,126
NWO-1002,DC_NORTH,2023-09-18,358,176
NWO-1002,DC_NORTH,2023-09-25,429,136
NWO-1002,DC_NORTH,2023-10-02,347,154
NWO-1002,DC_NORTH,2023-10-09,352,121
NWO-1002,DC_NORTH,2023-10-16,356,145
NWO-1002,DC_NORTH,2023-10-23,344,129
NWO-1002,DC_NORTH,2023-10-30,330,269
NWO-1002,DC_NORTH,2023-11-06,748,190
NWO-1002,DC_NORTH,2023-11-13,636,250
NWO-1002,DC_NORTH,2023-11-20,667,149
NWO-1002,DC_NORTH,2023-11-27,428,186
NWO-1002,DC_NORTH,2023-12-04,462,146
NWO-1002,DC_NORTH,2023-12-11,508,198
NWO-1002,DC_NORTH,2023-12-18,635,219
NWO-1002,DC_NORTH,2023-12-25,512,125
NWO-1002,DC_NORTH,2024-01-01,315,126
NWO-1002,DC_NORTH,2024-01-08,370,78
NWO-1002,DC_NORTH,2024-01-15,193,91
NWO-1002,DC_NORTH,2024-01-22,294,89
NWO-1002,DC_NORTH,2024-01-29,247,114
NWO-1002,DC_NORTH,2024-02-05,274,126
NWO-1002,DC_NORTH,2024-02-12,280,121
NWO-1002,DC_NORTH,2024-02-19,349,98
NWO-1002,DC_NORTH,2024-02-26,266,127
NWO-1002,DC_NORTH,2024-03-04,275,147
NWO-1002,DC_NORTH,2024-03-11,367,120
NWO-1002,DC_NORTH,2024-03-18,289,138
NWO-1002,DC_NORTH,2024-03-25,318,120
NWO-1002,DC_NORTH,2024-04-01,214,121
NWO-1002,DC_NORTH,2024-04-08,427,120
NWO-1002,DC_NORTH,2024-04-15,391,128
NWO-1002,DC_NORTH,2024-04-22,394,127
NWO-1002,DC_NORTH,2024-04-29,439,163
NWO-1002,DC_NORTH,2024-05-06,426,134
NWO-1002,DC_NORTH,2024-05-13,262,154
NWO-1002,DC_NORTH,2024-05-20,318,168
NWO-1002,DC_NORTH,2024-05-27,390,146
NWO-1002,DC_NORTH,2024-06-03,317,156
NWO-1002,DC_NORTH,2024-06-10,339,145
NWO-1002,DC_NORTH,2024-06-17,392,145
NWO-1002,DC_NORTH,2024-06-24,338,219
NWO-1002,DC_NORTH,2024-07-01,649,173
NWO-1002,DC_NORTH,2024-07-08,385,128
NWO-1002,DC_NORTH,2024-07-15,375,165
NWO-1002,DC_NORTH,2024-07-22,400,171
NWO-1002,DC_NORTH,2024-07-29,448,200
NWO-1002,DC_NORTH,2024-08-05,413,142
NWO-1002,DC_NORTH,2024-08-12,329,140
NWO-1002,DC_NORTH,2024-08-19,457,134
NWO-1002,DC_NORTH,2024-08-26,400,140
NWO-1002,DC_NORTH,2024-09-02,438,114
NWO-1002,DC_NORTH,2024-09-09,441,106
NWO-1002,DC_NORTH,2024-09-16,375,71
NWO-1002,DC_NORTH,2024-09-23,289,133
NWO-1002,DC_NORTH,2024-09-30,500,110
NWO-1002,DC_NORTH,2024-10-07,293,176
NWO-1002,DC_NORTH,2024-10-14,453,152
NWO-1002,DC_NORTH,2024-10-21,470,145
NWO-1002,DC_NORTH,2024-10-28,461,161
NWO-1002,DC_NORTH,2024-11-04,509,127
NWO-1002,DC_NORTH,2024-11-11,344,207
NWO-1002,DC_NORTH,2024-11-18,635,184
NWO-1002,DC_NORTH,2024-11-25,479,238
NWO-1002,DC_NORTH,2024-12-02,775,226
NWO-1002,DC_NORTH,2024-12-09,632,260
NWO-1002,DC_NORTH,2024-12-16,492,241
NWO-1002,DC_NORTH,2024-12-23,669,199
NWO-1002,DC_NORTH,2024-12-30,554,89
NWO-1002,DC_NORTH,2025-01-06,315,114
NWO-1002,DC_NORTH,2025-01-13,234,96
NWO-1002,DC_NORTH,2025-01-20,236,103
NWO-1002,DC_NORTH,2025-01-27,332,91
NWO-1002,DC_NORTH,2025-02-03,169,123
NWO-1002,DC_NORTH,2025-02-10,330,113
NWO-1002,DC_NORTH,2025-02-17,300,88
NWO-1002,DC_NORTH,2025-02-24,226,108
NWO-1002,DC_NORTH,2025-03-03,352,116
NWO-1002,DC_NORTH,2025-03-10,381,123
NWO-1002,DC_NORTH,2025-03-17,409,127
NWO-1002,DC_NORTH,2025-03-24,352,130
NWO-1002,DC_NORTH,2025-03-31,410,122
NWO-1002,DC_NORTH,2025-04-07,460,150
NWO-1002,DC_NORTH,2025-04-14,416,159
NWO-1002,DC_NORTH,2025-04-21,454,119
NWO-1002,DC_NORTH,2025-04-28,286,194
NWO-1002,DC_NORTH,2025-05-05,379,94
NWO-1002,DC_NORTH,2025-05-12,283,129
NWO-1002,DC_NORTH,2025-05-19,299,92
NWO-1002,DC_NORTH,2025-05-26,330,177
NWO-1002,DC_NORTH,2025-06-02,318,117
NWO-1002,DC_NORTH,2025-06-09,412,91
NWO-1002,DC_NORTH,2025-06-16,278,190
NWO-1002,DC_NORTH,2025-06-23,388,169
NWO-1002,DC_NORTH,2025-06-30,407,127
NWO-1002,DC_NORTH,2025-07-07,461,198
NWO-1002,DC_NORTH,2025-07-14,374,150
NWO-1002,DC_NORTH,2025-07-21,406,158
NWO-1002,DC_NORTH,2025-07-28,483,182
NWO-1002,DC_NORTH,2025-08-04,474,202
NWO-1002,DC_NORTH,2025-08-11,637,153
NWO-1002,DC_NORTH,2025-08-18,425,139
NWO-1002,DC_NORTH,2025-08-25,329,106
NWO-1002,DC_NORTH,2025-09-01,328,124
NWO-1002,DC_NORTH,2025-09-08,282,150
NWO-1002,DC_NORTH,2025-09-15,404,93
NWO-1002,DC_NORTH,2025-09-22,305,129
NWO-1002,DC_NORTH,2025-09-29,244,143
NWO-1002,DC_NORTH,2025-10-06,389,135
NWO-1002,DC_NORTH,2025-10-13,293,132
NWO-1002,DC_NORTH,2025-10-20,435,185
NWO-1002,DC_NORTH,2025-10-27,345,183
NWO-1002,DC_NORTH,2025-11-03,431,262
NWO-1002,DC_NORTH,2025-11-10,691,142
NWO-1002,DC_NORTH,2025-11-17,467,243
NWO-1002,DC_NORTH,2025-11-24,440,252
NWO-1002,DC_NORTH,2025-12-01,797,214
NWO-1002,DC_NORTH,2025-12-08,623,219
NWO-1002,DC_NORTH,2025-12-15,518,181
NWO-1002,DC_NORTH,2025-12-22,545,116
NWO-1002,DC_NORTH,2025-12-29,384,122
NWO-1002,DC_NORTH,2026-01-05,298,92
NWO-1002,DC_NORTH,2026-01-12,233,134
NWO-1002,DC_NORTH,2026-01-19,356,116
NWO-1002,DC_NORTH,2026-01-26,318,92
NWO-1002,DC_NORTH,2026-02-02,340,100
NWO-1002,DC_NORTH,2026-02-09,307,135
NWO-1002,DC_NORTH,2026-02-16,293,100
NWO-1002,DC_NORTH,2026-02-23,395,149
NWO-1002,DC_NORTH,2026-03-02,502,132
NWO-1002,DC_NORTH,2026-03-09,431,101
NWO-1002,DC_NORTH,2026-03-16,291,150
NWO-1002,DC_NORTH,2026-03-23,420,141
NWO-1002,DC_NORTH,2026-03-30,476,116
NWO-1002,DC_NORTH,2026-04-06,343,151
NWO-1002,DC_NORTH,2026-04-13,363,136
NWO-1002,DC_NORTH,2026-04-20,511,128
NWO-1002,DC_NORTH,2026-04-27,293,160
NWO-1002,DC_NORTH,2026-05-04,368,129
NWO-1002,DC_NORTH,2026-05-11,401,107
NWO-1002,DC_NORTH,2026-05-18,243,125
NWO-1002,DC_NORTH,2026-05-25,291,115
NWO-1002,DC_NORTH,2026-06-01,467,131
NWO-1002,DC_SOUTH,2023-06-05,1130,347
NWO-1002,DC_SOUTH,2023-06-12,865,385
NWO-1002,DC_SOUTH,2023-06-19,814,411
NWO-1002,DC_SOUTH,2023-06-26,1388,415
NWO-1002,DC_SOUTH,2023-07-03,1138,360
NWO-1002,DC_SOUTH,2023-07-10,1510,447
NWO-1002,DC_SOUTH,2023-07-17,1143,444
NWO-1002,DC_SOUTH,2023-07-24,1679,440
NWO-1002,DC_SOUTH,2023-07-31,1314,523
NWO-1002,DC_SOUTH,2023-08-07,1173,424
NWO-1002,DC_SOUTH,2023-08-14,912,410
NWO-1002,DC_SOUTH,2023-08-21,1260,397
NWO-1002,DC_SOUTH,2023-08-28,1137,288
NWO-1002,DC_SOUTH,2023-09-04,1006,348
NWO-1002,DC_SOUTH,2023-09-11,872,433
NWO-1002,DC_SOUTH,2023-09-18,1205,382
NWO-1002,DC_SOUTH,2023-09-25,911,383
NWO-1002,DC_SOUTH,2023-10-02,1364,402
NWO-1002,DC_SOUTH,2023-10-09,843,460
NWO-1002,DC_SOUTH,2023-10-16,984,346
NWO-1002,DC_SOUTH,2023-10-23,918,335
NWO-1002,DC_SOUTH,2023-10-30,984,527
NWO-1002,DC_SOUTH,2023-11-06,1612,485
NWO-1002,DC_SOUTH,2023-11-13,1287,435
NWO-1002,DC_SOUTH,2023-11-20,1428,488
NWO-1002,DC_SOUTH,2023-11-27,1434,507
NWO-1002,DC_SOUTH,2023-12-04,1550,891
NWO-1002,DC_SOUTH,2023-12-11,2681,457
NWO-1002,DC_SOUTH,2023-12-18,1136,564
NWO-1002,DC_SOUTH,2023-12-25,1616,251
NWO-1002,DC_SOUTH,2024-01-01,675,299
NWO-1002,DC_SOUTH,2024-01-08,601,278
NWO-1002,DC_SOUTH,2024-01-15,784,374
NWO-1002,DC_SOUTH,2024-01-22,979,284
NWO-1002,DC_SOUTH,2024-01-29,796,236
NWO-1002,DC_SOUTH,2024-02-05,753,298
NWO-1002,DC_SOUTH,2024-02-12,932,278
NWO-1002,DC_SOUTH,2024-02-19,806,320
NWO-1002,DC_SOUTH,2024-02-26,793,429
NWO-1002,DC_SOUTH,2024-03-04,847,374
NWO-1002,DC_SOUTH,2024-03-11,689,340
NWO-1002,DC_SOUTH,2024-03-18,941,337
NWO-1002,DC_SOUTH,2024-03-25,1041,311
NWO-1002,DC_SOUTH,2024-04-01,749,334
NWO-1002,DC_SOUTH,2024-04-08,1314,478
NWO-1002,DC_SOUTH,2024-04-15,1408,358
NWO-1002,DC_SOUTH,2024-04-22,1267,321
NWO-1002,DC_SOUTH,2024-04-29,780,420
NWO-1002,DC_SOUTH,2024-05-06,1064,448
NWO-1002,DC_SOUTH,2024-05-13,1123,376
NWO-1002,DC_SOUTH,2024-05-20,1251,284
NWO-1002,DC_SOUTH,2024-05-27,593,397
NWO-1002,DC_SOUTH,2024-06-03,1309,396
NWO-1002,DC_SOUTH,2024-06-10,1123,424
NWO-1002,DC_SOUTH,2024-06-17,1039,381
NWO-1002,DC_SOUTH,2024-06-24,1433,405
NWO-1002,DC_SOUTH,2024-07-01,1382,343
NWO-1002,DC_SOUTH,2024-07-08,1059,441
NWO-1002,DC_SOUTH,2024-07-15,1316,327
NWO-1002,DC_SOUTH,2024-07-22,920,487
NWO-1002,DC_SOUTH,2024-07-29,1037,404
NWO-1002,DC_SOUTH,2024-08-05,772,432
NWO-1002,DC_SOUTH,2024-08-12,1222,396
NWO-1002,DC_SOUTH,2024-08-19,881,400
NWO-1002,DC_SOUTH,2024-08-26,1095,339
NWO-1002,DC_SOUTH,2024-09-02,1010,395
NWO-1002,DC_SOUTH,2024-09-09,821,487
NWO-1002,DC_SOUTH,2024-09-16,1220,422
NWO-1002,DC_SOUTH,2024-09-23,960,322
NWO-1002,DC_SOUTH,2024-09-30,1175,315
NWO-1002,DC_SOUTH,2024-10-07,974,402
NWO-1002,DC_SOUTH,2024-10-14,1093,358
NWO-1002,DC_SOUTH,2024-10-21,1235,453
NWO-1002,DC_SOUTH,2024-10-28,824,627
NWO-1002,DC_SOUTH,2024-11-04,1424,425
NWO-1002,DC_SOUTH,2024-11-11,1610,537
NWO-1002,DC_SOUTH,2024-11-18,1560,606
NWO-1002,DC_SOUTH,2024-11-25,1396,526
NWO-1002,DC_SOUTH,2024-12-02,1410,508
NWO-1002,DC_SOUTH,2024-12-09,1610,550
NWO-1002,DC_SOUTH,2024-12-16,1572,479
NWO-1002,DC_SOUTH,2024-12-23,1038,540
NWO-1002,DC_SOUTH,2024-12-30,1494,301
NWO-1002,DC_SOUTH,2025-01-06,647,252
NWO-1002,DC_SOUTH,2025-01-13,1011,261
NWO-1002,DC_SOUTH,2025-01-20,782,358
NWO-1002,DC_SOUTH,2025-01-27,655,319
NWO-1002,DC_SOUTH,2025-02-03,922,359
NWO-1002,DC_SOUTH,2025-02-10,894,329
NWO-1002,DC_SOUTH,2025-02-17,690,337
NWO-1002,DC_SOUTH,2025-02-24,675,381
NWO-1002,DC_SOUTH,2025-03-03,1128,440
NWO-1002,DC_SOUTH,2025-03-10,1180,307
NWO-1002,DC_SOUTH,2025-03-17,961,279
NWO-1002,DC_SOUTH,2025-03-24,810,304
NWO-1002,DC_SOUTH,2025-03-31,842,293
NWO-1002,DC_SOUTH,2025-04-07,916,375
NWO-1002,DC_SOUTH,2025-04-14,853,373
NWO-1002,DC_SOUTH,2025-04-21,978,370
NWO-1002,DC_SOUTH,2025-04-28,832,447
NWO-1002,DC_SOUTH,2025-05-05,850,368
NWO-1002,DC_SOUTH,2025-05-12,1321,350
NWO-1002,DC_SOUTH,2025-05-19,1154,412
NWO-1002,DC_SOUTH,2025-05-26,1089,359
NWO-1002,DC_SOUTH,2025-06-02,1280,353
NWO-1002,DC_SOUTH,2025-06-09,1150,308
NWO-1002,DC_SOUTH,2025-06-16,1250,448
NWO-1002,DC_SOUTH,2025-06-23,1354,356
NWO-1002,DC_SOUTH,2025-06-30,870,465
NWO-1002,DC_SOUTH,2025-07-07,1063,446
NWO-1002,DC_SOUTH,2025-07-14,890,412
NWO-1002,DC_SOUTH,2025-07-21,1167,375
NWO-1002,DC_SOUTH,2025-07-28,1121,533
NWO-1002,DC_SOUTH,2025-08-04,1271,378
NWO-1002,DC_SOUTH,2025-08-11,1347,383
NWO-1002,DC_SOUTH,2025-08-18,1461,416
NWO-1002,DC_SOUTH,2025-08-25,790,357
NWO-1002,DC_SOUTH,2025-09-01,1190,288
NWO-1002,DC_SOUTH,2025-09-08,1153,274
NWO-1002,DC_SOUTH,2025-09-15,788,399
NWO-1002,DC_SOUTH,2025-09-22,924,276
NWO-1002,DC_SOUTH,2025-09-29,1031,414
NWO-1002,DC_SOUTH,2025-10-06,1055,470
NWO-1002,DC_SOUTH,2025-10-13,1265,362
NWO-1002,DC_SOUTH,2025-10-20,889,389
NWO-1002,DC_SOUTH,2025-10-27,886,537
NWO-1002,DC_SOUTH,2025-11-03,1710,501
NWO-1002,DC_SOUTH,2025-11-10,1111,506
NWO-1002,DC_SOUTH,2025-11-17,1328,527
NWO-1002,DC_SOUTH,2025-11-24,1473,410
NWO-1002,DC_SOUTH,2025-12-01,1302,499
NWO-1002,DC_SOUTH,2025-12-08,1494,592
NWO-1002,DC_SOUTH,2025-12-15,1648,508
NWO-1002,DC_SOUTH,2025-12-22,1298,471
NWO-1002,DC_SOUTH,2025-12-29,1714,273
NWO-1002,DC_SOUTH,2026-01-05,716,241
NWO-1002,DC_SOUTH,2026-01-12,877,286
NWO-1002,DC_SOUTH,2026-01-19,883,304
NWO-1002,DC_SOUTH,2026-01-26,594,210
NWO-1002,DC_SOUTH,2026-02-02,806,245
NWO-1002,DC_SOUTH,2026-02-09,844,270
NWO-1002,DC_SOUTH,2026-02-16,998,338
NWO-1002,DC_SOUTH,2026-02-23,911,407
NWO-1002,DC_SOUTH,2026-03-02,825,293
NWO-1002,DC_SOUTH,2026-03-09,763,391
NWO-1002,DC_SOUTH,2026-03-16,777,474
NWO-1002,DC_SOUTH,2026-03-23,1022,440
NWO-1002,DC_SOUTH,2026-03-30,1308,336
NWO-1002,DC_SOUTH,2026-04-06,985,313
NWO-1002,DC_SOUTH,2026-04-13,691,394
NWO-1002,DC_SOUTH,2026-04-20,1055,399
NWO-1002,DC_SOUTH,2026-04-27,1185,394
NWO-1002,DC_SOUTH,2026-05-04,1170,322
NWO-1002,DC_SOUTH,2026-05-11,1163,338
NWO-1002,DC_SOUTH,2026-05-18,800,360
NWO-1002,DC_SOUTH,2026-05-25,924,389
NWO-1002,DC_SOUTH,2026-06-01,776,315
NWO-1002,DC_WEST,2023-06-05,711,319
NWO-1002,DC_WEST,2023-06-12,730,291
NWO-1002,DC_WEST,2023-06-19,799,342
NWO-1002,DC_WEST,2023-06-26,715,358
NWO-1002,DC_WEST,2023-07-03,790,314
NWO-1002,DC_WEST,2023-07-10,619,294
NWO-1002,DC_WEST,2023-07-17,870,229
NWO-1002,DC_WEST,2023-07-24,748,277
NWO-1002,DC_WEST,2023-07-31,617,377
NWO-1002,DC_WEST,2023-08-07,767,311
NWO-1002,DC_WEST,2023-08-14,706,251
NWO-1002,DC_WEST,2023-08-21,792,267
NWO-1002,DC_WEST,2023-08-28,821,233
NWO-1002,DC_WEST,2023-09-04,814,324
NWO-1002,DC_WEST,2023-09-11,565,270
NWO-1002,DC_WEST,2023-09-18,693,296
NWO-1002,DC_WEST,2023-09-25,780,272
NWO-1002,DC_WEST,2023-10-02,975,296
NWO-1002,DC_WEST,2023-10-09,751,247
NWO-1002,DC_WEST,2023-10-16,672,261
NWO-1002,DC_WEST,2023-10-23,732,231
NWO-1002,DC_WEST,2023-10-30,923,369
NWO-1002,DC_WEST,2023-11-06,1000,443
NWO-1002,DC_WEST,2023-11-13,1147,364
NWO-1002,DC_WEST,2023-11-20,1136,307
NWO-1002,DC_WEST,2023-11-27,893,504
NWO-1002,DC_WEST,2023-12-04,1472,426
NWO-1002,DC_WEST,2023-12-11,1395,567
NWO-1002,DC_WEST,2023-12-18,1215,377
NWO-1002,DC_WEST,2023-12-25,988,182
NWO-1002,DC_WEST,2024-01-01,667,202
NWO-1002,DC_WEST,2024-01-08,443,192
NWO-1002,DC_WEST,2024-01-15,419,219
NWO-1002,DC_WEST,2024-01-22,453,188
NWO-1002,DC_WEST,2024-01-29,585,210
NWO-1002,DC_WEST,2024-02-05,465,246
NWO-1002,DC_WEST,2024-02-12,725,190
NWO-1002,DC_WEST,2024-02-19,598,186
NWO-1002,DC_WEST,2024-02-26,556,261
NWO-1002,DC_WEST,2024-03-04,508,271
NWO-1002,DC_WEST,2024-03-11,775,232
NWO-1002,DC_WEST,2024-03-18,521,292
NWO-1002,DC_WEST,2024-03-25,688,237
NWO-1002,DC_WEST,2024-04-01,501,228
NWO-1002,DC_WEST,2024-04-08,674,214
NWO-1002,DC_WEST,2024-04-15,488,221
NWO-1002,DC_WEST,2024-04-22,453,216
NWO-1002,DC_WEST,2024-04-29,719,490
NWO-1002,DC_WEST,2024-05-06,1056,477
NWO-1002,DC_WEST,2024-05-13,1134,226
NWO-1002,DC_WEST,2024-05-20,615,326
NWO-1002,DC_WEST,2024-05-27,809,263
NWO-1002,DC_WEST,2024-06-03,745,392
NWO-1002,DC_WEST,2024-06-10,1147,291
NWO-1002,DC_WEST,2024-06-17,719,272
NWO-1002,DC_WEST,2024-06-24,777,388
NWO-1002,DC_WEST,2024-07-01,840,349
NWO-1002,DC_WEST,2024-07-08,752,297
NWO-1002,DC_WEST,2024-07-15,885,299
NWO-1002,DC_WEST,2024-07-22,913,282
NWO-1002,DC_WEST,2024-07-29,664,291
NWO-1002,DC_WEST,2024-08-05,763,342
NWO-1002,DC_WEST,2024-08-12,665,348
NWO-1002,DC_WEST,2024-08-19,1060,334
NWO-1002,DC_WEST,2024-08-26,816,353
NWO-1002,DC_WEST,2024-09-02,992,240
NWO-1002,DC_WEST,2024-09-09,669,233
NWO-1002,DC_WEST,2024-09-16,618,277
NWO-1002,DC_WEST,2024-09-23,689,230
NWO-1002,DC_WEST,2024-09-30,626,312
NWO-1002,DC_WEST,2024-10-07,887,231
NWO-1002,DC_WEST,2024-10-14,885,310
NWO-1002,DC_WEST,2024-10-21,783,214
NWO-1002,DC_WEST,2024-10-28,918,409
NWO-1002,DC_WEST,2024-11-04,1219,395
NWO-1002,DC_WEST,2024-11-11,1162,348
NWO-1002,DC_WEST,2024-11-18,965,416
NWO-1002,DC_WEST,2024-11-25,1074,372
NWO-1002,DC_WEST,2024-12-02,1189,358
NWO-1002,DC_WEST,2024-12-09,830,313
NWO-1002,DC_WEST,2024-12-16,1047,385
NWO-1002,DC_WEST,2024-12-23,1210,314
NWO-1002,DC_WEST,2024-12-30,842,212
NWO-1002,DC_WEST,2025-01-06,581,161
NWO-1002,DC_WEST,2025-01-13,426,196
NWO-1002,DC_WEST,2025-01-20,508,199
NWO-1002,DC_WEST,2025-01-27,582,179
NWO-1002,DC_WEST,2025-02-03,494,185
NWO-1002,DC_WEST,2025-02-10,698,236
NWO-1002,DC_WEST,2025-02-17,478,286
NWO-1002,DC_WEST,2025-02-24,811,362
NWO-1002,DC_WEST,2025-03-03,1018,243
NWO-1002,DC_WEST,2025-03-10,718,331
NWO-1002,DC_WEST,2025-03-17,1197,308
NWO-1002,DC_WEST,2025-03-24,707,248
NWO-1002,DC_WEST,2025-03-31,847,237
NWO-1002,DC_WEST,2025-04-07,863,265
NWO-1002,DC_WEST,2025-04-14,846,263
NWO-1002,DC_WEST,2025-04-21,590,235
NWO-1002,DC_WEST,2025-04-28,548,221
NWO-1002,DC_WEST,2025-05-05,607,227
NWO-1002,DC_WEST,2025-05-12,699,229
NWO-1002,DC_WEST,2025-05-19,628,292
NWO-1002,DC_WEST,2025-05-26,835,304
NWO-1002,DC_WEST,2025-06-02,740,341
NWO-1002,DC_WEST,2025-06-09,1106,270
NWO-1002,DC_WEST,2025-06-16,924,293
NWO-1002,DC_WEST,2025-06-23,869,383
NWO-1002,DC_WEST,2025-06-30,948,316
NWO-1002,DC_WEST,2025-07-07,1103,351
NWO-1002,DC_WEST,2025-07-14,823,270
NWO-1002,DC_WEST,2025-07-21,855,281
NWO-1002,DC_WEST,2025-07-28,705,402
NWO-1002,DC_WEST,2025-08-04,1182,294
NWO-1002,DC_WEST,2025-08-11,696,384
NWO-1002,DC_WEST,2025-08-18,929,307
NWO-1002,DC_WEST,2025-08-25,1038,293
NWO-1002,DC_WEST,2025-09-01,627,234
NWO-1002,DC_WEST,2025-09-08,547,233
NWO-1002,DC_WEST,2025-09-15,673,230
NWO-1002,DC_WEST,2025-09-22,894,217
NWO-1002,DC_WEST,2025-09-29,775,285
NWO-1002,DC_WEST,2025-10-06,727,285
NWO-1002,DC_WEST,2025-10-13,659,291
NWO-1002,DC_WEST,2025-10-20,702,273
NWO-1002,DC_WEST,2025-10-27,811,454
NWO-1002,DC_WEST,2025-11-03,1134,400
NWO-1002,DC_WEST,2025-11-10,871,432
NWO-1002,DC_WEST,2025-11-17,919,358
NWO-1002,DC_WEST,2025-11-24,1095,423
NWO-1002,DC_WEST,2025-12-01,1423,360
NWO-1002,DC_WEST,2025-12-08,984,351
NWO-1002,DC_WEST,2025-12-15,1167,467
NWO-1002,DC_WEST,2025-12-22,1075,385
NWO-1002,DC_WEST,2025-12-29,965,223
NWO-1002,DC_WEST,2026-01-05,557,273
NWO-1002,DC_WEST,2026-01-12,655,248
NWO-1002,DC_WEST,2026-01-19,609,185
NWO-1002,DC_WEST,2026-01-26,422,220
NWO-1002,DC_WEST,2026-02-02,584,242
NWO-1002,DC_WEST,2026-02-09,515,195
NWO-1002,DC_WEST,2026-02-16,521,264
NWO-1002,DC_WEST,2026-02-23,617,296
NWO-1002,DC_WEST,2026-03-02,606,237
NWO-1002,DC_WEST,2026-03-09,661,204
NWO-1002,DC_WEST,2026-03-16,549,240
NWO-1002,DC_WEST,2026-03-23,947,280
NWO-1002,DC_WEST,2026-03-30,629,277
NWO-1002,DC_WEST,2026-04-06,1063,309
NWO-1002,DC_WEST,2026-04-13,838,266
NWO-1002,DC_WEST,2026-04-20,798,301
NWO-1002,DC_WEST,2026-04-27,631,173
NWO-1002,DC_WEST,2026-05-04,729,260
NWO-1002,DC_WEST,2026-05-11,759,288
NWO-1002,DC_WEST,2026-05-18,944,277
NWO-1002,DC_WEST,2026-05-25,903,298
NWO-1002,DC_WEST,2026-06-01,673,279
NWO-1003,DC_NORTH,2023-06-05,267,95
NWO-1003,DC_NORTH,2023-06-12,343,145
NWO-1003,DC_NORTH,2023-06-19,417,161
NWO-1003,DC_NORTH,2023-06-26,280,124
NWO-1003,DC_NORTH,2023-07-03,311,131
NWO-1003,DC_NORTH,2023-07-10,288,120
NWO-1003,DC_NORTH,2023-07-17,347,149
NWO-1003,DC_NORTH,2023-07-24,268,139
NWO-1003,DC_NORTH,2023-07-31,495,160
NWO-1003,DC_NORTH,2023-08-07,279,157
NWO-1003,DC_NORTH,2023-08-14,320,132
NWO-1003,DC_NORTH,2023-08-21,380,149
NWO-1003,DC_NORTH,2023-08-28,417,155
NWO-1003,DC_NORTH,2023-09-04,438,126
NWO-1003,DC_NORTH,2023-09-11,374,163
NWO-1003,DC_NORTH,2023-09-18,504,94
NWO-1003,DC_NORTH,2023-09-25,366,103
NWO-1003,DC_NORTH,2023-10-02,213,159
NWO-1003,DC_NORTH,2023-10-09,312,141
NWO-1003,DC_NORTH,2023-10-16,340,173
NWO-1003,DC_NORTH,2023-10-23,422,86
NWO-1003,DC_NORTH,2023-10-30,308,161
NWO-1003,DC_NORTH,2023-11-06,420,193
NWO-1003,DC_NORTH,2023-11-13,602,237
NWO-1003,DC_NORTH,2023-11-20,666,175
NWO-1003,DC_NORTH,2023-11-27,619,211
NWO-1003,DC_NORTH,2023-12-04,368,181
NWO-1003,DC_NORTH,2023-12-11,477,200
NWO-1003,DC_NORTH,2023-12-18,543,197
NWO-1003,DC_NORTH,2023-12-25,475,105
NWO-1003,DC_NORTH,2024-01-01,281,79
NWO-1003,DC_NORTH,2024-01-08,175,92
NWO-1003,DC_NORTH,2024-01-15,377,84
NWO-1003,DC_NORTH,2024-01-22,178,89
NWO-1003,DC_NORTH,2024-01-29,170,115
NWO-1003,DC_NORTH,2024-02-05,228,102
NWO-1003,DC_NORTH,2024-02-12,263,122
NWO-1003,DC_NORTH,2024-02-19,365,83
NWO-1003,DC_NORTH,2024-02-26,225,91
NWO-1003,DC_NORTH,2024-03-04,230,91
NWO-1003,DC_NORTH,2024-03-11,308,82
NWO-1003,DC_NORTH,2024-03-18,257,144
NWO-1003,DC_NORTH,2024-03-25,282,152
NWO-1003,DC_NORTH,2024-04-01,422,123
NWO-1003,DC_NORTH,2024-04-08,446,89
NWO-1003,DC_NORTH,2024-04-15,289,84
NWO-1003,DC_NORTH,2024-04-22,230,99
NWO-1003,DC_NORTH,2024-04-29,325,97
NWO-1003,DC_NORTH,2024-05-06,372,89
NWO-1003,DC_NORTH,2024-05-13,276,132
NWO-1003,DC_NORTH,2024-05-20,369,97
NWO-1003,DC_NORTH,2024-05-27,291,120
NWO-1003,DC_NORTH,2024-06-03,278,118
NWO-1003,DC_NORTH,2024-06-10,336,113
NWO-1003,DC_NORTH,2024-06-17,456,120
NWO-1003,DC_NORTH,2024-06-24,293,142
NWO-1003,DC_NORTH,2024-07-01,259,144
NWO-1003,DC_NORTH,2024-07-08,437,146
NWO-1003,DC_NORTH,2024-07-15,282,125
NWO-1003,DC_NORTH,2024-07-22,309,183
NWO-1003,DC_NORTH,2024-07-29,429,136
NWO-1003,DC_NORTH,2024-08-05,438,97
NWO-1003,DC_NORTH,2024-08-12,239,148
NWO-1003,DC_NORTH,2024-08-19,389,117
NWO-1003,DC_NORTH,2024-08-26,356,91
NWO-1003,DC_NORTH,2024-09-02,254,134
NWO-1003,DC_NORTH,2024-09-09,310,146
NWO-1003,DC_NORTH,2024-09-16,409,111
NWO-1003,DC_NORTH,2024-09-23,344,131
NWO-1003,DC_NORTH,2024-09-30,309,103
NWO-1003,DC_NORTH,2024-10-07,325,146
NWO-1003,DC_NORTH,2024-10-14,367,77
NWO-1003,DC_NORTH,2024-10-21,252,113
NWO-1003,DC_NORTH,2024-10-28,288,159
NWO-1003,DC_NORTH,2024-11-04,375,151
NWO-1003,DC_NORTH,2024-11-11,449,252
NWO-1003,DC_NORTH,2024-11-18,614,177
NWO-1003,DC_NORTH,2024-11-25,554,131
NWO-1003,DC_NORTH,2024-12-02,444,151
NWO-1003,DC_NORTH,2024-12-09,574,202
NWO-1003,DC_NORTH,2024-12-16,401,145
NWO-1003,DC_NORTH,2024-12-23,551,145
NWO-1003,DC_NORTH,2024-12-30,587,74
NWO-1003,DC_NORTH,2025-01-06,296,92
NWO-1003,DC_NORTH,2025-01-13,262,113
NWO-1003,DC_NORTH,2025-01-20,207,77
NWO-1003,DC_NORTH,2025-01-27,283,91
NWO-1003,DC_NORTH,2025-02-03,217,108
NWO-1003,DC_NORTH,2025-02-10,279,89
NWO-1003,DC_NORTH,2025-02-17,203,83
NWO-1003,DC_NORTH,2025-02-24,215,88
NWO-1003,DC_NORTH,2025-03-03,274,113
NWO-1003,DC_NORTH,2025-03-10,405,141
NWO-1003,DC_NORTH,2025-03-17,257,98
NWO-1003,DC_NORTH,2025-03-24,335,105
NWO-1003,DC_NORTH,2025-03-31,351,136
NWO-1003,DC_NORTH,2025-04-07,379,112
NWO-1003,DC_NORTH,2025-04-14,338,102
NWO-1003,DC_NORTH,2025-04-21,375,115
NWO-1003,DC_NORTH,2025-04-28,302,137
NWO-1003,DC_NORTH,2025-05-05,351,132
NWO-1003,DC_NORTH,2025-05-12,270,109
NWO-1003,DC_NORTH,2025-05-19,226,93
NWO-1003,DC_NORTH,2025-05-26,251,111
NWO-1003,DC_NORTH,2025-06-02,411,148
NWO-1003,DC_NORTH,2025-06-09,282,103
NWO-1003,DC_NORTH,2025-06-16,322,108
NWO-1003,DC_NORTH,2025-06-23,218,71
NWO-1003,DC_NORTH,2025-06-30,199,105
NWO-1003,DC_NORTH,2025-07-07,268,91
NWO-1003,DC_NORTH,2025-07-14,332,92
NWO-1003,DC_NORTH,2025-07-21,235,61
NWO-1003,DC_NORTH,2025-07-28,245,65
NWO-1003,DC_NORTH,2025-08-04,235,77
NWO-1003,DC_NORTH,2025-08-11,226,64
NWO-1003,DC_NORTH,2025-08-18,198,51
NWO-1003,DC_NORTH,2025-08-25,133,40
NWO-1003,DC_NORTH,2025-09-01,105,33
NWO-1003,DC_NORTH,2025-09-08,78,26
NWO-1003,DC_NORTH,2025-09-15,84,13
NWO-1003,DC_NORTH,2025-09-22,40,7
NWO-1003,DC_NORTH,2025-09-29,25,8
NWO-1003,DC_SOUTH,2023-06-05,1027,317
NWO-1003,DC_SOUTH,2023-06-12,878,392
NWO-1003,DC_SOUTH,2023-06-19,976,300
NWO-1003,DC_SOUTH,2023-06-26,860,347
NWO-1003,DC_SOUTH,2023-07-03,1226,423
NWO-1003,DC_SOUTH,2023-07-10,1131,334
NWO-1003,DC_SOUTH,2023-07-17,740,329
NWO-1003,DC_SOUTH,2023-07-24,767,357
NWO-1003,DC_SOUTH,2023-07-31,1068,375
NWO-1003,DC_SOUTH,2023-08-07,945,380
NWO-1003,DC_SOUTH,2023-08-14,967,317
NWO-1003,DC_SOUTH,2023-08-21,875,399
NWO-1003,DC_SOUTH,2023-08-28,1146,340
NWO-1003,DC_SOUTH,2023-09-04,883,350
NWO-1003,DC_SOUTH,2023-09-11,913,336
NWO-1003,DC_SOUTH,2023-09-18,757,274
NWO-1003,DC_SOUTH,2023-09-25,698,400
NWO-1003,DC_SOUTH,2023-10-02,896,332
NWO-1003,DC_SOUTH,2023-10-09,784,356
NWO-1003,DC_SOUTH,2023-10-16,833,289
NWO-1003,DC_SOUTH,2023-10-23,826,349
NWO-1003,DC_SOUTH,2023-10-30,879,524
NWO-1003,DC_SOUTH,2023-11-06,1417,496
NWO-1003,DC_SOUTH,2023-11-13,1070,349
NWO-1003,DC_SOUTH,2023-11-20,969,460
NWO-1003,DC_SOUTH,2023-11-27,1329,560
NWO-1003,DC_SOUTH,2023-12-04,1385,413
NWO-1003,DC_SOUTH,2023-12-11,1198,461
NWO-1003,DC_SOUTH,2023-12-18,1622,442
NWO-1003,DC_SOUTH,2023-12-25,1132,279
NWO-1003,DC_SOUTH,2024-01-01,575,231
NWO-1003,DC_SOUTH,2024-01-08,847,256
NWO-1003,DC_SOUTH,2024-01-15,726,233
NWO-1003,DC_SOUTH,2024-01-22,836,258
NWO-1003,DC_SOUTH,2024-01-29,717,226
NWO-1003,DC_SOUTH,2024-02-05,573,249
NWO-1003,DC_SOUTH,2024-02-12,630,286
NWO-1003,DC_SOUTH,2024-02-19,771,260
NWO-1003,DC_SOUTH,2024-02-26,836,262
NWO-1003,DC_SOUTH,2024-03-04,906,293
NWO-1003,DC_SOUTH,2024-03-11,593,271
NWO-1003,DC_SOUTH,2024-03-18,828,295
NWO-1003,DC_SOUTH,2024-03-25,910,249
NWO-1003,DC_SOUTH,2024-04-01,767,270
NWO-1003,DC_SOUTH,2024-04-08,685,275
NWO-1003,DC_SOUTH,2024-04-15,928,271
NWO-1003,DC_SOUTH,2024-04-22,788,317
NWO-1003,DC_SOUTH,2024-04-29,748,343
NWO-1003,DC_SOUTH,2024-05-06,1115,261
NWO-1003,DC_SOUTH,2024-05-13,626,397
NWO-1003,DC_SOUTH,2024-05-20,983,325
NWO-1003,DC_SOUTH,2024-05-27,1104,315
NWO-1003,DC_SOUTH,2024-06-03,865,360
NWO-1003,DC_SOUTH,2024-06-10,756,387
NWO-1003,DC_SOUTH,2024-06-17,1012,361
NWO-1003,DC_SOUTH,2024-06-24,801,399
NWO-1003,DC_SOUTH,2024-07-01,808,350
NWO-1003,DC_SOUTH,2024-07-08,848,332
NWO-1003,DC_SOUTH,2024-07-15,1062,384
NWO-1003,DC_SOUTH,2024-07-22,1216,378
NWO-1003,DC_SOUTH,2024-07-29,962,387
NWO-1003,DC_SOUTH,2024-08-05,706,269
NWO-1003,DC_SOUTH,2024-08-12,1001,352
NWO-1003,DC_SOUTH,2024-08-19,938,300
NWO-1003,DC_SOUTH,2024-08-26,986,332
NWO-1003,DC_SOUTH,2024-09-02,1052,364
NWO-1003,DC_SOUTH,2024-09-09,992,266
NWO-1003,DC_SOUTH,2024-09-16,1009,311
NWO-1003,DC_SOUTH,2024-09-23,729,287
NWO-1003,DC_SOUTH,2024-09-30,814,284
NWO-1003,DC_SOUTH,2024-10-07,666,259
NWO-1003,DC_SOUTH,2024-10-14,997,331
NWO-1003,DC_SOUTH,2024-10-21,1295,584
NWO-1003,DC_SOUTH,2024-10-28,1661,448
NWO-1003,DC_SOUTH,2024-11-04,1172,438
NWO-1003,DC_SOUTH,2024-11-11,1701,453
NWO-1003,DC_SOUTH,2024-11-18,1015,472
NWO-1003,DC_SOUTH,2024-11-25,1191,443
NWO-1003,DC_SOUTH,2024-12-02,1423,382
NWO-1003,DC_SOUTH,2024-12-09,1533,384
NWO-1003,DC_SOUTH,2024-12-16,1181,550
NWO-1003,DC_SOUTH,2024-12-23,1222,453
NWO-1003,DC_SOUTH,2024-12-30,1444,295
NWO-1003,DC_SOUTH,2025-01-06,879,278
NWO-1003,DC_SOUTH,2025-01-13,817,217
NWO-1003,DC_SOUTH,2025-01-20,472,199
NWO-1003,DC_SOUTH,2025-01-27,616,244
NWO-1003,DC_SOUTH,2025-02-03,703,286
NWO-1003,DC_SOUTH,2025-02-10,636,214
NWO-1003,DC_SOUTH,2025-02-17,621,233
NWO-1003,DC_SOUTH,2025-02-24,568,285
NWO-1003,DC_SOUTH,2025-03-03,1008,287
NWO-1003,DC_SOUTH,2025-03-10,955,305
NWO-1003,DC_SOUTH,2025-03-17,1001,349
NWO-1003,DC_SOUTH,2025-03-24,1098,391
NWO-1003,DC_SOUTH,2025-03-31,1175,292
NWO-1003,DC_SOUTH,2025-04-07,1039,345
NWO-1003,DC_SOUTH,2025-04-14,834,277
NWO-1003,DC_SOUTH,2025-04-21,903,301
NWO-1003,DC_SOUTH,2025-04-28,697,343
NWO-1003,DC_SOUTH,2025-05-05,1000,235
NWO-1003,DC_SOUTH,2025-05-12,965,276
NWO-1003,DC_SOUTH,2025-05-19,958,341
NWO-1003,DC_SOUTH,2025-05-26,1136,240
NWO-1003,DC_SOUTH,2025-06-02,539,338
NWO-1003,DC_SOUTH,2025-06-09,955,399
NWO-1003,DC_SOUTH,2025-06-16,715,315
NWO-1003,DC_SOUTH,2025-06-23,758,317
NWO-1003,DC_SOUTH,2025-06-30,539,236
NWO-1003,DC_SOUTH,2025-07-07,774,191
NWO-1003,DC_SOUTH,2025-07-14,562,242
NWO-1003,DC_SOUTH,2025-07-21,797,196
NWO-1003,DC_SOUTH,2025-07-28,755,169
NWO-1003,DC_SOUTH,2025-08-04,559,154
NWO-1003,DC_SOUTH,2025-08-11,476,140
NWO-1003,DC_SOUTH,2025-08-18,337,126
NWO-1003,DC_SOUTH,2025-08-25,379,99
NWO-1003,DC_SOUTH,2025-09-01,317,57
NWO-1003,DC_SOUTH,2025-09-08,163,47
NWO-1003,DC_SOUTH,2025-09-15,180,38
NWO-1003,DC_SOUTH,2025-09-22,100,11
NWO-1003,DC_SOUTH,2025-09-29,40,15
NWO-1003,DC_WEST,2023-06-05,723,256
NWO-1003,DC_WEST,2023-06-12,597,326
NWO-1003,DC_WEST,2023-06-19,762,326
NWO-1003,DC_WEST,2023-06-26,759,279
NWO-1003,DC_WEST,2023-07-03,708,193
NWO-1003,DC_WEST,2023-07-10,596,253
NWO-1003,DC_WEST,2023-07-17,764,330
NWO-1003,DC_WEST,2023-07-24,650,298
NWO-1003,DC_WEST,2023-07-31,699,243
NWO-1003,DC_WEST,2023-08-07,659,242
NWO-1003,DC_WEST,2023-08-14,669,237
NWO-1003,DC_WEST,2023-08-21,690,310
NWO-1003,DC_WEST,2023-08-28,944,237
NWO-1003,DC_WEST,2023-09-04,479,247
NWO-1003,DC_WEST,2023-09-11,734,230
NWO-1003,DC_WEST,2023-09-18,787,236
NWO-1003,DC_WEST,2023-09-25,503,243
NWO-1003,DC_WEST,2023-10-02,635,214
NWO-1003,DC_WEST,2023-10-09,512,209
NWO-1003,DC_WEST,2023-10-16,693,236
NWO-1003,DC_WEST,2023-10-23,717,209
NWO-1003,DC_WEST,2023-10-30,465,299
NWO-1003,DC_WEST,2023-11-06,967,347
NWO-1003,DC_WEST,2023-11-13,896,305
NWO-1003,DC_WEST,2023-11-20,1193,400
NWO-1003,DC_WEST,2023-11-27,1048,315
NWO-1003,DC_WEST,2023-12-04,1290,212
NWO-1003,DC_WEST,2023-12-11,878,400
NWO-1003,DC_WEST,2023-12-18,1159,335
NWO-1003,DC_WEST,2023-12-25,865,147
NWO-1003,DC_WEST,2024-01-01,525,249
NWO-1003,DC_WEST,2024-01-08,690,188
NWO-1003,DC_WEST,2024-01-15,394,201
NWO-1003,DC_WEST,2024-01-22,422,206
NWO-1003,DC_WEST,2024-01-29,603,217
NWO-1003,DC_WEST,2024-02-05,491,233
NWO-1003,DC_WEST,2024-02-12,550,189
NWO-1003,DC_WEST,2024-02-19,619,168
NWO-1003,DC_WEST,2024-02-26,534,167
NWO-1003,DC_WEST,2024-03-04,644,227
NWO-1003,DC_WEST,2024-03-11,609,198
NWO-1003,DC_WEST,2024-03-18,578,222
NWO-1003,DC_WEST,2024-03-25,782,248
NWO-1003,DC_WEST,2024-04-01,486,323
NWO-1003,DC_WEST,2024-04-08,696,191
NWO-1003,DC_WEST,2024-04-15,796,195
NWO-1003,DC_WEST,2024-04-22,630,297
NWO-1003,DC_WEST,2024-04-29,700,224
NWO-1003,DC_WEST,2024-05-06,710,248
NWO-1003,DC_WEST,2024-05-13,670,281
NWO-1003,DC_WEST,2024-05-20,658,305
NWO-1003,DC_WEST,2024-05-27,591,244
NWO-1003,DC_WEST,2024-06-03,751,256
NWO-1003,DC_WEST,2024-06-10,840,292
NWO-1003,DC_WEST,2024-06-17,884,335
NWO-1003,DC_WEST,2024-06-24,738,219
NWO-1003,DC_WEST,2024-07-01,541,222
NWO-1003,DC_WEST,2024-07-08,833,340
NWO-1003,DC_WEST,2024-07-15,700,286
NWO-1003,DC_WEST,2024-07-22,580,273
NWO-1003,DC_WEST,2024-07-29,634,224
NWO-1003,DC_WEST,2024-08-05,632,297
NWO-1003,DC_WEST,2024-08-12,733,318
NWO-1003,DC_WEST,2024-08-19,920,283
NWO-1003,DC_WEST,2024-08-26,881,270
NWO-1003,DC_WEST,2024-09-02,734,208
NWO-1003,DC_WEST,2024-09-09,540,200
NWO-1003,DC_WEST,2024-09-16,520,205
NWO-1003,DC_WEST,2024-09-23,713,232
NWO-1003,DC_WEST,2024-09-30,569,307
NWO-1003,DC_WEST,2024-10-07,950,191
NWO-1003,DC_WEST,2024-10-14,714,207
NWO-1003,DC_WEST,2024-10-21,729,271
NWO-1003,DC_WEST,2024-10-28,957,313
NWO-1003,DC_WEST,2024-11-04,1162,294
NWO-1003,DC_WEST,2024-11-11,1143,328
NWO-1003,DC_WEST,2024-11-18,866,273
NWO-1003,DC_WEST,2024-11-25,914,394
NWO-1003,DC_WEST,2024-12-02,1122,473
NWO-1003,DC_WEST,2024-12-09,1323,402
NWO-1003,DC_WEST,2024-12-16,922,375
NWO-1003,DC_WEST,2024-12-23,1063,405
NWO-1003,DC_WEST,2024-12-30,905,209
NWO-1003,DC_WEST,2025-01-06,430,225
NWO-1003,DC_WEST,2025-01-13,447,163
NWO-1003,DC_WEST,2025-01-20,406,225
NWO-1003,DC_WEST,2025-01-27,567,209
NWO-1003,DC_WEST,2025-02-03,683,218
NWO-1003,DC_WEST,2025-02-10,671,207
NWO-1003,DC_WEST,2025-02-17,609,222
NWO-1003,DC_WEST,2025-02-24,536,206
NWO-1003,DC_WEST,2025-03-03,458,227
NWO-1003,DC_WEST,2025-03-10,494,206
NWO-1003,DC_WEST,2025-03-17,511,267
NWO-1003,DC_WEST,2025-03-24,513,252
NWO-1003,DC_WEST,2025-03-31,561,210
NWO-1003,DC_WEST,2025-04-07,365,256
NWO-1003,DC_WEST,2025-04-14,503,261
NWO-1003,DC_WEST,2025-04-21,603,198
NWO-1003,DC_WEST,2025-04-28,563,211
NWO-1003,DC_WEST,2025-05-05,821,228
NWO-1003,DC_WEST,2025-05-12,650,283
NWO-1003,DC_WEST,2025-05-19,571,230
NWO-1003,DC_WEST,2025-05-26,539,235
NWO-1003,DC_WEST,2025-06-02,697,236
NWO-1003,DC_WEST,2025-06-09,659,283
NWO-1003,DC_WEST,2025-06-16,764,242
NWO-1003,DC_WEST,2025-06-23,725,217
NWO-1003,DC_WEST,2025-06-30,714,191
NWO-1003,DC_WEST,2025-07-07,723,205
NWO-1003,DC_WEST,2025-07-14,619,202
NWO-1003,DC_WEST,2025-07-21,549,140
NWO-1003,DC_WEST,2025-07-28,407,162
NWO-1003,DC_WEST,2025-08-04,511,117
NWO-1003,DC_WEST,2025-08-11,269,94
NWO-1003,DC_WEST,2025-08-18,258,84
NWO-1003,DC_WEST,2025-08-25,319,63
NWO-1003,DC_WEST,2025-09-01,233,55
NWO-1003,DC_WEST,2025-09-08,200,40
NWO-1003,DC_WEST,2025-09-15,118,28
NWO-1003,DC_WEST,2025-09-22,93,14
NWO-1003,DC_WEST,2025-09-29,34,16
NWO-1004,DC_NORTH,2023-06-05,376,138
NWO-1004,DC_NORTH,2023-06-12,334,194
NWO-1004,DC_NORTH,2023-06-19,571,115
NWO-1004,DC_NORTH,2023-06-26,426,214
NWO-1004,DC_NORTH,2023-07-03,433,115
NWO-1004,DC_NORTH,2023-07-10,386,102
NWO-1004,DC_NORTH,2023-07-17,375,117
NWO-1004,DC_NORTH,2023-07-24,403,126
NWO-1004,DC_NORTH,2023-07-31,267,143
NWO-1004,DC_NORTH,2023-08-07,470,177
NWO-1004,DC_NORTH,2023-08-14,412,125
NWO-1004,DC_NORTH,2023-08-21,329,162
NWO-1004,DC_NORTH,2023-08-28,330,117
NWO-1004,DC_NORTH,2023-09-04,330,89
NWO-1004,DC_NORTH,2023-09-11,325,154
NWO-1004,DC_NORTH,2023-09-18,426,160
NWO-1004,DC_NORTH,2023-09-25,463,159
NWO-1004,DC_NORTH,2023-10-02,346,136
NWO-1004,DC_NORTH,2023-10-09,343,161
NWO-1004,DC_NORTH,2023-10-16,290,104
NWO-1004,DC_NORTH,2023-10-23,443,141
NWO-1004,DC_NORTH,2023-10-30,415,201
NWO-1004,DC_NORTH,2023-11-06,673,164
NWO-1004,DC_NORTH,2023-11-13,408,180
NWO-1004,DC_NORTH,2023-11-20,607,185
NWO-1004,DC_NORTH,2023-11-27,524,189
NWO-1004,DC_NORTH,2023-12-04,435,174
NWO-1004,DC_NORTH,2023-12-11,463,272
NWO-1004,DC_NORTH,2023-12-18,757,287
NWO-1004,DC_NORTH,2023-12-25,811,138
NWO-1004,DC_NORTH,2024-01-01,480,90
NWO-1004,DC_NORTH,2024-01-08,158,113
NWO-1004,DC_NORTH,2024-01-15,352,90
NWO-1004,DC_NORTH,2024-01-22,330,104
NWO-1004,DC_NORTH,2024-01-29,334,123
NWO-1004,DC_NORTH,2024-02-05,287,110
NWO-1004,DC_NORTH,2024-02-12,371,142
NWO-1004,DC_NORTH,2024-02-19,396,140
NWO-1004,DC_NORTH,2024-02-26,274,118
NWO-1004,DC_NORTH,2024-03-04,347,134
NWO-1004,DC_NORTH,2024-03-11,297,141
NWO-1004,DC_NORTH,2024-03-18,433,157
NWO-1004,DC_NORTH,2024-03-25,335,119
NWO-1004,DC_NORTH,2024-04-01,222,145
NWO-1004,DC_NORTH,2024-04-08,446,103
NWO-1004,DC_NORTH,2024-04-15,315,149
NWO-1004,DC_NORTH,2024-04-22,292,157
NWO-1004,DC_NORTH,2024-04-29,398,150
NWO-1004,DC_NORTH,2024-05-06,404,137
NWO-1004,DC_NORTH,2024-05-13,318,205
NWO-1004,DC_NORTH,2024-05-20,559,128
NWO-1004,DC_NORTH,2024-05-27,452,122
NWO-1004,DC_NORTH,2024-06-03,502,123
NWO-1004,DC_NORTH,2024-06-10,384,180
NWO-1004,DC_NORTH,2024-06-17,403,169
NWO-1004,DC_NORTH,2024-06-24,485,221
NWO-1004,DC_NORTH,2024-07-01,490,205
NWO-1004,DC_NORTH,2024-07-08,492,138
NWO-1004,DC_NORTH,2024-07-15,510,172
NWO-1004,DC_NORTH,2024-07-22,572,112
NWO-1004,DC_NORTH,2024-07-29,355,203
NWO-1004,DC_NORTH,2024-08-05,375,158
NWO-1004,DC_NORTH,2024-08-12,373,145
NWO-1004,DC_NORTH,2024-08-19,510,186
NWO-1004,DC_NORTH,2024-08-26,474,147
NWO-1004,DC_NORTH,2024-09-02,407,178
NWO-1004,DC_NORTH,2024-09-09,528,159
NWO-1004,DC_NORTH,2024-09-16,454,111
NWO-1004,DC_NORTH,2024-09-23,296,138
NWO-1004,DC_NORTH,2024-09-30,549,170
NWO-1004,DC_NORTH,2024-10-07,416,135
NWO-1004,DC_NORTH,2024-10-14,421,142
NWO-1004,DC_NORTH,2024-10-21,458,181
NWO-1004,DC_NORTH,2024-10-28,485,258
NWO-1004,DC_NORTH,2024-11-04,769,189
NWO-1004,DC_NORTH,2024-11-11,533,292
NWO-1004,DC_NORTH,2024-11-18,521,263
NWO-1004,DC_NORTH,2024-11-25,741,221
NWO-1004,DC_NORTH,2024-12-02,766,168
NWO-1004,DC_NORTH,2024-12-09,315,303
NWO-1004,DC_NORTH,2024-12-16,954,196
NWO-1004,DC_NORTH,2024-12-23,425,241
NWO-1004,DC_NORTH,2024-12-30,476,117
NWO-1004,DC_NORTH,2025-01-06,351,144
NWO-1004,DC_NORTH,2025-01-13,312,97
NWO-1004,DC_NORTH,2025-01-20,259,158
NWO-1004,DC_NORTH,2025-01-27,300,168
NWO-1004,DC_NORTH,2025-02-03,380,185
NWO-1004,DC_NORTH,2025-02-10,489,97
NWO-1004,DC_NORTH,2025-02-17,278,114
NWO-1004,DC_NORTH,2025-02-24,352,96
NWO-1004,DC_NORTH,2025-03-03,259,104
NWO-1004,DC_NORTH,2025-03-10,246,176
NWO-1004,DC_NORTH,2025-03-17,443,130
NWO-1004,DC_NORTH,2025-03-24,342,162
NWO-1004,DC_NORTH,2025-03-31,483,144
NWO-1004,DC_NORTH,2025-04-07,440,203
NWO-1004,DC_NORTH,2025-04-14,461,123
NWO-1004,DC_NORTH,2025-04-21,290,133
NWO-1004,DC_NORTH,2025-04-28,289,153
NWO-1004,DC_NORTH,2025-05-05,449,172
NWO-1004,DC_NORTH,2025-05-12,404,205
NWO-1004,DC_NORTH,2025-05-19,483,147
NWO-1004,DC_NORTH,2025-05-26,385,191
NWO-1004,DC_NORTH,2025-06-02,503,171
NWO-1004,DC_NORTH,2025-06-09,647,213
NWO-1004,DC_NORTH,2025-06-16,657,194
NWO-1004,DC_NORTH,2025-06-23,562,174
NWO-1004,DC_NORTH,2025-06-30,603,165
NWO-1004,DC_NORTH,2025-07-07,458,165
NWO-1004,DC_NORTH,2025-07-14,447,139
NWO-1004,DC_NORTH,2025-07-21,435,182
NWO-1004,DC_NORTH,2025-07-28,474,168
NWO-1004,DC_NORTH,2025-08-04,301,170
NWO-1004,DC_NORTH,2025-08-11,349,166
NWO-1004,DC_NORTH,2025-08-18,399,149
NWO-1004,DC_NORTH,2025-08-25,533,150
NWO-1004,DC_NORTH,2025-09-01,563,180
NWO-1004,DC_NORTH,2025-09-08,335,139
NWO-1004,DC_NORTH,2025-09-15,343,199
NWO-1004,DC_NORTH,2025-09-22,596,151
NWO-1004,DC_NORTH,2025-09-29,364,169
NWO-1004,DC_NORTH,2025-10-06,450,174
NWO-1004,DC_NORTH,2025-10-13,601,200
NWO-1004,DC_NORTH,2025-10-20,481,227
NWO-1004,DC_NORTH,2025-10-27,644,225
NWO-1004,DC_NORTH,2025-11-03,648,191
NWO-1004,DC_NORTH,2025-11-10,491,337
NWO-1004,DC_NORTH,2025-11-17,872,306
NWO-1004,DC_NORTH,2025-11-24,926,283
NWO-1004,DC_NORTH,2025-12-01,596,202
NWO-1004,DC_NORTH,2025-12-08,613,223
NWO-1004,DC_NORTH,2025-12-15,599,202
NWO-1004,DC_NORTH,2025-12-22,665,295
NWO-1004,DC_NORTH,2025-12-29,853,155
NWO-1004,DC_NORTH,2026-01-05,523,94
NWO-1004,DC_NORTH,2026-01-12,356,159
NWO-1004,DC_NORTH,2026-01-19,337,112
NWO-1004,DC_NORTH,2026-01-26,349,80
NWO-1004,DC_NORTH,2026-02-02,261,157
NWO-1004,DC_NORTH,2026-02-09,330,190
NWO-1004,DC_NORTH,2026-02-16,440,161
NWO-1004,DC_NORTH,2026-02-23,320,141
NWO-1004,DC_NORTH,2026-03-02,338,153
NWO-1004,DC_NORTH,2026-03-09,337,113
NWO-1004,DC_NORTH,2026-03-16,370,208
NWO-1004,DC_NORTH,2026-03-23,426,178
NWO-1004,DC_NORTH,2026-03-30,325,117
NWO-1004,DC_NORTH,2026-04-06,282,166
NWO-1004,DC_NORTH,2026-04-13,478,175
NWO-1004,DC_NORTH,2026-04-20,451,193
NWO-1004,DC_NORTH,2026-04-27,447,281
NWO-1004,DC_NORTH,2026-05-04,574,153
NWO-1004,DC_NORTH,2026-05-11,403,197
NWO-1004,DC_NORTH,2026-05-18,540,155
NWO-1004,DC_NORTH,2026-05-25,456,199
NWO-1004,DC_NORTH,2026-06-01,580,230
NWO-1004,DC_SOUTH,2023-06-05,841,328
NWO-1004,DC_SOUTH,2023-06-12,991,344
NWO-1004,DC_SOUTH,2023-06-19,1089,391
NWO-1004,DC_SOUTH,2023-06-26,1316,452
NWO-1004,DC_SOUTH,2023-07-03,1325,398
NWO-1004,DC_SOUTH,2023-07-10,870,460
NWO-1004,DC_SOUTH,2023-07-17,1237,374
NWO-1004,DC_SOUTH,2023-07-24,806,341
NWO-1004,DC_SOUTH,2023-07-31,1078,342
NWO-1004,DC_SOUTH,2023-08-07,1392,324
NWO-1004,DC_SOUTH,2023-08-14,1207,263
NWO-1004,DC_SOUTH,2023-08-21,624,360
NWO-1004,DC_SOUTH,2023-08-28,990,379
NWO-1004,DC_SOUTH,2023-09-04,765,392
NWO-1004,DC_SOUTH,2023-09-11,884,369
NWO-1004,DC_SOUTH,2023-09-18,916,288
NWO-1004,DC_SOUTH,2023-09-25,835,350
NWO-1004,DC_SOUTH,2023-10-02,830,329
NWO-1004,DC_SOUTH,2023-10-09,922,324
NWO-1004,DC_SOUTH,2023-10-16,1302,371
NWO-1004,DC_SOUTH,2023-10-23,901,245
NWO-1004,DC_SOUTH,2023-10-30,844,603
NWO-1004,DC_SOUTH,2023-11-06,1200,504
NWO-1004,DC_SOUTH,2023-11-13,1471,476
NWO-1004,DC_SOUTH,2023-11-20,1559,545
NWO-1004,DC_SOUTH,2023-11-27,1270,492
NWO-1004,DC_SOUTH,2023-12-04,1782,505
NWO-1004,DC_SOUTH,2023-12-11,1231,484
NWO-1004,DC_SOUTH,2023-12-18,1306,470
NWO-1004,DC_SOUTH,2023-12-25,996,277
NWO-1004,DC_SOUTH,2024-01-01,620,224
NWO-1004,DC_SOUTH,2024-01-08,710,228
NWO-1004,DC_SOUTH,2024-01-15,601,216
NWO-1004,DC_SOUTH,2024-01-22,853,332
NWO-1004,DC_SOUTH,2024-01-29,1127,327
NWO-1004,DC_SOUTH,2024-02-05,884,284
NWO-1004,DC_SOUTH,2024-02-12,747,225
NWO-1004,DC_SOUTH,2024-02-19,502,276
NWO-1004,DC_SOUTH,2024-02-26,767,371
NWO-1004,DC_SOUTH,2024-03-04,861,386
NWO-1004,DC_SOUTH,2024-03-11,1353,471
NWO-1004,DC_SOUTH,2024-03-18,1497,376
NWO-1004,DC_SOUTH,2024-03-25,1176,348
NWO-1004,DC_SOUTH,2024-04-01,800,315
NWO-1004,DC_SOUTH,2024-04-08,909,696
NWO-1004,DC_SOUTH,2024-04-15,1641,623
NWO-1004,DC_SOUTH,2024-04-22,1794,496
NWO-1004,DC_SOUTH,2024-04-29,1324,385
NWO-1004,DC_SOUTH,2024-05-06,1155,363
NWO-1004,DC_SOUTH,2024-05-13,757,356
NWO-1004,DC_SOUTH,2024-05-20,1064,361
NWO-1004,DC_SOUTH,2024-05-27,989,483
NWO-1004,DC_SOUTH,2024-06-03,1174,379
NWO-1004,DC_SOUTH,2024-06-10,1401,483
NWO-1004,DC_SOUTH,2024-06-17,1166,525
NWO-1004,DC_SOUTH,2024-06-24,1567,418
NWO-1004,DC_SOUTH,2024-07-01,1124,445
NWO-1004,DC_SOUTH,2024-07-08,1235,369
NWO-1004,DC_SOUTH,2024-07-15,1342,438
NWO-1004,DC_SOUTH,2024-07-22,960,498
NWO-1004,DC_SOUTH,2024-07-29,1011,404
NWO-1004,DC_SOUTH,2024-08-05,1445,343
NWO-1004,DC_SOUTH,2024-08-12,1185,442
NWO-1004,DC_SOUTH,2024-08-19,843,513
NWO-1004,DC_SOUTH,2024-08-26,1677,391
NWO-1004,DC_SOUTH,2024-09-02,1550,396
NWO-1004,DC_SOUTH,2024-09-09,781,336
NWO-1004,DC_SOUTH,2024-09-16,1024,328
NWO-1004,DC_SOUTH,2024-09-23,1019,396
NWO-1004,DC_SOUTH,2024-09-30,997,486
NWO-1004,DC_SOUTH,2024-10-07,1276,502
NWO-1004,DC_SOUTH,2024-10-14,1515,506
NWO-1004,DC_SOUTH,2024-10-21,1196,505
NWO-1004,DC_SOUTH,2024-10-28,981,566
NWO-1004,DC_SOUTH,2024-11-04,1589,540
NWO-1004,DC_SOUTH,2024-11-11,1476,674
NWO-1004,DC_SOUTH,2024-11-18,1520,577
NWO-1004,DC_SOUTH,2024-11-25,1848,728
NWO-1004,DC_SOUTH,2024-12-02,1959,626
NWO-1004,DC_SOUTH,2024-12-09,1488,504
NWO-1004,DC_SOUTH,2024-12-16,992,844
NWO-1004,DC_SOUTH,2024-12-23,1583,509
NWO-1004,DC_SOUTH,2024-12-30,1790,303
NWO-1004,DC_SOUTH,2025-01-06,1027,291
NWO-1004,DC_SOUTH,2025-01-13,814,254
NWO-1004,DC_SOUTH,2025-01-20,739,267
NWO-1004,DC_SOUTH,2025-01-27,1110,406
NWO-1004,DC_SOUTH,2025-02-03,1174,287
NWO-1004,DC_SOUTH,2025-02-10,622,386
NWO-1004,DC_SOUTH,2025-02-17,1038,348
NWO-1004,DC_SOUTH,2025-02-24,1104,310
NWO-1004,DC_SOUTH,2025-03-03,991,323
NWO-1004,DC_SOUTH,2025-03-10,925,385
NWO-1004,DC_SOUTH,2025-03-17,774,415
NWO-1004,DC_SOUTH,2025-03-24,1322,414
NWO-1004,DC_SOUTH,2025-03-31,983,523
NWO-1004,DC_SOUTH,2025-04-07,1392,442
NWO-1004,DC_SOUTH,2025-04-14,1427,380
NWO-1004,DC_SOUTH,2025-04-21,996,344
NWO-1004,DC_SOUTH,2025-04-28,1288,475
NWO-1004,DC_SOUTH,2025-05-05,986,452
NWO-1004,DC_SOUTH,2025-05-12,1193,381
NWO-1004,DC_SOUTH,2025-05-19,1037,381
NWO-1004,DC_SOUTH,2025-05-26,1438,524
NWO-1004,DC_SOUTH,2025-06-02,1515,462
NWO-1004,DC_SOUTH,2025-06-09,1377,593
NWO-1004,DC_SOUTH,2025-06-16,1106,491
NWO-1004,DC_SOUTH,2025-06-23,1719,597
NWO-1004,DC_SOUTH,2025-06-30,1155,607
NWO-1004,DC_SOUTH,2025-07-07,1375,492
NWO-1004,DC_SOUTH,2025-07-14,1610,547
NWO-1004,DC_SOUTH,2025-07-21,1325,366
NWO-1004,DC_SOUTH,2025-07-28,1427,441
NWO-1004,DC_SOUTH,2025-08-04,1007,595
NWO-1004,DC_SOUTH,2025-08-11,1553,530
NWO-1004,DC_SOUTH,2025-08-18,1178,417
NWO-1004,DC_SOUTH,2025-08-25,1046,392
NWO-1004,DC_SOUTH,2025-09-01,1370,517
NWO-1004,DC_SOUTH,2025-09-08,1471,335
NWO-1004,DC_SOUTH,2025-09-15,811,392
NWO-1004,DC_SOUTH,2025-09-22,924,424
NWO-1004,DC_SOUTH,2025-09-29,1360,420
NWO-1004,DC_SOUTH,2025-10-06,1024,419
NWO-1004,DC_SOUTH,2025-10-13,1336,444
NWO-1004,DC_SOUTH,2025-10-20,1433,390
NWO-1004,DC_SOUTH,2025-10-27,1396,651
NWO-1004,DC_SOUTH,2025-11-03,2340,815
NWO-1004,DC_SOUTH,2025-11-10,2046,630
NWO-1004,DC_SOUTH,2025-11-17,1794,715
NWO-1004,DC_SOUTH,2025-11-24,1967,562
NWO-1004,DC_SOUTH,2025-12-01,1128,771
NWO-1004,DC_SOUTH,2025-12-08,1496,537
NWO-1004,DC_SOUTH,2025-12-15,1838,524
NWO-1004,DC_SOUTH,2025-12-22,1712,610
NWO-1004,DC_SOUTH,2025-12-29,1847,415
NWO-1004,DC_SOUTH,2026-01-05,852,308
NWO-1004,DC_SOUTH,2026-01-12,891,342
NWO-1004,DC_SOUTH,2026-01-19,866,441
NWO-1004,DC_SOUTH,2026-01-26,1342,283
NWO-1004,DC_SOUTH,2026-02-02,1132,446
NWO-1004,DC_SOUTH,2026-02-09,1017,325
NWO-1004,DC_SOUTH,2026-02-16,1186,355
NWO-1004,DC_SOUTH,2026-02-23,794,420
NWO-1004,DC_SOUTH,2026-03-02,1505,508
NWO-1004,DC_SOUTH,2026-03-09,1270,399
NWO-1004,DC_SOUTH,2026-03-16,1226,380
NWO-1004,DC_SOUTH,2026-03-23,1314,364
NWO-1004,DC_SOUTH,2026-03-30,1130,520
NWO-1004,DC_SOUTH,2026-04-06,1550,447
NWO-1004,DC_SOUTH,2026-04-13,1562,397
NWO-1004,DC_SOUTH,2026-04-20,1374,537
NWO-1004,DC_SOUTH,2026-04-27,1027,602
NWO-1004,DC_SOUTH,2026-05-04,1440,575
NWO-1004,DC_SOUTH,2026-05-11,1502,385
NWO-1004,DC_SOUTH,2026-05-18,1364,392
NWO-1004,DC_SOUTH,2026-05-25,849,340
NWO-1004,DC_SOUTH,2026-06-01,846,357
NWO-1004,DC_WEST,2023-06-05,888,271
NWO-1004,DC_WEST,2023-06-12,1084,222
NWO-1004,DC_WEST,2023-06-19,525,343
NWO-1004,DC_WEST,2023-06-26,634,232
NWO-1004,DC_WEST,2023-07-03,821,306
NWO-1004,DC_WEST,2023-07-10,714,282
NWO-1004,DC_WEST,2023-07-17,880,246
NWO-1004,DC_WEST,2023-07-24,680,323
NWO-1004,DC_WEST,2023-07-31,796,226
NWO-1004,DC_WEST,2023-08-07,540,265
NWO-1004,DC_WEST,2023-08-14,821,220
NWO-1004,DC_WEST,2023-08-21,645,225
NWO-1004,DC_WEST,2023-08-28,879,282
NWO-1004,DC_WEST,2023-09-04,580,188
NWO-1004,DC_WEST,2023-09-11,626,203
NWO-1004,DC_WEST,2023-09-18,437,309
NWO-1004,DC_WEST,2023-09-25,819,263
NWO-1004,DC_WEST,2023-10-02,794,254
NWO-1004,DC_WEST,2023-10-09,760,264
NWO-1004,DC_WEST,2023-10-16,672,282
NWO-1004,DC_WEST,2023-10-23,774,217
NWO-1004,DC_WEST,2023-10-30,738,470
NWO-1004,DC_WEST,2023-11-06,1639,429
NWO-1004,DC_WEST,2023-11-13,942,360
NWO-1004,DC_WEST,2023-11-20,896,455
NWO-1004,DC_WEST,2023-11-27,913,396
NWO-1004,DC_WEST,2023-12-04,1320,435
NWO-1004,DC_WEST,2023-12-11,1354,456
NWO-1004,DC_WEST,2023-12-18,996,445
NWO-1004,DC_WEST,2023-12-25,1078,271
NWO-1004,DC_WEST,2024-01-01,590,193
NWO-1004,DC_WEST,2024-01-08,608,194
NWO-1004,DC_WEST,2024-01-15,789,197
NWO-1004,DC_WEST,2024-01-22,575,186
NWO-1004,DC_WEST,2024-01-29,498,189
NWO-1004,DC_WEST,2024-02-05,621,390
NWO-1004,DC_WEST,2024-02-12,823,371
NWO-1004,DC_WEST,2024-02-19,1167,270
NWO-1004,DC_WEST,2024-02-26,822,304
NWO-1004,DC_WEST,2024-03-04,680,289
NWO-1004,DC_WEST,2024-03-11,689,264
NWO-1004,DC_WEST,2024-03-18,574,192
NWO-1004,DC_WEST,2024-03-25,720,240
NWO-1004,DC_WEST,2024-04-01,847,240
NWO-1004,DC_WEST,2024-04-08,702,291
NWO-1004,DC_WEST,2024-04-15,811,260
NWO-1004,DC_WEST,2024-04-22,876,237
NWO-1004,DC_WEST,2024-04-29,690,307
NWO-1004,DC_WEST,2024-05-06,972,327
NWO-1004,DC_WEST,2024-05-13,907,336
NWO-1004,DC_WEST,2024-05-20,668,352
NWO-1004,DC_WEST,2024-05-27,1011,479
NWO-1004,DC_WEST,2024-06-03,1154,357
NWO-1004,DC_WEST,2024-06-10,717,428
NWO-1004,DC_WEST,2024-06-17,1642,506
NWO-1004,DC_WEST,2024-06-24,1219,465
NWO-1004,DC_WEST,2024-07-01,1234,314
NWO-1004,DC_WEST,2024-07-08,762,380
NWO-1004,DC_WEST,2024-07-15,754,284
NWO-1004,DC_WEST,2024-07-22,656,324
NWO-1004,DC_WEST,2024-07-29,667,368
NWO-1004,DC_WEST,2024-08-05,862,378
NWO-1004,DC_WEST,2024-08-12,785,369
NWO-1004,DC_WEST,2024-08-19,1014,346
NWO-1004,DC_WEST,2024-08-26,928,292
NWO-1004,DC_WEST,2024-09-02,904,328
NWO-1004,DC_WEST,2024-09-09,711,324
NWO-1004,DC_WEST,2024-09-16,773,222
NWO-1004,DC_WEST,2024-09-23,558,279
NWO-1004,DC_WEST,2024-09-30,584,348
NWO-1004,DC_WEST,2024-10-07,824,344
NWO-1004,DC_WEST,2024-10-14,1306,314
NWO-1004,DC_WEST,2024-10-21,873,297
NWO-1004,DC_WEST,2024-10-28,599,408
NWO-1004,DC_WEST,2024-11-04,1254,468
NWO-1004,DC_WEST,2024-11-11,1331,369
NWO-1004,DC_WEST,2024-11-18,1257,519
NWO-1004,DC_WEST,2024-11-25,1427,563
NWO-1004,DC_WEST,2024-12-02,1291,403
NWO-1004,DC_WEST,2024-12-09,1387,525
NWO-1004,DC_WEST,2024-12-16,1375,453
NWO-1004,DC_WEST,2024-12-23,1012,565
NWO-1004,DC_WEST,2024-12-30,1473,318
NWO-1004,DC_WEST,2025-01-06,543,200
NWO-1004,DC_WEST,2025-01-13,723,384
NWO-1004,DC_WEST,2025-01-20,1087,316
NWO-1004,DC_WEST,2025-01-27,1001,217
NWO-1004,DC_WEST,2025-02-03,859,263
NWO-1004,DC_WEST,2025-02-10,777,223
NWO-1004,DC_WEST,2025-02-17,713,267
NWO-1004,DC_WEST,2025-02-24,647,289
NWO-1004,DC_WEST,2025-03-03,565,328
NWO-1004,DC_WEST,2025-03-10,737,257
NWO-1004,DC_WEST,2025-03-17,1048,264
NWO-1004,DC_WEST,2025-03-24,643,289
NWO-1004,DC_WEST,2025-03-31,744,287
NWO-1004,DC_WEST,2025-04-07,854,388
NWO-1004,DC_WEST,2025-04-14,1230,381
NWO-1004,DC_WEST,2025-04-21,870,310
NWO-1004,DC_WEST,2025-04-28,824,293
NWO-1004,DC_WEST,2025-05-05,777,332
NWO-1004,DC_WEST,2025-05-12,998,378
NWO-1004,DC_WEST,2025-05-19,886,298
NWO-1004,DC_WEST,2025-05-26,762,332
NWO-1004,DC_WEST,2025-06-02,669,367
NWO-1004,DC_WEST,2025-06-09,1472,269
NWO-1004,DC_WEST,2025-06-16,969,399
NWO-1004,DC_WEST,2025-06-23,1282,257
NWO-1004,DC_WEST,2025-06-30,984,308
NWO-1004,DC_WEST,2025-07-07,1137,281
NWO-1004,DC_WEST,2025-07-14,748,323
NWO-1004,DC_WEST,2025-07-21,1047,377
NWO-1004,DC_WEST,2025-07-28,1121,347
NWO-1004,DC_WEST,2025-08-04,665,388
NWO-1004,DC_WEST,2025-08-11,1161,420
NWO-1004,DC_WEST,2025-08-18,887,271
NWO-1004,DC_WEST,2025-08-25,806,400
NWO-1004,DC_WEST,2025-09-01,901,415
NWO-1004,DC_WEST,2025-09-08,1017,371
NWO-1004,DC_WEST,2025-09-15,1022,307
NWO-1004,DC_WEST,2025-09-22,695,290
NWO-1004,DC_WEST,2025-09-29,1020,311
NWO-1004,DC_WEST,2025-10-06,977,375
NWO-1004,DC_WEST,2025-10-13,996,427
NWO-1004,DC_WEST,2025-10-20,910,352
NWO-1004,DC_WEST,2025-10-27,712,485
NWO-1004,DC_WEST,2025-11-03,1432,501
NWO-1004,DC_WEST,2025-11-10,1249,399
NWO-1004,DC_WEST,2025-11-17,998,573
NWO-1004,DC_WEST,2025-11-24,1399,504
NWO-1004,DC_WEST,2025-12-01,1554,548
NWO-1004,DC_WEST,2025-12-08,1719,714
NWO-1004,DC_WEST,2025-12-15,1719,360
NWO-1004,DC_WEST,2025-12-22,1481,530
NWO-1004,DC_WEST,2025-12-29,1431,232
NWO-1004,DC_WEST,2026-01-05,567,281
NWO-1004,DC_WEST,2026-01-12,710,168
NWO-1004,DC_WEST,2026-01-19,597,230
NWO-1004,DC_WEST,2026-01-26,521,334
NWO-1004,DC_WEST,2026-02-02,727,327
NWO-1004,DC_WEST,2026-02-09,835,264
NWO-1004,DC_WEST,2026-02-16,904,228
NWO-1004,DC_WEST,2026-02-23,667,342
NWO-1004,DC_WEST,2026-03-02,887,381
NWO-1004,DC_WEST,2026-03-09,1104,403
NWO-1004,DC_WEST,2026-03-16,800,277
NWO-1004,DC_WEST,2026-03-23,826,322
NWO-1004,DC_WEST,2026-03-30,716,331
NWO-1004,DC_WEST,2026-04-06,776,392
NWO-1004,DC_WEST,2026-04-13,1279,327
NWO-1004,DC_WEST,2026-04-20,1015,453
NWO-1004,DC_WEST,2026-04-27,1155,489
NWO-1004,DC_WEST,2026-05-04,1139,370
NWO-1004,DC_WEST,2026-05-11,1211,347
NWO-1004,DC_WEST,2026-05-18,906,355
NWO-1004,DC_WEST,2026-05-25,997,276
NWO-1004,DC_WEST,2026-06-01,1047,296
NWO-1005,DC_NORTH,2023-06-05,566,271
NWO-1005,DC_NORTH,2023-06-12,739,154
NWO-1005,DC_NORTH,2023-06-19,442,270
NWO-1005,DC_NORTH,2023-06-26,489,237
NWO-1005,DC_NORTH,2023-07-03,544,194
NWO-1005,DC_NORTH,2023-07-10,566,295
NWO-1005,DC_NORTH,2023-07-17,586,156
NWO-1005,DC_NORTH,2023-07-24,466,295
NWO-1005,DC_NORTH,2023-07-31,706,264
NWO-1005,DC_NORTH,2023-08-07,786,207
NWO-1005,DC_NORTH,2023-08-14,521,364
NWO-1005,DC_NORTH,2023-08-21,1063,282
NWO-1005,DC_NORTH,2023-08-28,532,185
NWO-1005,DC_NORTH,2023-09-04,467,246
NWO-1005,DC_NORTH,2023-09-11,576,161
NWO-1005,DC_NORTH,2023-09-18,384,201
NWO-1005,DC_NORTH,2023-09-25,623,142
NWO-1005,DC_NORTH,2023-10-02,370,212
NWO-1005,DC_NORTH,2023-10-09,451,259
NWO-1005,DC_NORTH,2023-10-16,788,136
NWO-1005,DC_NORTH,2023-10-23,479,203
NWO-1005,DC_NORTH,2023-10-30,514,272
NWO-1005,DC_NORTH,2023-11-06,728,195
NWO-1005,DC_NORTH,2023-11-13,840,294
NWO-1005,DC_NORTH,2023-11-20,652,281
NWO-1005,DC_NORTH,2023-11-27,825,354
NWO-1005,DC_NORTH,2023-12-04,884,327
NWO-1005,DC_NORTH,2023-12-11,922,368
NWO-1005,DC_NORTH,2023-12-18,841,313
NWO-1005,DC_NORTH,2023-12-25,766,217
NWO-1005,DC_NORTH,2024-01-01,606,246
NWO-1005,DC_NORTH,2024-01-08,539,108
NWO-1005,DC_NORTH,2024-01-15,279,221
NWO-1005,DC_NORTH,2024-01-22,665,229
NWO-1005,DC_NORTH,2024-01-29,451,222
NWO-1005,DC_NORTH,2024-02-05,513,191
NWO-1005,DC_NORTH,2024-02-12,431,163
NWO-1005,DC_NORTH,2024-02-19,460,187
NWO-1005,DC_NORTH,2024-02-26,615,221
NWO-1005,DC_NORTH,2024-03-04,540,152
NWO-1005,DC_NORTH,2024-03-11,383,149
NWO-1005,DC_NORTH,2024-03-18,508,147
NWO-1005,DC_NORTH,2024-03-25,384,266
NWO-1005,DC_NORTH,2024-04-01,663,234
NWO-1005,DC_NORTH,2024-04-08,517,251
NWO-1005,DC_NORTH,2024-04-15,623,302
NWO-1005,DC_NORTH,2024-04-22,696,281
NWO-1005,DC_NORTH,2024-04-29,699,175
NWO-1005,DC_NORTH,2024-05-06,663,249
NWO-1005,DC_NORTH,2024-05-13,483,233
NWO-1005,DC_NORTH,2024-05-20,696,216
NWO-1005,DC_NORTH,2024-05-27,702,244
NWO-1005,DC_NORTH,2024-06-03,660,264
NWO-1005,DC_NORTH,2024-06-10,606,168
NWO-1005,DC_NORTH,2024-06-17,525,288
NWO-1005,DC_NORTH,2024-06-24,676,223
NWO-1005,DC_NORTH,2024-07-01,532,264
NWO-1005,DC_NORTH,2024-07-08,884,171
NWO-1005,DC_NORTH,2024-07-15,474,227
NWO-1005,DC_NORTH,2024-07-22,701,295
NWO-1005,DC_NORTH,2024-07-29,614,383
NWO-1005,DC_NORTH,2024-08-05,806,342
NWO-1005,DC_NORTH,2024-08-12,1024,248
NWO-1005,DC_NORTH,2024-08-19,842,470
NWO-1005,DC_NORTH,2024-08-26,1680,245
NWO-1005,DC_NORTH,2024-09-02,858,219
NWO-1005,DC_NORTH,2024-09-09,616,143
NWO-1005,DC_NORTH,2024-09-16,425,232
NWO-1005,DC_NORTH,2024-09-23,419,199
NWO-1005,DC_NORTH,2024-09-30,581,207
NWO-1005,DC_NORTH,2024-10-07,639,197
NWO-1005,DC_NORTH,2024-10-14,655,256
NWO-1005,DC_NORTH,2024-10-21,791,279
NWO-1005,DC_NORTH,2024-10-28,594,266
NWO-1005,DC_NORTH,2024-11-04,699,219
NWO-1005,DC_NORTH,2024-11-11,625,293
NWO-1005,DC_NORTH,2024-11-18,750,309
NWO-1005,DC_NORTH,2024-11-25,811,243
NWO-1005,DC_NORTH,2024-12-02,731,292
NWO-1005,DC_NORTH,2024-12-09,824,413
NWO-1005,DC_NORTH,2024-12-16,741,278
NWO-1005,DC_NORTH,2024-12-23,576,294
NWO-1005,DC_NORTH,2024-12-30,746,137
NWO-1005,DC_NORTH,2025-01-06,524,140
NWO-1005,DC_NORTH,2025-01-13,458,163
NWO-1005,DC_NORTH,2025-01-20,454,158
NWO-1005,DC_NORTH,2025-01-27,287,121
NWO-1005,DC_NORTH,2025-02-03,315,185
NWO-1005,DC_NORTH,2025-02-10,562,199
NWO-1005,DC_NORTH,2025-02-17,700,194
NWO-1005,DC_NORTH,2025-02-24,614,240
NWO-1005,DC_NORTH,2025-03-03,489,188
NWO-1005,DC_NORTH,2025-03-10,694,226
NWO-1005,DC_NORTH,2025-03-17,629,182
NWO-1005,DC_NORTH,2025-03-24,432,280
NWO-1005,DC_NORTH,2025-03-31,793,182
NWO-1005,DC_NORTH,2025-04-07,644,195
NWO-1005,DC_NORTH,2025-04-14,587,264
NWO-1005,DC_NORTH,2025-04-21,746,160
NWO-1005,DC_NORTH,2025-04-28,604,235
NWO-1005,DC_NORTH,2025-05-05,571,272
NWO-1005,DC_NORTH,2025-05-12,607,227
NWO-1005,DC_NORTH,2025-05-19,570,284
NWO-1005,DC_NORTH,2025-05-26,602,200
NWO-1005,DC_NORTH,2025-06-02,653,231
NWO-1005,DC_NORTH,2025-06-09,665,312
NWO-1005,DC_NORTH,2025-06-16,777,295
NWO-1005,DC_NORTH,2025-06-23,586,318
NWO-1005,DC_NORTH,2025-06-30,659,300
NWO-1005,DC_NORTH,2025-07-07,882,249
NWO-1005,DC_NORTH,2025-07-14,601,268
NWO-1005,DC_NORTH,2025-07-21,625,235
NWO-1005,DC_NORTH,2025-07-28,553,248
NWO-1005,DC_NORTH,2025-08-04,721,237
NWO-1005,DC_NORTH,2025-08-11,526,213
NWO-1005,DC_NORTH,2025-08-18,798,265
NWO-1005,DC_NORTH,2025-08-25,808,154
NWO-1005,DC_NORTH,2025-09-01,484,187
NWO-1005,DC_NORTH,2025-09-08,501,197
NWO-1005,DC_NORTH,2025-09-15,389,194
NWO-1005,DC_NORTH,2025-09-22,437,232
NWO-1005,DC_NORTH,2025-09-29,622,253
NWO-1005,DC_NORTH,2025-10-06,478,343
NWO-1005,DC_NORTH,2025-10-13,624,366
NWO-1005,DC_NORTH,2025-10-20,1169,192
NWO-1005,DC_NORTH,2025-10-27,450,264
NWO-1005,DC_NORTH,2025-11-03,513,350
NWO-1005,DC_NORTH,2025-11-10,1129,310
NWO-1005,DC_NORTH,2025-11-17,532,362
NWO-1005,DC_NORTH,2025-11-24,952,404
NWO-1005,DC_NORTH,2025-12-01,857,216
NWO-1005,DC_NORTH,2025-12-08,821,250
NWO-1005,DC_NORTH,2025-12-15,609,205
NWO-1005,DC_NORTH,2025-12-22,618,204
NWO-1005,DC_NORTH,2025-12-29,795,116
NWO-1005,DC_NORTH,2026-01-05,331,99
NWO-1005,DC_NORTH,2026-01-12,218,88
NWO-1005,DC_NORTH,2026-01-19,183,67
NWO-1005,DC_NORTH,2026-01-26,216,72
NWO-1005,DC_NORTH,2026-02-02,168,53
NWO-1005,DC_NORTH,2026-02-09,153,42
NWO-1005,DC_NORTH,2026-02-16,144,33
NWO-1005,DC_NORTH,2026-02-23,63,26
NWO-1005,DC_NORTH,2026-03-02,57,13
NWO-1005,DC_NORTH,2026-03-09,37,13
NWO-1005,DC_SOUTH,2023-06-05,2264,669
NWO-1005,DC_SOUTH,2023-06-12,2027,719
NWO-1005,DC_SOUTH,2023-06-19,1836,559
NWO-1005,DC_SOUTH,2023-06-26,1295,645
NWO-1005,DC_SOUTH,2023-07-03,1785,737
NWO-1005,DC_SOUTH,2023-07-10,1755,581
NWO-1005,DC_SOUTH,2023-07-17,1249,842
NWO-1005,DC_SOUTH,2023-07-24,1953,794
NWO-1005,DC_SOUTH,2023-07-31,2168,550
NWO-1005,DC_SOUTH,2023-08-07,1761,558
NWO-1005,DC_SOUTH,2023-08-14,1234,521
NWO-1005,DC_SOUTH,2023-08-21,1892,601
NWO-1005,DC_SOUTH,2023-08-28,1064,514
NWO-1005,DC_SOUTH,2023-09-04,1367,600
NWO-1005,DC_SOUTH,2023-09-11,1646,550
NWO-1005,DC_SOUTH,2023-09-18,1400,547
NWO-1005,DC_SOUTH,2023-09-25,1040,697
NWO-1005,DC_SOUTH,2023-10-02,1510,741
NWO-1005,DC_SOUTH,2023-10-09,2104,621
NWO-1005,DC_SOUTH,2023-10-16,2103,623
NWO-1005,DC_SOUTH,2023-10-23,1246,628
NWO-1005,DC_SOUTH,2023-10-30,2109,696
NWO-1005,DC_SOUTH,2023-11-06,2014,735
NWO-1005,DC_SOUTH,2023-11-13,2692,790
NWO-1005,DC_SOUTH,2023-11-20,2667,920
NWO-1005,DC_SOUTH,2023-11-27,3171,877
NWO-1005,DC_SOUTH,2023-12-04,2481,692
NWO-1005,DC_SOUTH,2023-12-11,1548,947
NWO-1005,DC_SOUTH,2023-12-18,2450,1078
NWO-1005,DC_SOUTH,2023-12-25,2662,603
NWO-1005,DC_SOUTH,2024-01-01,1584,381
NWO-1005,DC_SOUTH,2024-01-08,1347,428
NWO-1005,DC_SOUTH,2024-01-15,923,506
NWO-1005,DC_SOUTH,2024-01-22,983,386
NWO-1005,DC_SOUTH,2024-01-29,1381,466
NWO-1005,DC_SOUTH,2024-02-05,1589,400
NWO-1005,DC_SOUTH,2024-02-12,978,450
NWO-1005,DC_SOUTH,2024-02-19,1161,399
NWO-1005,DC_SOUTH,2024-02-26,948,406
NWO-1005,DC_SOUTH,2024-03-04,1655,503
NWO-1005,DC_SOUTH,2024-03-11,1331,554
NWO-1005,DC_SOUTH,2024-03-18,1488,686
NWO-1005,DC_SOUTH,2024-03-25,1668,477
NWO-1005,DC_SOUTH,2024-04-01,1642,626
NWO-1005,DC_SOUTH,2024-04-08,2416,592
NWO-1005,DC_SOUTH,2024-04-15,2050,558
NWO-1005,DC_SOUTH,2024-04-22,1337,424
NWO-1005,DC_SOUTH,2024-04-29,1192,542
NWO-1005,DC_SOUTH,2024-05-06,1723,559
NWO-1005,DC_SOUTH,2024-05-13,1467,459
NWO-1005,DC_SOUTH,2024-05-20,1409,575
NWO-1005,DC_SOUTH,2024-05-27,1321,595
NWO-1005,DC_SOUTH,2024-06-03,2366,568
NWO-1005,DC_SOUTH,2024-06-10,1929,525
NWO-1005,DC_SOUTH,2024-06-17,1241,768
NWO-1005,DC_SOUTH,2024-06-24,1474,640
NWO-1005,DC_SOUTH,2024-07-01,1947,541
NWO-1005,DC_SOUTH,2024-07-08,1389,794
NWO-1005,DC_SOUTH,2024-07-15,1398,522
NWO-1005,DC_SOUTH,2024-07-22,1451,613
NWO-1005,DC_SOUTH,2024-07-29,1859,517
NWO-1005,DC_SOUTH,2024-08-05,2178,515
NWO-1005,DC_SOUTH,2024-08-12,2163,451
NWO-1005,DC_SOUTH,2024-08-19,1952,758
NWO-1005,DC_SOUTH,2024-08-26,1612,567
NWO-1005,DC_SOUTH,2024-09-02,1740,694
NWO-1005,DC_SOUTH,2024-09-09,2297,788
NWO-1005,DC_SOUTH,2024-09-16,1723,461
NWO-1005,DC_SOUTH,2024-09-23,1020,487
NWO-1005,DC_SOUTH,2024-09-30,1313,587
NWO-1005,DC_SOUTH,2024-10-07,1856,462
NWO-1005,DC_SOUTH,2024-10-14,1545,738
NWO-1005,DC_SOUTH,2024-10-21,1388,697
NWO-1005,DC_SOUTH,2024-10-28,1684,806
NWO-1005,DC_SOUTH,2024-11-04,2030,987
NWO-1005,DC_SOUTH,2024-11-11,2356,829
NWO-1005,DC_SOUTH,2024-11-18,3011,913
NWO-1005,DC_SOUTH,2024-11-25,2320,900
NWO-1005,DC_SOUTH,2024-12-02,2406,893
NWO-1005,DC_SOUTH,2024-12-09,2195,949
NWO-1005,DC_SOUTH,2024-12-16,2271,938
NWO-1005,DC_SOUTH,2024-12-23,2318,637
NWO-1005,DC_SOUTH,2024-12-30,2020,319
NWO-1005,DC_SOUTH,2025-01-06,911,444
NWO-1005,DC_SOUTH,2025-01-13,1368,544
NWO-1005,DC_SOUTH,2025-01-20,1183,400
NWO-1005,DC_SOUTH,2025-01-27,1294,451
NWO-1005,DC_SOUTH,2025-02-03,985,619
NWO-1005,DC_SOUTH,2025-02-10,1585,566
NWO-1005,DC_SOUTH,2025-02-17,1396,569
NWO-1005,DC_SOUTH,2025-02-24,1178,523
NWO-1005,DC_SOUTH,2025-03-03,1083,644
NWO-1005,DC_SOUTH,2025-03-10,1304,534
NWO-1005,DC_SOUTH,2025-03-17,1924,678
NWO-1005,DC_SOUTH,2025-03-24,1894,502
NWO-1005,DC_SOUTH,2025-03-31,1169,578
NWO-1005,DC_SOUTH,2025-04-07,1586,393
NWO-1005,DC_SOUTH,2025-04-14,1657,471
NWO-1005,DC_SOUTH,2025-04-21,1106,544
NWO-1005,DC_SOUTH,2025-04-28,1276,490
NWO-1005,DC_SOUTH,2025-05-05,1207,497
NWO-1005,DC_SOUTH,2025-05-12,1807,580
NWO-1005,DC_SOUTH,2025-05-19,1449,509
NWO-1005,DC_SOUTH,2025-05-26,1192,651
NWO-1005,DC_SOUTH,2025-06-02,1265,454
NWO-1005,DC_SOUTH,2025-06-09,1521,444
NWO-1005,DC_SOUTH,2025-06-16,1509,526
NWO-1005,DC_SOUTH,2025-06-23,1699,799
NWO-1005,DC_SOUTH,2025-06-30,1719,559
NWO-1005,DC_SOUTH,2025-07-07,2229,734
NWO-1005,DC_SOUTH,2025-07-14,2380,558
NWO-1005,DC_SOUTH,2025-07-21,1791,595
NWO-1005,DC_SOUTH,2025-07-28,1865,718
NWO-1005,DC_SOUTH,2025-08-04,1784,710
NWO-1005,DC_SOUTH,2025-08-11,2191,446
NWO-1005,DC_SOUTH,2025-08-18,1885,599
NWO-1005,DC_SOUTH,2025-08-25,2064,403
NWO-1005,DC_SOUTH,2025-09-01,1675,414
NWO-1005,DC_SOUTH,2025-09-08,1629,462
NWO-1005,DC_SOUTH,2025-09-15,1214,480
NWO-1005,DC_SOUTH,2025-09-22,1573,441
NWO-1005,DC_SOUTH,2025-09-29,1214,603
NWO-1005,DC_SOUTH,2025-10-06,1530,487
NWO-1005,DC_SOUTH,2025-10-13,1225,464
NWO-1005,DC_SOUTH,2025-10-20,1346,415
NWO-1005,DC_SOUTH,2025-10-27,1104,926
NWO-1005,DC_SOUTH,2025-11-03,1964,600
NWO-1005,DC_SOUTH,2025-11-10,1446,919
NWO-1005,DC_SOUTH,2025-11-17,2730,796
NWO-1005,DC_SOUTH,2025-11-24,2010,851
NWO-1005,DC_SOUTH,2025-12-01,1655,786
NWO-1005,DC_SOUTH,2025-12-08,2488,522
NWO-1005,DC_SOUTH,2025-12-15,1969,595
NWO-1005,DC_SOUTH,2025-12-22,1405,639
NWO-1005,DC_SOUTH,2025-12-29,1340,271
NWO-1005,DC_SOUTH,2026-01-05,1006,270
NWO-1005,DC_SOUTH,2026-01-12,580,203
NWO-1005,DC_SOUTH,2026-01-19,685,146
NWO-1005,DC_SOUTH,2026-01-26,517,133
NWO-1005,DC_SOUTH,2026-02-02,412,162
NWO-1005,DC_SOUTH,2026-02-09,342,100
NWO-1005,DC_SOUTH,2026-02-16,296,93
NWO-1005,DC_SOUTH,2026-02-23,220,68
NWO-1005,DC_SOUTH,2026-03-02,196,24
NWO-1005,DC_SOUTH,2026-03-09,68,27
NWO-1005,DC_WEST,2023-06-05,1296,392
NWO-1005,DC_WEST,2023-06-12,1380,353
NWO-1005,DC_WEST,2023-06-19,1228,411
NWO-1005,DC_WEST,2023-06-26,1618,577
NWO-1005,DC_WEST,2023-07-03,1681,571
NWO-1005,DC_WEST,2023-07-10,1544,535
NWO-1005,DC_WEST,2023-07-17,1259,547
NWO-1005,DC_WEST,2023-07-24,1298,505
NWO-1005,DC_WEST,2023-07-31,1230,398
NWO-1005,DC_WEST,2023-08-07,1143,546
NWO-1005,DC_WEST,2023-08-14,1192,450
NWO-1005,DC_WEST,2023-08-21,1552,633
NWO-1005,DC_WEST,2023-08-28,1795,542
NWO-1005,DC_WEST,2023-09-04,1485,334
NWO-1005,DC_WEST,2023-09-11,737,452
NWO-1005,DC_WEST,2023-09-18,1134,354
NWO-1005,DC_WEST,2023-09-25,1103,386
NWO-1005,DC_WEST,2023-10-02,1173,623
NWO-1005,DC_WEST,2023-10-09,1423,552
NWO-1005,DC_WEST,2023-10-16,1448,432
NWO-1005,DC_WEST,2023-10-23,1311,338
NWO-1005,DC_WEST,2023-10-30,1362,624
NWO-1005,DC_WEST,2023-11-06,1342,669
NWO-1005,DC_WEST,2023-11-13,1776,691
NWO-1005,DC_WEST,2023-11-20,1997,489
NWO-1005,DC_WEST,2023-11-27,1442,657
NWO-1005,DC_WEST,2023-12-04,2001,849
NWO-1005,DC_WEST,2023-12-11,1886,465
NWO-1005,DC_WEST,2023-12-18,1127,528
NWO-1005,DC_WEST,2023-12-25,1900,334
NWO-1005,DC_WEST,2024-01-01,720,379
NWO-1005,DC_WEST,2024-01-08,959,325
NWO-1005,DC_WEST,2024-01-15,726,347
NWO-1005,DC_WEST,2024-01-22,902,422
NWO-1005,DC_WEST,2024-01-29,937,347
NWO-1005,DC_WEST,2024-02-05,937,286
NWO-1005,DC_WEST,2024-02-12,1127,420
NWO-1005,DC_WEST,2024-02-19,1130,467
NWO-1005,DC_WEST,2024-02-26,1190,328
NWO-1005,DC_WEST,2024-03-04,780,341
NWO-1005,DC_WEST,2024-03-11,1066,465
NWO-1005,DC_WEST,2024-03-18,1033,334
NWO-1005,DC_WEST,2024-03-25,1206,459
NWO-1005,DC_WEST,2024-04-01,1662,475
NWO-1005,DC_WEST,2024-04-08,1341,513
NWO-1005,DC_WEST,2024-04-15,918,355
NWO-1005,DC_WEST,2024-04-22,1143,461
NWO-1005,DC_WEST,2024-04-29,1090,459
NWO-1005,DC_WEST,2024-05-06,1042,532
NWO-1005,DC_WEST,2024-05-13,1024,468
NWO-1005,DC_WEST,2024-05-20,980,468
NWO-1005,DC_WEST,2024-05-27,1547,553
NWO-1005,DC_WEST,2024-06-03,1452,548
NWO-1005,DC_WEST,2024-06-10,1816,486
NWO-1005,DC_WEST,2024-06-17,1142,546
NWO-1005,DC_WEST,2024-06-24,1431,585
NWO-1005,DC_WEST,2024-07-01,1268,531
NWO-1005,DC_WEST,2024-07-08,1727,529
NWO-1005,DC_WEST,2024-07-15,1197,494
NWO-1005,DC_WEST,2024-07-22,1543,521
NWO-1005,DC_WEST,2024-07-29,1654,487
NWO-1005,DC_WEST,2024-08-05,1234,509
NWO-1005,DC_WEST,2024-08-12,1258,418
NWO-1005,DC_WEST,2024-08-19,1264,342
NWO-1005,DC_WEST,2024-08-26,1427,421
NWO-1005,DC_WEST,2024-09-02,965,459
NWO-1005,DC_WEST,2024-09-09,964,459
NWO-1005,DC_WEST,2024-09-16,1435,425
NWO-1005,DC_WEST,2024-09-23,1632,477
NWO-1005,DC_WEST,2024-09-30,1281,492
NWO-1005,DC_WEST,2024-10-07,1137,402
NWO-1005,DC_WEST,2024-10-14,1220,404
NWO-1005,DC_WEST,2024-10-21,1069,341
NWO-1005,DC_WEST,2024-10-28,881,669
NWO-1005,DC_WEST,2024-11-04,1534,676
NWO-1005,DC_WEST,2024-11-11,1437,663
NWO-1005,DC_WEST,2024-11-18,2027,661
NWO-1005,DC_WEST,2024-11-25,1420,780
NWO-1005,DC_WEST,2024-12-02,1435,537
NWO-1005,DC_WEST,2024-12-09,1746,520
NWO-1005,DC_WEST,2024-12-16,1826,539
NWO-1005,DC_WEST,2024-12-23,1397,582
NWO-1005,DC_WEST,2024-12-30,1346,434
NWO-1005,DC_WEST,2025-01-06,1042,304
NWO-1005,DC_WEST,2025-01-13,941,330
NWO-1005,DC_WEST,2025-01-20,1025,356
NWO-1005,DC_WEST,2025-01-27,976,264
NWO-1005,DC_WEST,2025-02-03,749,307
NWO-1005,DC_WEST,2025-02-10,693,356
NWO-1005,DC_WEST,2025-02-17,879,379
NWO-1005,DC_WEST,2025-02-24,1148,355
NWO-1005,DC_WEST,2025-03-03,1031,523
NWO-1005,DC_WEST,2025-03-10,1263,360
NWO-1005,DC_WEST,2025-03-17,1264,473
NWO-1005,DC_WEST,2025-03-24,1005,251
NWO-1005,DC_WEST,2025-03-31,1001,485
NWO-1005,DC_WEST,2025-04-07,1176,378
NWO-1005,DC_WEST,2025-04-14,920,346
NWO-1005,DC_WEST,2025-04-21,860,352
NWO-1005,DC_WEST,2025-04-28,1159,453
NWO-1005,DC_WEST,2025-05-05,1037,506
NWO-1005,DC_WEST,2025-05-12,933,355
NWO-1005,DC_WEST,2025-05-19,1076,482
NWO-1005,DC_WEST,2025-05-26,1506,571
NWO-1005,DC_WEST,2025-06-02,1202,522
NWO-1005,DC_WEST,2025-06-09,1200,537
NWO-1005,DC_WEST,2025-06-16,1337,396
NWO-1005,DC_WEST,2025-06-23,1108,415
NWO-1005,DC_WEST,2025-06-30,1252,480
NWO-1005,DC_WEST,2025-07-07,1266,591
NWO-1005,DC_WEST,2025-07-14,1505,548
NWO-1005,DC_WEST,2025-07-21,2127,456
NWO-1005,DC_WEST,2025-07-28,1556,613
NWO-1005,DC_WEST,2025-08-04,1568,467
NWO-1005,DC_WEST,2025-08-11,1147,387
NWO-1005,DC_WEST,2025-08-18,1160,446
NWO-1005,DC_WEST,2025-08-25,1448,494
NWO-1005,DC_WEST,2025-09-01,911,402
NWO-1005,DC_WEST,2025-09-08,1130,373
NWO-1005,DC_WEST,2025-09-15,846,451
NWO-1005,DC_WEST,2025-09-22,1286,501
NWO-1005,DC_WEST,2025-09-29,1254,398
NWO-1005,DC_WEST,2025-10-06,1088,433
NWO-1005,DC_WEST,2025-10-13,1210,557
NWO-1005,DC_WEST,2025-10-20,1518,405
NWO-1005,DC_WEST,2025-10-27,1027,645
NWO-1005,DC_WEST,2025-11-03,1438,692
NWO-1005,DC_WEST,2025-11-10,2293,616
NWO-1005,DC_WEST,2025-11-17,1684,599
NWO-1005,DC_WEST,2025-11-24,2029,467
NWO-1005,DC_WEST,2025-12-01,1543,533
NWO-1005,DC_WEST,2025-12-08,1201,579
NWO-1005,DC_WEST,2025-12-15,1848,495
NWO-1005,DC_WEST,2025-12-22,1365,454
NWO-1005,DC_WEST,2025-12-29,1299,211
NWO-1005,DC_WEST,2026-01-05,601,157
NWO-1005,DC_WEST,2026-01-12,588,156
NWO-1005,DC_WEST,2026-01-19,577,179
NWO-1005,DC_WEST,2026-01-26,509,146
NWO-1005,DC_WEST,2026-02-02,337,121
NWO-1005,DC_WEST,2026-02-09,345,86
NWO-1005,DC_WEST,2026-02-16,184,65
NWO-1005,DC_WEST,2026-02-23,137,59
NWO-1005,DC_WEST,2026-03-02,222,24
NWO-1005,DC_WEST,2026-03-09,80,25
NWO-1006,DC_NORTH,2023-06-05,804,280
NWO-1006,DC_NORTH,2023-06-12,647,227
NWO-1006,DC_NORTH,2023-06-19,697,205
NWO-1006,DC_NORTH,2023-06-26,560,190
NWO-1006,DC_NORTH,2023-07-03,481,282
NWO-1006,DC_NORTH,2023-07-10,665,164
NWO-1006,DC_NORTH,2023-07-17,534,221
NWO-1006,DC_NORTH,2023-07-24,508,290
NWO-1006,DC_NORTH,2023-07-31,534,225
NWO-1006,DC_NORTH,2023-08-07,722,228
NWO-1006,DC_NORTH,2023-08-14,595,272
NWO-1006,DC_NORTH,2023-08-21,730,159
NWO-1006,DC_NORTH,2023-08-28,442,194
NWO-1006,DC_NORTH,2023-09-04,609,269
NWO-1006,DC_NORTH,2023-09-11,624,247
NWO-1006,DC_NORTH,2023-09-18,659,210
NWO-1006,DC_NORTH,2023-09-25,791,207
NWO-1006,DC_NORTH,2023-10-02,599,255
NWO-1006,DC_NORTH,2023-10-09,512,188
NWO-1006,DC_NORTH,2023-10-16,473,248
NWO-1006,DC_NORTH,2023-10-23,695,190
NWO-1006,DC_NORTH,2023-10-30,701,267
NWO-1006,DC_NORTH,2023-11-06,804,363
NWO-1006,DC_NORTH,2023-11-13,821,368
NWO-1006,DC_NORTH,2023-11-20,972,269
NWO-1006,DC_NORTH,2023-11-27,679,333
NWO-1006,DC_NORTH,2023-12-04,741,348
NWO-1006,DC_NORTH,2023-12-11,967,264
NWO-1006,DC_NORTH,2023-12-18,694,283
NWO-1006,DC_NORTH,2023-12-25,668,118
NWO-1006,DC_NORTH,2024-01-01,427,149
NWO-1006,DC_NORTH,2024-01-08,416,192
NWO-1006,DC_NORTH,2024-01-15,434,195
NWO-1006,DC_NORTH,2024-01-22,413,120
NWO-1006,DC_NORTH,2024-01-29,383,172
NWO-1006,DC_NORTH,2024-02-05,347,139
NWO-1006,DC_NORTH,2024-02-12,509,142
NWO-1006,DC_NORTH,2024-02-19,408,119
NWO-1006,DC_NORTH,2024-02-26,371,183
NWO-1006,DC_NORTH,2024-03-04,491,260
NWO-1006,DC_NORTH,2024-03-11,633,187
NWO-1006,DC_NORTH,2024-03-18,396,196
NWO-1006,DC_NORTH,2024-03-25,563,226
NWO-1006,DC_NORTH,2024-04-01,679,246
NWO-1006,DC_NORTH,2024-04-08,760,215
NWO-1006,DC_NORTH,2024-04-15,625,207
NWO-1006,DC_NORTH,2024-04-22,490,250
NWO-1006,DC_NORTH,2024-04-29,685,189
NWO-1006,DC_NORTH,2024-05-06,611,272
NWO-1006,DC_NORTH,2024-05-13,694,233
NWO-1006,DC_NORTH,2024-05-20,616,241
NWO-1006,DC_NORTH,2024-05-27,550,191
NWO-1006,DC_NORTH,2024-06-03,699,197
NWO-1006,DC_NORTH,2024-06-10,402,224
NWO-1006,DC_NORTH,2024-06-17,521,147
NWO-1006,DC_NORTH,2024-06-24,410,236
NWO-1006,DC_NORTH,2024-07-01,552,245
NWO-1006,DC_NORTH,2024-07-08,544,198
NWO-1006,DC_NORTH,2024-07-15,578,209
NWO-1006,DC_NORTH,2024-07-22,645,227
NWO-1006,DC_NORTH,2024-07-29,850,301
NWO-1006,DC_NORTH,2024-08-05,725,212
NWO-1006,DC_NORTH,2024-08-12,563,212
NWO-1006,DC_NORTH,2024-08-19,525,211
NWO-1006,DC_NORTH,2024-08-26,656,207
NWO-1006,DC_NORTH,2024-09-02,493,221
NWO-1006,DC_NORTH,2024-09-09,552,214
NWO-1006,DC_NORTH,2024-09-16,475,188
NWO-1006,DC_NORTH,2024-09-23,427,208
NWO-1006,DC_NORTH,2024-09-30,631,195
NWO-1006,DC_NORTH,2024-10-07,506,190
NWO-1006,DC_NORTH,2024-10-14,639,280
NWO-1006,DC_NORTH,2024-10-21,731,155
NWO-1006,DC_NORTH,2024-10-28,549,248
NWO-1006,DC_NORTH,2024-11-04,823,415
NWO-1006,DC_NORTH,2024-11-11,844,299
NWO-1006,DC_NORTH,2024-11-18,815,429
NWO-1006,DC_NORTH,2024-11-25,1775,434
NWO-1006,DC_NORTH,2024-12-02,1033,288
NWO-1006,DC_NORTH,2024-12-09,836,330
NWO-1006,DC_NORTH,2024-12-16,730,281
NWO-1006,DC_NORTH,2024-12-23,819,307
NWO-1006,DC_NORTH,2024-12-30,1189,167
NWO-1006,DC_NORTH,2025-01-06,351,185
NWO-1006,DC_NORTH,2025-01-13,668,217
NWO-1006,DC_NORTH,2025-01-20,371,173
NWO-1006,DC_NORTH,2025-01-27,409,191
NWO-1006,DC_NORTH,2025-02-03,395,165
NWO-1006,DC_NORTH,2025-02-10,432,150
NWO-1006,DC_NORTH,2025-02-17,436,194
NWO-1006,DC_NORTH,2025-02-24,469,212
NWO-1006,DC_NORTH,2025-03-03,617,150
NWO-1006,DC_NORTH,2025-03-10,616,192
NWO-1006,DC_NORTH,2025-03-17,332,195
NWO-1006,DC_NORTH,2025-03-24,627,138
NWO-1006,DC_NORTH,2025-03-31,277,159
NWO-1006,DC_NORTH,2025-04-07,484,210
NWO-1006,DC_NORTH,2025-04-14,721,208
NWO-1006,DC_NORTH,2025-04-21,740,175
NWO-1006,DC_NORTH,2025-04-28,550,196
NWO-1006,DC_NORTH,2025-05-05,719,191
NWO-1006,DC_NORTH,2025-05-12,587,184
NWO-1006,DC_NORTH,2025-05-19,493,244
NWO-1006,DC_NORTH,2025-05-26,692,241
NWO-1006,DC_NORTH,2025-06-02,569,270
NWO-1006,DC_NORTH,2025-06-09,634,249
NWO-1006,DC_NORTH,2025-06-16,729,255
NWO-1006,DC_NORTH,2025-06-23,683,197
NWO-1006,DC_NORTH,2025-06-30,390,246
NWO-1006,DC_NORTH,2025-07-07,570,251
NWO-1006,DC_NORTH,2025-07-14,531,225
NWO-1006,DC_NORTH,2025-07-21,584,295
NWO-1006,DC_NORTH,2025-07-28,917,228
NWO-1006,DC_NORTH,2025-08-04,642,245
NWO-1006,DC_NORTH,2025-08-11,506,249
NWO-1006,DC_NORTH,2025-08-18,744,277
NWO-1006,DC_NORTH,2025-08-25,899,186
NWO-1006,DC_NORTH,2025-09-01,464,207
NWO-1006,DC_NORTH,2025-09-08,610,159
NWO-1006,DC_NORTH,2025-09-15,581,182
NWO-1006,DC_NORTH,2025-09-22,554,239
NWO-1006,DC_NORTH,2025-09-29,659,237
NWO-1006,DC_NORTH,2025-10-06,689,169
NWO-1006,DC_NORTH,2025-10-13,473,183
NWO-1006,DC_NORTH,2025-10-20,456,191
NWO-1006,DC_NORTH,2025-10-27,579,381
NWO-1006,DC_NORTH,2025-11-03,1103,237
NWO-1006,DC_NORTH,2025-11-10,565,226
NWO-1006,DC_NORTH,2025-11-17,786,314
NWO-1006,DC_NORTH,2025-11-24,1261,322
NWO-1006,DC_NORTH,2025-12-01,737,312
NWO-1006,DC_NORTH,2025-12-08,733,297
NWO-1006,DC_NORTH,2025-12-15,652,329
NWO-1006,DC_NORTH,2025-12-22,1032,263
NWO-1006,DC_NORTH,2025-12-29,670,143
NWO-1006,DC_NORTH,2026-01-05,367,222
NWO-1006,DC_NORTH,2026-01-12,577,216
NWO-1006,DC_NORTH,2026-01-19,521,176
NWO-1006,DC_NORTH,2026-01-26,336,167
NWO-1006,DC_NORTH,2026-02-02,376,130
NWO-1006,DC_NORTH,2026-02-09,338,200
NWO-1006,DC_NORTH,2026-02-16,508,106
NWO-1006,DC_NORTH,2026-02-23,346,173
NWO-1006,DC_NORTH,2026-03-02,580,219
NWO-1006,DC_NORTH,2026-03-09,488,162
NWO-1006,DC_NORTH,2026-03-16,508,285
NWO-1006,DC_NORTH,2026-03-23,776,162
NWO-1006,DC_NORTH,2026-03-30,373,195
NWO-1006,DC_NORTH,2026-04-06,561,270
NWO-1006,DC_NORTH,2026-04-13,750,186
NWO-1006,DC_NORTH,2026-04-20,575,149
NWO-1006,DC_NORTH,2026-04-27,392,256
NWO-1006,DC_NORTH,2026-05-04,657,160
NWO-1006,DC_NORTH,2026-05-11,488,170
NWO-1006,DC_NORTH,2026-05-18,616,154
NWO-1006,DC_NORTH,2026-05-25,490,182
NWO-1006,DC_NORTH,2026-06-01,581,200
NWO-1006,DC_SOUTH,2023-06-05,1800,1065
NWO-1006,DC_SOUTH,2023-06-12,3068,487
NWO-1006,DC_SOUTH,2023-06-19,1799,496
NWO-1006,DC_SOUTH,2023-06-26,1412,590
NWO-1006,DC_SOUTH,2023-07-03,1553,618
NWO-1006,DC_SOUTH,2023-07-10,1894,687
NWO-1006,DC_SOUTH,2023-07-17,1648,659
NWO-1006,DC_SOUTH,2023-07-24,2039,437
NWO-1006,DC_SOUTH,2023-07-31,1574,533
NWO-1006,DC_SOUTH,2023-08-07,1982,748
NWO-1006,DC_SOUTH,2023-08-14,2028,580
NWO-1006,DC_SOUTH,2023-08-21,1327,705
NWO-1006,DC_SOUTH,2023-08-28,1584,602
NWO-1006,DC_SOUTH,2023-09-04,1071,492
NWO-1006,DC_SOUTH,2023-09-11,1496,589
NWO-1006,DC_SOUTH,2023-09-18,1848,618
NWO-1006,DC_SOUTH,2023-09-25,1685,582
NWO-1006,DC_SOUTH,2023-10-02,1558,697
NWO-1006,DC_SOUTH,2023-10-09,1691,567
NWO-1006,DC_SOUTH,2023-10-16,1249,734
NWO-1006,DC_SOUTH,2023-10-23,1467,511
NWO-1006,DC_SOUTH,2023-10-30,1469,868
NWO-1006,DC_SOUTH,2023-11-06,2207,862
NWO-1006,DC_SOUTH,2023-11-13,2383,767
NWO-1006,DC_SOUTH,2023-11-20,1977,736
NWO-1006,DC_SOUTH,2023-11-27,2411,908
NWO-1006,DC_SOUTH,2023-12-04,2449,794
NWO-1006,DC_SOUTH,2023-12-11,2617,876
NWO-1006,DC_SOUTH,2023-12-18,1959,916
NWO-1006,DC_SOUTH,2023-12-25,2491,346
NWO-1006,DC_SOUTH,2024-01-01,1105,452
NWO-1006,DC_SOUTH,2024-01-08,1051,395
NWO-1006,DC_SOUTH,2024-01-15,1029,395
NWO-1006,DC_SOUTH,2024-01-22,1412,506
NWO-1006,DC_SOUTH,2024-01-29,1416,339
NWO-1006,DC_SOUTH,2024-02-05,1271,486
NWO-1006,DC_SOUTH,2024-02-12,1286,318
NWO-1006,DC_SOUTH,2024-02-19,920,331
NWO-1006,DC_SOUTH,2024-02-26,1265,502
NWO-1006,DC_SOUTH,2024-03-04,928,516
NWO-1006,DC_SOUTH,2024-03-11,1631,513
NWO-1006,DC_SOUTH,2024-03-18,1263,491
NWO-1006,DC_SOUTH,2024-03-25,1216,513
NWO-1006,DC_SOUTH,2024-04-01,1696,487
NWO-1006,DC_SOUTH,2024-04-08,1213,524
NWO-1006,DC_SOUTH,2024-04-15,1575,465
NWO-1006,DC_SOUTH,2024-04-22,1380,399
NWO-1006,DC_SOUTH,2024-04-29,1176,517
NWO-1006,DC_SOUTH,2024-05-06,1288,647
NWO-1006,DC_SOUTH,2024-05-13,1989,675
NWO-1006,DC_SOUTH,2024-05-20,1982,499
NWO-1006,DC_SOUTH,2024-05-27,1532,625
NWO-1006,DC_SOUTH,2024-06-03,1630,529
NWO-1006,DC_SOUTH,2024-06-10,1360,728
NWO-1006,DC_SOUTH,2024-06-17,2057,538
NWO-1006,DC_SOUTH,2024-06-24,1740,668
NWO-1006,DC_SOUTH,2024-07-01,1790,654
NWO-1006,DC_SOUTH,2024-07-08,1938,829
NWO-1006,DC_SOUTH,2024-07-15,1981,718
NWO-1006,DC_SOUTH,2024-07-22,1547,704
NWO-1006,DC_SOUTH,2024-07-29,1775,881
NWO-1006,DC_SOUTH,2024-08-05,2777,612
NWO-1006,DC_SOUTH,2024-08-12,1612,742
NWO-1006,DC_SOUTH,2024-08-19,2023,388
NWO-1006,DC_SOUTH,2024-08-26,1575,696
NWO-1006,DC_SOUTH,2024-09-02,1756,731
NWO-1006,DC_SOUTH,2024-09-09,1448,512
NWO-1006,DC_SOUTH,2024-09-16,1244,495
NWO-1006,DC_SOUTH,2024-09-23,1251,586
NWO-1006,DC_SOUTH,2024-09-30,2080,599
NWO-1006,DC_SOUTH,2024-10-07,1688,578
NWO-1006,DC_SOUTH,2024-10-14,1629,452
NWO-1006,DC_SOUTH,2024-10-21,1216,456
NWO-1006,DC_SOUTH,2024-10-28,1099,557
NWO-1006,DC_SOUTH,2024-11-04,1927,654
NWO-1006,DC_SOUTH,2024-11-11,2619,634
NWO-1006,DC_SOUTH,2024-11-18,2122,674
NWO-1006,DC_SOUTH,2024-11-25,1441,886
NWO-1006,DC_SOUTH,2024-12-02,3126,803
NWO-1006,DC_SOUTH,2024-12-09,2218,753
NWO-1006,DC_SOUTH,2024-12-16,2390,957
NWO-1006,DC_SOUTH,2024-12-23,2245,1020
NWO-1006,DC_SOUTH,2024-12-30,2240,390
NWO-1006,DC_SOUTH,2025-01-06,1115,384
NWO-1006,DC_SOUTH,2025-01-13,878,336
NWO-1006,DC_SOUTH,2025-01-20,1028,590
NWO-1006,DC_SOUTH,2025-01-27,1716,539
NWO-1006,DC_SOUTH,2025-02-03,2044,704
NWO-1006,DC_SOUTH,2025-02-10,2160,381
NWO-1006,DC_SOUTH,2025-02-17,1608,403
NWO-1006,DC_SOUTH,2025-02-24,1119,625
NWO-1006,DC_SOUTH,2025-03-03,1314,536
NWO-1006,DC_SOUTH,2025-03-10,1341,504
NWO-1006,DC_SOUTH,2025-03-17,1483,592
NWO-1006,DC_SOUTH,2025-03-24,1511,597
NWO-1006,DC_SOUTH,2025-03-31,1301,510
NWO-1006,DC_SOUTH,2025-04-07,1595,591
NWO-1006,DC_SOUTH,2025-04-14,1196,499
NWO-1006,DC_SOUTH,2025-04-21,1306,504
NWO-1006,DC_SOUTH,2025-04-28,1591,376
NWO-1006,DC_SOUTH,2025-05-05,1204,634
NWO-1006,DC_SOUTH,2025-05-12,1714,495
NWO-1006,DC_SOUTH,2025-05-19,1512,570
NWO-1006,DC_SOUTH,2025-05-26,1200,534
NWO-1006,DC_SOUTH,2025-06-02,1875,595
NWO-1006,DC_SOUTH,2025-06-09,1940,676
NWO-1006,DC_SOUTH,2025-06-16,1165,828
NWO-1006,DC_SOUTH,2025-06-23,1537,653
NWO-1006,DC_SOUTH,2025-06-30,1839,714
NWO-1006,DC_SOUTH,2025-07-07,1799,724
NWO-1006,DC_SOUTH,2025-07-14,1278,731
NWO-1006,DC_SOUTH,2025-07-21,2252,603
NWO-1006,DC_SOUTH,2025-07-28,1944,427
NWO-1006,DC_SOUTH,2025-08-04,1524,411
NWO-1006,DC_SOUTH,2025-08-11,1342,471
NWO-1006,DC_SOUTH,2025-08-18,1729,574
NWO-1006,DC_SOUTH,2025-08-25,1214,569
NWO-1006,DC_SOUTH,2025-09-01,1567,546
NWO-1006,DC_SOUTH,2025-09-08,1399,565
NWO-1006,DC_SOUTH,2025-09-15,1803,373
NWO-1006,DC_SOUTH,2025-09-22,1264,495
NWO-1006,DC_SOUTH,2025-09-29,1509,586
NWO-1006,DC_SOUTH,2025-10-06,1701,635
NWO-1006,DC_SOUTH,2025-10-13,1381,579
NWO-1006,DC_SOUTH,2025-10-20,1603,744
NWO-1006,DC_SOUTH,2025-10-27,1673,943
NWO-1006,DC_SOUTH,2025-11-03,2018,764
NWO-1006,DC_SOUTH,2025-11-10,2404,821
NWO-1006,DC_SOUTH,2025-11-17,2319,786
NWO-1006,DC_SOUTH,2025-11-24,1688,629
NWO-1006,DC_SOUTH,2025-12-01,2630,547
NWO-1006,DC_SOUTH,2025-12-08,1619,739
NWO-1006,DC_SOUTH,2025-12-15,1847,920
NWO-1006,DC_SOUTH,2025-12-22,2570,1121
NWO-1006,DC_SOUTH,2025-12-29,3239,380
NWO-1006,DC_SOUTH,2026-01-05,1064,473
NWO-1006,DC_SOUTH,2026-01-12,1490,422
NWO-1006,DC_SOUTH,2026-01-19,861,336
NWO-1006,DC_SOUTH,2026-01-26,1277,354
NWO-1006,DC_SOUTH,2026-02-02,1218,383
NWO-1006,DC_SOUTH,2026-02-09,892,504
NWO-1006,DC_SOUTH,2026-02-16,1407,447
NWO-1006,DC_SOUTH,2026-02-23,1642,662
NWO-1006,DC_SOUTH,2026-03-02,1889,475
NWO-1006,DC_SOUTH,2026-03-09,1468,599
NWO-1006,DC_SOUTH,2026-03-16,1247,508
NWO-1006,DC_SOUTH,2026-03-23,1318,447
NWO-1006,DC_SOUTH,2026-03-30,1509,483
NWO-1006,DC_SOUTH,2026-04-06,1762,519
NWO-1006,DC_SOUTH,2026-04-13,1785,517
NWO-1006,DC_SOUTH,2026-04-20,1322,542
NWO-1006,DC_SOUTH,2026-04-27,1217,598
NWO-1006,DC_SOUTH,2026-05-04,1526,626
NWO-1006,DC_SOUTH,2026-05-11,1506,633
NWO-1006,DC_SOUTH,2026-05-18,1808,656
NWO-1006,DC_SOUTH,2026-05-25,1893,604
NWO-1006,DC_SOUTH,2026-06-01,1710,601
NWO-1006,DC_WEST,2023-06-05,1065,403
NWO-1006,DC_WEST,2023-06-12,887,482
NWO-1006,DC_WEST,2023-06-19,1213,560
NWO-1006,DC_WEST,2023-06-26,1460,461
NWO-1006,DC_WEST,2023-07-03,1165,457
NWO-1006,DC_WEST,2023-07-10,1271,462
NWO-1006,DC_WEST,2023-07-17,1062,401
NWO-1006,DC_WEST,2023-07-24,1243,406
NWO-1006,DC_WEST,2023-07-31,1607,465
NWO-1006,DC_WEST,2023-08-07,1398,404
NWO-1006,DC_WEST,2023-08-14,1093,523
NWO-1006,DC_WEST,2023-08-21,1464,417
NWO-1006,DC_WEST,2023-08-28,1294,364
NWO-1006,DC_WEST,2023-09-04,984,396
NWO-1006,DC_WEST,2023-09-11,805,379
NWO-1006,DC_WEST,2023-09-18,910,344
NWO-1006,DC_WEST,2023-09-25,877,505
NWO-1006,DC_WEST,2023-10-02,1098,414
NWO-1006,DC_WEST,2023-10-09,1188,456
NWO-1006,DC_WEST,2023-10-16,1438,464
NWO-1006,DC_WEST,2023-10-23,1080,413
NWO-1006,DC_WEST,2023-10-30,1318,490
NWO-1006,DC_WEST,2023-11-06,1617,823
NWO-1006,DC_WEST,2023-11-13,2793,1004
NWO-1006,DC_WEST,2023-11-20,2538,460
NWO-1006,DC_WEST,2023-11-27,1646,729
NWO-1006,DC_WEST,2023-12-04,1948,613
NWO-1006,DC_WEST,2023-12-11,1967,501
NWO-1006,DC_WEST,2023-12-18,1670,541
NWO-1006,DC_WEST,2023-12-25,1147,262
NWO-1006,DC_WEST,2024-01-01,984,348
NWO-1006,DC_WEST,2024-01-08,807,259
NWO-1006,DC_WEST,2024-01-15,1010,330
NWO-1006,DC_WEST,2024-01-22,775,325
NWO-1006,DC_WEST,2024-01-29,669,299
NWO-1006,DC_WEST,2024-02-05,649,282
NWO-1006,DC_WEST,2024-02-12,660,400
NWO-1006,DC_WEST,2024-02-19,1106,366
NWO-1006,DC_WEST,2024-02-26,1035,291
NWO-1006,DC_WEST,2024-03-04,806,328
NWO-1006,DC_WEST,2024-03-11,1270,361
NWO-1006,DC_WEST,2024-03-18,819,374
NWO-1006,DC_WEST,2024-03-25,908,316
NWO-1006,DC_WEST,2024-04-01,1305,436
NWO-1006,DC_WEST,2024-04-08,1597,333
NWO-1006,DC_WEST,2024-04-15,1421,387
NWO-1006,DC_WEST,2024-04-22,1092,318
NWO-1006,DC_WEST,2024-04-29,1068,278
NWO-1006,DC_WEST,2024-05-06,858,456
NWO-1006,DC_WEST,2024-05-13,1154,410
NWO-1006,DC_WEST,2024-05-20,1258,399
NWO-1006,DC_WEST,2024-05-27,1401,502
NWO-1006,DC_WEST,2024-06-03,1021,372
NWO-1006,DC_WEST,2024-06-10,1120,361
NWO-1006,DC_WEST,2024-06-17,1045,319
NWO-1006,DC_WEST,2024-06-24,937,368
NWO-1006,DC_WEST,2024-07-01,1233,424
NWO-1006,DC_WEST,2024-07-08,1108,438
NWO-1006,DC_WEST,2024-07-15,1514,519
NWO-1006,DC_WEST,2024-07-22,1020,393
NWO-1006,DC_WEST,2024-07-29,1046,442
NWO-1006,DC_WEST,2024-08-05,1262,608
NWO-1006,DC_WEST,2024-08-12,1190,553
NWO-1006,DC_WEST,2024-08-19,1393,386
NWO-1006,DC_WEST,2024-08-26,862,411
NWO-1006,DC_WEST,2024-09-02,1094,281
NWO-1006,DC_WEST,2024-09-09,991,463
NWO-1006,DC_WEST,2024-09-16,1358,465
NWO-1006,DC_WEST,2024-09-23,1031,344
NWO-1006,DC_WEST,2024-09-30,1030,343
NWO-1006,DC_WEST,2024-10-07,853,484
NWO-1006,DC_WEST,2024-10-14,1203,401
NWO-1006,DC_WEST,2024-10-21,1074,396
NWO-1006,DC_WEST,2024-10-28,1207,568
NWO-1006,DC_WEST,2024-11-04,1712,660
NWO-1006,DC_WEST,2024-11-11,1617,674
NWO-1006,DC_WEST,2024-11-18,1496,602
NWO-1006,DC_WEST,2024-11-25,1393,707
NWO-1006,DC_WEST,2024-12-02,1905,605
NWO-1006,DC_WEST,2024-12-09,1442,738
NWO-1006,DC_WEST,2024-12-16,1965,656
NWO-1006,DC_WEST,2024-12-23,1460,725
NWO-1006,DC_WEST,2024-12-30,1566,427
NWO-1006,DC_WEST,2025-01-06,1264,373
NWO-1006,DC_WEST,2025-01-13,1145,402
NWO-1006,DC_WEST,2025-01-20,834,335
NWO-1006,DC_WEST,2025-01-27,841,341
NWO-1006,DC_WEST,2025-02-03,937,429
NWO-1006,DC_WEST,2025-02-10,978,361
NWO-1006,DC_WEST,2025-02-17,907,331
NWO-1006,DC_WEST,2025-02-24,1198,416
NWO-1006,DC_WEST,2025-03-03,1189,335
NWO-1006,DC_WEST,2025-03-10,1259,411
NWO-1006,DC_WEST,2025-03-17,1085,426
NWO-1006,DC_WEST,2025-03-24,1195,332
NWO-1006,DC_WEST,2025-03-31,895,356
NWO-1006,DC_WEST,2025-04-07,1421,405
NWO-1006,DC_WEST,2025-04-14,1406,421
NWO-1006,DC_WEST,2025-04-21,980,428
NWO-1006,DC_WEST,2025-04-28,772,399
NWO-1006,DC_WEST,2025-05-05,961,511
NWO-1006,DC_WEST,2025-05-12,1243,400
NWO-1006,DC_WEST,2025-05-19,831,492
NWO-1006,DC_WEST,2025-05-26,1472,553
NWO-1006,DC_WEST,2025-06-02,1467,485
NWO-1006,DC_WEST,2025-06-09,1314,505
NWO-1006,DC_WEST,2025-06-16,1392,487
NWO-1006,DC_WEST,2025-06-23,960,465
NWO-1006,DC_WEST,2025-06-30,999,521
NWO-1006,DC_WEST,2025-07-07,1473,523
NWO-1006,DC_WEST,2025-07-14,1158,550
NWO-1006,DC_WEST,2025-07-21,1085,503
NWO-1006,DC_WEST,2025-07-28,1365,588
NWO-1006,DC_WEST,2025-08-04,1362,457
NWO-1006,DC_WEST,2025-08-11,1223,484
NWO-1006,DC_WEST,2025-08-18,1309,466
NWO-1006,DC_WEST,2025-08-25,1071,340
NWO-1006,DC_WEST,2025-09-01,1154,351
NWO-1006,DC_WEST,2025-09-08,1377,351
NWO-1006,DC_WEST,2025-09-15,759,458
NWO-1006,DC_WEST,2025-09-22,978,510
NWO-1006,DC_WEST,2025-09-29,1142,535
NWO-1006,DC_WEST,2025-10-06,1030,422
NWO-1006,DC_WEST,2025-10-13,1170,437
NWO-1006,DC_WEST,2025-10-20,1333,482
NWO-1006,DC_WEST,2025-10-27,1467,440
NWO-1006,DC_WEST,2025-11-03,1231,557
NWO-1006,DC_WEST,2025-11-10,1948,412
NWO-1006,DC_WEST,2025-11-17,991,597
NWO-1006,DC_WEST,2025-11-24,1474,584
NWO-1006,DC_WEST,2025-12-01,1635,474
NWO-1006,DC_WEST,2025-12-08,1612,530
NWO-1006,DC_WEST,2025-12-15,1436,665
NWO-1006,DC_WEST,2025-12-22,1525,642
NWO-1006,DC_WEST,2025-12-29,2456,294
NWO-1006,DC_WEST,2026-01-05,924,327
NWO-1006,DC_WEST,2026-01-12,625,388
NWO-1006,DC_WEST,2026-01-19,1065,247
NWO-1006,DC_WEST,2026-01-26,783,306
NWO-1006,DC_WEST,2026-02-02,918,417
NWO-1006,DC_WEST,2026-02-09,1279,325
NWO-1006,DC_WEST,2026-02-16,734,431
NWO-1006,DC_WEST,2026-02-23,777,442
NWO-1006,DC_WEST,2026-03-02,893,314
NWO-1006,DC_WEST,2026-03-09,740,406
NWO-1006,DC_WEST,2026-03-16,897,451
NWO-1006,DC_WEST,2026-03-23,871,413
NWO-1006,DC_WEST,2026-03-30,1065,338
NWO-1006,DC_WEST,2026-04-06,1123,357
NWO-1006,DC_WEST,2026-04-13,1227,486
NWO-1006,DC_WEST,2026-04-20,1030,376
NWO-1006,DC_WEST,2026-04-27,939,339
NWO-1006,DC_WEST,2026-05-04,983,401
NWO-1006,DC_WEST,2026-05-11,865,390
NWO-1006,DC_WEST,2026-05-18,873,385
NWO-1006,DC_WEST,2026-05-25,1340,412
NWO-1006,DC_WEST,2026-06-01,1434,486
NWO-1007,DC_NORTH,2025-12-01,19,10
NWO-1007,DC_NORTH,2025-12-08,34,12
NWO-1007,DC_NORTH,2025-12-15,46,21
NWO-1007,DC_NORTH,2025-12-22,47,40
NWO-1007,DC_NORTH,2025-12-29,110,19
NWO-1007,DC_NORTH,2026-01-05,70,31
NWO-1007,DC_NORTH,2026-01-12,93,34
NWO-1007,DC_NORTH,2026-01-19,80,45
NWO-1007,DC_NORTH,2026-01-26,126,57
NWO-1007,DC_NORTH,2026-02-02,108,49
NWO-1007,DC_NORTH,2026-02-09,90,37
NWO-1007,DC_NORTH,2026-02-16,131,57
NWO-1007,DC_NORTH,2026-02-23,174,68
NWO-1007,DC_NORTH,2026-03-02,163,89
NWO-1007,DC_NORTH,2026-03-09,239,90
NWO-1007,DC_NORTH,2026-03-16,170,57
NWO-1007,DC_NORTH,2026-03-23,193,81
NWO-1007,DC_NORTH,2026-03-30,252,86
NWO-1007,DC_NORTH,2026-04-06,169,107
NWO-1007,DC_NORTH,2026-04-13,294,72
NWO-1007,DC_NORTH,2026-04-20,155,62
NWO-1007,DC_NORTH,2026-04-27,170,103
NWO-1007,DC_NORTH,2026-05-04,206,77
NWO-1007,DC_NORTH,2026-05-11,192,54
NWO-1007,DC_NORTH,2026-05-18,151,72
NWO-1007,DC_NORTH,2026-05-25,150,103
NWO-1007,DC_NORTH,2026-06-01,205,72
NWO-1007,DC_SOUTH,2025-12-01,34,18
NWO-1007,DC_SOUTH,2025-12-08,71,43
NWO-1007,DC_SOUTH,2025-12-15,143,58
NWO-1007,DC_SOUTH,2025-12-22,137,100
NWO-1007,DC_SOUTH,2025-12-29,278,75
NWO-1007,DC_SOUTH,2026-01-05,192,84
NWO-1007,DC_SOUTH,2026-01-12,230,106
NWO-1007,DC_SOUTH,2026-01-19,289,120
NWO-1007,DC_SOUTH,2026-01-26,239,109
NWO-1007,DC_SOUTH,2026-02-02,367,157
NWO-1007,DC_SOUTH,2026-02-09,366,180
NWO-1007,DC_SOUTH,2026-02-16,662,143
NWO-1007,DC_SOUTH,2026-02-23,317,184
NWO-1007,DC_SOUTH,2026-03-02,448,160
NWO-1007,DC_SOUTH,2026-03-09,299,176
NWO-1007,DC_SOUTH,2026-03-16,508,198
NWO-1007,DC_SOUTH,2026-03-23,579,222
NWO-1007,DC_SOUTH,2026-03-30,561,144
NWO-1007,DC_SOUTH,2026-04-06,448,183
NWO-1007,DC_SOUTH,2026-04-13,355,171
NWO-1007,DC_SOUTH,2026-04-20,580,247
NWO-1007,DC_SOUTH,2026-04-27,659,220
NWO-1007,DC_SOUTH,2026-05-04,459,182
NWO-1007,DC_SOUTH,2026-05-11,674,194
NWO-1007,DC_SOUTH,2026-05-18,595,172
NWO-1007,DC_SOUTH,2026-05-25,528,207
NWO-1007,DC_SOUTH,2026-06-01,441,173
NWO-1007,DC_WEST,2025-12-01,22,17
NWO-1007,DC_WEST,2025-12-08,55,36
NWO-1007,DC_WEST,2025-12-15,100,67
NWO-1007,DC_WEST,2025-12-22,140,58
NWO-1007,DC_WEST,2025-12-29,136,39
NWO-1007,DC_WEST,2026-01-05,129,77
NWO-1007,DC_WEST,2026-01-12,224,56
NWO-1007,DC_WEST,2026-01-19,244,87
NWO-1007,DC_WEST,2026-01-26,265,69
NWO-1007,DC_WEST,2026-02-02,204,126
NWO-1007,DC_WEST,2026-02-09,343,77
NWO-1007,DC_WEST,2026-02-16,231,101
NWO-1007,DC_WEST,2026-02-23,304,127
NWO-1007,DC_WEST,2026-03-02,331,164
NWO-1007,DC_WEST,2026-03-09,450,167
NWO-1007,DC_WEST,2026-03-16,345,154
NWO-1007,DC_WEST,2026-03-23,456,133
NWO-1007,DC_WEST,2026-03-30,385,145
NWO-1007,DC_WEST,2026-04-06,429,147
NWO-1007,DC_WEST,2026-04-13,444,141
NWO-1007,DC_WEST,2026-04-20,423,148
NWO-1007,DC_WEST,2026-04-27,557,136
NWO-1007,DC_WEST,2026-05-04,382,105
NWO-1007,DC_WEST,2026-05-11,358,139
NWO-1007,DC_WEST,2026-05-18,370,153
NWO-1007,DC_WEST,2026-05-25,458,137
NWO-1007,DC_WEST,2026-06-01,412,118
NWO-1008,DC_NORTH,2023-06-05,111,43
NWO-1008,DC_NORTH,2023-06-12,147,51
NWO-1008,DC_NORTH,2023-06-19,126,47
NWO-1008,DC_NORTH,2023-06-26,104,48
NWO-1008,DC_NORTH,2023-07-03,124,48
NWO-1008,DC_NORTH,2023-07-10,134,42
NWO-1008,DC_NORTH,2023-07-17,103,47
NWO-1008,DC_NORTH,2023-07-24,83,40
NWO-1008,DC_NORTH,2023-07-31,138,50
NWO-1008,DC_NORTH,2023-08-07,107,36
NWO-1008,DC_NORTH,2023-08-14,131,54
NWO-1008,DC_NORTH,2023-08-21,145,38
NWO-1008,DC_NORTH,2023-08-28,120,42
NWO-1008,DC_NORTH,2023-09-04,108,38
NWO-1008,DC_NORTH,2023-09-11,137,48
NWO-1008,DC_NORTH,2023-09-18,118,51
NWO-1008,DC_NORTH,2023-09-25,129,49
NWO-1008,DC_NORTH,2023-10-02,135,59
NWO-1008,DC_NORTH,2023-10-09,121,42
NWO-1008,DC_NORTH,2023-10-16,107,52
NWO-1008,DC_NORTH,2023-10-23,181,37
NWO-1008,DC_NORTH,2023-10-30,91,70
NWO-1008,DC_NORTH,2023-11-06,151,60
NWO-1008,DC_NORTH,2023-11-13,221,57
NWO-1008,DC_NORTH,2023-11-20,182,41
NWO-1008,DC_NORTH,2023-11-27,121,64
NWO-1008,DC_NORTH,2023-12-04,152,80
NWO-1008,DC_NORTH,2023-12-11,220,87
NWO-1008,DC_NORTH,2023-12-18,267,69
NWO-1008,DC_NORTH,2023-12-25,180,36
NWO-1008,DC_NORTH,2024-01-01,100,28
NWO-1008,DC_NORTH,2024-01-08,90,29
NWO-1008,DC_NORTH,2024-01-15,94,31
NWO-1008,DC_NORTH,2024-01-22,112,29
NWO-1008,DC_NORTH,2024-01-29,101,33
NWO-1008,DC_NORTH,2024-02-05,94,41
NWO-1008,DC_NORTH,2024-02-12,113,32
NWO-1008,DC_NORTH,2024-02-19,81,42
NWO-1008,DC_NORTH,2024-02-26,116,32
NWO-1008,DC_NORTH,2024-03-04,59,28
NWO-1008,DC_NORTH,2024-03-11,89,36
NWO-1008,DC_NORTH,2024-03-18,95,30
NWO-1008,DC_NORTH,2024-03-25,99,62
NWO-1008,DC_NORTH,2024-04-01,129,42
NWO-1008,DC_NORTH,2024-04-08,128,42
NWO-1008,DC_NORTH,2024-04-15,74,46
NWO-1008,DC_NORTH,2024-04-22,113,40
NWO-1008,DC_NORTH,2024-04-29,128,44
NWO-1008,DC_NORTH,2024-05-06,168,45
NWO-1008,DC_NORTH,2024-05-13,139,43
NWO-1008,DC_NORTH,2024-05-20,145,43
NWO-1008,DC_NORTH,2024-05-27,94,43
NWO-1008,DC_NORTH,2024-06-03,124,62
NWO-1008,DC_NORTH,2024-06-10,113,52
NWO-1008,DC_NORTH,2024-06-17,184,61
NWO-1008,DC_NORTH,2024-06-24,159,33
NWO-1008,DC_NORTH,2024-07-01,91,49
NWO-1008,DC_NORTH,2024-07-08,104,51
NWO-1008,DC_NORTH,2024-07-15,119,42
NWO-1008,DC_NORTH,2024-07-22,134,67
NWO-1008,DC_NORTH,2024-07-29,140,62
NWO-1008,DC_NORTH,2024-08-05,165,51
NWO-1008,DC_NORTH,2024-08-12,108,61
NWO-1008,DC_NORTH,2024-08-19,132,47
NWO-1008,DC_NORTH,2024-08-26,96,60
NWO-1008,DC_NORTH,2024-09-02,143,44
NWO-1008,DC_NORTH,2024-09-09,109,39
NWO-1008,DC_NORTH,2024-09-16,119,46
NWO-1008,DC_NORTH,2024-09-23,124,34
NWO-1008,DC_NORTH,2024-09-30,86,58
NWO-1008,DC_NORTH,2024-10-07,158,33
NWO-1008,DC_NORTH,2024-10-14,80,36
NWO-1008,DC_NORTH,2024-10-21,87,56
NWO-1008,DC_NORTH,2024-10-28,96,67
NWO-1008,DC_NORTH,2024-11-04,238,63
NWO-1008,DC_NORTH,2024-11-11,163,81
NWO-1008,DC_NORTH,2024-11-18,232,68
NWO-1008,DC_NORTH,2024-11-25,151,59
NWO-1008,DC_NORTH,2024-12-02,219,108
NWO-1008,DC_NORTH,2024-12-09,305,63
NWO-1008,DC_NORTH,2024-12-16,137,94
NWO-1008,DC_NORTH,2024-12-23,222,58
NWO-1008,DC_NORTH,2024-12-30,204,44
NWO-1008,DC_NORTH,2025-01-06,109,28
NWO-1008,DC_NORTH,2025-01-13,81,40
NWO-1008,DC_NORTH,2025-01-20,112,45
NWO-1008,DC_NORTH,2025-01-27,137,31
NWO-1008,DC_NORTH,2025-02-03,126,38
NWO-1008,DC_NORTH,2025-02-10,88,40
NWO-1008,DC_NORTH,2025-02-17,128,35
NWO-1008,DC_NORTH,2025-02-24,98,61
NWO-1008,DC_NORTH,2025-03-03,170,54
NWO-1008,DC_NORTH,2025-03-10,114,52
NWO-1008,DC_NORTH,2025-03-17,163,49
NWO-1008,DC_NORTH,2025-03-24,89,49
NWO-1008,DC_NORTH,2025-03-31,95,42
NWO-1008,DC_NORTH,2025-04-07,136,45
NWO-1008,DC_NORTH,2025-04-14,132,65
NWO-1008,DC_NORTH,2025-04-21,174,53
NWO-1008,DC_NORTH,2025-04-28,147,44
NWO-1008,DC_NORTH,2025-05-05,160,45
NWO-1008,DC_NORTH,2025-05-12,147,71
NWO-1008,DC_NORTH,2025-05-19,167,65
NWO-1008,DC_NORTH,2025-05-26,175,74
NWO-1008,DC_NORTH,2025-06-02,190,59
NWO-1008,DC_NORTH,2025-06-09,226,65
NWO-1008,DC_NORTH,2025-06-16,156,62
NWO-1008,DC_NORTH,2025-06-23,125,62
NWO-1008,DC_NORTH,2025-06-30,131,58
NWO-1008,DC_NORTH,2025-07-07,104,78
NWO-1008,DC_NORTH,2025-07-14,238,55
NWO-1008,DC_NORTH,2025-07-21,129,62
NWO-1008,DC_NORTH,2025-07-28,170,57
NWO-1008,DC_NORTH,2025-08-04,149,62
NWO-1008,DC_NORTH,2025-08-11,127,69
NWO-1008,DC_NORTH,2025-08-18,211,55
NWO-1008,DC_NORTH,2025-08-25,142,41
NWO-1008,DC_NORTH,2025-09-01,135,68
NWO-1008,DC_NORTH,2025-09-08,204,73
NWO-1008,DC_NORTH,2025-09-15,211,49
NWO-1008,DC_NORTH,2025-09-22,152,54
NWO-1008,DC_NORTH,2025-09-29,195,50
NWO-1008,DC_NORTH,2025-10-06,181,56
NWO-1008,DC_NORTH,2025-10-13,143,56
NWO-1008,DC_NORTH,2025-10-20,108,56
NWO-1008,DC_NORTH,2025-10-27,129,65
NWO-1008,DC_NORTH,2025-11-03,181,77
NWO-1008,DC_NORTH,2025-11-10,236,64
NWO-1008,DC_NORTH,2025-11-17,173,76
NWO-1008,DC_NORTH,2025-11-24,268,98
NWO-1008,DC_NORTH,2025-12-01,262,71
NWO-1008,DC_NORTH,2025-12-08,182,71
NWO-1008,DC_NORTH,2025-12-15,175,84
NWO-1008,DC_NORTH,2025-12-22,206,58
NWO-1008,DC_NORTH,2025-12-29,127,43
NWO-1008,DC_NORTH,2026-01-05,89,56
NWO-1008,DC_NORTH,2026-01-12,152,40
NWO-1008,DC_NORTH,2026-01-19,124,49
NWO-1008,DC_NORTH,2026-01-26,128,40
NWO-1008,DC_NORTH,2026-02-02,143,35
NWO-1008,DC_NORTH,2026-02-09,83,62
NWO-1008,DC_NORTH,2026-02-16,185,46
NWO-1008,DC_NORTH,2026-02-23,141,56
NWO-1008,DC_NORTH,2026-03-02,134,45
NWO-1008,DC_NORTH,2026-03-09,119,59
NWO-1008,DC_NORTH,2026-03-16,183,49
NWO-1008,DC_NORTH,2026-03-23,145,59
NWO-1008,DC_NORTH,2026-03-30,190,56
NWO-1008,DC_NORTH,2026-04-06,174,57
NWO-1008,DC_NORTH,2026-04-13,156,52
NWO-1008,DC_NORTH,2026-04-20,121,57
NWO-1008,DC_NORTH,2026-04-27,155,47
NWO-1008,DC_NORTH,2026-05-04,190,64
NWO-1008,DC_NORTH,2026-05-11,191,41
NWO-1008,DC_NORTH,2026-05-18,124,50
NWO-1008,DC_NORTH,2026-05-25,155,64
NWO-1008,DC_NORTH,2026-06-01,169,67
NWO-1008,DC_SOUTH,2023-06-05,349,114
NWO-1008,DC_SOUTH,2023-06-12,221,110
NWO-1008,DC_SOUTH,2023-06-19,365,112
NWO-1008,DC_SOUTH,2023-06-26,365,132
NWO-1008,DC_SOUTH,2023-07-03,333,127
NWO-1008,DC_SOUTH,2023-07-10,307,87
NWO-1008,DC_SOUTH,2023-07-17,246,106
NWO-1008,DC_SOUTH,2023-07-24,213,84
NWO-1008,DC_SOUTH,2023-07-31,235,126
NWO-1008,DC_SOUTH,2023-08-07,252,103
NWO-1008,DC_SOUTH,2023-08-14,354,125
NWO-1008,DC_SOUTH,2023-08-21,385,103
NWO-1008,DC_SOUTH,2023-08-28,312,111
NWO-1008,DC_SOUTH,2023-09-04,248,83
NWO-1008,DC_SOUTH,2023-09-11,226,123
NWO-1008,DC_SOUTH,2023-09-18,256,108
NWO-1008,DC_SOUTH,2023-09-25,302,83
NWO-1008,DC_SOUTH,2023-10-02,244,139
NWO-1008,DC_SOUTH,2023-10-09,368,107
NWO-1008,DC_SOUTH,2023-10-16,400,100
NWO-1008,DC_SOUTH,2023-10-23,395,121
NWO-1008,DC_SOUTH,2023-10-30,403,190
NWO-1008,DC_SOUTH,2023-11-06,402,173
NWO-1008,DC_SOUTH,2023-11-13,446,156
NWO-1008,DC_SOUTH,2023-11-20,513,155
NWO-1008,DC_SOUTH,2023-11-27,426,136
NWO-1008,DC_SOUTH,2023-12-04,451,172
NWO-1008,DC_SOUTH,2023-12-11,494,169
NWO-1008,DC_SOUTH,2023-12-18,356,186
NWO-1008,DC_SOUTH,2023-12-25,376,103
NWO-1008,DC_SOUTH,2024-01-01,274,90
NWO-1008,DC_SOUTH,2024-01-08,269,91
NWO-1008,DC_SOUTH,2024-01-15,268,96
NWO-1008,DC_SOUTH,2024-01-22,297,88
NWO-1008,DC_SOUTH,2024-01-29,246,78
NWO-1008,DC_SOUTH,2024-02-05,238,78
NWO-1008,DC_SOUTH,2024-02-12,199,102
NWO-1008,DC_SOUTH,2024-02-19,262,79
NWO-1008,DC_SOUTH,2024-02-26,283,134
NWO-1008,DC_SOUTH,2024-03-04,242,108
NWO-1008,DC_SOUTH,2024-03-11,353,111
NWO-1008,DC_SOUTH,2024-03-18,281,116
NWO-1008,DC_SOUTH,2024-03-25,247,112
NWO-1008,DC_SOUTH,2024-04-01,397,109
NWO-1008,DC_SOUTH,2024-04-08,280,155
NWO-1008,DC_SOUTH,2024-04-15,300,150
NWO-1008,DC_SOUTH,2024-04-22,306,109
NWO-1008,DC_SOUTH,2024-04-29,370,89
NWO-1008,DC_SOUTH,2024-05-06,339,143
NWO-1008,DC_SOUTH,2024-05-13,413,126
NWO-1008,DC_SOUTH,2024-05-20,315,129
NWO-1008,DC_SOUTH,2024-05-27,293,94
NWO-1008,DC_SOUTH,2024-06-03,303,132
NWO-1008,DC_SOUTH,2024-06-10,375,140
NWO-1008,DC_SOUTH,2024-06-17,332,128
NWO-1008,DC_SOUTH,2024-06-24,389,136
NWO-1008,DC_SOUTH,2024-07-01,338,155
NWO-1008,DC_SOUTH,2024-07-08,450,119
NWO-1008,DC_SOUTH,2024-07-15,342,124
NWO-1008,DC_SOUTH,2024-07-22,351,135
NWO-1008,DC_SOUTH,2024-07-29,335,145
NWO-1008,DC_SOUTH,2024-08-05,482,107
NWO-1008,DC_SOUTH,2024-08-12,323,149
NWO-1008,DC_SOUTH,2024-08-19,503,115
NWO-1008,DC_SOUTH,2024-08-26,471,103
NWO-1008,DC_SOUTH,2024-09-02,405,95
NWO-1008,DC_SOUTH,2024-09-09,344,125
NWO-1008,DC_SOUTH,2024-09-16,345,127
NWO-1008,DC_SOUTH,2024-09-23,365,98
NWO-1008,DC_SOUTH,2024-09-30,326,106
NWO-1008,DC_SOUTH,2024-10-07,373,120
NWO-1008,DC_SOUTH,2024-10-14,332,127
NWO-1008,DC_SOUTH,2024-10-21,427,115
NWO-1008,DC_SOUTH,2024-10-28,411,202
NWO-1008,DC_SOUTH,2024-11-04,503,191
NWO-1008,DC_SOUTH,2024-11-11,430,174
NWO-1008,DC_SOUTH,2024-11-18,654,252
NWO-1008,DC_SOUTH,2024-11-25,440,232
NWO-1008,DC_SOUTH,2024-12-02,568,214
NWO-1008,DC_SOUTH,2024-12-09,559,188
NWO-1008,DC_SOUTH,2024-12-16,366,175
NWO-1008,DC_SOUTH,2024-12-23,485,187
NWO-1008,DC_SOUTH,2024-12-30,623,79
NWO-1008,DC_SOUTH,2025-01-06,223,103
NWO-1008,DC_SOUTH,2025-01-13,320,103
NWO-1008,DC_SOUTH,2025-01-20,386,82
NWO-1008,DC_SOUTH,2025-01-27,320,107
NWO-1008,DC_SOUTH,2025-02-03,250,99
NWO-1008,DC_SOUTH,2025-02-10,332,83
NWO-1008,DC_SOUTH,2025-02-17,279,89
NWO-1008,DC_SOUTH,2025-02-24,345,84
NWO-1008,DC_SOUTH,2025-03-03,311,109
NWO-1008,DC_SOUTH,2025-03-10,378,135
NWO-1008,DC_SOUTH,2025-03-17,384,118
NWO-1008,DC_SOUTH,2025-03-24,250,126
NWO-1008,DC_SOUTH,2025-03-31,311,119
NWO-1008,DC_SOUTH,2025-04-07,300,140
NWO-1008,DC_SOUTH,2025-04-14,314,126
NWO-1008,DC_SOUTH,2025-04-21,312,142
NWO-1008,DC_SOUTH,2025-04-28,314,164
NWO-1008,DC_SOUTH,2025-05-05,319,160
NWO-1008,DC_SOUTH,2025-05-12,375,179
NWO-1008,DC_SOUTH,2025-05-19,458,114
NWO-1008,DC_SOUTH,2025-05-26,343,109
NWO-1008,DC_SOUTH,2025-06-02,274,125
NWO-1008,DC_SOUTH,2025-06-09,272,183
NWO-1008,DC_SOUTH,2025-06-16,402,185
NWO-1008,DC_SOUTH,2025-06-23,505,130
NWO-1008,DC_SOUTH,2025-06-30,423,188
NWO-1008,DC_SOUTH,2025-07-07,435,110
NWO-1008,DC_SOUTH,2025-07-14,289,177
NWO-1008,DC_SOUTH,2025-07-21,369,166
NWO-1008,DC_SOUTH,2025-07-28,431,111
NWO-1008,DC_SOUTH,2025-08-04,435,175
NWO-1008,DC_SOUTH,2025-08-11,465,137
NWO-1008,DC_SOUTH,2025-08-18,316,132
NWO-1008,DC_SOUTH,2025-08-25,363,154
NWO-1008,DC_SOUTH,2025-09-01,449,109
NWO-1008,DC_SOUTH,2025-09-08,255,132
NWO-1008,DC_SOUTH,2025-09-15,317,169
NWO-1008,DC_SOUTH,2025-09-22,387,179
NWO-1008,DC_SOUTH,2025-09-29,531,125
NWO-1008,DC_SOUTH,2025-10-06,267,96
NWO-1008,DC_SOUTH,2025-10-13,285,132
NWO-1008,DC_SOUTH,2025-10-20,436,148
NWO-1008,DC_SOUTH,2025-10-27,426,198
NWO-1008,DC_SOUTH,2025-11-03,714,212
NWO-1008,DC_SOUTH,2025-11-10,614,193
NWO-1008,DC_SOUTH,2025-11-17,635,163
NWO-1008,DC_SOUTH,2025-11-24,509,212
NWO-1008,DC_SOUTH,2025-12-01,461,226
NWO-1008,DC_SOUTH,2025-12-08,504,256
NWO-1008,DC_SOUTH,2025-12-15,659,256
NWO-1008,DC_SOUTH,2025-12-22,717,218
NWO-1008,DC_SOUTH,2025-12-29,573,131
NWO-1008,DC_SOUTH,2026-01-05,275,117
NWO-1008,DC_SOUTH,2026-01-12,227,95
NWO-1008,DC_SOUTH,2026-01-19,204,114
NWO-1008,DC_SOUTH,2026-01-26,238,138
NWO-1008,DC_SOUTH,2026-02-02,452,107
NWO-1008,DC_SOUTH,2026-02-09,286,107
NWO-1008,DC_SOUTH,2026-02-16,264,97
NWO-1008,DC_SOUTH,2026-02-23,265,123
NWO-1008,DC_SOUTH,2026-03-02,342,142
NWO-1008,DC_SOUTH,2026-03-09,354,124
NWO-1008,DC_SOUTH,2026-03-16,359,130
NWO-1008,DC_SOUTH,2026-03-23,490,126
NWO-1008,DC_SOUTH,2026-03-30,335,145
NWO-1008,DC_SOUTH,2026-04-06,272,137
NWO-1008,DC_SOUTH,2026-04-13,371,149
NWO-1008,DC_SOUTH,2026-04-20,455,151
NWO-1008,DC_SOUTH,2026-04-27,356,173
NWO-1008,DC_SOUTH,2026-05-04,402,208
NWO-1008,DC_SOUTH,2026-05-11,573,132
NWO-1008,DC_SOUTH,2026-05-18,315,153
NWO-1008,DC_SOUTH,2026-05-25,400,176
NWO-1008,DC_SOUTH,2026-06-01,504,170
NWO-1008,DC_WEST,2023-06-05,220,98
NWO-1008,DC_WEST,2023-06-12,198,96
NWO-1008,DC_WEST,2023-06-19,208,83
NWO-1008,DC_WEST,2023-06-26,273,111
NWO-1008,DC_WEST,2023-07-03,261,76
NWO-1008,DC_WEST,2023-07-10,262,105
NWO-1008,DC_WEST,2023-07-17,201,70
NWO-1008,DC_WEST,2023-07-24,187,106
NWO-1008,DC_WEST,2023-07-31,309,99
NWO-1008,DC_WEST,2023-08-07,299,88
NWO-1008,DC_WEST,2023-08-14,223,80
NWO-1008,DC_WEST,2023-08-21,225,77
NWO-1008,DC_WEST,2023-08-28,221,86
NWO-1008,DC_WEST,2023-09-04,242,101
NWO-1008,DC_WEST,2023-09-11,218,82
NWO-1008,DC_WEST,2023-09-18,303,89
NWO-1008,DC_WEST,2023-09-25,186,83
NWO-1008,DC_WEST,2023-10-02,230,64
NWO-1008,DC_WEST,2023-10-09,182,112
NWO-1008,DC_WEST,2023-10-16,315,90
NWO-1008,DC_WEST,2023-10-23,185,79
NWO-1008,DC_WEST,2023-10-30,189,122
NWO-1008,DC_WEST,2023-11-06,446,152
NWO-1008,DC_WEST,2023-11-13,336,118
NWO-1008,DC_WEST,2023-11-20,291,94
NWO-1008,DC_WEST,2023-11-27,283,142
NWO-1008,DC_WEST,2023-12-04,375,114
NWO-1008,DC_WEST,2023-12-11,406,169
NWO-1008,DC_WEST,2023-12-18,323,139
NWO-1008,DC_WEST,2023-12-25,281,66
NWO-1008,DC_WEST,2024-01-01,217,62
NWO-1008,DC_WEST,2024-01-08,208,79
NWO-1008,DC_WEST,2024-01-15,193,66
NWO-1008,DC_WEST,2024-01-22,188,79
NWO-1008,DC_WEST,2024-01-29,231,73
NWO-1008,DC_WEST,2024-02-05,187,81
NWO-1008,DC_WEST,2024-02-12,309,72
NWO-1008,DC_WEST,2024-02-19,205,64
NWO-1008,DC_WEST,2024-02-26,224,92
NWO-1008,DC_WEST,2024-03-04,210,73
NWO-1008,DC_WEST,2024-03-11,164,83
NWO-1008,DC_WEST,2024-03-18,148,90
NWO-1008,DC_WEST,2024-03-25,229,114
NWO-1008,DC_WEST,2024-04-01,257,110
NWO-1008,DC_WEST,2024-04-08,307,72
NWO-1008,DC_WEST,2024-04-15,202,88
NWO-1008,DC_WEST,2024-04-22,180,72
NWO-1008,DC_WEST,2024-04-29,279,82
NWO-1008,DC_WEST,2024-05-06,267,106
NWO-1008,DC_WEST,2024-05-13,297,78
NWO-1008,DC_WEST,2024-05-20,290,79
NWO-1008,DC_WEST,2024-05-27,156,115
NWO-1008,DC_WEST,2024-06-03,219,115
NWO-1008,DC_WEST,2024-06-10,297,106
NWO-1008,DC_WEST,2024-06-17,370,102
NWO-1008,DC_WEST,2024-06-24,370,82
NWO-1008,DC_WEST,2024-07-01,233,101
NWO-1008,DC_WEST,2024-07-08,322,108
NWO-1008,DC_WEST,2024-07-15,235,121
NWO-1008,DC_WEST,2024-07-22,310,85
NWO-1008,DC_WEST,2024-07-29,309,113
NWO-1008,DC_WEST,2024-08-05,360,78
NWO-1008,DC_WEST,2024-08-12,305,85
NWO-1008,DC_WEST,2024-08-19,224,85
NWO-1008,DC_WEST,2024-08-26,289,79
NWO-1008,DC_WEST,2024-09-02,175,73
NWO-1008,DC_WEST,2024-09-09,274,77
NWO-1008,DC_WEST,2024-09-16,201,105
NWO-1008,DC_WEST,2024-09-23,235,101
NWO-1008,DC_WEST,2024-09-30,325,113
NWO-1008,DC_WEST,2024-10-07,297,111
NWO-1008,DC_WEST,2024-10-14,310,110
NWO-1008,DC_WEST,2024-10-21,210,98
NWO-1008,DC_WEST,2024-10-28,325,151
NWO-1008,DC_WEST,2024-11-04,421,149
NWO-1008,DC_WEST,2024-11-11,392,143
NWO-1008,DC_WEST,2024-11-18,487,135
NWO-1008,DC_WEST,2024-11-25,296,128
NWO-1008,DC_WEST,2024-12-02,296,127
NWO-1008,DC_WEST,2024-12-09,373,162
NWO-1008,DC_WEST,2024-12-16,304,157
NWO-1008,DC_WEST,2024-12-23,284,171
NWO-1008,DC_WEST,2024-12-30,355,88
NWO-1008,DC_WEST,2025-01-06,253,68
NWO-1008,DC_WEST,2025-01-13,145,61
NWO-1008,DC_WEST,2025-01-20,184,82
NWO-1008,DC_WEST,2025-01-27,263,78
NWO-1008,DC_WEST,2025-02-03,265,77
NWO-1008,DC_WEST,2025-02-10,229,57
NWO-1008,DC_WEST,2025-02-17,174,105
NWO-1008,DC_WEST,2025-02-24,248,95
NWO-1008,DC_WEST,2025-03-03,315,129
NWO-1008,DC_WEST,2025-03-10,311,93
NWO-1008,DC_WEST,2025-03-17,214,86
NWO-1008,DC_WEST,2025-03-24,213,68
NWO-1008,DC_WEST,2025-03-31,208,101
NWO-1008,DC_WEST,2025-04-07,285,75
NWO-1008,DC_WEST,2025-04-14,215,85
NWO-1008,DC_WEST,2025-04-21,246,120
NWO-1008,DC_WEST,2025-04-28,310,130
NWO-1008,DC_WEST,2025-05-05,279,95
NWO-1008,DC_WEST,2025-05-12,373,113
NWO-1008,DC_WEST,2025-05-19,295,99
NWO-1008,DC_WEST,2025-05-26,279,138
NWO-1008,DC_WEST,2025-06-02,281,125
NWO-1008,DC_WEST,2025-06-09,294,124
NWO-1008,DC_WEST,2025-06-16,362,110
NWO-1008,DC_WEST,2025-06-23,308,121
NWO-1008,DC_WEST,2025-06-30,362,122
NWO-1008,DC_WEST,2025-07-07,313,126
NWO-1008,DC_WEST,2025-07-14,324,96
NWO-1008,DC_WEST,2025-07-21,250,95
NWO-1008,DC_WEST,2025-07-28,272,111
NWO-1008,DC_WEST,2025-08-04,276,116
NWO-1008,DC_WEST,2025-08-11,400,108
NWO-1008,DC_WEST,2025-08-18,314,125
NWO-1008,DC_WEST,2025-08-25,354,81
NWO-1008,DC_WEST,2025-09-01,216,75
NWO-1008,DC_WEST,2025-09-08,192,113
NWO-1008,DC_WEST,2025-09-15,274,113
NWO-1008,DC_WEST,2025-09-22,393,117
NWO-1008,DC_WEST,2025-09-29,327,135
NWO-1008,DC_WEST,2025-10-06,518,106
NWO-1008,DC_WEST,2025-10-13,412,103
NWO-1008,DC_WEST,2025-10-20,304,82
NWO-1008,DC_WEST,2025-10-27,296,167
NWO-1008,DC_WEST,2025-11-03,519,118
NWO-1008,DC_WEST,2025-11-10,409,136
NWO-1008,DC_WEST,2025-11-17,443,176
NWO-1008,DC_WEST,2025-11-24,399,174
NWO-1008,DC_WEST,2025-12-01,471,169
NWO-1008,DC_WEST,2025-12-08,403,177
NWO-1008,DC_WEST,2025-12-15,405,228
NWO-1008,DC_WEST,2025-12-22,527,121
NWO-1008,DC_WEST,2025-12-29,443,85
NWO-1008,DC_WEST,2026-01-05,211,103
NWO-1008,DC_WEST,2026-01-12,276,99
NWO-1008,DC_WEST,2026-01-19,220,81
NWO-1008,DC_WEST,2026-01-26,199,80
NWO-1008,DC_WEST,2026-02-02,160,72
NWO-1008,DC_WEST,2026-02-09,299,94
NWO-1008,DC_WEST,2026-02-16,273,110
NWO-1008,DC_WEST,2026-02-23,198,138
NWO-1008,DC_WEST,2026-03-02,267,108
NWO-1008,DC_WEST,2026-03-09,302,96
NWO-1008,DC_WEST,2026-03-16,345,84
NWO-1008,DC_WEST,2026-03-23,304,113
NWO-1008,DC_WEST,2026-03-30,337,124
NWO-1008,DC_WEST,2026-04-06,372,123
NWO-1008,DC_WEST,2026-04-13,345,143
NWO-1008,DC_WEST,2026-04-20,352,233
NWO-1008,DC_WEST,2026-04-27,460,229
NWO-1008,DC_WEST,2026-05-04,714,181
NWO-1008,DC_WEST,2026-05-11,457,119
NWO-1008,DC_WEST,2026-05-18,307,124
NWO-1008,DC_WEST,2026-05-25,371,140
NWO-1008,DC_WEST,2026-06-01,384,133
NWO-1009,DC_NORTH,2023-06-05,143,43
NWO-1009,DC_NORTH,2023-06-12,144,41
NWO-1009,DC_NORTH,2023-06-19,79,57
NWO-1009,DC_NORTH,2023-06-26,132,58
NWO-1009,DC_NORTH,2023-07-03,173,54
NWO-1009,DC_NORTH,2023-07-10,160,76
NWO-1009,DC_NORTH,2023-07-17,166,73
NWO-1009,DC_NORTH,2023-07-24,135,59
NWO-1009,DC_NORTH,2023-07-31,148,51
NWO-1009,DC_NORTH,2023-08-07,117,88
NWO-1009,DC_NORTH,2023-08-14,223,58
NWO-1009,DC_NORTH,2023-08-21,238,56
NWO-1009,DC_NORTH,2023-08-28,152,50
NWO-1009,DC_NORTH,2023-09-04,177,64
NWO-1009,DC_NORTH,2023-09-11,224,63
NWO-1009,DC_NORTH,2023-09-18,164,36
NWO-1009,DC_NORTH,2023-09-25,134,58
NWO-1009,DC_NORTH,2023-10-02,154,65
NWO-1009,DC_NORTH,2023-10-09,195,54
NWO-1009,DC_NORTH,2023-10-16,155,50
NWO-1009,DC_NORTH,2023-10-23,122,70
NWO-1009,DC_NORTH,2023-10-30,212,79
NWO-1009,DC_NORTH,2023-11-06,137,89
NWO-1009,DC_NORTH,2023-11-13,166,85
NWO-1009,DC_NORTH,2023-11-20,215,87
NWO-1009,DC_NORTH,2023-11-27,163,78
NWO-1009,DC_NORTH,2023-12-04,286,89
NWO-1009,DC_NORTH,2023-12-11,286,85
NWO-1009,DC_NORTH,2023-12-18,271,69
NWO-1009,DC_NORTH,2023-12-25,243,38
NWO-1009,DC_NORTH,2024-01-01,74,48
NWO-1009,DC_NORTH,2024-01-08,126,49
NWO-1009,DC_NORTH,2024-01-15,111,52
NWO-1009,DC_NORTH,2024-01-22,122,41
NWO-1009,DC_NORTH,2024-01-29,113,51
NWO-1009,DC_NORTH,2024-02-05,167,50
NWO-1009,DC_NORTH,2024-02-12,94,42
NWO-1009,DC_NORTH,2024-02-19,147,48
NWO-1009,DC_NORTH,2024-02-26,100,79
NWO-1009,DC_NORTH,2024-03-04,217,55
NWO-1009,DC_NORTH,2024-03-11,152,44
NWO-1009,DC_NORTH,2024-03-18,122,71
NWO-1009,DC_NORTH,2024-03-25,212,41
NWO-1009,DC_NORTH,2024-04-01,161,59
NWO-1009,DC_NORTH,2024-04-08,112,57
NWO-1009,DC_NORTH,2024-04-15,178,52
NWO-1009,DC_NORTH,2024-04-22,217,60
NWO-1009,DC_NORTH,2024-04-29,173,40
NWO-1009,DC_NORTH,2024-05-06,88,71
NWO-1009,DC_NORTH,2024-05-13,212,41
NWO-1009,DC_NORTH,2024-05-20,111,51
NWO-1009,DC_NORTH,2024-05-27,134,67
NWO-1009,DC_NORTH,2024-06-03,155,82
NWO-1009,DC_NORTH,2024-06-10,211,64
NWO-1009,DC_NORTH,2024-06-17,147,85
NWO-1009,DC_NORTH,2024-06-24,204,60
NWO-1009,DC_NORTH,2024-07-01,194,83
NWO-1009,DC_NORTH,2024-07-08,230,84
NWO-1009,DC_NORTH,2024-07-15,142,77
NWO-1009,DC_NORTH,2024-07-22,199,73
NWO-1009,DC_NORTH,2024-07-29,205,84
NWO-1009,DC_NORTH,2024-08-05,251,63
NWO-1009,DC_NORTH,2024-08-12,199,73
NWO-1009,DC_NORTH,2024-08-19,191,44
NWO-1009,DC_NORTH,2024-08-26,109,68
NWO-1009,DC_NORTH,2024-09-02,132,64
NWO-1009,DC_NORTH,2024-09-09,154,62
NWO-1009,DC_NORTH,2024-09-16,205,80
NWO-1009,DC_NORTH,2024-09-23,230,48
NWO-1009,DC_NORTH,2024-09-30,132,61
NWO-1009,DC_NORTH,2024-10-07,131,62
NWO-1009,DC_NORTH,2024-10-14,157,56
NWO-1009,DC_NORTH,2024-10-21,185,59
NWO-1009,DC_NORTH,2024-10-28,146,79
NWO-1009,DC_NORTH,2024-11-04,210,101
NWO-1009,DC_NORTH,2024-11-11,288,96
NWO-1009,DC_NORTH,2024-11-18,223,87
NWO-1009,DC_NORTH,2024-11-25,270,103
NWO-1009,DC_NORTH,2024-12-02,268,123
NWO-1009,DC_NORTH,2024-12-09,370,115
NWO-1009,DC_NORTH,2024-12-16,360,82
NWO-1009,DC_NORTH,2024-12-23,247,116
NWO-1009,DC_NORTH,2024-12-30,262,40
NWO-1009,DC_NORTH,2025-01-06,156,44
NWO-1009,DC_NORTH,2025-01-13,163,48
NWO-1009,DC_NORTH,2025-01-20,151,60
NWO-1009,DC_NORTH,2025-01-27,158,57
NWO-1009,DC_NORTH,2025-02-03,155,60
NWO-1009,DC_NORTH,2025-02-10,142,42
NWO-1009,DC_NORTH,2025-02-17,138,79
NWO-1009,DC_NORTH,2025-02-24,166,55
NWO-1009,DC_NORTH,2025-03-03,145,56
NWO-1009,DC_NORTH,2025-03-10,149,62
NWO-1009,DC_NORTH,2025-03-17,175,78
NWO-1009,DC_NORTH,2025-03-24,231,53
NWO-1009,DC_NORTH,2025-03-31,138,51
NWO-1009,DC_NORTH,2025-04-07,189,68
NWO-1009,DC_NORTH,2025-04-14,148,72
NWO-1009,DC_NORTH,2025-04-21,161,59
NWO-1009,DC_NORTH,2025-04-28,135,45
NWO-1009,DC_NORTH,2025-05-05,140,73
NWO-1009,DC_NORTH,2025-05-12,188,52
NWO-1009,DC_NORTH,2025-05-19,163,81
NWO-1009,DC_NORTH,2025-05-26,146,82
NWO-1009,DC_NORTH,2025-06-02,247,89
NWO-1009,DC_NORTH,2025-06-09,157,75
NWO-1009,DC_NORTH,2025-06-16,244,74
NWO-1009,DC_NORTH,2025-06-23,184,71
NWO-1009,DC_NORTH,2025-06-30,244,101
NWO-1009,DC_NORTH,2025-07-07,276,80
NWO-1009,DC_NORTH,2025-07-14,201,78
NWO-1009,DC_NORTH,2025-07-21,204,97
NWO-1009,DC_NORTH,2025-07-28,302,71
NWO-1009,DC_NORTH,2025-08-04,188,88
NWO-1009,DC_NORTH,2025-08-11,269,64
NWO-1009,DC_NORTH,2025-08-18,158,71
NWO-1009,DC_NORTH,2025-08-25,150,61
NWO-1009,DC_NORTH,2025-09-01,158,79
NWO-1009,DC_NORTH,2025-09-08,271,62
NWO-1009,DC_NORTH,2025-09-15,155,87
NWO-1009,DC_NORTH,2025-09-22,177,110
NWO-1009,DC_NORTH,2025-09-29,270,55
NWO-1009,DC_NORTH,2025-10-06,147,62
NWO-1009,DC_NORTH,2025-10-13,197,64
NWO-1009,DC_NORTH,2025-10-20,244,66
NWO-1009,DC_NORTH,2025-10-27,211,127
NWO-1009,DC_NORTH,2025-11-03,355,90
NWO-1009,DC_NORTH,2025-11-10,318,133
NWO-1009,DC_NORTH,2025-11-17,328,91
NWO-1009,DC_NORTH,2025-11-24,223,110
NWO-1009,DC_NORTH,2025-12-01,336,110
NWO-1009,DC_NORTH,2025-12-08,335,128
NWO-1009,DC_NORTH,2025-12-15,390,103
NWO-1009,DC_NORTH,2025-12-22,253,91
NWO-1009,DC_NORTH,2025-12-29,257,65
NWO-1009,DC_NORTH,2026-01-05,172,57
NWO-1009,DC_NORTH,2026-01-12,164,65
NWO-1009,DC_NORTH,2026-01-19,185,59
NWO-1009,DC_NORTH,2026-01-26,143,70
NWO-1009,DC_NORTH,2026-02-02,133,55
NWO-1009,DC_NORTH,2026-02-09,142,57
NWO-1009,DC_NORTH,2026-02-16,138,60
NWO-1009,DC_NORTH,2026-02-23,249,100
NWO-1009,DC_NORTH,2026-03-02,240,78
NWO-1009,DC_NORTH,2026-03-09,158,85
NWO-1009,DC_NORTH,2026-03-16,231,41
NWO-1009,DC_NORTH,2026-03-23,118,70
NWO-1009,DC_NORTH,2026-03-30,147,60
NWO-1009,DC_NORTH,2026-04-06,241,45
NWO-1009,DC_NORTH,2026-04-13,133,92
NWO-1009,DC_NORTH,2026-04-20,257,65
NWO-1009,DC_NORTH,2026-04-27,201,107
NWO-1009,DC_NORTH,2026-05-04,242,93
NWO-1009,DC_NORTH,2026-05-11,285,67
NWO-1009,DC_NORTH,2026-05-18,147,53
NWO-1009,DC_NORTH,2026-05-25,122,95
NWO-1009,DC_NORTH,2026-06-01,195,87
NWO-1009,DC_SOUTH,2023-06-05,492,174
NWO-1009,DC_SOUTH,2023-06-12,481,169
NWO-1009,DC_SOUTH,2023-06-19,506,161
NWO-1009,DC_SOUTH,2023-06-26,552,134
NWO-1009,DC_SOUTH,2023-07-03,316,162
NWO-1009,DC_SOUTH,2023-07-10,517,133
NWO-1009,DC_SOUTH,2023-07-17,325,152
NWO-1009,DC_SOUTH,2023-07-24,405,218
NWO-1009,DC_SOUTH,2023-07-31,632,175
NWO-1009,DC_SOUTH,2023-08-07,339,173
NWO-1009,DC_SOUTH,2023-08-14,450,123
NWO-1009,DC_SOUTH,2023-08-21,310,171
NWO-1009,DC_SOUTH,2023-08-28,308,175
NWO-1009,DC_SOUTH,2023-09-04,414,139
NWO-1009,DC_SOUTH,2023-09-11,402,188
NWO-1009,DC_SOUTH,2023-09-18,466,165
NWO-1009,DC_SOUTH,2023-09-25,394,168
NWO-1009,DC_SOUTH,2023-10-02,324,97
NWO-1009,DC_SOUTH,2023-10-09,254,193
NWO-1009,DC_SOUTH,2023-10-16,509,170
NWO-1009,DC_SOUTH,2023-10-23,545,140
NWO-1009,DC_SOUTH,2023-10-30,553,160
NWO-1009,DC_SOUTH,2023-11-06,509,163
NWO-1009,DC_SOUTH,2023-11-13,503,265
NWO-1009,DC_SOUTH,2023-11-20,694,275
NWO-1009,DC_SOUTH,2023-11-27,805,220
NWO-1009,DC_SOUTH,2023-12-04,660,204
NWO-1009,DC_SOUTH,2023-12-11,515,320
NWO-1009,DC_SOUTH,2023-12-18,650,185
NWO-1009,DC_SOUTH,2023-12-25,612,152
NWO-1009,DC_SOUTH,2024-01-01,343,123
NWO-1009,DC_SOUTH,2024-01-08,249,144
NWO-1009,DC_SOUTH,2024-01-15,329,141
NWO-1009,DC_SOUTH,2024-01-22,417,96
NWO-1009,DC_SOUTH,2024-01-29,327,141
NWO-1009,DC_SOUTH,2024-02-05,334,107
NWO-1009,DC_SOUTH,2024-02-12,353,111
NWO-1009,DC_SOUTH,2024-02-19,337,91
NWO-1009,DC_SOUTH,2024-02-26,320,124
NWO-1009,DC_SOUTH,2024-03-04,305,175
NWO-1009,DC_SOUTH,2024-03-11,510,163
NWO-1009,DC_SOUTH,2024-03-18,445,124
NWO-1009,DC_SOUTH,2024-03-25,391,161
NWO-1009,DC_SOUTH,2024-04-01,406,149
NWO-1009,DC_SOUTH,2024-04-08,388,152
NWO-1009,DC_SOUTH,2024-04-15,305,167
NWO-1009,DC_SOUTH,2024-04-22,532,174
NWO-1009,DC_SOUTH,2024-04-29,452,155
NWO-1009,DC_SOUTH,2024-05-06,322,193
NWO-1009,DC_SOUTH,2024-05-13,614,147
NWO-1009,DC_SOUTH,2024-05-20,450,181
NWO-1009,DC_SOUTH,2024-05-27,481,146
NWO-1009,DC_SOUTH,2024-06-03,399,156
NWO-1009,DC_SOUTH,2024-06-10,565,225
NWO-1009,DC_SOUTH,2024-06-17,488,177
NWO-1009,DC_SOUTH,2024-06-24,512,164
NWO-1009,DC_SOUTH,2024-07-01,402,176
NWO-1009,DC_SOUTH,2024-07-08,463,181
NWO-1009,DC_SOUTH,2024-07-15,463,178
NWO-1009,DC_SOUTH,2024-07-22,436,216
NWO-1009,DC_SOUTH,2024-07-29,652,198
NWO-1009,DC_SOUTH,2024-08-05,410,220
NWO-1009,DC_SOUTH,2024-08-12,494,220
NWO-1009,DC_SOUTH,2024-08-19,409,202
NWO-1009,DC_SOUTH,2024-08-26,568,187
NWO-1009,DC_SOUTH,2024-09-02,498,125
NWO-1009,DC_SOUTH,2024-09-09,420,131
NWO-1009,DC_SOUTH,2024-09-16,450,152
NWO-1009,DC_SOUTH,2024-09-23,391,150
NWO-1009,DC_SOUTH,2024-09-30,379,156
NWO-1009,DC_SOUTH,2024-10-07,424,211
NWO-1009,DC_SOUTH,2024-10-14,714,201
NWO-1009,DC_SOUTH,2024-10-21,442,126
NWO-1009,DC_SOUTH,2024-10-28,397,227
NWO-1009,DC_SOUTH,2024-11-04,842,250
NWO-1009,DC_SOUTH,2024-11-11,724,201
NWO-1009,DC_SOUTH,2024-11-18,809,224
NWO-1009,DC_SOUTH,2024-11-25,767,200
NWO-1009,DC_SOUTH,2024-12-02,614,289
NWO-1009,DC_SOUTH,2024-12-09,829,271
NWO-1009,DC_SOUTH,2024-12-16,917,223
NWO-1009,DC_SOUTH,2024-12-23,613,179
NWO-1009,DC_SOUTH,2024-12-30,692,157
NWO-1009,DC_SOUTH,2025-01-06,420,170
NWO-1009,DC_SOUTH,2025-01-13,518,166
NWO-1009,DC_SOUTH,2025-01-20,486,133
NWO-1009,DC_SOUTH,2025-01-27,356,113
NWO-1009,DC_SOUTH,2025-02-03,268,117
NWO-1009,DC_SOUTH,2025-02-10,432,185
NWO-1009,DC_SOUTH,2025-02-17,420,166
NWO-1009,DC_SOUTH,2025-02-24,373,199
NWO-1009,DC_SOUTH,2025-03-03,588,165
NWO-1009,DC_SOUTH,2025-03-10,464,146
NWO-1009,DC_SOUTH,2025-03-17,610,128
NWO-1009,DC_SOUTH,2025-03-24,363,159
NWO-1009,DC_SOUTH,2025-03-31,386,149
NWO-1009,DC_SOUTH,2025-04-07,562,169
NWO-1009,DC_SOUTH,2025-04-14,590,214
NWO-1009,DC_SOUTH,2025-04-21,399,191
NWO-1009,DC_SOUTH,2025-04-28,489,188
NWO-1009,DC_SOUTH,2025-05-05,432,176
NWO-1009,DC_SOUTH,2025-05-12,650,174
NWO-1009,DC_SOUTH,2025-05-19,647,177
NWO-1009,DC_SOUTH,2025-05-26,499,242
NWO-1009,DC_SOUTH,2025-06-02,700,181
NWO-1009,DC_SOUTH,2025-06-09,582,217
NWO-1009,DC_SOUTH,2025-06-16,663,168
NWO-1009,DC_SOUTH,2025-06-23,422,222
NWO-1009,DC_SOUTH,2025-06-30,480,205
NWO-1009,DC_SOUTH,2025-07-07,515,208
NWO-1009,DC_SOUTH,2025-07-14,754,144
NWO-1009,DC_SOUTH,2025-07-21,472,129
NWO-1009,DC_SOUTH,2025-07-28,358,194
NWO-1009,DC_SOUTH,2025-08-04,528,215
NWO-1009,DC_SOUTH,2025-08-11,550,214
NWO-1009,DC_SOUTH,2025-08-18,611,175
NWO-1009,DC_SOUTH,2025-08-25,520,232
NWO-1009,DC_SOUTH,2025-09-01,710,153
NWO-1009,DC_SOUTH,2025-09-08,415,193
NWO-1009,DC_SOUTH,2025-09-15,420,183
NWO-1009,DC_SOUTH,2025-09-22,380,159
NWO-1009,DC_SOUTH,2025-09-29,398,209
NWO-1009,DC_SOUTH,2025-10-06,562,167
NWO-1009,DC_SOUTH,2025-10-13,572,233
NWO-1009,DC_SOUTH,2025-10-20,487,219
NWO-1009,DC_SOUTH,2025-10-27,439,247
NWO-1009,DC_SOUTH,2025-11-03,639,228
NWO-1009,DC_SOUTH,2025-11-10,830,264
NWO-1009,DC_SOUTH,2025-11-17,732,275
NWO-1009,DC_SOUTH,2025-11-24,867,304
NWO-1009,DC_SOUTH,2025-12-01,581,333
NWO-1009,DC_SOUTH,2025-12-08,820,368
NWO-1009,DC_SOUTH,2025-12-15,1114,271
NWO-1009,DC_SOUTH,2025-12-22,770,269
NWO-1009,DC_SOUTH,2025-12-29,770,112
NWO-1009,DC_SOUTH,2026-01-05,351,189
NWO-1009,DC_SOUTH,2026-01-12,528,143
NWO-1009,DC_SOUTH,2026-01-19,480,185
NWO-1009,DC_SOUTH,2026-01-26,334,171
NWO-1009,DC_SOUTH,2026-02-02,359,145
NWO-1009,DC_SOUTH,2026-02-09,478,177
NWO-1009,DC_SOUTH,2026-02-16,501,163
NWO-1009,DC_SOUTH,2026-02-23,379,224
NWO-1009,DC_SOUTH,2026-03-02,693,125
NWO-1009,DC_SOUTH,2026-03-09,297,227
NWO-1009,DC_SOUTH,2026-03-16,510,188
NWO-1009,DC_SOUTH,2026-03-23,630,236
NWO-1009,DC_SOUTH,2026-03-30,682,210
NWO-1009,DC_SOUTH,2026-04-06,443,156
NWO-1009,DC_SOUTH,2026-04-13,436,188
NWO-1009,DC_SOUTH,2026-04-20,405,225
NWO-1009,DC_SOUTH,2026-04-27,505,315
NWO-1009,DC_SOUTH,2026-05-04,739,196
NWO-1009,DC_SOUTH,2026-05-11,682,189
NWO-1009,DC_SOUTH,2026-05-18,572,267
NWO-1009,DC_SOUTH,2026-05-25,621,204
NWO-1009,DC_SOUTH,2026-06-01,527,237
NWO-1009,DC_WEST,2023-06-05,349,115
NWO-1009,DC_WEST,2023-06-12,290,153
NWO-1009,DC_WEST,2023-06-19,387,118
NWO-1009,DC_WEST,2023-06-26,359,104
NWO-1009,DC_WEST,2023-07-03,386,148
NWO-1009,DC_WEST,2023-07-10,413,114
NWO-1009,DC_WEST,2023-07-17,413,101
NWO-1009,DC_WEST,2023-07-24,325,126
NWO-1009,DC_WEST,2023-07-31,331,120
NWO-1009,DC_WEST,2023-08-07,289,110
NWO-1009,DC_WEST,2023-08-14,333,139
NWO-1009,DC_WEST,2023-08-21,325,134
NWO-1009,DC_WEST,2023-08-28,262,123
NWO-1009,DC_WEST,2023-09-04,411,99
NWO-1009,DC_WEST,2023-09-11,366,116
NWO-1009,DC_WEST,2023-09-18,336,111
NWO-1009,DC_WEST,2023-09-25,323,111
NWO-1009,DC_WEST,2023-10-02,386,115
NWO-1009,DC_WEST,2023-10-09,266,111
NWO-1009,DC_WEST,2023-10-16,248,101
NWO-1009,DC_WEST,2023-10-23,229,98
NWO-1009,DC_WEST,2023-10-30,238,177
NWO-1009,DC_WEST,2023-11-06,469,193
NWO-1009,DC_WEST,2023-11-13,578,198
NWO-1009,DC_WEST,2023-11-20,638,187
NWO-1009,DC_WEST,2023-11-27,580,147
NWO-1009,DC_WEST,2023-12-04,441,213
NWO-1009,DC_WEST,2023-12-11,485,164
NWO-1009,DC_WEST,2023-12-18,363,184
NWO-1009,DC_WEST,2023-12-25,522,76
NWO-1009,DC_WEST,2024-01-01,239,109
NWO-1009,DC_WEST,2024-01-08,199,77
NWO-1009,DC_WEST,2024-01-15,213,83
NWO-1009,DC_WEST,2024-01-22,255,95
NWO-1009,DC_WEST,2024-01-29,344,83
NWO-1009,DC_WEST,2024-02-05,264,68
NWO-1009,DC_WEST,2024-02-12,199,104
NWO-1009,DC_WEST,2024-02-19,293,104
NWO-1009,DC_WEST,2024-02-26,309,98
NWO-1009,DC_WEST,2024-03-04,346,144
NWO-1009,DC_WEST,2024-03-11,302,131
NWO-1009,DC_WEST,2024-03-18,245,141
NWO-1009,DC_WEST,2024-03-25,406,126
NWO-1009,DC_WEST,2024-04-01,388,137
NWO-1009,DC_WEST,2024-04-08,346,104
NWO-1009,DC_WEST,2024-04-15,355,110
NWO-1009,DC_WEST,2024-04-22,325,126
NWO-1009,DC_WEST,2024-04-29,310,102
NWO-1009,DC_WEST,2024-05-06,394,131
NWO-1009,DC_WEST,2024-05-13,301,101
NWO-1009,DC_WEST,2024-05-20,348,114
NWO-1009,DC_WEST,2024-05-27,305,100
NWO-1009,DC_WEST,2024-06-03,265,116
NWO-1009,DC_WEST,2024-06-10,343,154
NWO-1009,DC_WEST,2024-06-17,326,122
NWO-1009,DC_WEST,2024-06-24,217,162
NWO-1009,DC_WEST,2024-07-01,379,144
NWO-1009,DC_WEST,2024-07-08,306,160
NWO-1009,DC_WEST,2024-07-15,314,139
NWO-1009,DC_WEST,2024-07-22,394,144
NWO-1009,DC_WEST,2024-07-29,459,116
NWO-1009,DC_WEST,2024-08-05,364,128
NWO-1009,DC_WEST,2024-08-12,457,158
NWO-1009,DC_WEST,2024-08-19,448,130
NWO-1009,DC_WEST,2024-08-26,267,117
NWO-1009,DC_WEST,2024-09-02,281,105
NWO-1009,DC_WEST,2024-09-09,357,141
NWO-1009,DC_WEST,2024-09-16,406,103
NWO-1009,DC_WEST,2024-09-23,383,143
NWO-1009,DC_WEST,2024-09-30,282,133
NWO-1009,DC_WEST,2024-10-07,417,119
NWO-1009,DC_WEST,2024-10-14,357,127
NWO-1009,DC_WEST,2024-10-21,339,126
NWO-1009,DC_WEST,2024-10-28,306,198
NWO-1009,DC_WEST,2024-11-04,556,244
NWO-1009,DC_WEST,2024-11-11,672,235
NWO-1009,DC_WEST,2024-11-18,670,303
NWO-1009,DC_WEST,2024-11-25,793,177
NWO-1009,DC_WEST,2024-12-02,592,219
NWO-1009,DC_WEST,2024-12-09,604,205
NWO-1009,DC_WEST,2024-12-16,429,164
NWO-1009,DC_WEST,2024-12-23,446,163
NWO-1009,DC_WEST,2024-12-30,607,117
NWO-1009,DC_WEST,2025-01-06,335,107
NWO-1009,DC_WEST,2025-01-13,308,108
NWO-1009,DC_WEST,2025-01-20,254,122
NWO-1009,DC_WEST,2025-01-27,374,74
NWO-1009,DC_WEST,2025-02-03,236,118
NWO-1009,DC_WEST,2025-02-10,332,78
NWO-1009,DC_WEST,2025-02-17,235,115
NWO-1009,DC_WEST,2025-02-24,334,103
NWO-1009,DC_WEST,2025-03-03,251,123
NWO-1009,DC_WEST,2025-03-10,381,140
NWO-1009,DC_WEST,2025-03-17,389,134
NWO-1009,DC_WEST,2025-03-24,404,101
NWO-1009,DC_WEST,2025-03-31,339,111
NWO-1009,DC_WEST,2025-04-07,422,134
NWO-1009,DC_WEST,2025-04-14,315,107
NWO-1009,DC_WEST,2025-04-21,347,116
NWO-1009,DC_WEST,2025-04-28,358,133
NWO-1009,DC_WEST,2025-05-05,285,115
NWO-1009,DC_WEST,2025-05-12,258,169
NWO-1009,DC_WEST,2025-05-19,363,134
NWO-1009,DC_WEST,2025-05-26,267,142
NWO-1009,DC_WEST,2025-06-02,394,120
NWO-1009,DC_WEST,2025-06-09,313,129
NWO-1009,DC_WEST,2025-06-16,405,176
NWO-1009,DC_WEST,2025-06-23,363,143
NWO-1009,DC_WEST,2025-06-30,404,140
NWO-1009,DC_WEST,2025-07-07,487,205
NWO-1009,DC_WEST,2025-07-14,379,177
NWO-1009,DC_WEST,2025-07-21,480,151
NWO-1009,DC_WEST,2025-07-28,351,143
NWO-1009,DC_WEST,2025-08-04,576,152
NWO-1009,DC_WEST,2025-08-11,431,135
NWO-1009,DC_WEST,2025-08-18,289,127
NWO-1009,DC_WEST,2025-08-25,324,164
NWO-1009,DC_WEST,2025-09-01,406,195
NWO-1009,DC_WEST,2025-09-08,476,146
NWO-1009,DC_WEST,2025-09-15,305,130
NWO-1009,DC_WEST,2025-09-22,277,126
NWO-1009,DC_WEST,2025-09-29,494,149
NWO-1009,DC_WEST,2025-10-06,303,182
NWO-1009,DC_WEST,2025-10-13,316,151
NWO-1009,DC_WEST,2025-10-20,359,194
NWO-1009,DC_WEST,2025-10-27,366,223
NWO-1009,DC_WEST,2025-11-03,671,219
NWO-1009,DC_WEST,2025-11-10,768,217
NWO-1009,DC_WEST,2025-11-17,638,175
NWO-1009,DC_WEST,2025-11-24,558,174
NWO-1009,DC_WEST,2025-12-01,510,224
NWO-1009,DC_WEST,2025-12-08,697,193
NWO-1009,DC_WEST,2025-12-15,682,161
NWO-1009,DC_WEST,2025-12-22,430,254
NWO-1009,DC_WEST,2025-12-29,630,140
NWO-1009,DC_WEST,2026-01-05,313,112
NWO-1009,DC_WEST,2026-01-12,312,83
NWO-1009,DC_WEST,2026-01-19,232,110
NWO-1009,DC_WEST,2026-01-26,243,106
NWO-1009,DC_WEST,2026-02-02,276,102
NWO-1009,DC_WEST,2026-02-09,364,162
NWO-1009,DC_WEST,2026-02-16,406,81
NWO-1009,DC_WEST,2026-02-23,245,144
NWO-1009,DC_WEST,2026-03-02,378,139
NWO-1009,DC_WEST,2026-03-09,409,140
NWO-1009,DC_WEST,2026-03-16,417,161
NWO-1009,DC_WEST,2026-03-23,481,122
NWO-1009,DC_WEST,2026-03-30,266,195
NWO-1009,DC_WEST,2026-04-06,437,156
NWO-1009,DC_WEST,2026-04-13,452,148
NWO-1009,DC_WEST,2026-04-20,518,144
NWO-1009,DC_WEST,2026-04-27,309,215
NWO-1009,DC_WEST,2026-05-04,547,173
NWO-1009,DC_WEST,2026-05-11,370,148
NWO-1009,DC_WEST,2026-05-18,309,171
NWO-1009,DC_WEST,2026-05-25,379,139
NWO-1009,DC_WEST,2026-06-01,420,120
NWO-1010,DC_NORTH,2023-06-05,398,185
NWO-1010,DC_NORTH,2023-06-12,433,129
NWO-1010,DC_NORTH,2023-06-19,500,165
NWO-1010,DC_NORTH,2023-06-26,325,159
NWO-1010,DC_NORTH,2023-07-03,509,178
NWO-1010,DC_NORTH,2023-07-10,544,120
NWO-1010,DC_NORTH,2023-07-17,370,113
NWO-1010,DC_NORTH,2023-07-24,359,123
NWO-1010,DC_NORTH,2023-07-31,410,114
NWO-1010,DC_NORTH,2023-08-07,477,144
NWO-1010,DC_NORTH,2023-08-14,491,112
NWO-1010,DC_NORTH,2023-08-21,373,131
NWO-1010,DC_NORTH,2023-08-28,251,192
NWO-1010,DC_NORTH,2023-09-04,410,163
NWO-1010,DC_NORTH,2023-09-11,406,163
NWO-1010,DC_NORTH,2023-09-18,373,165
NWO-1010,DC_NORTH,2023-09-25,424,135
NWO-1010,DC_NORTH,2023-10-02,476,121
NWO-1010,DC_NORTH,2023-10-09,370,167
NWO-1010,DC_NORTH,2023-10-16,342,123
NWO-1010,DC_NORTH,2023-10-23,453,135
NWO-1010,DC_NORTH,2023-10-30,254,155
NWO-1010,DC_NORTH,2023-11-06,596,179
NWO-1010,DC_NORTH,2023-11-13,630,127
NWO-1010,DC_NORTH,2023-11-20,349,139
NWO-1010,DC_NORTH,2023-11-27,470,250
NWO-1010,DC_NORTH,2023-12-04,516,207
NWO-1010,DC_NORTH,2023-12-11,560,204
NWO-1010,DC_NORTH,2023-12-18,607,164
NWO-1010,DC_NORTH,2023-12-25,479,87
NWO-1010,DC_NORTH,2024-01-01,211,98
NWO-1010,DC_NORTH,2024-01-08,231,109
NWO-1010,DC_NORTH,2024-01-15,246,88
NWO-1010,DC_NORTH,2024-01-22,298,99
NWO-1010,DC_NORTH,2024-01-29,305,109
NWO-1010,DC_NORTH,2024-02-05,213,92
NWO-1010,DC_NORTH,2024-02-12,221,118
NWO-1010,DC_NORTH,2024-02-19,279,90
NWO-1010,DC_NORTH,2024-02-26,265,89
NWO-1010,DC_NORTH,2024-03-04,302,101
NWO-1010,DC_NORTH,2024-03-11,373,144
NWO-1010,DC_NORTH,2024-03-18,377,142
NWO-1010,DC_NORTH,2024-03-25,482,140
NWO-1010,DC_NORTH,2024-04-01,360,130
NWO-1010,DC_NORTH,2024-04-08,418,134
NWO-1010,DC_NORTH,2024-04-15,358,142
NWO-1010,DC_NORTH,2024-04-22,327,152
NWO-1010,DC_NORTH,2024-04-29,460,191
NWO-1010,DC_NORTH,2024-05-06,438,124
NWO-1010,DC_NORTH,2024-05-13,358,132
NWO-1010,DC_NORTH,2024-05-20,378,117
NWO-1010,DC_NORTH,2024-05-27,410,134
NWO-1010,DC_NORTH,2024-06-03,334,171
NWO-1010,DC_NORTH,2024-06-10,367,129
NWO-1010,DC_NORTH,2024-06-17,355,171
NWO-1010,DC_NORTH,2024-06-24,342,111
NWO-1010,DC_NORTH,2024-07-01,424,211
NWO-1010,DC_NORTH,2024-07-08,616,175
NWO-1010,DC_NORTH,2024-07-15,410,158
NWO-1010,DC_NORTH,2024-07-22,574,133
NWO-1010,DC_NORTH,2024-07-29,357,197
NWO-1010,DC_NORTH,2024-08-05,434,142
NWO-1010,DC_NORTH,2024-08-12,461,135
NWO-1010,DC_NORTH,2024-08-19,341,170
NWO-1010,DC_NORTH,2024-08-26,411,107
NWO-1010,DC_NORTH,2024-09-02,321,107
NWO-1010,DC_NORTH,2024-09-09,325,112
NWO-1010,DC_NORTH,2024-09-16,343,217
NWO-1010,DC_NORTH,2024-09-23,474,172
NWO-1010,DC_NORTH,2024-09-30,558,135
NWO-1010,DC_NORTH,2024-10-07,311,139
NWO-1010,DC_NORTH,2024-10-14,345,190
NWO-1010,DC_NORTH,2024-10-21,336,178
NWO-1010,DC_NORTH,2024-10-28,536,225
NWO-1010,DC_NORTH,2024-11-04,590,169
NWO-1010,DC_NORTH,2024-11-11,496,176
NWO-1010,DC_NORTH,2024-11-18,362,186
NWO-1010,DC_NORTH,2024-11-25,596,197
NWO-1010,DC_NORTH,2024-12-02,606,199
NWO-1010,DC_NORTH,2024-12-09,545,178
NWO-1010,DC_NORTH,2024-12-16,528,208
NWO-1010,DC_NORTH,2024-12-23,415,210
NWO-1010,DC_NORTH,2024-12-30,447,146
NWO-1010,DC_NORTH,2025-01-06,465,124
NWO-1010,DC_NORTH,2025-01-13,415,79
NWO-1010,DC_NORTH,2025-01-20,242,112
NWO-1010,DC_NORTH,2025-01-27,357,150
NWO-1010,DC_NORTH,2025-02-03,491,93
NWO-1010,DC_NORTH,2025-02-10,372,101
NWO-1010,DC_NORTH,2025-02-17,326,80
NWO-1010,DC_NORTH,2025-02-24,214,166
NWO-1010,DC_NORTH,2025-03-03,632,121
NWO-1010,DC_NORTH,2025-03-10,440,130
NWO-1010,DC_NORTH,2025-03-17,260,158
NWO-1010,DC_NORTH,2025-03-24,334,125
NWO-1010,DC_NORTH,2025-03-31,328,141
NWO-1010,DC_NORTH,2025-04-07,275,132
NWO-1010,DC_NORTH,2025-04-14,405,140
NWO-1010,DC_NORTH,2025-04-21,358,162
NWO-1010,DC_NORTH,2025-04-28,408,169
NWO-1010,DC_NORTH,2025-05-05,308,144
NWO-1010,DC_NORTH,2025-05-12,351,174
NWO-1010,DC_NORTH,2025-05-19,391,188
NWO-1010,DC_NORTH,2025-05-26,484,187
NWO-1010,DC_NORTH,2025-06-02,383,146
NWO-1010,DC_NORTH,2025-06-09,465,172
NWO-1010,DC_NORTH,2025-06-16,392,132
NWO-1010,DC_NORTH,2025-06-23,542,115
NWO-1010,DC_NORTH,2025-06-30,395,194
NWO-1010,DC_NORTH,2025-07-07,462,186
NWO-1010,DC_NORTH,2025-07-14,388,182
NWO-1010,DC_NORTH,2025-07-21,571,162
NWO-1010,DC_NORTH,2025-07-28,678,132
NWO-1010,DC_NORTH,2025-08-04,304,211
NWO-1010,DC_NORTH,2025-08-11,436,144
NWO-1010,DC_NORTH,2025-08-18,502,93
NWO-1010,DC_NORTH,2025-08-25,317,183
NWO-1010,DC_NORTH,2025-09-01,456,118
NWO-1010,DC_NORTH,2025-09-08,321,115
NWO-1010,DC_NORTH,2025-09-15,243,146
NWO-1010,DC_NORTH,2025-09-22,381,179
NWO-1010,DC_NORTH,2025-09-29,565,174
NWO-1010,DC_NORTH,2025-10-06,579,160
NWO-1010,DC_NORTH,2025-10-13,430,134
NWO-1010,DC_NORTH,2025-10-20,428,165
NWO-1010,DC_NORTH,2025-10-27,395,304
NWO-1010,DC_NORTH,2025-11-03,714,236
NWO-1010,DC_NORTH,2025-11-10,696,171
NWO-1010,DC_NORTH,2025-11-17,618,277
NWO-1010,DC_NORTH,2025-11-24,646,232
NWO-1010,DC_NORTH,2025-12-01,510,242
NWO-1010,DC_NORTH,2025-12-08,600,251
NWO-1010,DC_NORTH,2025-12-15,846,230
NWO-1010,DC_NORTH,2025-12-22,507,236
NWO-1010,DC_NORTH,2025-12-29,625,147
NWO-1010,DC_NORTH,2026-01-05,359,136
NWO-1010,DC_NORTH,2026-01-12,445,94
NWO-1010,DC_NORTH,2026-01-19,268,107
NWO-1010,DC_NORTH,2026-01-26,335,103
NWO-1010,DC_NORTH,2026-02-02,349,151
NWO-1010,DC_NORTH,2026-02-09,414,85
NWO-1010,DC_NORTH,2026-02-16,323,137
NWO-1010,DC_NORTH,2026-02-23,524,339
NWO-1010,DC_NORTH,2026-03-02,1324,358
NWO-1010,DC_NORTH,2026-03-09,849,140
NWO-1010,DC_NORTH,2026-03-16,361,188
NWO-1010,DC_NORTH,2026-03-23,410,222
NWO-1010,DC_NORTH,2026-03-30,391,207
NWO-1010,DC_NORTH,2026-04-06,583,211
NWO-1010,DC_NORTH,2026-04-13,562,229
NWO-1010,DC_NORTH,2026-04-20,682,168
NWO-1010,DC_NORTH,2026-04-27,456,246
NWO-1010,DC_NORTH,2026-05-04,532,163
NWO-1010,DC_NORTH,2026-05-11,625,159
NWO-1010,DC_NORTH,2026-05-18,593,238
NWO-1010,DC_NORTH,2026-05-25,540,178
NWO-1010,DC_NORTH,2026-06-01,469,168
NWO-1010,DC_SOUTH,2023-06-05,815,370
NWO-1010,DC_SOUTH,2023-06-12,1146,313
NWO-1010,DC_SOUTH,2023-06-19,984,328
NWO-1010,DC_SOUTH,2023-06-26,1000,328
NWO-1010,DC_SOUTH,2023-07-03,994,458
NWO-1010,DC_SOUTH,2023-07-10,1316,487
NWO-1010,DC_SOUTH,2023-07-17,1313,488
NWO-1010,DC_SOUTH,2023-07-24,1092,401
NWO-1010,DC_SOUTH,2023-07-31,1132,421
NWO-1010,DC_SOUTH,2023-08-07,1042,295
NWO-1010,DC_SOUTH,2023-08-14,853,358
NWO-1010,DC_SOUTH,2023-08-21,1070,324
NWO-1010,DC_SOUTH,2023-08-28,951,338
NWO-1010,DC_SOUTH,2023-09-04,1441,265
NWO-1010,DC_SOUTH,2023-09-11,773,313
NWO-1010,DC_SOUTH,2023-09-18,829,346
NWO-1010,DC_SOUTH,2023-09-25,817,430
NWO-1010,DC_SOUTH,2023-10-02,1005,363
NWO-1010,DC_SOUTH,2023-10-09,1274,360
NWO-1010,DC_SOUTH,2023-10-16,1315,407
NWO-1010,DC_SOUTH,2023-10-23,1117,319
NWO-1010,DC_SOUTH,2023-10-30,849,416
NWO-1010,DC_SOUTH,2023-11-06,1164,597
NWO-1010,DC_SOUTH,2023-11-13,1212,514
NWO-1010,DC_SOUTH,2023-11-20,1700,493
NWO-1010,DC_SOUTH,2023-11-27,1507,534
NWO-1010,DC_SOUTH,2023-12-04,1244,526
NWO-1010,DC_SOUTH,2023-12-11,1418,520
NWO-1010,DC_SOUTH,2023-12-18,1703,561
NWO-1010,DC_SOUTH,2023-12-25,1857,280
NWO-1010,DC_SOUTH,2024-01-01,1077,264
NWO-1010,DC_SOUTH,2024-01-08,741,315
NWO-1010,DC_SOUTH,2024-01-15,683,283
NWO-1010,DC_SOUTH,2024-01-22,999,320
NWO-1010,DC_SOUTH,2024-01-29,719,267
NWO-1010,DC_SOUTH,2024-02-05,658,312
NWO-1010,DC_SOUTH,2024-02-12,908,309
NWO-1010,DC_SOUTH,2024-02-19,893,357
NWO-1010,DC_SOUTH,2024-02-26,709,418
NWO-1010,DC_SOUTH,2024-03-04,1049,433
NWO-1010,DC_SOUTH,2024-03-11,1367,293
NWO-1010,DC_SOUTH,2024-03-18,1175,420
NWO-1010,DC_SOUTH,2024-03-25,826,421
NWO-1010,DC_SOUTH,2024-04-01,891,418
NWO-1010,DC_SOUTH,2024-04-08,1133,288
NWO-1010,DC_SOUTH,2024-04-15,788,420
NWO-1010,DC_SOUTH,2024-04-22,989,472
NWO-1010,DC_SOUTH,2024-04-29,1448,386
NWO-1010,DC_SOUTH,2024-05-06,968,410
NWO-1010,DC_SOUTH,2024-05-13,1127,336
NWO-1010,DC_SOUTH,2024-05-20,1037,337
NWO-1010,DC_SOUTH,2024-05-27,1242,467
NWO-1010,DC_SOUTH,2024-06-03,1387,378
NWO-1010,DC_SOUTH,2024-06-10,1009,359
NWO-1010,DC_SOUTH,2024-06-17,1071,418
NWO-1010,DC_SOUTH,2024-06-24,1023,444
NWO-1010,DC_SOUTH,2024-07-01,887,430
NWO-1010,DC_SOUTH,2024-07-08,1215,361
NWO-1010,DC_SOUTH,2024-07-15,1325,448
NWO-1010,DC_SOUTH,2024-07-22,1532,395
NWO-1010,DC_SOUTH,2024-07-29,1591,529
NWO-1010,DC_SOUTH,2024-08-05,1119,473
NWO-1010,DC_SOUTH,2024-08-12,1549,426
NWO-1010,DC_SOUTH,2024-08-19,1029,428
NWO-1010,DC_SOUTH,2024-08-26,1021,334
NWO-1010,DC_SOUTH,2024-09-02,801,432
NWO-1010,DC_SOUTH,2024-09-09,939,380
NWO-1010,DC_SOUTH,2024-09-16,1257,475
NWO-1010,DC_SOUTH,2024-09-23,1470,398
NWO-1010,DC_SOUTH,2024-09-30,1285,457
NWO-1010,DC_SOUTH,2024-10-07,942,426
NWO-1010,DC_SOUTH,2024-10-14,835,407
NWO-1010,DC_SOUTH,2024-10-21,1481,553
NWO-1010,DC_SOUTH,2024-10-28,1198,579
NWO-1010,DC_SOUTH,2024-11-04,1921,480
NWO-1010,DC_SOUTH,2024-11-11,1728,523
NWO-1010,DC_SOUTH,2024-11-18,1618,498
NWO-1010,DC_SOUTH,2024-11-25,1700,620
NWO-1010,DC_SOUTH,2024-12-02,1942,637
NWO-1010,DC_SOUTH,2024-12-09,1500,588
NWO-1010,DC_SOUTH,2024-12-16,1197,551
NWO-1010,DC_SOUTH,2024-12-23,1473,520
NWO-1010,DC_SOUTH,2024-12-30,1754,400
NWO-1010,DC_SOUTH,2025-01-06,1159,314
NWO-1010,DC_SOUTH,2025-01-13,945,345
NWO-1010,DC_SOUTH,2025-01-20,802,294
NWO-1010,DC_SOUTH,2025-01-27,634,308
NWO-1010,DC_SOUTH,2025-02-03,1186,296
NWO-1010,DC_SOUTH,2025-02-10,1067,240
NWO-1010,DC_SOUTH,2025-02-17,650,280
NWO-1010,DC_SOUTH,2025-02-24,619,450
NWO-1010,DC_SOUTH,2025-03-03,820,398
NWO-1010,DC_SOUTH,2025-03-10,782,300
NWO-1010,DC_SOUTH,2025-03-17,903,460
NWO-1010,DC_SOUTH,2025-03-24,1096,485
NWO-1010,DC_SOUTH,2025-03-31,916,521
NWO-1010,DC_SOUTH,2025-04-07,1170,399
NWO-1010,DC_SOUTH,2025-04-14,1329,347
NWO-1010,DC_SOUTH,2025-04-21,1123,304
NWO-1010,DC_SOUTH,2025-04-28,968,335
NWO-1010,DC_SOUTH,2025-05-05,906,376
NWO-1010,DC_SOUTH,2025-05-12,1183,356
NWO-1010,DC_SOUTH,2025-05-19,942,307
NWO-1010,DC_SOUTH,2025-05-26,920,525
NWO-1010,DC_SOUTH,2025-06-02,1229,593
NWO-1010,DC_SOUTH,2025-06-09,1394,587
NWO-1010,DC_SOUTH,2025-06-16,1130,486
NWO-1010,DC_SOUTH,2025-06-23,1647,497
NWO-1010,DC_SOUTH,2025-06-30,1067,433
NWO-1010,DC_SOUTH,2025-07-07,1111,377
NWO-1010,DC_SOUTH,2025-07-14,1292,378
NWO-1010,DC_SOUTH,2025-07-21,1464,533
NWO-1010,DC_SOUTH,2025-07-28,1148,519
NWO-1010,DC_SOUTH,2025-08-04,1466,417
NWO-1010,DC_SOUTH,2025-08-11,1089,536
NWO-1010,DC_SOUTH,2025-08-18,1367,551
NWO-1010,DC_SOUTH,2025-08-25,1356,417
NWO-1010,DC_SOUTH,2025-09-01,1187,435
NWO-1010,DC_SOUTH,2025-09-08,1175,417
NWO-1010,DC_SOUTH,2025-09-15,916,472
NWO-1010,DC_SOUTH,2025-09-22,1325,429
NWO-1010,DC_SOUTH,2025-09-29,1339,437
NWO-1010,DC_SOUTH,2025-10-06,1068,474
NWO-1010,DC_SOUTH,2025-10-13,1365,456
NWO-1010,DC_SOUTH,2025-10-20,982,432
NWO-1010,DC_SOUTH,2025-10-27,1219,622
NWO-1010,DC_SOUTH,2025-11-03,1912,642
NWO-1010,DC_SOUTH,2025-11-10,1699,700
NWO-1010,DC_SOUTH,2025-11-17,1735,590
NWO-1010,DC_SOUTH,2025-11-24,1440,608
NWO-1010,DC_SOUTH,2025-12-01,1980,722
NWO-1010,DC_SOUTH,2025-12-08,2014,572
NWO-1010,DC_SOUTH,2025-12-15,1524,543
NWO-1010,DC_SOUTH,2025-12-22,1921,623
NWO-1010,DC_SOUTH,2025-12-29,1934,396
NWO-1010,DC_SOUTH,2026-01-05,924,392
NWO-1010,DC_SOUTH,2026-01-12,850,425
NWO-1010,DC_SOUTH,2026-01-19,842,291
NWO-1010,DC_SOUTH,2026-01-26,941,346
NWO-1010,DC_SOUTH,2026-02-02,765,354
NWO-1010,DC_SOUTH,2026-02-09,925,431
NWO-1010,DC_SOUTH,2026-02-16,1285,336
NWO-1010,DC_SOUTH,2026-02-23,830,414
NWO-1010,DC_SOUTH,2026-03-02,1366,414
NWO-1010,DC_SOUTH,2026-03-09,1421,524
NWO-1010,DC_SOUTH,2026-03-16,1286,358
NWO-1010,DC_SOUTH,2026-03-23,1181,390
NWO-1010,DC_SOUTH,2026-03-30,1067,446
NWO-1010,DC_SOUTH,2026-04-06,1573,520
NWO-1010,DC_SOUTH,2026-04-13,1851,609
NWO-1010,DC_SOUTH,2026-04-20,1738,517
NWO-1010,DC_SOUTH,2026-04-27,1220,428
NWO-1010,DC_SOUTH,2026-05-04,837,472
NWO-1010,DC_SOUTH,2026-05-11,1127,495
NWO-1010,DC_SOUTH,2026-05-18,1548,441
NWO-1010,DC_SOUTH,2026-05-25,1522,420
NWO-1010,DC_SOUTH,2026-06-01,1306,422
NWO-1010,DC_WEST,2023-06-05,704,235
NWO-1010,DC_WEST,2023-06-12,819,289
NWO-1010,DC_WEST,2023-06-19,702,195
NWO-1010,DC_WEST,2023-06-26,591,263
NWO-1010,DC_WEST,2023-07-03,782,242
NWO-1010,DC_WEST,2023-07-10,768,429
NWO-1010,DC_WEST,2023-07-17,788,317
NWO-1010,DC_WEST,2023-07-24,989,238
NWO-1010,DC_WEST,2023-07-31,675,317
NWO-1010,DC_WEST,2023-08-07,924,385
NWO-1010,DC_WEST,2023-08-14,1232,290
NWO-1010,DC_WEST,2023-08-21,786,307
NWO-1010,DC_WEST,2023-08-28,656,253
NWO-1010,DC_WEST,2023-09-04,704,322
NWO-1010,DC_WEST,2023-09-11,848,251
NWO-1010,DC_WEST,2023-09-18,735,255
NWO-1010,DC_WEST,2023-09-25,697,223
NWO-1010,DC_WEST,2023-10-02,499,256
NWO-1010,DC_WEST,2023-10-09,606,275
NWO-1010,DC_WEST,2023-10-16,733,256
NWO-1010,DC_WEST,2023-10-23,619,325
NWO-1010,DC_WEST,2023-10-30,755,333
NWO-1010,DC_WEST,2023-11-06,918,385
NWO-1010,DC_WEST,2023-11-13,769,310
NWO-1010,DC_WEST,2023-11-20,916,317
NWO-1010,DC_WEST,2023-11-27,1119,385
NWO-1010,DC_WEST,2023-12-04,1363,367
NWO-1010,DC_WEST,2023-12-11,1257,362
NWO-1010,DC_WEST,2023-12-18,1092,327
NWO-1010,DC_WEST,2023-12-25,1316,177
NWO-1010,DC_WEST,2024-01-01,641,182
NWO-1010,DC_WEST,2024-01-08,516,222
NWO-1010,DC_WEST,2024-01-15,804,185
NWO-1010,DC_WEST,2024-01-22,650,201
NWO-1010,DC_WEST,2024-01-29,642,277
NWO-1010,DC_WEST,2024-02-05,709,278
NWO-1010,DC_WEST,2024-02-12,605,200
NWO-1010,DC_WEST,2024-02-19,435,224
NWO-1010,DC_WEST,2024-02-26,660,286
NWO-1010,DC_WEST,2024-03-04,576,266
NWO-1010,DC_WEST,2024-03-11,665,255
NWO-1010,DC_WEST,2024-03-18,570,213
NWO-1010,DC_WEST,2024-03-25,695,334
NWO-1010,DC_WEST,2024-04-01,939,234
NWO-1010,DC_WEST,2024-04-08,758,228
NWO-1010,DC_WEST,2024-04-15,598,281
NWO-1010,DC_WEST,2024-04-22,886,207
NWO-1010,DC_WEST,2024-04-29,575,344
NWO-1010,DC_WEST,2024-05-06,1015,301
NWO-1010,DC_WEST,2024-05-13,826,323
NWO-1010,DC_WEST,2024-05-20,1047,310
NWO-1010,DC_WEST,2024-05-27,941,280
NWO-1010,DC_WEST,2024-06-03,898,259
NWO-1010,DC_WEST,2024-06-10,826,294
NWO-1010,DC_WEST,2024-06-17,883,297
NWO-1010,DC_WEST,2024-06-24,823,344
NWO-1010,DC_WEST,2024-07-01,814,382
NWO-1010,DC_WEST,2024-07-08,756,274
NWO-1010,DC_WEST,2024-07-15,834,307
NWO-1010,DC_WEST,2024-07-22,736,281
NWO-1010,DC_WEST,2024-07-29,690,318
NWO-1010,DC_WEST,2024-08-05,782,328
NWO-1010,DC_WEST,2024-08-12,758,431
NWO-1010,DC_WEST,2024-08-19,723,270
NWO-1010,DC_WEST,2024-08-26,945,334
NWO-1010,DC_WEST,2024-09-02,947,362
NWO-1010,DC_WEST,2024-09-09,963,312
NWO-1010,DC_WEST,2024-09-16,771,253
NWO-1010,DC_WEST,2024-09-23,977,196
NWO-1010,DC_WEST,2024-09-30,641,296
NWO-1010,DC_WEST,2024-10-07,851,247
NWO-1010,DC_WEST,2024-10-14,619,320
NWO-1010,DC_WEST,2024-10-21,972,251
NWO-1010,DC_WEST,2024-10-28,782,376
NWO-1010,DC_WEST,2024-11-04,1037,426
NWO-1010,DC_WEST,2024-11-11,1328,445
NWO-1010,DC_WEST,2024-11-18,1456,480
NWO-1010,DC_WEST,2024-11-25,1253,442
NWO-1010,DC_WEST,2024-12-02,1346,395
NWO-1010,DC_WEST,2024-12-09,1218,496
NWO-1010,DC_WEST,2024-12-16,1771,488
NWO-1010,DC_WEST,2024-12-23,1358,430
NWO-1010,DC_WEST,2024-12-30,1623,200
NWO-1010,DC_WEST,2025-01-06,655,284
NWO-1010,DC_WEST,2025-01-13,837,178
NWO-1010,DC_WEST,2025-01-20,692,351
NWO-1010,DC_WEST,2025-01-27,911,267
NWO-1010,DC_WEST,2025-02-03,807,223
NWO-1010,DC_WEST,2025-02-10,734,196
NWO-1010,DC_WEST,2025-02-17,455,274
NWO-1010,DC_WEST,2025-02-24,646,275
NWO-1010,DC_WEST,2025-03-03,758,298
NWO-1010,DC_WEST,2025-03-10,762,284
NWO-1010,DC_WEST,2025-03-17,901,319
NWO-1010,DC_WEST,2025-03-24,850,220
NWO-1010,DC_WEST,2025-03-31,701,287
NWO-1010,DC_WEST,2025-04-07,558,324
NWO-1010,DC_WEST,2025-04-14,627,315
NWO-1010,DC_WEST,2025-04-21,916,356
NWO-1010,DC_WEST,2025-04-28,971,378
NWO-1010,DC_WEST,2025-05-05,720,330
NWO-1010,DC_WEST,2025-05-12,623,398
NWO-1010,DC_WEST,2025-05-19,955,325
NWO-1010,DC_WEST,2025-05-26,1107,410
NWO-1010,DC_WEST,2025-06-02,854,405
NWO-1010,DC_WEST,2025-06-09,713,438
NWO-1010,DC_WEST,2025-06-16,999,383
NWO-1010,DC_WEST,2025-06-23,1024,343
NWO-1010,DC_WEST,2025-06-30,1151,272
NWO-1010,DC_WEST,2025-07-07,1074,373
NWO-1010,DC_WEST,2025-07-14,1259,383
NWO-1010,DC_WEST,2025-07-21,1270,456
NWO-1010,DC_WEST,2025-07-28,1183,338
NWO-1010,DC_WEST,2025-08-04,1067,302
NWO-1010,DC_WEST,2025-08-11,765,402
NWO-1010,DC_WEST,2025-08-18,876,343
NWO-1010,DC_WEST,2025-08-25,939,296
NWO-1010,DC_WEST,2025-09-01,817,398
NWO-1010,DC_WEST,2025-09-08,925,355
NWO-1010,DC_WEST,2025-09-15,677,311
NWO-1010,DC_WEST,2025-09-22,982,441
NWO-1010,DC_WEST,2025-09-29,1298,413
NWO-1010,DC_WEST,2025-10-06,863,391
NWO-1010,DC_WEST,2025-10-13,1124,387
NWO-1010,DC_WEST,2025-10-20,769,315
NWO-1010,DC_WEST,2025-10-27,1120,375
NWO-1010,DC_WEST,2025-11-03,1537,482
NWO-1010,DC_WEST,2025-11-10,1323,452
NWO-1010,DC_WEST,2025-11-17,1395,548
NWO-1010,DC_WEST,2025-11-24,1451,482
NWO-1010,DC_WEST,2025-12-01,1442,478
NWO-1010,DC_WEST,2025-12-08,1119,630
NWO-1010,DC_WEST,2025-12-15,1654,433
NWO-1010,DC_WEST,2025-12-22,1448,512
NWO-1010,DC_WEST,2025-12-29,1627,325
NWO-1010,DC_WEST,2026-01-05,744,215
NWO-1010,DC_WEST,2026-01-12,663,253
NWO-1010,DC_WEST,2026-01-19,575,219
NWO-1010,DC_WEST,2026-01-26,548,248
NWO-1010,DC_WEST,2026-02-02,837,322
NWO-1010,DC_WEST,2026-02-09,935,247
NWO-1010,DC_WEST,2026-02-16,862,268
NWO-1010,DC_WEST,2026-02-23,777,346
NWO-1010,DC_WEST,2026-03-02,1152,314
NWO-1010,DC_WEST,2026-03-09,896,257
NWO-1010,DC_WEST,2026-03-16,923,389
NWO-1010,DC_WEST,2026-03-23,708,329
NWO-1010,DC_WEST,2026-03-30,996,489
NWO-1010,DC_WEST,2026-04-06,1406,376
NWO-1010,DC_WEST,2026-04-13,1047,344
NWO-1010,DC_WEST,2026-04-20,1230,362
NWO-1010,DC_WEST,2026-04-27,1196,279
NWO-1010,DC_WEST,2026-05-04,1064,346
NWO-1010,DC_WEST,2026-05-11,1209,359
NWO-1010,DC_WEST,2026-05-18,908,400
NWO-1010,DC_WEST,2026-05-25,1185,300
NWO-1010,DC_WEST,2026-06-01,1143,391
NWO-1011,DC_NORTH,2023-06-05,735,165
NWO-1011,DC_NORTH,2023-06-12,481,248
NWO-1011,DC_NORTH,2023-06-19,594,177
NWO-1011,DC_NORTH,2023-06-26,623,207
NWO-1011,DC_NORTH,2023-07-03,482,189
NWO-1011,DC_NORTH,2023-07-10,460,207
NWO-1011,DC_NORTH,2023-07-17,363,181
NWO-1011,DC_NORTH,2023-07-24,524,251
NWO-1011,DC_NORTH,2023-07-31,586,191
NWO-1011,DC_NORTH,2023-08-07,539,151
NWO-1011,DC_NORTH,2023-08-14,535,155
NWO-1011,DC_NORTH,2023-08-21,386,237
NWO-1011,DC_NORTH,2023-08-28,464,176
NWO-1011,DC_NORTH,2023-09-04,477,176
NWO-1011,DC_NORTH,2023-09-11,465,127
NWO-1011,DC_NORTH,2023-09-18,498,206
NWO-1011,DC_NORTH,2023-09-25,547,196
NWO-1011,DC_NORTH,2023-10-02,473,176
NWO-1011,DC_NORTH,2023-10-09,521,204
NWO-1011,DC_NORTH,2023-10-16,462,193
NWO-1011,DC_NORTH,2023-10-23,539,125
NWO-1011,DC_NORTH,2023-10-30,347,305
NWO-1011,DC_NORTH,2023-11-06,704,304
NWO-1011,DC_NORTH,2023-11-13,695,218
NWO-1011,DC_NORTH,2023-11-20,613,279
NWO-1011,DC_NORTH,2023-11-27,681,246
NWO-1011,DC_NORTH,2023-12-04,646,271
NWO-1011,DC_NORTH,2023-12-11,794,296
NWO-1011,DC_NORTH,2023-12-18,724,232
NWO-1011,DC_NORTH,2023-12-25,572,124
NWO-1011,DC_NORTH,2024-01-01,360,117
NWO-1011,DC_NORTH,2024-01-08,417,127
NWO-1011,DC_NORTH,2024-01-15,249,137
NWO-1011,DC_NORTH,2024-01-22,481,132
NWO-1011,DC_NORTH,2024-01-29,489,142
NWO-1011,DC_NORTH,2024-02-05,465,122
NWO-1011,DC_NORTH,2024-02-12,463,154
NWO-1011,DC_NORTH,2024-02-19,345,110
NWO-1011,DC_NORTH,2024-02-26,377,144
NWO-1011,DC_NORTH,2024-03-04,576,179
NWO-1011,DC_NORTH,2024-03-11,365,171
NWO-1011,DC_NORTH,2024-03-18,582,163
NWO-1011,DC_NORTH,2024-03-25,546,333
NWO-1011,DC_NORTH,2024-04-01,1067,243
NWO-1011,DC_NORTH,2024-04-08,448,145
NWO-1011,DC_NORTH,2024-04-15,350,189
NWO-1011,DC_NORTH,2024-04-22,508,158
NWO-1011,DC_NORTH,2024-04-29,519,220
NWO-1011,DC_NORTH,2024-05-06,459,271
NWO-1011,DC_NORTH,2024-05-13,648,144
NWO-1011,DC_NORTH,2024-05-20,493,150
NWO-1011,DC_NORTH,2024-05-27,558,167
NWO-1011,DC_NORTH,2024-06-03,353,164
NWO-1011,DC_NORTH,2024-06-10,491,153
NWO-1011,DC_NORTH,2024-06-17,505,185
NWO-1011,DC_NORTH,2024-06-24,639,158
NWO-1011,DC_NORTH,2024-07-01,374,171
NWO-1011,DC_NORTH,2024-07-08,447,197
NWO-1011,DC_NORTH,2024-07-15,533,216
NWO-1011,DC_NORTH,2024-07-22,408,182
NWO-1011,DC_NORTH,2024-07-29,434,142
NWO-1011,DC_NORTH,2024-08-05,410,176
NWO-1011,DC_NORTH,2024-08-12,504,204
NWO-1011,DC_NORTH,2024-08-19,406,242
NWO-1011,DC_NORTH,2024-08-26,593,115
NWO-1011,DC_NORTH,2024-09-02,447,317
NWO-1011,DC_NORTH,2024-09-09,911,414
NWO-1011,DC_NORTH,2024-09-16,873,207
NWO-1011,DC_NORTH,2024-09-23,488,210
NWO-1011,DC_NORTH,2024-09-30,494,194
NWO-1011,DC_NORTH,2024-10-07,486,254
NWO-1011,DC_NORTH,2024-10-14,677,169
NWO-1011,DC_NORTH,2024-10-21,335,141
NWO-1011,DC_NORTH,2024-10-28,564,330
NWO-1011,DC_NORTH,2024-11-04,588,543
NWO-1011,DC_NORTH,2024-11-11,1173,400
NWO-1011,DC_NORTH,2024-11-18,1230,257
NWO-1011,DC_NORTH,2024-11-25,733,220
NWO-1011,DC_NORTH,2024-12-02,761,264
NWO-1011,DC_NORTH,2024-12-09,740,252
NWO-1011,DC_NORTH,2024-12-16,563,291
NWO-1011,DC_NORTH,2024-12-23,906,354
NWO-1011,DC_NORTH,2024-12-30,1015,127
NWO-1011,DC_NORTH,2025-01-06,363,149
NWO-1011,DC_NORTH,2025-01-13,296,81
NWO-1011,DC_NORTH,2025-01-20,199,172
NWO-1011,DC_NORTH,2025-01-27,311,160
NWO-1011,DC_NORTH,2025-02-03,430,158
NWO-1011,DC_NORTH,2025-02-10,411,127
NWO-1011,DC_NORTH,2025-02-17,332,118
NWO-1011,DC_NORTH,2025-02-24,396,151
NWO-1011,DC_NORTH,2025-03-03,517,148
NWO-1011,DC_NORTH,2025-03-10,377,147
NWO-1011,DC_NORTH,2025-03-17,514,194
NWO-1011,DC_NORTH,2025-03-24,422,159
NWO-1011,DC_NORTH,2025-03-31,292,230
NWO-1011,DC_NORTH,2025-04-07,607,215
NWO-1011,DC_NORTH,2025-04-14,451,194
NWO-1011,DC_NORTH,2025-04-21,439,249
NWO-1011,DC_NORTH,2025-04-28,684,164
NWO-1011,DC_NORTH,2025-05-05,388,134
NWO-1011,DC_NORTH,2025-05-12,426,247
NWO-1011,DC_NORTH,2025-05-19,538,158
NWO-1011,DC_NORTH,2025-05-26,419,202
NWO-1011,DC_NORTH,2025-06-02,512,217
NWO-1011,DC_NORTH,2025-06-09,595,199
NWO-1011,DC_NORTH,2025-06-16,345,145
NWO-1011,DC_NORTH,2025-06-23,492,223
NWO-1011,DC_NORTH,2025-06-30,849,196
NWO-1011,DC_NORTH,2025-07-07,381,217
NWO-1011,DC_NORTH,2025-07-14,461,187
NWO-1011,DC_NORTH,2025-07-21,489,218
NWO-1011,DC_NORTH,2025-07-28,565,144
NWO-1011,DC_NORTH,2025-08-04,310,122
NWO-1011,DC_NORTH,2025-08-11,427,175
NWO-1011,DC_NORTH,2025-08-18,684,199
NWO-1011,DC_NORTH,2025-08-25,465,152
NWO-1011,DC_NORTH,2025-09-01,439,176
NWO-1011,DC_NORTH,2025-09-08,486,181
NWO-1011,DC_NORTH,2025-09-15,456,147
NWO-1011,DC_NORTH,2025-09-22,433,115
NWO-1011,DC_NORTH,2025-09-29,284,215
NWO-1011,DC_NORTH,2025-10-06,385,206
NWO-1011,DC_NORTH,2025-10-13,547,155
NWO-1011,DC_NORTH,2025-10-20,506,157
NWO-1011,DC_NORTH,2025-10-27,401,273
NWO-1011,DC_NORTH,2025-11-03,595,230
NWO-1011,DC_NORTH,2025-11-10,646,240
NWO-1011,DC_NORTH,2025-11-17,875,200
NWO-1011,DC_NORTH,2025-11-24,611,271
NWO-1011,DC_NORTH,2025-12-01,640,275
NWO-1011,DC_NORTH,2025-12-08,935,198
NWO-1011,DC_NORTH,2025-12-15,731,331
NWO-1011,DC_NORTH,2025-12-22,644,256
NWO-1011,DC_NORTH,2025-12-29,588,141
NWO-1011,DC_NORTH,2026-01-05,403,124
NWO-1011,DC_NORTH,2026-01-12,246,99
NWO-1011,DC_NORTH,2026-01-19,293,133
NWO-1011,DC_NORTH,2026-01-26,390,148
NWO-1011,DC_NORTH,2026-02-02,336,128
NWO-1011,DC_NORTH,2026-02-09,378,121
NWO-1011,DC_NORTH,2026-02-16,461,148
NWO-1011,DC_NORTH,2026-02-23,418,134
NWO-1011,DC_NORTH,2026-03-02,421,168
NWO-1011,DC_NORTH,2026-03-09,479,163
NWO-1011,DC_NORTH,2026-03-16,636,141
NWO-1011,DC_NORTH,2026-03-23,370,155
NWO-1011,DC_NORTH,2026-03-30,505,199
NWO-1011,DC_NORTH,2026-04-06,530,174
NWO-1011,DC_NORTH,2026-04-13,580,130
NWO-1011,DC_NORTH,2026-04-20,370,123
NWO-1011,DC_NORTH,2026-04-27,349,133
NWO-1011,DC_NORTH,2026-05-04,380,148
NWO-1011,DC_NORTH,2026-05-11,397,222
NWO-1011,DC_NORTH,2026-05-18,642,233
NWO-1011,DC_NORTH,2026-05-25,636,196
NWO-1011,DC_NORTH,2026-06-01,613,173
NWO-1011,DC_SOUTH,2023-06-05,1613,571
NWO-1011,DC_SOUTH,2023-06-12,1233,366
NWO-1011,DC_SOUTH,2023-06-19,1564,408
NWO-1011,DC_SOUTH,2023-06-26,1572,456
NWO-1011,DC_SOUTH,2023-07-03,1228,505
NWO-1011,DC_SOUTH,2023-07-10,951,634
NWO-1011,DC_SOUTH,2023-07-17,1696,549
NWO-1011,DC_SOUTH,2023-07-24,1848,393
NWO-1011,DC_SOUTH,2023-07-31,1257,529
NWO-1011,DC_SOUTH,2023-08-07,1360,469
NWO-1011,DC_SOUTH,2023-08-14,1541,444
NWO-1011,DC_SOUTH,2023-08-21,1160,449
NWO-1011,DC_SOUTH,2023-08-28,1749,695
NWO-1011,DC_SOUTH,2023-09-04,1548,520
NWO-1011,DC_SOUTH,2023-09-11,1628,504
NWO-1011,DC_SOUTH,2023-09-18,951,507
NWO-1011,DC_SOUTH,2023-09-25,1021,402
NWO-1011,DC_SOUTH,2023-10-02,1451,373
NWO-1011,DC_SOUTH,2023-10-09,874,428
NWO-1011,DC_SOUTH,2023-10-16,1067,635
NWO-1011,DC_SOUTH,2023-10-23,1122,354
NWO-1011,DC_SOUTH,2023-10-30,1392,662
NWO-1011,DC_SOUTH,2023-11-06,1788,760
NWO-1011,DC_SOUTH,2023-11-13,2182,741
NWO-1011,DC_SOUTH,2023-11-20,2491,530
NWO-1011,DC_SOUTH,2023-11-27,1451,774
NWO-1011,DC_SOUTH,2023-12-04,1681,592
NWO-1011,DC_SOUTH,2023-12-11,1006,757
NWO-1011,DC_SOUTH,2023-12-18,2176,764
NWO-1011,DC_SOUTH,2023-12-25,1653,272
NWO-1011,DC_SOUTH,2024-01-01,1130,333
NWO-1011,DC_SOUTH,2024-01-08,840,381
NWO-1011,DC_SOUTH,2024-01-15,975,360
NWO-1011,DC_SOUTH,2024-01-22,1251,322
NWO-1011,DC_SOUTH,2024-01-29,941,291
NWO-1011,DC_SOUTH,2024-02-05,1027,328
NWO-1011,DC_SOUTH,2024-02-12,834,333
NWO-1011,DC_SOUTH,2024-02-19,1205,315
NWO-1011,DC_SOUTH,2024-02-26,851,347
NWO-1011,DC_SOUTH,2024-03-04,1010,338
NWO-1011,DC_SOUTH,2024-03-11,1341,517
NWO-1011,DC_SOUTH,2024-03-18,1112,388
NWO-1011,DC_SOUTH,2024-03-25,1445,507
NWO-1011,DC_SOUTH,2024-04-01,1529,565
NWO-1011,DC_SOUTH,2024-04-08,1684,509
NWO-1011,DC_SOUTH,2024-04-15,1300,343
NWO-1011,DC_SOUTH,2024-04-22,1330,493
NWO-1011,DC_SOUTH,2024-04-29,1006,542
NWO-1011,DC_SOUTH,2024-05-06,925,424
NWO-1011,DC_SOUTH,2024-05-13,1539,420
NWO-1011,DC_SOUTH,2024-05-20,1469,348
NWO-1011,DC_SOUTH,2024-05-27,1403,579
NWO-1011,DC_SOUTH,2024-06-03,1816,467
NWO-1011,DC_SOUTH,2024-06-10,1319,657
NWO-1011,DC_SOUTH,2024-06-17,2238,390
NWO-1011,DC_SOUTH,2024-06-24,1588,599
NWO-1011,DC_SOUTH,2024-07-01,1562,561
NWO-1011,DC_SOUTH,2024-07-08,2103,491
NWO-1011,DC_SOUTH,2024-07-15,1809,494
NWO-1011,DC_SOUTH,2024-07-22,1852,567
NWO-1011,DC_SOUTH,2024-07-29,1679,482
NWO-1011,DC_SOUTH,2024-08-05,1110,597
NWO-1011,DC_SOUTH,2024-08-12,1723,501
NWO-1011,DC_SOUTH,2024-08-19,1812,476
NWO-1011,DC_SOUTH,2024-08-26,1340,486
NWO-1011,DC_SOUTH,2024-09-02,1360,492
NWO-1011,DC_SOUTH,2024-09-09,999,474
NWO-1011,DC_SOUTH,2024-09-16,1289,466
NWO-1011,DC_SOUTH,2024-09-23,854,413
NWO-1011,DC_SOUTH,2024-09-30,1261,442
NWO-1011,DC_SOUTH,2024-10-07,1496,601
NWO-1011,DC_SOUTH,2024-10-14,1701,406
NWO-1011,DC_SOUTH,2024-10-21,1124,425
NWO-1011,DC_SOUTH,2024-10-28,1117,734
NWO-1011,DC_SOUTH,2024-11-04,1635,695
NWO-1011,DC_SOUTH,2024-11-11,1916,639
NWO-1011,DC_SOUTH,2024-11-18,2135,687
NWO-1011,DC_SOUTH,2024-11-25,2128,706
NWO-1011,DC_SOUTH,2024-12-02,2031,581
NWO-1011,DC_SOUTH,2024-12-09,1432,751
NWO-1011,DC_SOUTH,2024-12-16,2021,577
NWO-1011,DC_SOUTH,2024-12-23,1548,672
NWO-1011,DC_SOUTH,2024-12-30,1657,405
NWO-1011,DC_SOUTH,2025-01-06,962,536
NWO-1011,DC_SOUTH,2025-01-13,1413,367
NWO-1011,DC_SOUTH,2025-01-20,1046,446
NWO-1011,DC_SOUTH,2025-01-27,1314,455
NWO-1011,DC_SOUTH,2025-02-03,936,395
NWO-1011,DC_SOUTH,2025-02-10,1374,354
NWO-1011,DC_SOUTH,2025-02-17,651,399
NWO-1011,DC_SOUTH,2025-02-24,1530,450
NWO-1011,DC_SOUTH,2025-03-03,1210,365
NWO-1011,DC_SOUTH,2025-03-10,1034,337
NWO-1011,DC_SOUTH,2025-03-17,1124,366
NWO-1011,DC_SOUTH,2025-03-24,1019,423
NWO-1011,DC_SOUTH,2025-03-31,1339,372
NWO-1011,DC_SOUTH,2025-04-07,1172,395
NWO-1011,DC_SOUTH,2025-04-14,1130,392
NWO-1011,DC_SOUTH,2025-04-21,1205,385
NWO-1011,DC_SOUTH,2025-04-28,1455,384
NWO-1011,DC_SOUTH,2025-05-05,1190,585
NWO-1011,DC_SOUTH,2025-05-12,1524,495
NWO-1011,DC_SOUTH,2025-05-19,1570,338
NWO-1011,DC_SOUTH,2025-05-26,1054,442
NWO-1011,DC_SOUTH,2025-06-02,1664,592
NWO-1011,DC_SOUTH,2025-06-09,1289,419
NWO-1011,DC_SOUTH,2025-06-16,1553,697
NWO-1011,DC_SOUTH,2025-06-23,1922,504
NWO-1011,DC_SOUTH,2025-06-30,1628,536
NWO-1011,DC_SOUTH,2025-07-07,1450,514
NWO-1011,DC_SOUTH,2025-07-14,1818,543
NWO-1011,DC_SOUTH,2025-07-21,1221,566
NWO-1011,DC_SOUTH,2025-07-28,1128,423
NWO-1011,DC_SOUTH,2025-08-04,1288,500
NWO-1011,DC_SOUTH,2025-08-11,1107,376
NWO-1011,DC_SOUTH,2025-08-18,1027,457
NWO-1011,DC_SOUTH,2025-08-25,1621,426
NWO-1011,DC_SOUTH,2025-09-01,1347,364
NWO-1011,DC_SOUTH,2025-09-08,1227,440
NWO-1011,DC_SOUTH,2025-09-15,1371,470
NWO-1011,DC_SOUTH,2025-09-22,1417,438
NWO-1011,DC_SOUTH,2025-09-29,961,529
NWO-1011,DC_SOUTH,2025-10-06,1083,516
NWO-1011,DC_SOUTH,2025-10-13,1227,571
NWO-1011,DC_SOUTH,2025-10-20,1132,458
NWO-1011,DC_SOUTH,2025-10-27,1482,586
NWO-1011,DC_SOUTH,2025-11-03,2077,767
NWO-1011,DC_SOUTH,2025-11-10,1850,865
NWO-1011,DC_SOUTH,2025-11-17,1596,736
NWO-1011,DC_SOUTH,2025-11-24,1550,693
NWO-1011,DC_SOUTH,2025-12-01,1957,734
NWO-1011,DC_SOUTH,2025-12-08,1362,567
NWO-1011,DC_SOUTH,2025-12-15,1460,779
NWO-1011,DC_SOUTH,2025-12-22,2227,732
NWO-1011,DC_SOUTH,2025-12-29,2204,475
NWO-1011,DC_SOUTH,2026-01-05,1175,384
NWO-1011,DC_SOUTH,2026-01-12,673,289
NWO-1011,DC_SOUTH,2026-01-19,1156,327
NWO-1011,DC_SOUTH,2026-01-26,1111,398
NWO-1011,DC_SOUTH,2026-02-02,886,377
NWO-1011,DC_SOUTH,2026-02-09,1466,282
NWO-1011,DC_SOUTH,2026-02-16,726,362
NWO-1011,DC_SOUTH,2026-02-23,1078,390
NWO-1011,DC_SOUTH,2026-03-02,1155,456
NWO-1011,DC_SOUTH,2026-03-09,1053,437
NWO-1011,DC_SOUTH,2026-03-16,921,489
NWO-1011,DC_SOUTH,2026-03-23,1519,508
NWO-1011,DC_SOUTH,2026-03-30,1105,332
NWO-1011,DC_SOUTH,2026-04-06,1359,368
NWO-1011,DC_SOUTH,2026-04-13,1389,414
NWO-1011,DC_SOUTH,2026-04-20,752,529
NWO-1011,DC_SOUTH,2026-04-27,1416,490
NWO-1011,DC_SOUTH,2026-05-04,1261,412
NWO-1011,DC_SOUTH,2026-05-11,1051,497
NWO-1011,DC_SOUTH,2026-05-18,1382,399
NWO-1011,DC_SOUTH,2026-05-25,1240,588
NWO-1011,DC_SOUTH,2026-06-01,1301,493
NWO-1011,DC_WEST,2023-06-05,1394,345
NWO-1011,DC_WEST,2023-06-12,1109,411
NWO-1011,DC_WEST,2023-06-19,1208,281
NWO-1011,DC_WEST,2023-06-26,751,475
NWO-1011,DC_WEST,2023-07-03,957,359
NWO-1011,DC_WEST,2023-07-10,889,469
NWO-1011,DC_WEST,2023-07-17,1015,448
NWO-1011,DC_WEST,2023-07-24,1090,384
NWO-1011,DC_WEST,2023-07-31,841,339
NWO-1011,DC_WEST,2023-08-07,806,389
NWO-1011,DC_WEST,2023-08-14,1100,391
NWO-1011,DC_WEST,2023-08-21,1136,290
NWO-1011,DC_WEST,2023-08-28,1044,364
NWO-1011,DC_WEST,2023-09-04,1313,402
NWO-1011,DC_WEST,2023-09-11,757,411
NWO-1011,DC_WEST,2023-09-18,715,285
NWO-1011,DC_WEST,2023-09-25,960,291
NWO-1011,DC_WEST,2023-10-02,897,391
NWO-1011,DC_WEST,2023-10-09,844,342
NWO-1011,DC_WEST,2023-10-16,1006,393
NWO-1011,DC_WEST,2023-10-23,774,390
NWO-1011,DC_WEST,2023-10-30,1383,503
NWO-1011,DC_WEST,2023-11-06,1258,413
NWO-1011,DC_WEST,2023-11-13,1153,346
NWO-1011,DC_WEST,2023-11-20,992,609
NWO-1011,DC_WEST,2023-11-27,1507,471
NWO-1011,DC_WEST,2023-12-04,1381,449
NWO-1011,DC_WEST,2023-12-11,1155,437
NWO-1011,DC_WEST,2023-12-18,993,607
NWO-1011,DC_WEST,2023-12-25,1136,262
NWO-1011,DC_WEST,2024-01-01,648,236
NWO-1011,DC_WEST,2024-01-08,669,282
NWO-1011,DC_WEST,2024-01-15,573,311
NWO-1011,DC_WEST,2024-01-22,666,216
NWO-1011,DC_WEST,2024-01-29,715,254
NWO-1011,DC_WEST,2024-02-05,606,276
NWO-1011,DC_WEST,2024-02-12,1002,220
NWO-1011,DC_WEST,2024-02-19,654,339
NWO-1011,DC_WEST,2024-02-26,979,344
NWO-1011,DC_WEST,2024-03-04,816,359
NWO-1011,DC_WEST,2024-03-11,698,283
NWO-1011,DC_WEST,2024-03-18,965,362
NWO-1011,DC_WEST,2024-03-25,746,467
NWO-1011,DC_WEST,2024-04-01,990,412
NWO-1011,DC_WEST,2024-04-08,840,346
NWO-1011,DC_WEST,2024-04-15,1133,311
NWO-1011,DC_WEST,2024-04-22,1016,553
NWO-1011,DC_WEST,2024-04-29,1472,565
NWO-1011,DC_WEST,2024-05-06,1624,276
NWO-1011,DC_WEST,2024-05-13,670,377
NWO-1011,DC_WEST,2024-05-20,1101,379
NWO-1011,DC_WEST,2024-05-27,895,368
NWO-1011,DC_WEST,2024-06-03,906,343
NWO-1011,DC_WEST,2024-06-10,1121,369
NWO-1011,DC_WEST,2024-06-17,1465,395
NWO-1011,DC_WEST,2024-06-24,1155,407
NWO-1011,DC_WEST,2024-07-01,1301,345
NWO-1011,DC_WEST,2024-07-08,1112,365
NWO-1011,DC_WEST,2024-07-15,1177,430
NWO-1011,DC_WEST,2024-07-22,1346,441
NWO-1011,DC_WEST,2024-07-29,1100,247
NWO-1011,DC_WEST,2024-08-05,851,305
NWO-1011,DC_WEST,2024-08-12,1138,449
NWO-1011,DC_WEST,2024-08-19,1321,453
NWO-1011,DC_WEST,2024-08-26,937,340
NWO-1011,DC_WEST,2024-09-02,805,334
NWO-1011,DC_WEST,2024-09-09,769,424
NWO-1011,DC_WEST,2024-09-16,1129,314
NWO-1011,DC_WEST,2024-09-23,1263,327
NWO-1011,DC_WEST,2024-09-30,791,274
NWO-1011,DC_WEST,2024-10-07,662,381
NWO-1011,DC_WEST,2024-10-14,727,385
NWO-1011,DC_WEST,2024-10-21,1241,426
NWO-1011,DC_WEST,2024-10-28,1012,441
NWO-1011,DC_WEST,2024-11-04,882,472
NWO-1011,DC_WEST,2024-11-11,1049,368
NWO-1011,DC_WEST,2024-11-18,1379,557
NWO-1011,DC_WEST,2024-11-25,1449,439
NWO-1011,DC_WEST,2024-12-02,1253,533
NWO-1011,DC_WEST,2024-12-09,1649,482
NWO-1011,DC_WEST,2024-12-16,1626,386
NWO-1011,DC_WEST,2024-12-23,1048,466
NWO-1011,DC_WEST,2024-12-30,1259,255
NWO-1011,DC_WEST,2025-01-06,707,251
NWO-1011,DC_WEST,2025-01-13,724,280
NWO-1011,DC_WEST,2025-01-20,872,290
NWO-1011,DC_WEST,2025-01-27,783,290
NWO-1011,DC_WEST,2025-02-03,902,259
NWO-1011,DC_WEST,2025-02-10,805,252
NWO-1011,DC_WEST,2025-02-17,865,278
NWO-1011,DC_WEST,2025-02-24,579,248
NWO-1011,DC_WEST,2025-03-03,970,347
NWO-1011,DC_WEST,2025-03-10,1049,267
NWO-1011,DC_WEST,2025-03-17,982,235
NWO-1011,DC_WEST,2025-03-24,778,297
NWO-1011,DC_WEST,2025-03-31,1086,284
NWO-1011,DC_WEST,2025-04-07,1073,348
NWO-1011,DC_WEST,2025-04-14,901,329
NWO-1011,DC_WEST,2025-04-21,928,381
NWO-1011,DC_WEST,2025-04-28,1427,259
NWO-1011,DC_WEST,2025-05-05,747,417
NWO-1011,DC_WEST,2025-05-12,913,237
NWO-1011,DC_WEST,2025-05-19,898,275
NWO-1011,DC_WEST,2025-05-26,727,414
NWO-1011,DC_WEST,2025-06-02,841,446
NWO-1011,DC_WEST,2025-06-09,991,319
NWO-1011,DC_WEST,2025-06-16,990,301
NWO-1011,DC_WEST,2025-06-23,738,370
NWO-1011,DC_WEST,2025-06-30,1332,509
NWO-1011,DC_WEST,2025-07-07,1204,508
NWO-1011,DC_WEST,2025-07-14,1151,345
NWO-1011,DC_WEST,2025-07-21,782,396
NWO-1011,DC_WEST,2025-07-28,1182,418
NWO-1011,DC_WEST,2025-08-04,1326,378
NWO-1011,DC_WEST,2025-08-11,994,359
NWO-1011,DC_WEST,2025-08-18,1138,308
NWO-1011,DC_WEST,2025-08-25,808,425
NWO-1011,DC_WEST,2025-09-01,858,307
NWO-1011,DC_WEST,2025-09-08,1075,449
NWO-1011,DC_WEST,2025-09-15,1256,365
NWO-1011,DC_WEST,2025-09-22,1130,359
NWO-1011,DC_WEST,2025-09-29,1144,459
NWO-1011,DC_WEST,2025-10-06,958,417
NWO-1011,DC_WEST,2025-10-13,737,289
NWO-1011,DC_WEST,2025-10-20,1061,354
NWO-1011,DC_WEST,2025-10-27,1080,522
NWO-1011,DC_WEST,2025-11-03,1524,556
NWO-1011,DC_WEST,2025-11-10,1434,511
NWO-1011,DC_WEST,2025-11-17,902,519
NWO-1011,DC_WEST,2025-11-24,1787,521
NWO-1011,DC_WEST,2025-12-01,1725,627
NWO-1011,DC_WEST,2025-12-08,1805,646
NWO-1011,DC_WEST,2025-12-15,1396,612
NWO-1011,DC_WEST,2025-12-22,1625,479
NWO-1011,DC_WEST,2025-12-29,1387,248
NWO-1011,DC_WEST,2026-01-05,799,361
NWO-1011,DC_WEST,2026-01-12,757,299
NWO-1011,DC_WEST,2026-01-19,1006,285
NWO-1011,DC_WEST,2026-01-26,614,286
NWO-1011,DC_WEST,2026-02-02,1022,266
NWO-1011,DC_WEST,2026-02-09,999,252
NWO-1011,DC_WEST,2026-02-16,650,204
NWO-1011,DC_WEST,2026-02-23,750,306
NWO-1011,DC_WEST,2026-03-02,877,228
NWO-1011,DC_WEST,2026-03-09,751,234
NWO-1011,DC_WEST,2026-03-16,962,298
NWO-1011,DC_WEST,2026-03-23,1135,405
NWO-1011,DC_WEST,2026-03-30,1124,452
NWO-1011,DC_WEST,2026-04-06,1576,355
NWO-1011,DC_WEST,2026-04-13,1024,348
NWO-1011,DC_WEST,2026-04-20,708,431
NWO-1011,DC_WEST,2026-04-27,1098,395
NWO-1011,DC_WEST,2026-05-04,1080,412
NWO-1011,DC_WEST,2026-05-11,986,325
NWO-1011,DC_WEST,2026-05-18,688,375
NWO-1011,DC_WEST,2026-05-25,1108,513
NWO-1011,DC_WEST,2026-06-01,1046,390
NWO-1012,DC_NORTH,2023-06-05,462,227
NWO-1012,DC_NORTH,2023-06-12,441,219
NWO-1012,DC_NORTH,2023-06-19,713,267
NWO-1012,DC_NORTH,2023-06-26,752,240
NWO-1012,DC_NORTH,2023-07-03,546,228
NWO-1012,DC_NORTH,2023-07-10,770,290
NWO-1012,DC_NORTH,2023-07-17,967,262
NWO-1012,DC_NORTH,2023-07-24,741,250
NWO-1012,DC_NORTH,2023-07-31,851,279
NWO-1012,DC_NORTH,2023-08-07,570,332
NWO-1012,DC_NORTH,2023-08-14,980,273
NWO-1012,DC_NORTH,2023-08-21,628,180
NWO-1012,DC_NORTH,2023-08-28,625,210
NWO-1012,DC_NORTH,2023-09-04,642,241
NWO-1012,DC_NORTH,2023-09-11,434,179
NWO-1012,DC_NORTH,2023-09-18,413,343
NWO-1012,DC_NORTH,2023-09-25,745,284
NWO-1012,DC_NORTH,2023-10-02,713,229
NWO-1012,DC_NORTH,2023-10-09,518,249
NWO-1012,DC_NORTH,2023-10-16,745,200
NWO-1012,DC_NORTH,2023-10-23,765,249
NWO-1012,DC_NORTH,2023-10-30,764,272
NWO-1012,DC_NORTH,2023-11-06,661,276
NWO-1012,DC_NORTH,2023-11-13,1030,284
NWO-1012,DC_NORTH,2023-11-20,544,245
NWO-1012,DC_NORTH,2023-11-27,541,328
NWO-1012,DC_NORTH,2023-12-04,1020,260
NWO-1012,DC_NORTH,2023-12-11,838,383
NWO-1012,DC_NORTH,2023-12-18,761,403
NWO-1012,DC_NORTH,2023-12-25,1148,151
NWO-1012,DC_NORTH,2024-01-01,420,218
NWO-1012,DC_NORTH,2024-01-08,492,161
NWO-1012,DC_NORTH,2024-01-15,492,193
NWO-1012,DC_NORTH,2024-01-22,563,149
NWO-1012,DC_NORTH,2024-01-29,417,164
NWO-1012,DC_NORTH,2024-02-05,415,160
NWO-1012,DC_NORTH,2024-02-12,456,184
NWO-1012,DC_NORTH,2024-02-19,530,177
NWO-1012,DC_NORTH,2024-02-26,558,171
NWO-1012,DC_NORTH,2024-03-04,484,173
NWO-1012,DC_NORTH,2024-03-11,632,158
NWO-1012,DC_NORTH,2024-03-18,387,191
NWO-1012,DC_NORTH,2024-03-25,363,203
NWO-1012,DC_NORTH,2024-04-01,744,199
NWO-1012,DC_NORTH,2024-04-08,583,263
NWO-1012,DC_NORTH,2024-04-15,765,217
NWO-1012,DC_NORTH,2024-04-22,516,206
NWO-1012,DC_NORTH,2024-04-29,535,251
NWO-1012,DC_NORTH,2024-05-06,769,213
NWO-1012,DC_NORTH,2024-05-13,517,268
NWO-1012,DC_NORTH,2024-05-20,720,234
NWO-1012,DC_NORTH,2024-05-27,697,287
NWO-1012,DC_NORTH,2024-06-03,876,296
NWO-1012,DC_NORTH,2024-06-10,533,211
NWO-1012,DC_NORTH,2024-06-17,533,363
NWO-1012,DC_NORTH,2024-06-24,971,276
NWO-1012,DC_NORTH,2024-07-01,931,310
NWO-1012,DC_NORTH,2024-07-08,916,335
NWO-1012,DC_NORTH,2024-07-15,1168,279
NWO-1012,DC_NORTH,2024-07-22,853,243
NWO-1012,DC_NORTH,2024-07-29,679,165
NWO-1012,DC_NORTH,2024-08-05,611,199
NWO-1012,DC_NORTH,2024-08-12,502,193
NWO-1012,DC_NORTH,2024-08-19,551,195
NWO-1012,DC_NORTH,2024-08-26,594,242
NWO-1012,DC_NORTH,2024-09-02,746,264
NWO-1012,DC_NORTH,2024-09-09,677,196
NWO-1012,DC_NORTH,2024-09-16,642,240
NWO-1012,DC_NORTH,2024-09-23,624,230
NWO-1012,DC_NORTH,2024-09-30,545,239
NWO-1012,DC_NORTH,2024-10-07,664,238
NWO-1012,DC_NORTH,2024-10-14,754,154
NWO-1012,DC_NORTH,2024-10-21,515,273
NWO-1012,DC_NORTH,2024-10-28,678,268
NWO-1012,DC_NORTH,2024-11-04,709,278
NWO-1012,DC_NORTH,2024-11-11,698,356
NWO-1012,DC_NORTH,2024-11-18,969,329
NWO-1012,DC_NORTH,2024-11-25,1151,401
NWO-1012,DC_NORTH,2024-12-02,888,364
NWO-1012,DC_NORTH,2024-12-09,1281,289
NWO-1012,DC_NORTH,2024-12-16,653,496
NWO-1012,DC_NORTH,2024-12-23,1388,364
NWO-1012,DC_NORTH,2024-12-30,1385,152
NWO-1012,DC_NORTH,2025-01-06,387,171
NWO-1012,DC_NORTH,2025-01-13,567,259
NWO-1012,DC_NORTH,2025-01-20,578,197
NWO-1012,DC_NORTH,2025-01-27,465,200
NWO-1012,DC_NORTH,2025-02-03,455,272
NWO-1012,DC_NORTH,2025-02-10,713,152
NWO-1012,DC_NORTH,2025-02-17,381,246
NWO-1012,DC_NORTH,2025-02-24,653,182
NWO-1012,DC_NORTH,2025-03-03,443,273
NWO-1012,DC_NORTH,2025-03-10,660,168
NWO-1012,DC_NORTH,2025-03-17,663,263
NWO-1012,DC_NORTH,2025-03-24,794,193
NWO-1012,DC_NORTH,2025-03-31,538,207
NWO-1012,DC_NORTH,2025-04-07,736,243
NWO-1012,DC_NORTH,2025-04-14,654,245
NWO-1012,DC_NORTH,2025-04-21,462,268
NWO-1012,DC_NORTH,2025-04-28,757,199
NWO-1012,DC_NORTH,2025-05-05,565,227
NWO-1012,DC_NORTH,2025-05-12,835,272
NWO-1012,DC_NORTH,2025-05-19,760,255
NWO-1012,DC_NORTH,2025-05-26,582,299
NWO-1012,DC_NORTH,2025-06-02,724,311
NWO-1012,DC_NORTH,2025-06-09,829,259
NWO-1012,DC_NORTH,2025-06-16,1055,201
NWO-1012,DC_NORTH,2025-06-23,608,325
NWO-1012,DC_NORTH,2025-06-30,1017,293
NWO-1012,DC_NORTH,2025-07-07,995,296
NWO-1012,DC_NORTH,2025-07-14,803,312
NWO-1012,DC_NORTH,2025-07-21,953,319
NWO-1012,DC_NORTH,2025-07-28,948,238
NWO-1012,DC_NORTH,2025-08-04,768,315
NWO-1012,DC_NORTH,2025-08-11,658,293
NWO-1012,DC_NORTH,2025-08-18,798,279
NWO-1012,DC_NORTH,2025-08-25,613,258
NWO-1012,DC_NORTH,2025-09-01,516,237
NWO-1012,DC_NORTH,2025-09-08,610,243
NWO-1012,DC_NORTH,2025-09-15,692,259
NWO-1012,DC_NORTH,2025-09-22,813,289
NWO-1012,DC_NORTH,2025-09-29,833,312
NWO-1012,DC_NORTH,2025-10-06,771,252
NWO-1012,DC_NORTH,2025-10-13,1011,258
NWO-1012,DC_NORTH,2025-10-20,902,208
NWO-1012,DC_NORTH,2025-10-27,763,363
NWO-1012,DC_NORTH,2025-11-03,921,316
NWO-1012,DC_NORTH,2025-11-10,826,427
NWO-1012,DC_NORTH,2025-11-17,1171,347
NWO-1012,DC_NORTH,2025-11-24,915,539
NWO-1012,DC_NORTH,2025-12-01,1156,430
NWO-1012,DC_NORTH,2025-12-08,901,351
NWO-1012,DC_NORTH,2025-12-15,1093,308
NWO-1012,DC_NORTH,2025-12-22,707,418
NWO-1012,DC_NORTH,2025-12-29,1086,201
NWO-1012,DC_NORTH,2026-01-05,805,280
NWO-1012,DC_NORTH,2026-01-12,892,200
NWO-1012,DC_NORTH,2026-01-19,559,168
NWO-1012,DC_NORTH,2026-01-26,631,211
NWO-1012,DC_NORTH,2026-02-02,524,204
NWO-1012,DC_NORTH,2026-02-09,600,240
NWO-1012,DC_NORTH,2026-02-16,548,191
NWO-1012,DC_NORTH,2026-02-23,764,294
NWO-1012,DC_NORTH,2026-03-02,872,291
NWO-1012,DC_NORTH,2026-03-09,763,224
NWO-1012,DC_NORTH,2026-03-16,721,351
NWO-1012,DC_NORTH,2026-03-23,767,234
NWO-1012,DC_NORTH,2026-03-30,874,280
NWO-1012,DC_NORTH,2026-04-06,560,291
NWO-1012,DC_NORTH,2026-04-13,742,246
NWO-1012,DC_NORTH,2026-04-20,444,247
NWO-1012,DC_NORTH,2026-04-27,477,272
NWO-1012,DC_NORTH,2026-05-04,682,372
NWO-1012,DC_NORTH,2026-05-11,873,298
NWO-1012,DC_NORTH,2026-05-18,729,297
NWO-1012,DC_NORTH,2026-05-25,729,281
NWO-1012,DC_NORTH,2026-06-01,1128,372
NWO-1012,DC_SOUTH,2023-06-05,1903,503
NWO-1012,DC_SOUTH,2023-06-12,1794,430
NWO-1012,DC_SOUTH,2023-06-19,939,591
NWO-1012,DC_SOUTH,2023-06-26,1167,601
NWO-1012,DC_SOUTH,2023-07-03,1545,664
NWO-1012,DC_SOUTH,2023-07-10,1878,633
NWO-1012,DC_SOUTH,2023-07-17,2009,588
NWO-1012,DC_SOUTH,2023-07-24,1612,577
NWO-1012,DC_SOUTH,2023-07-31,1441,520
NWO-1012,DC_SOUTH,2023-08-07,1303,620
NWO-1012,DC_SOUTH,2023-08-14,1905,666
NWO-1012,DC_SOUTH,2023-08-21,1373,495
NWO-1012,DC_SOUTH,2023-08-28,1244,578
NWO-1012,DC_SOUTH,2023-09-04,1272,737
NWO-1012,DC_SOUTH,2023-09-11,1421,512
NWO-1012,DC_SOUTH,2023-09-18,1885,448
NWO-1012,DC_SOUTH,2023-09-25,1814,361
NWO-1012,DC_SOUTH,2023-10-02,1520,653
NWO-1012,DC_SOUTH,2023-10-09,1924,669
NWO-1012,DC_SOUTH,2023-10-16,1397,746
NWO-1012,DC_SOUTH,2023-10-23,2038,526
NWO-1012,DC_SOUTH,2023-10-30,1143,780
NWO-1012,DC_SOUTH,2023-11-06,1820,949
NWO-1012,DC_SOUTH,2023-11-13,1956,877
NWO-1012,DC_SOUTH,2023-11-20,2653,661
NWO-1012,DC_SOUTH,2023-11-27,2292,762
NWO-1012,DC_SOUTH,2023-12-04,1763,988
NWO-1012,DC_SOUTH,2023-12-11,2512,789
NWO-1012,DC_SOUTH,2023-12-18,1611,708
NWO-1012,DC_SOUTH,2023-12-25,2890,535
NWO-1012,DC_SOUTH,2024-01-01,1472,389
NWO-1012,DC_SOUTH,2024-01-08,1274,485
NWO-1012,DC_SOUTH,2024-01-15,1562,512
NWO-1012,DC_SOUTH,2024-01-22,1276,675
NWO-1012,DC_SOUTH,2024-01-29,1953,511
NWO-1012,DC_SOUTH,2024-02-05,1843,400
NWO-1012,DC_SOUTH,2024-02-12,1276,594
NWO-1012,DC_SOUTH,2024-02-19,1275,533
NWO-1012,DC_SOUTH,2024-02-26,1315,455
NWO-1012,DC_SOUTH,2024-03-04,1342,491
NWO-1012,DC_SOUTH,2024-03-11,1384,708
NWO-1012,DC_SOUTH,2024-03-18,1450,519
NWO-1012,DC_SOUTH,2024-03-25,1267,588
NWO-1012,DC_SOUTH,2024-04-01,1339,718
NWO-1012,DC_SOUTH,2024-04-08,1811,609
NWO-1012,DC_SOUTH,2024-04-15,1671,782
NWO-1012,DC_SOUTH,2024-04-22,1732,603
NWO-1012,DC_SOUTH,2024-04-29,1437,633
NWO-1012,DC_SOUTH,2024-05-06,1236,538
NWO-1012,DC_SOUTH,2024-05-13,1322,569
NWO-1012,DC_SOUTH,2024-05-20,1500,469
NWO-1012,DC_SOUTH,2024-05-27,1892,564
NWO-1012,DC_SOUTH,2024-06-03,1735,633
NWO-1012,DC_SOUTH,2024-06-10,1564,781
NWO-1012,DC_SOUTH,2024-06-17,2037,649
NWO-1012,DC_SOUTH,2024-06-24,1500,737
NWO-1012,DC_SOUTH,2024-07-01,1907,660
NWO-1012,DC_SOUTH,2024-07-08,2006,646
NWO-1012,DC_SOUTH,2024-07-15,2426,623
NWO-1012,DC_SOUTH,2024-07-22,1631,660
NWO-1012,DC_SOUTH,2024-07-29,1816,631
NWO-1012,DC_SOUTH,2024-08-05,2422,806
NWO-1012,DC_SOUTH,2024-08-12,1646,633
NWO-1012,DC_SOUTH,2024-08-19,1552,574
NWO-1012,DC_SOUTH,2024-08-26,1344,775
NWO-1012,DC_SOUTH,2024-09-02,1823,500
NWO-1012,DC_SOUTH,2024-09-09,1380,613
NWO-1012,DC_SOUTH,2024-09-16,1642,533
NWO-1012,DC_SOUTH,2024-09-23,1492,554
NWO-1012,DC_SOUTH,2024-09-30,1800,812
NWO-1012,DC_SOUTH,2024-10-07,2316,724
NWO-1012,DC_SOUTH,2024-10-14,1788,624
NWO-1012,DC_SOUTH,2024-10-21,2321,943
NWO-1012,DC_SOUTH,2024-10-28,2861,1145
NWO-1012,DC_SOUTH,2024-11-04,3343,1015
NWO-1012,DC_SOUTH,2024-11-11,2895,815
NWO-1012,DC_SOUTH,2024-11-18,2302,1018
NWO-1012,DC_SOUTH,2024-11-25,2800,908
NWO-1012,DC_SOUTH,2024-12-02,2390,1146
NWO-1012,DC_SOUTH,2024-12-09,2513,977
NWO-1012,DC_SOUTH,2024-12-16,2400,827
NWO-1012,DC_SOUTH,2024-12-23,2710,819
NWO-1012,DC_SOUTH,2024-12-30,2749,466
NWO-1012,DC_SOUTH,2025-01-06,1064,643
NWO-1012,DC_SOUTH,2025-01-13,1366,678
NWO-1012,DC_SOUTH,2025-01-20,1446,495
NWO-1012,DC_SOUTH,2025-01-27,1920,477
NWO-1012,DC_SOUTH,2025-02-03,1295,666
NWO-1012,DC_SOUTH,2025-02-10,1749,519
NWO-1012,DC_SOUTH,2025-02-17,1475,712
NWO-1012,DC_SOUTH,2025-02-24,1391,504
NWO-1012,DC_SOUTH,2025-03-03,1721,455
NWO-1012,DC_SOUTH,2025-03-10,1973,670
NWO-1012,DC_SOUTH,2025-03-17,1745,518
NWO-1012,DC_SOUTH,2025-03-24,1170,692
NWO-1012,DC_SOUTH,2025-03-31,2070,721
NWO-1012,DC_SOUTH,2025-04-07,1778,497
NWO-1012,DC_SOUTH,2025-04-14,1225,626
NWO-1012,DC_SOUTH,2025-04-21,1935,720
NWO-1012,DC_SOUTH,2025-04-28,1384,794
NWO-1012,DC_SOUTH,2025-05-05,2138,659
NWO-1012,DC_SOUTH,2025-05-12,2059,834
NWO-1012,DC_SOUTH,2025-05-19,1782,409
NWO-1012,DC_SOUTH,2025-05-26,1130,760
NWO-1012,DC_SOUTH,2025-06-02,1672,566
NWO-1012,DC_SOUTH,2025-06-09,1636,698
NWO-1012,DC_SOUTH,2025-06-16,1595,723
NWO-1012,DC_SOUTH,2025-06-23,2466,824
NWO-1012,DC_SOUTH,2025-06-30,1742,1016
NWO-1012,DC_SOUTH,2025-07-07,2885,1024
NWO-1012,DC_SOUTH,2025-07-14,2667,646
NWO-1012,DC_SOUTH,2025-07-21,1987,971
NWO-1012,DC_SOUTH,2025-07-28,1935,796
NWO-1012,DC_SOUTH,2025-08-04,2669,815
NWO-1012,DC_SOUTH,2025-08-11,1755,608
NWO-1012,DC_SOUTH,2025-08-18,1421,745
NWO-1012,DC_SOUTH,2025-08-25,2171,615
NWO-1012,DC_SOUTH,2025-09-01,1862,863
NWO-1012,DC_SOUTH,2025-09-08,2536,1273
NWO-1012,DC_SOUTH,2025-09-15,3430,766
NWO-1012,DC_SOUTH,2025-09-22,2579,992
NWO-1012,DC_SOUTH,2025-09-29,2694,992
NWO-1012,DC_SOUTH,2025-10-06,2607,577
NWO-1012,DC_SOUTH,2025-10-13,1775,631
NWO-1012,DC_SOUTH,2025-10-20,2537,752
NWO-1012,DC_SOUTH,2025-10-27,2381,1143
NWO-1012,DC_SOUTH,2025-11-03,3417,1200
NWO-1012,DC_SOUTH,2025-11-10,2320,1371
NWO-1012,DC_SOUTH,2025-11-17,2792,1005
NWO-1012,DC_SOUTH,2025-11-24,2750,859
NWO-1012,DC_SOUTH,2025-12-01,1991,1277
NWO-1012,DC_SOUTH,2025-12-08,2287,1178
NWO-1012,DC_SOUTH,2025-12-15,3611,972
NWO-1012,DC_SOUTH,2025-12-22,3592,876
NWO-1012,DC_SOUTH,2025-12-29,3688,587
NWO-1012,DC_SOUTH,2026-01-05,1797,627
NWO-1012,DC_SOUTH,2026-01-12,1546,674
NWO-1012,DC_SOUTH,2026-01-19,1222,540
NWO-1012,DC_SOUTH,2026-01-26,1524,634
NWO-1012,DC_SOUTH,2026-02-02,1508,598
NWO-1012,DC_SOUTH,2026-02-09,1766,588
NWO-1012,DC_SOUTH,2026-02-16,1532,711
NWO-1012,DC_SOUTH,2026-02-23,1759,709
NWO-1012,DC_SOUTH,2026-03-02,1764,657
NWO-1012,DC_SOUTH,2026-03-09,2204,591
NWO-1012,DC_SOUTH,2026-03-16,2037,683
NWO-1012,DC_SOUTH,2026-03-23,1658,812
NWO-1012,DC_SOUTH,2026-03-30,2126,945
NWO-1012,DC_SOUTH,2026-04-06,2688,493
NWO-1012,DC_SOUTH,2026-04-13,1710,631
NWO-1012,DC_SOUTH,2026-04-20,2059,574
NWO-1012,DC_SOUTH,2026-04-27,1374,788
NWO-1012,DC_SOUTH,2026-05-04,2117,1013
NWO-1012,DC_SOUTH,2026-05-11,2340,564
NWO-1012,DC_SOUTH,2026-05-18,1847,852
NWO-1012,DC_SOUTH,2026-05-25,3272,1325
NWO-1012,DC_SOUTH,2026-06-01,2905,1107
NWO-1012,DC_WEST,2023-06-05,1037,402
NWO-1012,DC_WEST,2023-06-12,1241,368
NWO-1012,DC_WEST,2023-06-19,1200,393
NWO-1012,DC_WEST,2023-06-26,722,429
NWO-1012,DC_WEST,2023-07-03,1208,496
NWO-1012,DC_WEST,2023-07-10,1152,456
NWO-1012,DC_WEST,2023-07-17,1018,572
NWO-1012,DC_WEST,2023-07-24,1582,500
NWO-1012,DC_WEST,2023-07-31,1229,368
NWO-1012,DC_WEST,2023-08-07,1321,383
NWO-1012,DC_WEST,2023-08-14,1158,464
NWO-1012,DC_WEST,2023-08-21,1005,321
NWO-1012,DC_WEST,2023-08-28,1146,275
NWO-1012,DC_WEST,2023-09-04,632,324
NWO-1012,DC_WEST,2023-09-11,886,418
NWO-1012,DC_WEST,2023-09-18,903,551
NWO-1012,DC_WEST,2023-09-25,1524,523
NWO-1012,DC_WEST,2023-10-02,1222,517
NWO-1012,DC_WEST,2023-10-09,1285,599
NWO-1012,DC_WEST,2023-10-16,1401,388
NWO-1012,DC_WEST,2023-10-23,1051,357
NWO-1012,DC_WEST,2023-10-30,1078,545
NWO-1012,DC_WEST,2023-11-06,1749,594
NWO-1012,DC_WEST,2023-11-13,1486,542
NWO-1012,DC_WEST,2023-11-20,1554,542
NWO-1012,DC_WEST,2023-11-27,1268,538
NWO-1012,DC_WEST,2023-12-04,1883,532
NWO-1012,DC_WEST,2023-12-11,1832,618
NWO-1012,DC_WEST,2023-12-18,2497,665
NWO-1012,DC_WEST,2023-12-25,1978,413
NWO-1012,DC_WEST,2024-01-01,1192,299
NWO-1012,DC_WEST,2024-01-08,648,319
NWO-1012,DC_WEST,2024-01-15,900,361
NWO-1012,DC_WEST,2024-01-22,1020,392
NWO-1012,DC_WEST,2024-01-29,1014,411
NWO-1012,DC_WEST,2024-02-05,1281,382
NWO-1012,DC_WEST,2024-02-12,925,306
NWO-1012,DC_WEST,2024-02-19,1021,320
NWO-1012,DC_WEST,2024-02-26,1277,461
NWO-1012,DC_WEST,2024-03-04,1016,465
NWO-1012,DC_WEST,2024-03-11,1358,404
NWO-1012,DC_WEST,2024-03-18,1406,407
NWO-1012,DC_WEST,2024-03-25,1269,460
NWO-1012,DC_WEST,2024-04-01,1404,484
NWO-1012,DC_WEST,2024-04-08,1485,413
NWO-1012,DC_WEST,2024-04-15,1419,448
NWO-1012,DC_WEST,2024-04-22,1055,495
NWO-1012,DC_WEST,2024-04-29,1078,654
NWO-1012,DC_WEST,2024-05-06,1927,536
NWO-1012,DC_WEST,2024-05-13,1303,503
NWO-1012,DC_WEST,2024-05-20,1220,475
NWO-1012,DC_WEST,2024-05-27,1252,555
NWO-1012,DC_WEST,2024-06-03,1097,642
NWO-1012,DC_WEST,2024-06-10,1307,462
NWO-1012,DC_WEST,2024-06-17,1815,535
NWO-1012,DC_WEST,2024-06-24,1854,544
NWO-1012,DC_WEST,2024-07-01,1808,490
NWO-1012,DC_WEST,2024-07-08,1982,532
NWO-1012,DC_WEST,2024-07-15,1190,719
NWO-1012,DC_WEST,2024-07-22,1486,689
NWO-1012,DC_WEST,2024-07-29,2133,772
NWO-1012,DC_WEST,2024-08-05,1837,395
NWO-1012,DC_WEST,2024-08-12,1246,508
NWO-1012,DC_WEST,2024-08-19,1128,401
NWO-1012,DC_WEST,2024-08-26,1596,374
NWO-1012,DC_WEST,2024-09-02,1059,423
NWO-1012,DC_WEST,2024-09-09,1035,618
NWO-1012,DC_WEST,2024-09-16,1264,454
NWO-1012,DC_WEST,2024-09-23,1130,519
NWO-1012,DC_WEST,2024-09-30,1016,402
NWO-1012,DC_WEST,2024-10-07,1170,529
NWO-1012,DC_WEST,2024-10-14,1330,526
NWO-1012,DC_WEST,2024-10-21,1484,569
NWO-1012,DC_WEST,2024-10-28,1037,613
NWO-1012,DC_WEST,2024-11-04,1530,804
NWO-1012,DC_WEST,2024-11-11,1882,775
NWO-1012,DC_WEST,2024-11-18,1650,664
NWO-1012,DC_WEST,2024-11-25,2138,615
NWO-1012,DC_WEST,2024-12-02,2136,777
NWO-1012,DC_WEST,2024-12-09,2193,736
NWO-1012,DC_WEST,2024-12-16,1781,625
NWO-1012,DC_WEST,2024-12-23,2047,716
NWO-1012,DC_WEST,2024-12-30,2066,512
NWO-1012,DC_WEST,2025-01-06,1358,419
NWO-1012,DC_WEST,2025-01-13,1361,331
NWO-1012,DC_WEST,2025-01-20,1076,535
NWO-1012,DC_WEST,2025-01-27,1452,280
NWO-1012,DC_WEST,2025-02-03,1120,407
NWO-1012,DC_WEST,2025-02-10,1252,423
NWO-1012,DC_WEST,2025-02-17,1143,488
NWO-1012,DC_WEST,2025-02-24,1232,573
NWO-1012,DC_WEST,2025-03-03,1387,410
NWO-1012,DC_WEST,2025-03-10,1094,327
NWO-1012,DC_WEST,2025-03-17,951,360
NWO-1012,DC_WEST,2025-03-24,1070,588
NWO-1012,DC_WEST,2025-03-31,1921,554
NWO-1012,DC_WEST,2025-04-07,1468,519
NWO-1012,DC_WEST,2025-04-14,1422,497
NWO-1012,DC_WEST,2025-04-21,1486,676
NWO-1012,DC_WEST,2025-04-28,1729,493
NWO-1012,DC_WEST,2025-05-05,1673,555
NWO-1012,DC_WEST,2025-05-12,2063,425
NWO-1012,DC_WEST,2025-05-19,1052,479
NWO-1012,DC_WEST,2025-05-26,1932,685
NWO-1012,DC_WEST,2025-06-02,2199,752
NWO-1012,DC_WEST,2025-06-09,1384,490
NWO-1012,DC_WEST,2025-06-16,1756,758
NWO-1012,DC_WEST,2025-06-23,2229,598
NWO-1012,DC_WEST,2025-06-30,1320,613
NWO-1012,DC_WEST,2025-07-07,1556,615
NWO-1012,DC_WEST,2025-07-14,1512,545
NWO-1012,DC_WEST,2025-07-21,1858,534
NWO-1012,DC_WEST,2025-07-28,2031,597
NWO-1012,DC_WEST,2025-08-04,2118,655
NWO-1012,DC_WEST,2025-08-11,1619,529
NWO-1012,DC_WEST,2025-08-18,1907,564
NWO-1012,DC_WEST,2025-08-25,1966,457
NWO-1012,DC_WEST,2025-09-01,1537,515
NWO-1012,DC_WEST,2025-09-08,1587,677
NWO-1012,DC_WEST,2025-09-15,1525,572
NWO-1012,DC_WEST,2025-09-22,1971,644
NWO-1012,DC_WEST,2025-09-29,1264,532
NWO-1012,DC_WEST,2025-10-06,1081,557
NWO-1012,DC_WEST,2025-10-13,1206,665
NWO-1012,DC_WEST,2025-10-20,1820,547
NWO-1012,DC_WEST,2025-10-27,1914,782
NWO-1012,DC_WEST,2025-11-03,2052,652
NWO-1012,DC_WEST,2025-11-10,2342,727
NWO-1012,DC_WEST,2025-11-17,1748,866
NWO-1012,DC_WEST,2025-11-24,2037,737
NWO-1012,DC_WEST,2025-12-01,2698,655
NWO-1012,DC_WEST,2025-12-08,2234,723
NWO-1012,DC_WEST,2025-12-15,2497,662
NWO-1012,DC_WEST,2025-12-22,2113,644
NWO-1012,DC_WEST,2025-12-29,1503,541
NWO-1012,DC_WEST,2026-01-05,1234,370
NWO-1012,DC_WEST,2026-01-12,1145,394
NWO-1012,DC_WEST,2026-01-19,1006,377
NWO-1012,DC_WEST,2026-01-26,1212,447
NWO-1012,DC_WEST,2026-02-02,1351,555
NWO-1012,DC_WEST,2026-02-09,1215,530
NWO-1012,DC_WEST,2026-02-16,1281,631
NWO-1012,DC_WEST,2026-02-23,1387,402
NWO-1012,DC_WEST,2026-03-02,831,583
NWO-1012,DC_WEST,2026-03-09,1330,569
NWO-1012,DC_WEST,2026-03-16,1630,444
NWO-1012,DC_WEST,2026-03-23,1645,584
NWO-1012,DC_WEST,2026-03-30,1920,425
NWO-1012,DC_WEST,2026-04-06,995,505
NWO-1012,DC_WEST,2026-04-13,1479,425
NWO-1012,DC_WEST,2026-04-20,1496,668
NWO-1012,DC_WEST,2026-04-27,1857,560
NWO-1012,DC_WEST,2026-05-04,1397,793
NWO-1012,DC_WEST,2026-05-11,1970,777
NWO-1012,DC_WEST,2026-05-18,2176,525
NWO-1012,DC_WEST,2026-05-25,1572,565
NWO-1012,DC_WEST,2026-06-01,1940,726
NWO-1013,DC_NORTH,2023-06-05,1404,279
NWO-1013,DC_NORTH,2023-06-12,751,362
NWO-1013,DC_NORTH,2023-06-19,816,387
NWO-1013,DC_NORTH,2023-06-26,878,342
NWO-1013,DC_NORTH,2023-07-03,1013,426
NWO-1013,DC_NORTH,2023-07-10,1219,322
NWO-1013,DC_NORTH,2023-07-17,624,397
NWO-1013,DC_NORTH,2023-07-24,832,308
NWO-1013,DC_NORTH,2023-07-31,747,431
NWO-1013,DC_NORTH,2023-08-07,1137,463
NWO-1013,DC_NORTH,2023-08-14,1363,344
NWO-1013,DC_NORTH,2023-08-21,978,344
NWO-1013,DC_NORTH,2023-08-28,895,398
NWO-1013,DC_NORTH,2023-09-04,1044,315
NWO-1013,DC_NORTH,2023-09-11,714,320
NWO-1013,DC_NORTH,2023-09-18,881,258
NWO-1013,DC_NORTH,2023-09-25,795,389
NWO-1013,DC_NORTH,2023-10-02,837,297
NWO-1013,DC_NORTH,2023-10-09,701,335
NWO-1013,DC_NORTH,2023-10-16,918,416
NWO-1013,DC_NORTH,2023-10-23,987,493
NWO-1013,DC_NORTH,2023-10-30,1065,414
NWO-1013,DC_NORTH,2023-11-06,1337,446
NWO-1013,DC_NORTH,2023-11-13,1178,505
NWO-1013,DC_NORTH,2023-11-20,1325,529
NWO-1013,DC_NORTH,2023-11-27,1833,599
NWO-1013,DC_NORTH,2023-12-04,1602,657
NWO-1013,DC_NORTH,2023-12-11,1708,415
NWO-1013,DC_NORTH,2023-12-18,1226,487
NWO-1013,DC_NORTH,2023-12-25,1540,262
NWO-1013,DC_NORTH,2024-01-01,987,203
NWO-1013,DC_NORTH,2024-01-08,747,289
NWO-1013,DC_NORTH,2024-01-15,931,292
NWO-1013,DC_NORTH,2024-01-22,909,286
NWO-1013,DC_NORTH,2024-01-29,918,224
NWO-1013,DC_NORTH,2024-02-05,456,244
NWO-1013,DC_NORTH,2024-02-12,740,354
NWO-1013,DC_NORTH,2024-02-19,999,375
NWO-1013,DC_NORTH,2024-02-26,1096,390
NWO-1013,DC_NORTH,2024-03-04,811,335
NWO-1013,DC_NORTH,2024-03-11,871,455
NWO-1013,DC_NORTH,2024-03-18,1245,317
NWO-1013,DC_NORTH,2024-03-25,862,285
NWO-1013,DC_NORTH,2024-04-01,973,246
NWO-1013,DC_NORTH,2024-04-08,704,346
NWO-1013,DC_NORTH,2024-04-15,957,365
NWO-1013,DC_NORTH,2024-04-22,977,294
NWO-1013,DC_NORTH,2024-04-29,813,460
NWO-1013,DC_NORTH,2024-05-06,1014,425
NWO-1013,DC_NORTH,2024-05-13,1213,351
NWO-1013,DC_NORTH,2024-05-20,893,405
NWO-1013,DC_NORTH,2024-05-27,764,358
NWO-1013,DC_NORTH,2024-06-03,1232,346
NWO-1013,DC_NORTH,2024-06-10,1239,382
NWO-1013,DC_NORTH,2024-06-17,938,297
NWO-1013,DC_NORTH,2024-06-24,923,352
NWO-1013,DC_NORTH,2024-07-01,1120,382
NWO-1013,DC_NORTH,2024-07-08,1125,322
NWO-1013,DC_NORTH,2024-07-15,1137,311
NWO-1013,DC_NORTH,2024-07-22,984,411
NWO-1013,DC_NORTH,2024-07-29,1445,304
NWO-1013,DC_NORTH,2024-08-05,767,537
NWO-1013,DC_NORTH,2024-08-12,1178,472
NWO-1013,DC_NORTH,2024-08-19,1123,495
NWO-1013,DC_NORTH,2024-08-26,1398,292
NWO-1013,DC_NORTH,2024-09-02,786,416
NWO-1013,DC_NORTH,2024-09-09,913,266
NWO-1013,DC_NORTH,2024-09-16,863,322
NWO-1013,DC_NORTH,2024-09-23,788,279
NWO-1013,DC_NORTH,2024-09-30,714,368
NWO-1013,DC_NORTH,2024-10-07,900,493
NWO-1013,DC_NORTH,2024-10-14,1498,432
NWO-1013,DC_NORTH,2024-10-21,888,438
NWO-1013,DC_NORTH,2024-10-28,1052,579
NWO-1013,DC_NORTH,2024-11-04,1579,605
NWO-1013,DC_NORTH,2024-11-11,1786,438
NWO-1013,DC_NORTH,2024-11-18,1201,629
NWO-1013,DC_NORTH,2024-11-25,1578,348
NWO-1013,DC_NORTH,2024-12-02,1090,548
NWO-1013,DC_NORTH,2024-12-09,1591,401
NWO-1013,DC_NORTH,2024-12-16,1226,507
NWO-1013,DC_NORTH,2024-12-23,1421,392
NWO-1013,DC_NORTH,2024-12-30,1008,267
NWO-1013,DC_NORTH,2025-01-06,757,293
NWO-1013,DC_NORTH,2025-01-13,641,229
NWO-1013,DC_NORTH,2025-01-20,756,402
NWO-1013,DC_NORTH,2025-01-27,887,371
NWO-1013,DC_NORTH,2025-02-03,766,266
NWO-1013,DC_NORTH,2025-02-10,970,233
NWO-1013,DC_NORTH,2025-02-17,817,281
NWO-1013,DC_NORTH,2025-02-24,699,344
NWO-1013,DC_NORTH,2025-03-03,1019,334
NWO-1013,DC_NORTH,2025-03-10,710,429
NWO-1013,DC_NORTH,2025-03-17,1503,263
NWO-1013,DC_NORTH,2025-03-24,980,272
NWO-1013,DC_NORTH,2025-03-31,940,302
NWO-1013,DC_NORTH,2025-04-07,743,341
NWO-1013,DC_NORTH,2025-04-14,852,351
NWO-1013,DC_NORTH,2025-04-21,1170,344
NWO-1013,DC_NORTH,2025-04-28,741,344
NWO-1013,DC_NORTH,2025-05-05,1061,320
NWO-1013,DC_NORTH,2025-05-12,775,316
NWO-1013,DC_NORTH,2025-05-19,1100,337
NWO-1013,DC_NORTH,2025-05-26,1041,381
NWO-1013,DC_NORTH,2025-06-02,943,413
NWO-1013,DC_NORTH,2025-06-09,1343,432
NWO-1013,DC_NORTH,2025-06-16,1219,261
NWO-1013,DC_NORTH,2025-06-23,792,293
NWO-1013,DC_NORTH,2025-06-30,1009,494
NWO-1013,DC_NORTH,2025-07-07,1601,514
NWO-1013,DC_NORTH,2025-07-14,1485,335
NWO-1013,DC_NORTH,2025-07-21,1269,361
NWO-1013,DC_NORTH,2025-07-28,897,332
NWO-1013,DC_NORTH,2025-08-04,933,498
NWO-1013,DC_NORTH,2025-08-11,867,374
NWO-1013,DC_NORTH,2025-08-18,1049,278
NWO-1013,DC_NORTH,2025-08-25,1162,430
NWO-1013,DC_NORTH,2025-09-01,1048,399
NWO-1013,DC_NORTH,2025-09-08,989,269
NWO-1013,DC_NORTH,2025-09-15,996,326
NWO-1013,DC_NORTH,2025-09-22,955,294
NWO-1013,DC_NORTH,2025-09-29,945,428
NWO-1013,DC_NORTH,2025-10-06,1005,400
NWO-1013,DC_NORTH,2025-10-13,867,340
NWO-1013,DC_NORTH,2025-10-20,1383,238
NWO-1013,DC_NORTH,2025-10-27,939,582
NWO-1013,DC_NORTH,2025-11-03,1082,616
NWO-1013,DC_NORTH,2025-11-10,1786,455
NWO-1013,DC_NORTH,2025-11-17,1631,489
NWO-1013,DC_NORTH,2025-11-24,1681,399
NWO-1013,DC_NORTH,2025-12-01,1545,579
NWO-1013,DC_NORTH,2025-12-08,1186,433
NWO-1013,DC_NORTH,2025-12-15,1090,431
NWO-1013,DC_NORTH,2025-12-22,1661,467
NWO-1013,DC_NORTH,2025-12-29,1790,272
NWO-1013,DC_NORTH,2026-01-05,924,294
NWO-1013,DC_NORTH,2026-01-12,875,253
NWO-1013,DC_NORTH,2026-01-19,594,248
NWO-1013,DC_NORTH,2026-01-26,661,318
NWO-1013,DC_NORTH,2026-02-02,742,278
NWO-1013,DC_NORTH,2026-02-09,826,363
NWO-1013,DC_NORTH,2026-02-16,890,246
NWO-1013,DC_NORTH,2026-02-23,951,393
NWO-1013,DC_NORTH,2026-03-02,811,306
NWO-1013,DC_NORTH,2026-03-09,974,292
NWO-1013,DC_NORTH,2026-03-16,771,281
NWO-1013,DC_NORTH,2026-03-23,889,244
NWO-1013,DC_NORTH,2026-03-30,697,319
NWO-1013,DC_NORTH,2026-04-06,1134,425
NWO-1013,DC_NORTH,2026-04-13,732,271
NWO-1013,DC_NORTH,2026-04-20,883,344
NWO-1013,DC_NORTH,2026-04-27,974,381
NWO-1013,DC_NORTH,2026-05-04,1365,279
NWO-1013,DC_NORTH,2026-05-11,1141,382
NWO-1013,DC_NORTH,2026-05-18,942,287
NWO-1013,DC_NORTH,2026-05-25,934,308
NWO-1013,DC_NORTH,2026-06-01,968,364
NWO-1013,DC_SOUTH,2023-06-05,2797,1000
NWO-1013,DC_SOUTH,2023-06-12,2176,940
NWO-1013,DC_SOUTH,2023-06-19,1777,1086
NWO-1013,DC_SOUTH,2023-06-26,2472,1483
NWO-1013,DC_SOUTH,2023-07-03,3744,1312
NWO-1013,DC_SOUTH,2023-07-10,2555,830
NWO-1013,DC_SOUTH,2023-07-17,1912,1133
NWO-1013,DC_SOUTH,2023-07-24,3333,860
NWO-1013,DC_SOUTH,2023-07-31,1772,1243
NWO-1013,DC_SOUTH,2023-08-07,2686,1024
NWO-1013,DC_SOUTH,2023-08-14,2496,814
NWO-1013,DC_SOUTH,2023-08-21,2753,1006
NWO-1013,DC_SOUTH,2023-08-28,2757,815
NWO-1013,DC_SOUTH,2023-09-04,2365,1170
NWO-1013,DC_SOUTH,2023-09-11,2784,915
NWO-1013,DC_SOUTH,2023-09-18,2243,779
NWO-1013,DC_SOUTH,2023-09-25,2021,940
NWO-1013,DC_SOUTH,2023-10-02,3707,1200
NWO-1013,DC_SOUTH,2023-10-09,2612,1037
NWO-1013,DC_SOUTH,2023-10-16,2090,1240
NWO-1013,DC_SOUTH,2023-10-23,3331,638
NWO-1013,DC_SOUTH,2023-10-30,2139,1744
NWO-1013,DC_SOUTH,2023-11-06,3420,1193
NWO-1013,DC_SOUTH,2023-11-13,2682,1524
NWO-1013,DC_SOUTH,2023-11-20,5240,998
NWO-1013,DC_SOUTH,2023-11-27,4001,1571
NWO-1013,DC_SOUTH,2023-12-04,4383,1259
NWO-1013,DC_SOUTH,2023-12-11,3483,1457
NWO-1013,DC_SOUTH,2023-12-18,4499,1335
NWO-1013,DC_SOUTH,2023-12-25,2967,705
NWO-1013,DC_SOUTH,2024-01-01,2289,835
NWO-1013,DC_SOUTH,2024-01-08,2132,643
NWO-1013,DC_SOUTH,2024-01-15,2455,797
NWO-1013,DC_SOUTH,2024-01-22,1922,778
NWO-1013,DC_SOUTH,2024-01-29,1741,723
NWO-1013,DC_SOUTH,2024-02-05,2419,718
NWO-1013,DC_SOUTH,2024-02-12,2242,812
NWO-1013,DC_SOUTH,2024-02-19,2519,880
NWO-1013,DC_SOUTH,2024-02-26,1973,954
NWO-1013,DC_SOUTH,2024-03-04,2281,1095
NWO-1013,DC_SOUTH,2024-03-11,2794,846
NWO-1013,DC_SOUTH,2024-03-18,2895,851
NWO-1013,DC_SOUTH,2024-03-25,2827,1055
NWO-1013,DC_SOUTH,2024-04-01,3322,1045
NWO-1013,DC_SOUTH,2024-04-08,2699,1064
NWO-1013,DC_SOUTH,2024-04-15,2323,890
NWO-1013,DC_SOUTH,2024-04-22,2364,1003
NWO-1013,DC_SOUTH,2024-04-29,2046,1119
NWO-1013,DC_SOUTH,2024-05-06,3001,971
NWO-1013,DC_SOUTH,2024-05-13,2766,816
NWO-1013,DC_SOUTH,2024-05-20,2440,1393
NWO-1013,DC_SOUTH,2024-05-27,3970,1288
NWO-1013,DC_SOUTH,2024-06-03,4030,702
NWO-1013,DC_SOUTH,2024-06-10,1806,883
NWO-1013,DC_SOUTH,2024-06-17,2408,1017
NWO-1013,DC_SOUTH,2024-06-24,2450,1063
NWO-1013,DC_SOUTH,2024-07-01,4167,1050
NWO-1013,DC_SOUTH,2024-07-08,3082,1122
NWO-1013,DC_SOUTH,2024-07-15,3178,1119
NWO-1013,DC_SOUTH,2024-07-22,3100,1468
NWO-1013,DC_SOUTH,2024-07-29,3418,1190
NWO-1013,DC_SOUTH,2024-08-05,2641,1157
NWO-1013,DC_SOUTH,2024-08-12,2231,996
NWO-1013,DC_SOUTH,2024-08-19,3726,1176
NWO-1013,DC_SOUTH,2024-08-26,2780,941
NWO-1013,DC_SOUTH,2024-09-02,1889,857
NWO-1013,DC_SOUTH,2024-09-09,2203,870
NWO-1013,DC_SOUTH,2024-09-16,2446,631
NWO-1013,DC_SOUTH,2024-09-23,2034,892
NWO-1013,DC_SOUTH,2024-09-30,2325,953
NWO-1013,DC_SOUTH,2024-10-07,2543,1150
NWO-1013,DC_SOUTH,2024-10-14,3369,1092
NWO-1013,DC_SOUTH,2024-10-21,3805,680
NWO-1013,DC_SOUTH,2024-10-28,2663,1240
NWO-1013,DC_SOUTH,2024-11-04,3992,1248
NWO-1013,DC_SOUTH,2024-11-11,2955,1061
NWO-1013,DC_SOUTH,2024-11-18,2207,1079
NWO-1013,DC_SOUTH,2024-11-25,2783,1188
NWO-1013,DC_SOUTH,2024-12-02,4200,1314
NWO-1013,DC_SOUTH,2024-12-09,4433,1540
NWO-1013,DC_SOUTH,2024-12-16,2715,908
NWO-1013,DC_SOUTH,2024-12-23,2453,1422
NWO-1013,DC_SOUTH,2024-12-30,3343,573
NWO-1013,DC_SOUTH,2025-01-06,1906,686
NWO-1013,DC_SOUTH,2025-01-13,2765,897
NWO-1013,DC_SOUTH,2025-01-20,1939,668
NWO-1013,DC_SOUTH,2025-01-27,2180,620
NWO-1013,DC_SOUTH,2025-02-03,1528,848
NWO-1013,DC_SOUTH,2025-02-10,2637,690
NWO-1013,DC_SOUTH,2025-02-17,1268,858
NWO-1013,DC_SOUTH,2025-02-24,1553,689
NWO-1013,DC_SOUTH,2025-03-03,1635,839
NWO-1013,DC_SOUTH,2025-03-10,2611,991
NWO-1013,DC_SOUTH,2025-03-17,2035,1143
NWO-1013,DC_SOUTH,2025-03-24,2030,810
NWO-1013,DC_SOUTH,2025-03-31,2605,629
NWO-1013,DC_SOUTH,2025-04-07,2504,1070
NWO-1013,DC_SOUTH,2025-04-14,2289,879
NWO-1013,DC_SOUTH,2025-04-21,2113,1090
NWO-1013,DC_SOUTH,2025-04-28,2900,749
NWO-1013,DC_SOUTH,2025-05-05,2506,1071
NWO-1013,DC_SOUTH,2025-05-12,1971,921
NWO-1013,DC_SOUTH,2025-05-19,3178,757
NWO-1013,DC_SOUTH,2025-05-26,2965,855
NWO-1013,DC_SOUTH,2025-06-02,3098,1208
NWO-1013,DC_SOUTH,2025-06-09,2562,1034
NWO-1013,DC_SOUTH,2025-06-16,3388,1115
NWO-1013,DC_SOUTH,2025-06-23,2326,1062
NWO-1013,DC_SOUTH,2025-06-30,2301,1109
NWO-1013,DC_SOUTH,2025-07-07,3769,1056
NWO-1013,DC_SOUTH,2025-07-14,3061,1209
NWO-1013,DC_SOUTH,2025-07-21,3405,1211
NWO-1013,DC_SOUTH,2025-07-28,3258,885
NWO-1013,DC_SOUTH,2025-08-04,3048,1044
NWO-1013,DC_SOUTH,2025-08-11,3623,1018
NWO-1013,DC_SOUTH,2025-08-18,2412,1046
NWO-1013,DC_SOUTH,2025-08-25,3777,1099
NWO-1013,DC_SOUTH,2025-09-01,2617,995
NWO-1013,DC_SOUTH,2025-09-08,3067,1115
NWO-1013,DC_SOUTH,2025-09-15,2834,802
NWO-1013,DC_SOUTH,2025-09-22,2006,1017
NWO-1013,DC_SOUTH,2025-09-29,2892,1076
NWO-1013,DC_SOUTH,2025-10-06,2193,1051
NWO-1013,DC_SOUTH,2025-10-13,2885,963
NWO-1013,DC_SOUTH,2025-10-20,2654,1139
NWO-1013,DC_SOUTH,2025-10-27,3680,1463
NWO-1013,DC_SOUTH,2025-11-03,3785,1571
NWO-1013,DC_SOUTH,2025-11-10,3763,963
NWO-1013,DC_SOUTH,2025-11-17,3255,953
NWO-1013,DC_SOUTH,2025-11-24,2623,1408
NWO-1013,DC_SOUTH,2025-12-01,2749,1273
NWO-1013,DC_SOUTH,2025-12-08,4574,1155
NWO-1013,DC_SOUTH,2025-12-15,4462,1512
NWO-1013,DC_SOUTH,2025-12-22,4877,1398
NWO-1013,DC_SOUTH,2025-12-29,4527,890
NWO-1013,DC_SOUTH,2026-01-05,2338,591
NWO-1013,DC_SOUTH,2026-01-12,2253,943
NWO-1013,DC_SOUTH,2026-01-19,2255,618
NWO-1013,DC_SOUTH,2026-01-26,1772,872
NWO-1013,DC_SOUTH,2026-02-02,1646,716
NWO-1013,DC_SOUTH,2026-02-09,2410,897
NWO-1013,DC_SOUTH,2026-02-16,1834,644
NWO-1013,DC_SOUTH,2026-02-23,2222,668
NWO-1013,DC_SOUTH,2026-03-02,2434,759
NWO-1013,DC_SOUTH,2026-03-09,1814,1042
NWO-1013,DC_SOUTH,2026-03-16,3041,949
NWO-1013,DC_SOUTH,2026-03-23,1916,1074
NWO-1013,DC_SOUTH,2026-03-30,2900,1033
NWO-1013,DC_SOUTH,2026-04-06,2604,923
NWO-1013,DC_SOUTH,2026-04-13,2621,947
NWO-1013,DC_SOUTH,2026-04-20,2811,770
NWO-1013,DC_SOUTH,2026-04-27,2013,1058
NWO-1013,DC_SOUTH,2026-05-04,2502,956
NWO-1013,DC_SOUTH,2026-05-11,3588,927
NWO-1013,DC_SOUTH,2026-05-18,3525,912
NWO-1013,DC_SOUTH,2026-05-25,1748,791
NWO-1013,DC_SOUTH,2026-06-01,3133,917
NWO-1013,DC_WEST,2023-06-05,2103,735
NWO-1013,DC_WEST,2023-06-12,1852,811
NWO-1013,DC_WEST,2023-06-19,1804,572
NWO-1013,DC_WEST,2023-06-26,2297,857
NWO-1013,DC_WEST,2023-07-03,1847,698
NWO-1013,DC_WEST,2023-07-10,1908,834
NWO-1013,DC_WEST,2023-07-17,2837,991
NWO-1013,DC_WEST,2023-07-24,2573,1141
NWO-1013,DC_WEST,2023-07-31,2689,614
NWO-1013,DC_WEST,2023-08-07,2203,688
NWO-1013,DC_WEST,2023-08-14,1695,516
NWO-1013,DC_WEST,2023-08-21,1714,693
NWO-1013,DC_WEST,2023-08-28,2729,721
NWO-1013,DC_WEST,2023-09-04,1677,720
NWO-1013,DC_WEST,2023-09-11,2317,959
NWO-1013,DC_WEST,2023-09-18,2075,705
NWO-1013,DC_WEST,2023-09-25,1744,733
NWO-1013,DC_WEST,2023-10-02,1389,740
NWO-1013,DC_WEST,2023-10-09,2393,799
NWO-1013,DC_WEST,2023-10-16,1938,907
NWO-1013,DC_WEST,2023-10-23,2004,729
NWO-1013,DC_WEST,2023-10-30,1858,1261
NWO-1013,DC_WEST,2023-11-06,3705,896
NWO-1013,DC_WEST,2023-11-13,2348,860
NWO-1013,DC_WEST,2023-11-20,2174,1350
NWO-1013,DC_WEST,2023-11-27,3121,1149
NWO-1013,DC_WEST,2023-12-04,2585,952
NWO-1013,DC_WEST,2023-12-11,3373,1071
NWO-1013,DC_WEST,2023-12-18,3276,857
NWO-1013,DC_WEST,2023-12-25,2877,415
NWO-1013,DC_WEST,2024-01-01,1524,574
NWO-1013,DC_WEST,2024-01-08,1165,495
NWO-1013,DC_WEST,2024-01-15,1049,603
NWO-1013,DC_WEST,2024-01-22,1729,501
NWO-1013,DC_WEST,2024-01-29,1623,491
NWO-1013,DC_WEST,2024-02-05,1256,482
NWO-1013,DC_WEST,2024-02-12,1060,557
NWO-1013,DC_WEST,2024-02-19,1495,646
NWO-1013,DC_WEST,2024-02-26,1779,798
NWO-1013,DC_WEST,2024-03-04,2295,763
NWO-1013,DC_WEST,2024-03-11,1489,704
NWO-1013,DC_WEST,2024-03-18,2154,759
NWO-1013,DC_WEST,2024-03-25,1715,610
NWO-1013,DC_WEST,2024-04-01,2115,551
NWO-1013,DC_WEST,2024-04-08,1945,758
NWO-1013,DC_WEST,2024-04-15,2432,562
NWO-1013,DC_WEST,2024-04-22,1819,666
NWO-1013,DC_WEST,2024-04-29,2065,784
NWO-1013,DC_WEST,2024-05-06,2039,619
NWO-1013,DC_WEST,2024-05-13,1666,494
NWO-1013,DC_WEST,2024-05-20,1516,607
NWO-1013,DC_WEST,2024-05-27,1631,649
NWO-1013,DC_WEST,2024-06-03,2035,794
NWO-1013,DC_WEST,2024-06-10,1930,586
NWO-1013,DC_WEST,2024-06-17,1588,856
NWO-1013,DC_WEST,2024-06-24,2406,854
NWO-1013,DC_WEST,2024-07-01,1656,917
NWO-1013,DC_WEST,2024-07-08,1975,702
NWO-1013,DC_WEST,2024-07-15,1527,668
NWO-1013,DC_WEST,2024-07-22,2333,660
NWO-1013,DC_WEST,2024-07-29,2017,622
NWO-1013,DC_WEST,2024-08-05,2276,751
NWO-1013,DC_WEST,2024-08-12,1925,709
NWO-1013,DC_WEST,2024-08-19,1810,631
NWO-1013,DC_WEST,2024-08-26,1988,702
NWO-1013,DC_WEST,2024-09-02,2445,641
NWO-1013,DC_WEST,2024-09-09,1684,735
NWO-1013,DC_WEST,2024-09-16,2139,837
NWO-1013,DC_WEST,2024-09-23,2071,589
NWO-1013,DC_WEST,2024-09-30,2240,873
NWO-1013,DC_WEST,2024-10-07,1691,715
NWO-1013,DC_WEST,2024-10-14,1983,688
NWO-1013,DC_WEST,2024-10-21,2211,680
NWO-1013,DC_WEST,2024-10-28,1920,893
NWO-1013,DC_WEST,2024-11-04,2180,747
NWO-1013,DC_WEST,2024-11-11,3017,1093
NWO-1013,DC_WEST,2024-11-18,2979,815
NWO-1013,DC_WEST,2024-11-25,3202,1086
NWO-1013,DC_WEST,2024-12-02,2938,1066
NWO-1013,DC_WEST,2024-12-09,3290,991
NWO-1013,DC_WEST,2024-12-16,2315,886
NWO-1013,DC_WEST,2024-12-23,2379,1112
NWO-1013,DC_WEST,2024-12-30,2730,657
NWO-1013,DC_WEST,2025-01-06,1864,531
NWO-1013,DC_WEST,2025-01-13,1266,477
NWO-1013,DC_WEST,2025-01-20,1726,408
NWO-1013,DC_WEST,2025-01-27,1631,540
NWO-1013,DC_WEST,2025-02-03,1167,482
NWO-1013,DC_WEST,2025-02-10,1206,639
NWO-1013,DC_WEST,2025-02-17,1807,709
NWO-1013,DC_WEST,2025-02-24,1879,664
NWO-1013,DC_WEST,2025-03-03,1927,611
NWO-1013,DC_WEST,2025-03-10,1346,610
NWO-1013,DC_WEST,2025-03-17,2060,617
NWO-1013,DC_WEST,2025-03-24,1241,612
NWO-1013,DC_WEST,2025-03-31,2356,633
NWO-1013,DC_WEST,2025-04-07,2357,565
NWO-1013,DC_WEST,2025-04-14,1628,942
NWO-1013,DC_WEST,2025-04-21,2043,728
NWO-1013,DC_WEST,2025-04-28,1790,793
NWO-1013,DC_WEST,2025-05-05,2155,661
NWO-1013,DC_WEST,2025-05-12,1723,659
NWO-1013,DC_WEST,2025-05-19,2002,664
NWO-1013,DC_WEST,2025-05-26,2269,618
NWO-1013,DC_WEST,2025-06-02,1975,631
NWO-1013,DC_WEST,2025-06-09,1410,744
NWO-1013,DC_WEST,2025-06-16,1723,796
NWO-1013,DC_WEST,2025-06-23,3170,722
NWO-1013,DC_WEST,2025-06-30,1356,724
NWO-1013,DC_WEST,2025-07-07,1994,771
NWO-1013,DC_WEST,2025-07-14,2648,684
NWO-1013,DC_WEST,2025-07-21,2518,866
NWO-1013,DC_WEST,2025-07-28,1967,694
NWO-1013,DC_WEST,2025-08-04,1828,833
NWO-1013,DC_WEST,2025-08-11,2039,667
NWO-1013,DC_WEST,2025-08-18,2131,759
NWO-1013,DC_WEST,2025-08-25,2357,563
NWO-1013,DC_WEST,2025-09-01,1318,514
NWO-1013,DC_WEST,2025-09-08,1583,557
NWO-1013,DC_WEST,2025-09-15,1496,645
NWO-1013,DC_WEST,2025-09-22,1776,889
NWO-1013,DC_WEST,2025-09-29,1697,806
NWO-1013,DC_WEST,2025-10-06,2128,776
NWO-1013,DC_WEST,2025-10-13,1795,678
NWO-1013,DC_WEST,2025-10-20,2049,742
NWO-1013,DC_WEST,2025-10-27,1703,1134
NWO-1013,DC_WEST,2025-11-03,2167,1029
NWO-1013,DC_WEST,2025-11-10,2956,922
NWO-1013,DC_WEST,2025-11-17,2880,820
NWO-1013,DC_WEST,2025-11-24,2453,1009
NWO-1013,DC_WEST,2025-12-01,2976,790
NWO-1013,DC_WEST,2025-12-08,2075,1188
NWO-1013,DC_WEST,2025-12-15,2895,906
NWO-1013,DC_WEST,2025-12-22,3500,942
NWO-1013,DC_WEST,2025-12-29,2282,590
NWO-1013,DC_WEST,2026-01-05,1545,441
NWO-1013,DC_WEST,2026-01-12,1310,447
NWO-1013,DC_WEST,2026-01-19,1662,459
NWO-1013,DC_WEST,2026-01-26,1186,554
NWO-1013,DC_WEST,2026-02-02,1207,749
NWO-1013,DC_WEST,2026-02-09,1392,602
NWO-1013,DC_WEST,2026-02-16,1121,523
NWO-1013,DC_WEST,2026-02-23,1391,824
NWO-1013,DC_WEST,2026-03-02,1568,529
NWO-1013,DC_WEST,2026-03-09,1523,788
NWO-1013,DC_WEST,2026-03-16,1878,818
NWO-1013,DC_WEST,2026-03-23,2043,640
NWO-1013,DC_WEST,2026-03-30,2435,704
NWO-1013,DC_WEST,2026-04-06,1809,555
NWO-1013,DC_WEST,2026-04-13,1896,657
NWO-1013,DC_WEST,2026-04-20,2278,484
NWO-1013,DC_WEST,2026-04-27,1358,709
NWO-1013,DC_WEST,2026-05-04,1960,702
NWO-1013,DC_WEST,2026-05-11,1932,588
NWO-1013,DC_WEST,2026-05-18,1339,695
NWO-1013,DC_WEST,2026-05-25,1944,831
NWO-1013,DC_WEST,2026-06-01,1892,720
NWO-1014,DC_NORTH,2023-06-05,275,64
NWO-1014,DC_NORTH,2023-06-12,192,83
NWO-1014,DC_NORTH,2023-06-19,167,109
NWO-1014,DC_NORTH,2023-06-26,202,102
NWO-1014,DC_NORTH,2023-07-03,256,69
NWO-1014,DC_NORTH,2023-07-10,248,80
NWO-1014,DC_NORTH,2023-07-17,186,70
NWO-1014,DC_NORTH,2023-07-24,188,61
NWO-1014,DC_NORTH,2023-07-31,157,97
NWO-1014,DC_NORTH,2023-08-07,305,110
NWO-1014,DC_NORTH,2023-08-14,271,84
NWO-1014,DC_NORTH,2023-08-21,273,89
NWO-1014,DC_NORTH,2023-08-28,311,63
NWO-1014,DC_NORTH,2023-09-04,171,53
NWO-1014,DC_NORTH,2023-09-11,135,73
NWO-1014,DC_NORTH,2023-09-18,198,81
NWO-1014,DC_NORTH,2023-09-25,263,77
NWO-1014,DC_NORTH,2023-10-02,153,69
NWO-1014,DC_NORTH,2023-10-09,194,81
NWO-1014,DC_NORTH,2023-10-16,169,63
NWO-1014,DC_NORTH,2023-10-23,199,60
NWO-1014,DC_NORTH,2023-10-30,207,129
NWO-1014,DC_NORTH,2023-11-06,300,122
NWO-1014,DC_NORTH,2023-11-13,295,126
NWO-1014,DC_NORTH,2023-11-20,244,102
NWO-1014,DC_NORTH,2023-11-27,319,103
NWO-1014,DC_NORTH,2023-12-04,239,79
NWO-1014,DC_NORTH,2023-12-11,217,108
NWO-1014,DC_NORTH,2023-12-18,216,98
NWO-1014,DC_NORTH,2023-12-25,301,76
NWO-1014,DC_NORTH,2024-01-01,166,61
NWO-1014,DC_NORTH,2024-01-08,204,38
NWO-1014,DC_NORTH,2024-01-15,134,59
NWO-1014,DC_NORTH,2024-01-22,160,72
NWO-1014,DC_NORTH,2024-01-29,169,71
NWO-1014,DC_NORTH,2024-02-05,158,52
NWO-1014,DC_NORTH,2024-02-12,207,82
NWO-1014,DC_NORTH,2024-02-19,254,67
NWO-1014,DC_NORTH,2024-02-26,198,103
NWO-1014,DC_NORTH,2024-03-04,236,71
NWO-1014,DC_NORTH,2024-03-11,260,63
NWO-1014,DC_NORTH,2024-03-18,187,76
NWO-1014,DC_NORTH,2024-03-25,236,57
NWO-1014,DC_NORTH,2024-04-01,150,93
NWO-1014,DC_NORTH,2024-04-08,278,61
NWO-1014,DC_NORTH,2024-04-15,134,42
NWO-1014,DC_NORTH,2024-04-22,180,60
NWO-1014,DC_NORTH,2024-04-29,147,68
NWO-1014,DC_NORTH,2024-05-06,201,76
NWO-1014,DC_NORTH,2024-05-13,203,65
NWO-1014,DC_NORTH,2024-05-20,216,64
NWO-1014,DC_NORTH,2024-05-27,237,90
NWO-1014,DC_NORTH,2024-06-03,219,83
NWO-1014,DC_NORTH,2024-06-10,234,64
NWO-1014,DC_NORTH,2024-06-17,237,74
NWO-1014,DC_NORTH,2024-06-24,247,116
NWO-1014,DC_NORTH,2024-07-01,283,65
NWO-1014,DC_NORTH,2024-07-08,247,69
NWO-1014,DC_NORTH,2024-07-15,292,82
NWO-1014,DC_NORTH,2024-07-22,217,84
NWO-1014,DC_NORTH,2024-07-29,264,90
NWO-1014,DC_NORTH,2024-08-05,174,81
NWO-1014,DC_NORTH,2024-08-12,209,69
NWO-1014,DC_NORTH,2024-08-19,190,88
NWO-1014,DC_NORTH,2024-08-26,234,74
NWO-1014,DC_NORTH,2024-09-02,253,75
NWO-1014,DC_NORTH,2024-09-09,194,86
NWO-1014,DC_NORTH,2024-09-16,266,103
NWO-1014,DC_NORTH,2024-09-23,267,70
NWO-1014,DC_NORTH,2024-09-30,254,73
NWO-1014,DC_NORTH,2024-10-07,159,86
NWO-1014,DC_NORTH,2024-10-14,250,59
NWO-1014,DC_NORTH,2024-10-21,243,68
NWO-1014,DC_NORTH,2024-10-28,172,98
NWO-1014,DC_NORTH,2024-11-04,380,183
NWO-1014,DC_NORTH,2024-11-11,744,128
NWO-1014,DC_NORTH,2024-11-18,283,167
NWO-1014,DC_NORTH,2024-11-25,423,130
NWO-1014,DC_NORTH,2024-12-02,326,133
NWO-1014,DC_NORTH,2024-12-09,247,135
NWO-1014,DC_NORTH,2024-12-16,335,107
NWO-1014,DC_NORTH,2024-12-23,274,141
NWO-1014,DC_NORTH,2024-12-30,354,68
NWO-1014,DC_NORTH,2025-01-06,212,55
NWO-1014,DC_NORTH,2025-01-13,178,59
NWO-1014,DC_NORTH,2025-01-20,204,62
NWO-1014,DC_NORTH,2025-01-27,210,48
NWO-1014,DC_NORTH,2025-02-03,133,50
NWO-1014,DC_NORTH,2025-02-10,139,60
NWO-1014,DC_NORTH,2025-02-17,179,71
NWO-1014,DC_NORTH,2025-02-24,167,56
NWO-1014,DC_NORTH,2025-03-03,154,79
NWO-1014,DC_NORTH,2025-03-10,307,68
NWO-1014,DC_NORTH,2025-03-17,182,66
NWO-1014,DC_NORTH,2025-03-24,184,90
NWO-1014,DC_NORTH,2025-03-31,154,68
NWO-1014,DC_NORTH,2025-04-07,185,62
NWO-1014,DC_NORTH,2025-04-14,234,71
NWO-1014,DC_NORTH,2025-04-21,219,66
NWO-1014,DC_NORTH,2025-04-28,246,42
NWO-1014,DC_NORTH,2025-05-05,106,77
NWO-1014,DC_NORTH,2025-05-12,182,88
NWO-1014,DC_NORTH,2025-05-19,215,77
NWO-1014,DC_NORTH,2025-05-26,223,68
NWO-1014,DC_NORTH,2025-06-02,137,82
NWO-1014,DC_NORTH,2025-06-09,166,80
NWO-1014,DC_NORTH,2025-06-16,238,88
NWO-1014,DC_NORTH,2025-06-23,240,56
NWO-1014,DC_NORTH,2025-06-30,157,90
NWO-1014,DC_NORTH,2025-07-07,297,89
NWO-1014,DC_NORTH,2025-07-14,206,110
NWO-1014,DC_NORTH,2025-07-21,294,86
NWO-1014,DC_NORTH,2025-07-28,295,92
NWO-1014,DC_NORTH,2025-08-04,220,101
NWO-1014,DC_NORTH,2025-08-11,240,102
NWO-1014,DC_NORTH,2025-08-18,292,87
NWO-1014,DC_NORTH,2025-08-25,185,95
NWO-1014,DC_NORTH,2025-09-01,180,74
NWO-1014,DC_NORTH,2025-09-08,215,80
NWO-1014,DC_NORTH,2025-09-15,147,75
NWO-1014,DC_NORTH,2025-09-22,286,72
NWO-1014,DC_NORTH,2025-09-29,187,79
NWO-1014,DC_NORTH,2025-10-06,246,76
NWO-1014,DC_NORTH,2025-10-13,197,64
NWO-1014,DC_NORTH,2025-10-20,212,77
NWO-1014,DC_NORTH,2025-10-27,191,91
NWO-1014,DC_NORTH,2025-11-03,166,70
NWO-1014,DC_NORTH,2025-11-10,178,71
NWO-1014,DC_NORTH,2025-11-17,203,53
NWO-1014,DC_NORTH,2025-11-24,170,67
NWO-1014,DC_NORTH,2025-12-01,147,40
NWO-1014,DC_NORTH,2025-12-08,137,44
NWO-1014,DC_NORTH,2025-12-15,148,26
NWO-1014,DC_NORTH,2025-12-22,64,24
NWO-1014,DC_NORTH,2025-12-29,60,10
NWO-1014,DC_NORTH,2026-01-05,30,6
NWO-1014,DC_NORTH,2026-01-12,21,3
NWO-1014,DC_NORTH,2026-01-19,10,4
NWO-1014,DC_SOUTH,2023-06-05,622,170
NWO-1014,DC_SOUTH,2023-06-12,616,215
NWO-1014,DC_SOUTH,2023-06-19,520,184
NWO-1014,DC_SOUTH,2023-06-26,747,206
NWO-1014,DC_SOUTH,2023-07-03,644,224
NWO-1014,DC_SOUTH,2023-07-10,841,256
NWO-1014,DC_SOUTH,2023-07-17,544,203
NWO-1014,DC_SOUTH,2023-07-24,543,276
NWO-1014,DC_SOUTH,2023-07-31,700,201
NWO-1014,DC_SOUTH,2023-08-07,471,199
NWO-1014,DC_SOUTH,2023-08-14,662,193
NWO-1014,DC_SOUTH,2023-08-21,596,253
NWO-1014,DC_SOUTH,2023-08-28,767,179
NWO-1014,DC_SOUTH,2023-09-04,597,203
NWO-1014,DC_SOUTH,2023-09-11,544,256
NWO-1014,DC_SOUTH,2023-09-18,551,223
NWO-1014,DC_SOUTH,2023-09-25,713,217
NWO-1014,DC_SOUTH,2023-10-02,564,189
NWO-1014,DC_SOUTH,2023-10-09,504,193
NWO-1014,DC_SOUTH,2023-10-16,517,204
NWO-1014,DC_SOUTH,2023-10-23,620,166
NWO-1014,DC_SOUTH,2023-10-30,674,374
NWO-1014,DC_SOUTH,2023-11-06,1081,336
NWO-1014,DC_SOUTH,2023-11-13,772,167
NWO-1014,DC_SOUTH,2023-11-20,514,346
NWO-1014,DC_SOUTH,2023-11-27,715,312
NWO-1014,DC_SOUTH,2023-12-04,975,343
NWO-1014,DC_SOUTH,2023-12-11,999,264
NWO-1014,DC_SOUTH,2023-12-18,1017,293
NWO-1014,DC_SOUTH,2023-12-25,651,144
NWO-1014,DC_SOUTH,2024-01-01,309,156
NWO-1014,DC_SOUTH,2024-01-08,326,131
NWO-1014,DC_SOUTH,2024-01-15,282,140
NWO-1014,DC_SOUTH,2024-01-22,504,132
NWO-1014,DC_SOUTH,2024-01-29,405,144
NWO-1014,DC_SOUTH,2024-02-05,452,105
NWO-1014,DC_SOUTH,2024-02-12,375,157
NWO-1014,DC_SOUTH,2024-02-19,408,135
NWO-1014,DC_SOUTH,2024-02-26,451,149
NWO-1014,DC_SOUTH,2024-03-04,311,252
NWO-1014,DC_SOUTH,2024-03-11,555,172
NWO-1014,DC_SOUTH,2024-03-18,551,181
NWO-1014,DC_SOUTH,2024-03-25,709,167
NWO-1014,DC_SOUTH,2024-04-01,472,210
NWO-1014,DC_SOUTH,2024-04-08,489,216
NWO-1014,DC_SOUTH,2024-04-15,547,254
NWO-1014,DC_SOUTH,2024-04-22,598,188
NWO-1014,DC_SOUTH,2024-04-29,478,238
NWO-1014,DC_SOUTH,2024-05-06,660,196
NWO-1014,DC_SOUTH,2024-05-13,417,144
NWO-1014,DC_SOUTH,2024-05-20,344,178
NWO-1014,DC_SOUTH,2024-05-27,503,231
NWO-1014,DC_SOUTH,2024-06-03,606,199
NWO-1014,DC_SOUTH,2024-06-10,489,224
NWO-1014,DC_SOUTH,2024-06-17,595,238
NWO-1014,DC_SOUTH,2024-06-24,551,295
NWO-1014,DC_SOUTH,2024-07-01,520,220
NWO-1014,DC_SOUTH,2024-07-08,500,291
NWO-1014,DC_SOUTH,2024-07-15,627,223
NWO-1014,DC_SOUTH,2024-07-22,561,179
NWO-1014,DC_SOUTH,2024-07-29,425,209
NWO-1014,DC_SOUTH,2024-08-05,516,258
NWO-1014,DC_SOUTH,2024-08-12,524,218
NWO-1014,DC_SOUTH,2024-08-19,482,346
NWO-1014,DC_SOUTH,2024-08-26,1022,245
NWO-1014,DC_SOUTH,2024-09-02,998,269
NWO-1014,DC_SOUTH,2024-09-09,625,193
NWO-1014,DC_SOUTH,2024-09-16,405,163
NWO-1014,DC_SOUTH,2024-09-23,551,168
NWO-1014,DC_SOUTH,2024-09-30,399,257
NWO-1014,DC_SOUTH,2024-10-07,676,200
NWO-1014,DC_SOUTH,2024-10-14,582,195
NWO-1014,DC_SOUTH,2024-10-21,498,238
NWO-1014,DC_SOUTH,2024-10-28,707,313
NWO-1014,DC_SOUTH,2024-11-04,915,282
NWO-1014,DC_SOUTH,2024-11-11,638,288
NWO-1014,DC_SOUTH,2024-11-18,766,349
NWO-1014,DC_SOUTH,2024-11-25,1042,357
NWO-1014,DC_SOUTH,2024-12-02,1154,360
NWO-1014,DC_SOUTH,2024-12-09,1202,507
NWO-1014,DC_SOUTH,2024-12-16,1233,255
NWO-1014,DC_SOUTH,2024-12-23,970,254
NWO-1014,DC_SOUTH,2024-12-30,720,171
NWO-1014,DC_SOUTH,2025-01-06,407,137
NWO-1014,DC_SOUTH,2025-01-13,372,155
NWO-1014,DC_SOUTH,2025-01-20,530,184
NWO-1014,DC_SOUTH,2025-01-27,354,147
NWO-1014,DC_SOUTH,2025-02-03,296,211
NWO-1014,DC_SOUTH,2025-02-10,529,143
NWO-1014,DC_SOUTH,2025-02-17,552,186
NWO-1014,DC_SOUTH,2025-02-24,445,164
NWO-1014,DC_SOUTH,2025-03-03,481,227
NWO-1014,DC_SOUTH,2025-03-10,685,256
NWO-1014,DC_SOUTH,2025-03-17,793,186
NWO-1014,DC_SOUTH,2025-03-24,456,175
NWO-1014,DC_SOUTH,2025-03-31,519,205
NWO-1014,DC_SOUTH,2025-04-07,535,214
NWO-1014,DC_SOUTH,2025-04-14,418,240
NWO-1014,DC_SOUTH,2025-04-21,569,195
NWO-1014,DC_SOUTH,2025-04-28,375,206
NWO-1014,DC_SOUTH,2025-05-05,749,257
NWO-1014,DC_SOUTH,2025-05-12,678,227
NWO-1014,DC_SOUTH,2025-05-19,697,195
NWO-1014,DC_SOUTH,2025-05-26,662,181
NWO-1014,DC_SOUTH,2025-06-02,698,228
NWO-1014,DC_SOUTH,2025-06-09,606,293
NWO-1014,DC_SOUTH,2025-06-16,886,215
NWO-1014,DC_SOUTH,2025-06-23,634,200
NWO-1014,DC_SOUTH,2025-06-30,667,223
NWO-1014,DC_SOUTH,2025-07-07,581,215
NWO-1014,DC_SOUTH,2025-07-14,696,216
NWO-1014,DC_SOUTH,2025-07-21,502,336
NWO-1014,DC_SOUTH,2025-07-28,1133,189
NWO-1014,DC_SOUTH,2025-08-04,597,224
NWO-1014,DC_SOUTH,2025-08-11,518,203
NWO-1014,DC_SOUTH,2025-08-18,625,210
NWO-1014,DC_SOUTH,2025-08-25,734,197
NWO-1014,DC_SOUTH,2025-09-01,456,234
NWO-1014,DC_SOUTH,2025-09-08,701,152
NWO-1014,DC_SOUTH,2025-09-15,562,221
NWO-1014,DC_SOUTH,2025-09-22,555,201
NWO-1014,DC_SOUTH,2025-09-29,642,163
NWO-1014,DC_SOUTH,2025-10-06,576,158
NWO-1014,DC_SOUTH,2025-10-13,603,148
NWO-1014,DC_SOUTH,2025-10-20,500,125
NWO-1014,DC_SOUTH,2025-10-27,484,257
NWO-1014,DC_SOUTH,2025-11-03,647,207
NWO-1014,DC_SOUTH,2025-11-10,494,136
NWO-1014,DC_SOUTH,2025-11-17,446,162
NWO-1014,DC_SOUTH,2025-11-24,483,120
NWO-1014,DC_SOUTH,2025-12-01,375,127
NWO-1014,DC_SOUTH,2025-12-08,330,117
NWO-1014,DC_SOUTH,2025-12-15,307,95
NWO-1014,DC_SOUTH,2025-12-22,275,71
NWO-1014,DC_SOUTH,2025-12-29,203,29
NWO-1014,DC_SOUTH,2026-01-05,72,17
NWO-1014,DC_SOUTH,2026-01-12,39,11
NWO-1014,DC_SOUTH,2026-01-19,38,11
NWO-1014,DC_WEST,2023-06-05,370,176
NWO-1014,DC_WEST,2023-06-12,371,200
NWO-1014,DC_WEST,2023-06-19,644,243
NWO-1014,DC_WEST,2023-06-26,717,154
NWO-1014,DC_WEST,2023-07-03,456,162
NWO-1014,DC_WEST,2023-07-10,323,165
NWO-1014,DC_WEST,2023-07-17,524,168
NWO-1014,DC_WEST,2023-07-24,396,160
NWO-1014,DC_WEST,2023-07-31,350,141
NWO-1014,DC_WEST,2023-08-07,442,163
NWO-1014,DC_WEST,2023-08-14,403,141
NWO-1014,DC_WEST,2023-08-21,432,280
NWO-1014,DC_WEST,2023-08-28,651,180
NWO-1014,DC_WEST,2023-09-04,511,125
NWO-1014,DC_WEST,2023-09-11,442,139
NWO-1014,DC_WEST,2023-09-18,265,119
NWO-1014,DC_WEST,2023-09-25,453,150
NWO-1014,DC_WEST,2023-10-02,399,192
NWO-1014,DC_WEST,2023-10-09,469,144
NWO-1014,DC_WEST,2023-10-16,519,164
NWO-1014,DC_WEST,2023-10-23,428,164
NWO-1014,DC_WEST,2023-10-30,568,295
NWO-1014,DC_WEST,2023-11-06,802,183
NWO-1014,DC_WEST,2023-11-13,606,165
NWO-1014,DC_WEST,2023-11-20,667,186
NWO-1014,DC_WEST,2023-11-27,523,222
NWO-1014,DC_WEST,2023-12-04,654,187
NWO-1014,DC_WEST,2023-12-11,791,203
NWO-1014,DC_WEST,2023-12-18,598,231
NWO-1014,DC_WEST,2023-12-25,738,119
NWO-1014,DC_WEST,2024-01-01,248,151
NWO-1014,DC_WEST,2024-01-08,410,112
NWO-1014,DC_WEST,2024-01-15,322,92
NWO-1014,DC_WEST,2024-01-22,321,137
NWO-1014,DC_WEST,2024-01-29,252,100
NWO-1014,DC_WEST,2024-02-05,339,119
NWO-1014,DC_WEST,2024-02-12,347,118
NWO-1014,DC_WEST,2024-02-19,254,110
NWO-1014,DC_WEST,2024-02-26,406,135
NWO-1014,DC_WEST,2024-03-04,350,137
NWO-1014,DC_WEST,2024-03-11,352,131
NWO-1014,DC_WEST,2024-03-18,307,178
NWO-1014,DC_WEST,2024-03-25,423,134
NWO-1014,DC_WEST,2024-04-01,326,110
NWO-1014,DC_WEST,2024-04-08,283,180
NWO-1014,DC_WEST,2024-04-15,478,133
NWO-1014,DC_WEST,2024-04-22,466,143
NWO-1014,DC_WEST,2024-04-29,325,162
NWO-1014,DC_WEST,2024-05-06,393,170
NWO-1014,DC_WEST,2024-05-13,457,190
NWO-1014,DC_WEST,2024-05-20,547,158
NWO-1014,DC_WEST,2024-05-27,478,185
NWO-1014,DC_WEST,2024-06-03,339,180
NWO-1014,DC_WEST,2024-06-10,476,189
NWO-1014,DC_WEST,2024-06-17,408,213
NWO-1014,DC_WEST,2024-06-24,598,167
NWO-1014,DC_WEST,2024-07-01,303,223
NWO-1014,DC_WEST,2024-07-08,416,152
NWO-1014,DC_WEST,2024-07-15,392,165
NWO-1014,DC_WEST,2024-07-22,381,181
NWO-1014,DC_WEST,2024-07-29,499,124
NWO-1014,DC_WEST,2024-08-05,415,175
NWO-1014,DC_WEST,2024-08-12,532,172
NWO-1014,DC_WEST,2024-08-19,536,160
NWO-1014,DC_WEST,2024-08-26,649,155
NWO-1014,DC_WEST,2024-09-02,425,163
NWO-1014,DC_WEST,2024-09-09,460,140
NWO-1014,DC_WEST,2024-09-16,377,158
NWO-1014,DC_WEST,2024-09-23,396,129
NWO-1014,DC_WEST,2024-09-30,548,158
NWO-1014,DC_WEST,2024-10-07,331,122
NWO-1014,DC_WEST,2024-10-14,369,163
NWO-1014,DC_WEST,2024-10-21,447,187
NWO-1014,DC_WEST,2024-10-28,615,186
NWO-1014,DC_WEST,2024-11-04,505,218
NWO-1014,DC_WEST,2024-11-11,654,177
NWO-1014,DC_WEST,2024-11-18,528,212
NWO-1014,DC_WEST,2024-11-25,446,191
NWO-1014,DC_WEST,2024-12-02,708,258
NWO-1014,DC_WEST,2024-12-09,604,266
NWO-1014,DC_WEST,2024-12-16,590,205
NWO-1014,DC_WEST,2024-12-23,460,187
NWO-1014,DC_WEST,2024-12-30,455,116
NWO-1014,DC_WEST,2025-01-06,316,104
NWO-1014,DC_WEST,2025-01-13,387,96
NWO-1014,DC_WEST,2025-01-20,393,154
NWO-1014,DC_WEST,2025-01-27,412,157
NWO-1014,DC_WEST,2025-02-03,433,132
NWO-1014,DC_WEST,2025-02-10,375,100
NWO-1014,DC_WEST,2025-02-17,245,146
NWO-1014,DC_WEST,2025-02-24,479,136
NWO-1014,DC_WEST,2025-03-03,343,113
NWO-1014,DC_WEST,2025-03-10,291,162
NWO-1014,DC_WEST,2025-03-17,362,151
NWO-1014,DC_WEST,2025-03-24,347,134
NWO-1014,DC_WEST,2025-03-31,329,174
NWO-1014,DC_WEST,2025-04-07,359,178
NWO-1014,DC_WEST,2025-04-14,345,116
NWO-1014,DC_WEST,2025-04-21,430,188
NWO-1014,DC_WEST,2025-04-28,450,161
NWO-1014,DC_WEST,2025-05-05,349,104
NWO-1014,DC_WEST,2025-05-12,310,123
NWO-1014,DC_WEST,2025-05-19,407,138
NWO-1014,DC_WEST,2025-05-26,534,194
NWO-1014,DC_WEST,2025-06-02,507,153
NWO-1014,DC_WEST,2025-06-09,421,156
NWO-1014,DC_WEST,2025-06-16,535,131
NWO-1014,DC_WEST,2025-06-23,442,143
NWO-1014,DC_WEST,2025-06-30,470,209
NWO-1014,DC_WEST,2025-07-07,417,165
NWO-1014,DC_WEST,2025-07-14,502,191
NWO-1014,DC_WEST,2025-07-21,459,145
NWO-1014,DC_WEST,2025-07-28,433,203
NWO-1014,DC_WEST,2025-08-04,604,210
NWO-1014,DC_WEST,2025-08-11,391,183
NWO-1014,DC_WEST,2025-08-18,462,203
NWO-1014,DC_WEST,2025-08-25,574,175
NWO-1014,DC_WEST,2025-09-01,390,94
NWO-1014,DC_WEST,2025-09-08,315,172
NWO-1014,DC_WEST,2025-09-15,611,121
NWO-1014,DC_WEST,2025-09-22,378,128
NWO-1014,DC_WEST,2025-09-29,539,152
NWO-1014,DC_WEST,2025-10-06,330,177
NWO-1014,DC_WEST,2025-10-13,356,118
NWO-1014,DC_WEST,2025-10-20,418,128
NWO-1014,DC_WEST,2025-10-27,401,185
NWO-1014,DC_WEST,2025-11-03,458,174
NWO-1014,DC_WEST,2025-11-10,328,125
NWO-1014,DC_WEST,2025-11-17,392,140
NWO-1014,DC_WEST,2025-11-24,310,124
NWO-1014,DC_WEST,2025-12-01,461,86
NWO-1014,DC_WEST,2025-12-08,215,72
NWO-1014,DC_WEST,2025-12-15,256,59
NWO-1014,DC_WEST,2025-12-22,186,51
NWO-1014,DC_WEST,2025-12-29,134,28
NWO-1014,DC_WEST,2026-01-05,68,16
NWO-1014,DC_WEST,2026-01-12,36,6
NWO-1014,DC_WEST,2026-01-19,17,6
NWO-1015,DC_NORTH,2023-06-05,339,103
NWO-1015,DC_NORTH,2023-06-12,258,162
NWO-1015,DC_NORTH,2023-06-19,332,132
NWO-1015,DC_NORTH,2023-06-26,301,120
NWO-1015,DC_NORTH,2023-07-03,385,189
NWO-1015,DC_NORTH,2023-07-10,524,141
NWO-1015,DC_NORTH,2023-07-17,396,130
NWO-1015,DC_NORTH,2023-07-24,429,195
NWO-1015,DC_NORTH,2023-07-31,388,165
NWO-1015,DC_NORTH,2023-08-07,442,138
NWO-1015,DC_NORTH,2023-08-14,359,133
NWO-1015,DC_NORTH,2023-08-21,442,139
NWO-1015,DC_NORTH,2023-08-28,431,151
NWO-1015,DC_NORTH,2023-09-04,446,138
NWO-1015,DC_NORTH,2023-09-11,449,141
NWO-1015,DC_NORTH,2023-09-18,340,138
NWO-1015,DC_NORTH,2023-09-25,417,96
NWO-1015,DC_NORTH,2023-10-02,244,162
NWO-1015,DC_NORTH,2023-10-09,407,113
NWO-1015,DC_NORTH,2023-10-16,267,170
NWO-1015,DC_NORTH,2023-10-23,396,126
NWO-1015,DC_NORTH,2023-10-30,303,177
NWO-1015,DC_NORTH,2023-11-06,681,214
NWO-1015,DC_NORTH,2023-11-13,540,132
NWO-1015,DC_NORTH,2023-11-20,416,258
NWO-1015,DC_NORTH,2023-11-27,755,182
NWO-1015,DC_NORTH,2023-12-04,345,180
NWO-1015,DC_NORTH,2023-12-11,430,224
NWO-1015,DC_NORTH,2023-12-18,624,119
NWO-1015,DC_NORTH,2023-12-25,447,80
NWO-1015,DC_NORTH,2024-01-01,237,90
NWO-1015,DC_NORTH,2024-01-08,293,96
NWO-1015,DC_NORTH,2024-01-15,276,87
NWO-1015,DC_NORTH,2024-01-22,282,84
NWO-1015,DC_NORTH,2024-01-29,246,110
NWO-1015,DC_NORTH,2024-02-05,348,112
NWO-1015,DC_NORTH,2024-02-12,298,124
NWO-1015,DC_NORTH,2024-02-19,233,72
NWO-1015,DC_NORTH,2024-02-26,303,144
NWO-1015,DC_NORTH,2024-03-04,344,105
NWO-1015,DC_NORTH,2024-03-11,352,88
NWO-1015,DC_NORTH,2024-03-18,261,108
NWO-1015,DC_NORTH,2024-03-25,360,100
NWO-1015,DC_NORTH,2024-04-01,281,127
NWO-1015,DC_NORTH,2024-04-08,334,134
NWO-1015,DC_NORTH,2024-04-15,319,148
NWO-1015,DC_NORTH,2024-04-22,297,142
NWO-1015,DC_NORTH,2024-04-29,406,147
NWO-1015,DC_NORTH,2024-05-06,423,130
NWO-1015,DC_NORTH,2024-05-13,320,131
NWO-1015,DC_NORTH,2024-05-20,427,144
NWO-1015,DC_NORTH,2024-05-27,490,147
NWO-1015,DC_NORTH,2024-06-03,555,205
NWO-1015,DC_NORTH,2024-06-10,580,210
NWO-1015,DC_NORTH,2024-06-17,470,157
NWO-1015,DC_NORTH,2024-06-24,549,130
NWO-1015,DC_NORTH,2024-07-01,389,144
NWO-1015,DC_NORTH,2024-07-08,370,125
NWO-1015,DC_NORTH,2024-07-15,502,160
NWO-1015,DC_NORTH,2024-07-22,374,132
NWO-1015,DC_NORTH,2024-07-29,315,143
NWO-1015,DC_NORTH,2024-08-05,335,123
NWO-1015,DC_NORTH,2024-08-12,314,159
NWO-1015,DC_NORTH,2024-08-19,430,123
NWO-1015,DC_NORTH,2024-08-26,448,161
NWO-1015,DC_NORTH,2024-09-02,486,155
NWO-1015,DC_NORTH,2024-09-09,516,137
NWO-1015,DC_NORTH,2024-09-16,442,133
NWO-1015,DC_NORTH,2024-09-23,260,112
NWO-1015,DC_NORTH,2024-09-30,359,183
NWO-1015,DC_NORTH,2024-10-07,325,116
NWO-1015,DC_NORTH,2024-10-14,438,162
NWO-1015,DC_NORTH,2024-10-21,546,82
NWO-1015,DC_NORTH,2024-10-28,220,185
NWO-1015,DC_NORTH,2024-11-04,414,236
NWO-1015,DC_NORTH,2024-11-11,573,179
NWO-1015,DC_NORTH,2024-11-18,477,305
NWO-1015,DC_NORTH,2024-11-25,882,207
NWO-1015,DC_NORTH,2024-12-02,605,206
NWO-1015,DC_NORTH,2024-12-09,648,181
NWO-1015,DC_NORTH,2024-12-16,402,198
NWO-1015,DC_NORTH,2024-12-23,477,141
NWO-1015,DC_NORTH,2024-12-30,346,76
NWO-1015,DC_NORTH,2025-01-06,163,90
NWO-1015,DC_NORTH,2025-01-13,181,118
NWO-1015,DC_NORTH,2025-01-20,266,102
NWO-1015,DC_NORTH,2025-01-27,209,147
NWO-1015,DC_NORTH,2025-02-03,440,94
NWO-1015,DC_NORTH,2025-02-10,257,114
NWO-1015,DC_NORTH,2025-02-17,231,102
NWO-1015,DC_NORTH,2025-02-24,352,132
NWO-1015,DC_NORTH,2025-03-03,410,97
NWO-1015,DC_NORTH,2025-03-10,359,100
NWO-1015,DC_NORTH,2025-03-17,250,87
NWO-1015,DC_NORTH,2025-03-24,294,137
NWO-1015,DC_NORTH,2025-03-31,416,151
NWO-1015,DC_NORTH,2025-04-07,420,174
NWO-1015,DC_NORTH,2025-04-14,328,111
NWO-1015,DC_NORTH,2025-04-21,270,172
NWO-1015,DC_NORTH,2025-04-28,306,194
NWO-1015,DC_NORTH,2025-05-05,552,159
NWO-1015,DC_NORTH,2025-05-12,499,173
NWO-1015,DC_NORTH,2025-05-19,351,146
NWO-1015,DC_NORTH,2025-05-26,514,132
NWO-1015,DC_NORTH,2025-06-02,264,143
NWO-1015,DC_NORTH,2025-06-09,327,167
NWO-1015,DC_NORTH,2025-06-16,483,125
NWO-1015,DC_NORTH,2025-06-23,304,143
NWO-1015,DC_NORTH,2025-06-30,346,148
NWO-1015,DC_NORTH,2025-07-07,370,172
NWO-1015,DC_NORTH,2025-07-14,622,158
NWO-1015,DC_NORTH,2025-07-21,428,153
NWO-1015,DC_NORTH,2025-07-28,358,117
NWO-1015,DC_NORTH,2025-08-04,284,138
NWO-1015,DC_NORTH,2025-08-11,371,157
NWO-1015,DC_NORTH,2025-08-18,497,143
NWO-1015,DC_NORTH,2025-08-25,349,136
NWO-1015,DC_NORTH,2025-09-01,248,142
NWO-1015,DC_NORTH,2025-09-08,300,150
NWO-1015,DC_NORTH,2025-09-15,280,185
NWO-1015,DC_NORTH,2025-09-22,408,178
NWO-1015,DC_NORTH,2025-09-29,533,137
NWO-1015,DC_NORTH,2025-10-06,348,167
NWO-1015,DC_NORTH,2025-10-13,323,94
NWO-1015,DC_NORTH,2025-10-20,241,150
NWO-1015,DC_NORTH,2025-10-27,405,123
NWO-1015,DC_NORTH,2025-11-03,400,235
NWO-1015,DC_NORTH,2025-11-10,581,178
NWO-1015,DC_NORTH,2025-11-17,514,262
NWO-1015,DC_NORTH,2025-11-24,733,166
NWO-1015,DC_NORTH,2025-12-01,525,179
NWO-1015,DC_NORTH,2025-12-08,577,184
NWO-1015,DC_NORTH,2025-12-15,383,148
NWO-1015,DC_NORTH,2025-12-22,573,223
NWO-1015,DC_NORTH,2025-12-29,433,141
NWO-1015,DC_NORTH,2026-01-05,294,131
NWO-1015,DC_NORTH,2026-01-12,223,108
NWO-1015,DC_NORTH,2026-01-19,360,110
NWO-1015,DC_NORTH,2026-01-26,357,138
NWO-1015,DC_NORTH,2026-02-02,335,88
NWO-1015,DC_NORTH,2026-02-09,270,134
NWO-1015,DC_NORTH,2026-02-16,391,89
NWO-1015,DC_NORTH,2026-02-23,268,142
NWO-1015,DC_NORTH,2026-03-02,395,115
NWO-1015,DC_NORTH,2026-03-09,411,94
NWO-1015,DC_NORTH,2026-03-16,314,113
NWO-1015,DC_NORTH,2026-03-23,292,157
NWO-1015,DC_NORTH,2026-03-30,326,116
NWO-1015,DC_NORTH,2026-04-06,236,101
NWO-1015,DC_NORTH,2026-04-13,293,111
NWO-1015,DC_NORTH,2026-04-20,476,145
NWO-1015,DC_NORTH,2026-04-27,437,144
NWO-1015,DC_NORTH,2026-05-04,460,116
NWO-1015,DC_NORTH,2026-05-11,392,109
NWO-1015,DC_NORTH,2026-05-18,259,136
NWO-1015,DC_NORTH,2026-05-25,349,149
NWO-1015,DC_NORTH,2026-06-01,610,210
NWO-1015,DC_SOUTH,2023-06-05,1231,479
NWO-1015,DC_SOUTH,2023-06-12,1155,337
NWO-1015,DC_SOUTH,2023-06-19,1181,350
NWO-1015,DC_SOUTH,2023-06-26,1278,545
NWO-1015,DC_SOUTH,2023-07-03,1135,337
NWO-1015,DC_SOUTH,2023-07-10,1372,434
NWO-1015,DC_SOUTH,2023-07-17,1367,461
NWO-1015,DC_SOUTH,2023-07-24,994,381
NWO-1015,DC_SOUTH,2023-07-31,1091,342
NWO-1015,DC_SOUTH,2023-08-07,895,335
NWO-1015,DC_SOUTH,2023-08-14,768,293
NWO-1015,DC_SOUTH,2023-08-21,946,462
NWO-1015,DC_SOUTH,2023-08-28,1284,329
NWO-1015,DC_SOUTH,2023-09-04,1060,346
NWO-1015,DC_SOUTH,2023-09-11,1005,393
NWO-1015,DC_SOUTH,2023-09-18,918,466
NWO-1015,DC_SOUTH,2023-09-25,1035,386
NWO-1015,DC_SOUTH,2023-10-02,829,340
NWO-1015,DC_SOUTH,2023-10-09,924,495
NWO-1015,DC_SOUTH,2023-10-16,1408,415
NWO-1015,DC_SOUTH,2023-10-23,1279,277
NWO-1015,DC_SOUTH,2023-10-30,1088,464
NWO-1015,DC_SOUTH,2023-11-06,1622,345
NWO-1015,DC_SOUTH,2023-11-13,978,544
NWO-1015,DC_SOUTH,2023-11-20,1410,482
NWO-1015,DC_SOUTH,2023-11-27,1499,394
NWO-1015,DC_SOUTH,2023-12-04,966,480
NWO-1015,DC_SOUTH,2023-12-11,1459,698
NWO-1015,DC_SOUTH,2023-12-18,1625,642
NWO-1015,DC_SOUTH,2023-12-25,1782,263
NWO-1015,DC_SOUTH,2024-01-01,544,227
NWO-1015,DC_SOUTH,2024-01-08,811,237
NWO-1015,DC_SOUTH,2024-01-15,887,299
NWO-1015,DC_SOUTH,2024-01-22,592,278
NWO-1015,DC_SOUTH,2024-01-29,1014,256
NWO-1015,DC_SOUTH,2024-02-05,932,285
NWO-1015,DC_SOUTH,2024-02-12,958,281
NWO-1015,DC_SOUTH,2024-02-19,787,278
NWO-1015,DC_SOUTH,2024-02-26,658,375
NWO-1015,DC_SOUTH,2024-03-04,739,360
NWO-1015,DC_SOUTH,2024-03-11,682,261
NWO-1015,DC_SOUTH,2024-03-18,799,260
NWO-1015,DC_SOUTH,2024-03-25,875,426
NWO-1015,DC_SOUTH,2024-04-01,1198,354
NWO-1015,DC_SOUTH,2024-04-08,874,391
NWO-1015,DC_SOUTH,2024-04-15,768,330
NWO-1015,DC_SOUTH,2024-04-22,645,341
NWO-1015,DC_SOUTH,2024-04-29,1139,311
NWO-1015,DC_SOUTH,2024-05-06,1173,476
NWO-1015,DC_SOUTH,2024-05-13,1317,350
NWO-1015,DC_SOUTH,2024-05-20,909,351
NWO-1015,DC_SOUTH,2024-05-27,1024,383
NWO-1015,DC_SOUTH,2024-06-03,1082,317
NWO-1015,DC_SOUTH,2024-06-10,885,468
NWO-1015,DC_SOUTH,2024-06-17,1398,414
NWO-1015,DC_SOUTH,2024-06-24,899,360
NWO-1015,DC_SOUTH,2024-07-01,872,374
NWO-1015,DC_SOUTH,2024-07-08,1065,393
NWO-1015,DC_SOUTH,2024-07-15,832,344
NWO-1015,DC_SOUTH,2024-07-22,1354,403
NWO-1015,DC_SOUTH,2024-07-29,951,355
NWO-1015,DC_SOUTH,2024-08-05,727,324
NWO-1015,DC_SOUTH,2024-08-12,938,293
NWO-1015,DC_SOUTH,2024-08-19,766,434
NWO-1015,DC_SOUTH,2024-08-26,882,370
NWO-1015,DC_SOUTH,2024-09-02,892,327
NWO-1015,DC_SOUTH,2024-09-09,974,315
NWO-1015,DC_SOUTH,2024-09-16,916,421
NWO-1015,DC_SOUTH,2024-09-23,1280,307
NWO-1015,DC_SOUTH,2024-09-30,1096,370
NWO-1015,DC_SOUTH,2024-10-07,1173,405
NWO-1015,DC_SOUTH,2024-10-14,1083,333
NWO-1015,DC_SOUTH,2024-10-21,979,406
NWO-1015,DC_SOUTH,2024-10-28,933,667
NWO-1015,DC_SOUTH,2024-11-04,1999,672
NWO-1015,DC_SOUTH,2024-11-11,1912,510
NWO-1015,DC_SOUTH,2024-11-18,1400,543
NWO-1015,DC_SOUTH,2024-11-25,1418,465
NWO-1015,DC_SOUTH,2024-12-02,1515,450
NWO-1015,DC_SOUTH,2024-12-09,1417,402
NWO-1015,DC_SOUTH,2024-12-16,1457,462
NWO-1015,DC_SOUTH,2024-12-23,1291,520
NWO-1015,DC_SOUTH,2024-12-30,1543,226
NWO-1015,DC_SOUTH,2025-01-06,532,248
NWO-1015,DC_SOUTH,2025-01-13,1002,348
NWO-1015,DC_SOUTH,2025-01-20,987,313
NWO-1015,DC_SOUTH,2025-01-27,784,405
NWO-1015,DC_SOUTH,2025-02-03,1200,454
NWO-1015,DC_SOUTH,2025-02-10,1126,498
NWO-1015,DC_SOUTH,2025-02-17,1400,253
NWO-1015,DC_SOUTH,2025-02-24,729,360
NWO-1015,DC_SOUTH,2025-03-03,832,363
NWO-1015,DC_SOUTH,2025-03-10,902,318
NWO-1015,DC_SOUTH,2025-03-17,869,323
NWO-1015,DC_SOUTH,2025-03-24,713,307
NWO-1015,DC_SOUTH,2025-03-31,824,347
NWO-1015,DC_SOUTH,2025-04-07,1137,433
NWO-1015,DC_SOUTH,2025-04-14,1269,318
NWO-1015,DC_SOUTH,2025-04-21,1217,433
NWO-1015,DC_SOUTH,2025-04-28,1444,464
NWO-1015,DC_SOUTH,2025-05-05,1386,465
NWO-1015,DC_SOUTH,2025-05-12,1022,289
NWO-1015,DC_SOUTH,2025-05-19,1165,302
NWO-1015,DC_SOUTH,2025-05-26,1305,416
NWO-1015,DC_SOUTH,2025-06-02,1269,307
NWO-1015,DC_SOUTH,2025-06-09,1237,407
NWO-1015,DC_SOUTH,2025-06-16,1167,416
NWO-1015,DC_SOUTH,2025-06-23,1033,311
NWO-1015,DC_SOUTH,2025-06-30,1154,399
NWO-1015,DC_SOUTH,2025-07-07,969,435
NWO-1015,DC_SOUTH,2025-07-14,1385,390
NWO-1015,DC_SOUTH,2025-07-21,1185,491
NWO-1015,DC_SOUTH,2025-07-28,1287,387
NWO-1015,DC_SOUTH,2025-08-04,1020,334
NWO-1015,DC_SOUTH,2025-08-11,1176,412
NWO-1015,DC_SOUTH,2025-08-18,1419,337
NWO-1015,DC_SOUTH,2025-08-25,1293,304
NWO-1015,DC_SOUTH,2025-09-01,910,350
NWO-1015,DC_SOUTH,2025-09-08,1022,320
NWO-1015,DC_SOUTH,2025-09-15,1114,273
NWO-1015,DC_SOUTH,2025-09-22,1156,421
NWO-1015,DC_SOUTH,2025-09-29,854,347
NWO-1015,DC_SOUTH,2025-10-06,923,380
NWO-1015,DC_SOUTH,2025-10-13,953,407
NWO-1015,DC_SOUTH,2025-10-20,1029,285
NWO-1015,DC_SOUTH,2025-10-27,672,417
NWO-1015,DC_SOUTH,2025-11-03,1470,423
NWO-1015,DC_SOUTH,2025-11-10,1039,559
NWO-1015,DC_SOUTH,2025-11-17,1424,579
NWO-1015,DC_SOUTH,2025-11-24,1667,511
NWO-1015,DC_SOUTH,2025-12-01,1797,617
NWO-1015,DC_SOUTH,2025-12-08,1825,603
NWO-1015,DC_SOUTH,2025-12-15,1256,494
NWO-1015,DC_SOUTH,2025-12-22,1763,486
NWO-1015,DC_SOUTH,2025-12-29,1817,269
NWO-1015,DC_SOUTH,2026-01-05,637,343
NWO-1015,DC_SOUTH,2026-01-12,900,242
NWO-1015,DC_SOUTH,2026-01-19,578,304
NWO-1015,DC_SOUTH,2026-01-26,606,253
NWO-1015,DC_SOUTH,2026-02-02,742,304
NWO-1015,DC_SOUTH,2026-02-09,997,313
NWO-1015,DC_SOUTH,2026-02-16,737,272
NWO-1015,DC_SOUTH,2026-02-23,652,330
NWO-1015,DC_SOUTH,2026-03-02,1334,351
NWO-1015,DC_SOUTH,2026-03-09,913,314
NWO-1015,DC_SOUTH,2026-03-16,843,359
NWO-1015,DC_SOUTH,2026-03-23,835,455
NWO-1015,DC_SOUTH,2026-03-30,1280,411
NWO-1015,DC_SOUTH,2026-04-06,1183,265
NWO-1015,DC_SOUTH,2026-04-13,752,298
NWO-1015,DC_SOUTH,2026-04-20,896,402
NWO-1015,DC_SOUTH,2026-04-27,1128,265
NWO-1015,DC_SOUTH,2026-05-04,663,267
NWO-1015,DC_SOUTH,2026-05-11,737,300
NWO-1015,DC_SOUTH,2026-05-18,1181,316
NWO-1015,DC_SOUTH,2026-05-25,1111,451
NWO-1015,DC_SOUTH,2026-06-01,1066,388
NWO-1015,DC_WEST,2023-06-05,635,228
NWO-1015,DC_WEST,2023-06-12,746,254
NWO-1015,DC_WEST,2023-06-19,689,331
NWO-1015,DC_WEST,2023-06-26,982,310
NWO-1015,DC_WEST,2023-07-03,930,300
NWO-1015,DC_WEST,2023-07-10,673,182
NWO-1015,DC_WEST,2023-07-17,482,300
NWO-1015,DC_WEST,2023-07-24,908,276
NWO-1015,DC_WEST,2023-07-31,787,341
NWO-1015,DC_WEST,2023-08-07,1034,344
NWO-1015,DC_WEST,2023-08-14,733,327
NWO-1015,DC_WEST,2023-08-21,723,293
NWO-1015,DC_WEST,2023-08-28,827,270
NWO-1015,DC_WEST,2023-09-04,921,260
NWO-1015,DC_WEST,2023-09-11,678,236
NWO-1015,DC_WEST,2023-09-18,560,262
NWO-1015,DC_WEST,2023-09-25,937,236
NWO-1015,DC_WEST,2023-10-02,759,297
NWO-1015,DC_WEST,2023-10-09,664,220
NWO-1015,DC_WEST,2023-10-16,749,269
NWO-1015,DC_WEST,2023-10-23,655,194
NWO-1015,DC_WEST,2023-10-30,733,419
NWO-1015,DC_WEST,2023-11-06,1059,323
NWO-1015,DC_WEST,2023-11-13,1221,362
NWO-1015,DC_WEST,2023-11-20,949,403
NWO-1015,DC_WEST,2023-11-27,1107,398
NWO-1015,DC_WEST,2023-12-04,1051,407
NWO-1015,DC_WEST,2023-12-11,1235,425
NWO-1015,DC_WEST,2023-12-18,891,361
NWO-1015,DC_WEST,2023-12-25,815,187
NWO-1015,DC_WEST,2024-01-01,575,151
NWO-1015,DC_WEST,2024-01-08,579,231
NWO-1015,DC_WEST,2024-01-15,791,227
NWO-1015,DC_WEST,2024-01-22,670,186
NWO-1015,DC_WEST,2024-01-29,716,185
NWO-1015,DC_WEST,2024-02-05,662,219
NWO-1015,DC_WEST,2024-02-12,651,217
NWO-1015,DC_WEST,2024-02-19,644,266
NWO-1015,DC_WEST,2024-02-26,599,255
NWO-1015,DC_WEST,2024-03-04,1060,193
NWO-1015,DC_WEST,2024-03-11,756,312
NWO-1015,DC_WEST,2024-03-18,565,226
NWO-1015,DC_WEST,2024-03-25,777,232
NWO-1015,DC_WEST,2024-04-01,814,319
NWO-1015,DC_WEST,2024-04-08,870,285
NWO-1015,DC_WEST,2024-04-15,826,243
NWO-1015,DC_WEST,2024-04-22,821,292
NWO-1015,DC_WEST,2024-04-29,599,326
NWO-1015,DC_WEST,2024-05-06,882,300
NWO-1015,DC_WEST,2024-05-13,983,275
NWO-1015,DC_WEST,2024-05-20,618,286
NWO-1015,DC_WEST,2024-05-27,850,292
NWO-1015,DC_WEST,2024-06-03,741,343
NWO-1015,DC_WEST,2024-06-10,787,250
NWO-1015,DC_WEST,2024-06-17,1001,284
NWO-1015,DC_WEST,2024-06-24,805,313
NWO-1015,DC_WEST,2024-07-01,711,254
NWO-1015,DC_WEST,2024-07-08,888,328
NWO-1015,DC_WEST,2024-07-15,1014,267
NWO-1015,DC_WEST,2024-07-22,842,247
NWO-1015,DC_WEST,2024-07-29,842,386
NWO-1015,DC_WEST,2024-08-05,1168,214
NWO-1015,DC_WEST,2024-08-12,632,230
NWO-1015,DC_WEST,2024-08-19,817,309
NWO-1015,DC_WEST,2024-08-26,853,212
NWO-1015,DC_WEST,2024-09-02,734,278
NWO-1015,DC_WEST,2024-09-09,634,219
NWO-1015,DC_WEST,2024-09-16,535,196
NWO-1015,DC_WEST,2024-09-23,619,230
NWO-1015,DC_WEST,2024-09-30,733,341
NWO-1015,DC_WEST,2024-10-07,779,257
NWO-1015,DC_WEST,2024-10-14,973,264
NWO-1015,DC_WEST,2024-10-21,858,295
NWO-1015,DC_WEST,2024-10-28,750,304
NWO-1015,DC_WEST,2024-11-04,793,424
NWO-1015,DC_WEST,2024-11-11,1109,367
NWO-1015,DC_WEST,2024-11-18,1215,281
NWO-1015,DC_WEST,2024-11-25,939,315
NWO-1015,DC_WEST,2024-12-02,777,369
NWO-1015,DC_WEST,2024-12-09,895,538
NWO-1015,DC_WEST,2024-12-16,1649,360
NWO-1015,DC_WEST,2024-12-23,1220,589
NWO-1015,DC_WEST,2024-12-30,1350,205
NWO-1015,DC_WEST,2025-01-06,714,239
NWO-1015,DC_WEST,2025-01-13,450,235
NWO-1015,DC_WEST,2025-01-20,627,159
NWO-1015,DC_WEST,2025-01-27,437,200
NWO-1015,DC_WEST,2025-02-03,591,187
NWO-1015,DC_WEST,2025-02-10,515,240
NWO-1015,DC_WEST,2025-02-17,643,223
NWO-1015,DC_WEST,2025-02-24,445,239
NWO-1015,DC_WEST,2025-03-03,779,237
NWO-1015,DC_WEST,2025-03-10,732,229
NWO-1015,DC_WEST,2025-03-17,535,284
NWO-1015,DC_WEST,2025-03-24,826,286
NWO-1015,DC_WEST,2025-03-31,540,229
NWO-1015,DC_WEST,2025-04-07,756,234
NWO-1015,DC_WEST,2025-04-14,685,292
NWO-1015,DC_WEST,2025-04-21,528,199
NWO-1015,DC_WEST,2025-04-28,488,270
NWO-1015,DC_WEST,2025-05-05,631,277
NWO-1015,DC_WEST,2025-05-12,801,300
NWO-1015,DC_WEST,2025-05-19,807,244
NWO-1015,DC_WEST,2025-05-26,572,299
NWO-1015,DC_WEST,2025-06-02,620,249
NWO-1015,DC_WEST,2025-06-09,561,335
NWO-1015,DC_WEST,2025-06-16,770,304
NWO-1015,DC_WEST,2025-06-23,1075,252
NWO-1015,DC_WEST,2025-06-30,932,339
NWO-1015,DC_WEST,2025-07-07,728,320
NWO-1015,DC_WEST,2025-07-14,860,266
NWO-1015,DC_WEST,2025-07-21,920,259
NWO-1015,DC_WEST,2025-07-28,882,191
NWO-1015,DC_WEST,2025-08-04,633,258
NWO-1015,DC_WEST,2025-08-11,806,354
NWO-1015,DC_WEST,2025-08-18,930,305
NWO-1015,DC_WEST,2025-08-25,839,393
NWO-1015,DC_WEST,2025-09-01,1436,258
NWO-1015,DC_WEST,2025-09-08,447,200
NWO-1015,DC_WEST,2025-09-15,507,317
NWO-1015,DC_WEST,2025-09-22,880,257
NWO-1015,DC_WEST,2025-09-29,858,319
NWO-1015,DC_WEST,2025-10-06,666,243
NWO-1015,DC_WEST,2025-10-13,649,256
NWO-1015,DC_WEST,2025-10-20,813,233
NWO-1015,DC_WEST,2025-10-27,602,269
NWO-1015,DC_WEST,2025-11-03,805,417
NWO-1015,DC_WEST,2025-11-10,1372,353
NWO-1015,DC_WEST,2025-11-17,1007,388
NWO-1015,DC_WEST,2025-11-24,1166,300
NWO-1015,DC_WEST,2025-12-01,895,409
NWO-1015,DC_WEST,2025-12-08,1134,445
NWO-1015,DC_WEST,2025-12-15,1169,312
NWO-1015,DC_WEST,2025-12-22,979,373
NWO-1015,DC_WEST,2025-12-29,1315,181
NWO-1015,DC_WEST,2026-01-05,564,220
NWO-1015,DC_WEST,2026-01-12,437,236
NWO-1015,DC_WEST,2026-01-19,526,242
NWO-1015,DC_WEST,2026-01-26,447,171
NWO-1015,DC_WEST,2026-02-02,478,194
NWO-1015,DC_WEST,2026-02-09,754,187
NWO-1015,DC_WEST,2026-02-16,572,182
NWO-1015,DC_WEST,2026-02-23,410,267
NWO-1015,DC_WEST,2026-03-02,501,201
NWO-1015,DC_WEST,2026-03-09,462,215
NWO-1015,DC_WEST,2026-03-16,693,255
NWO-1015,DC_WEST,2026-03-23,927,198
NWO-1015,DC_WEST,2026-03-30,711,202
NWO-1015,DC_WEST,2026-04-06,566,272
NWO-1015,DC_WEST,2026-04-13,705,262
NWO-1015,DC_WEST,2026-04-20,794,215
NWO-1015,DC_WEST,2026-04-27,556,277
NWO-1015,DC_WEST,2026-05-04,708,341
NWO-1015,DC_WEST,2026-05-11,854,286
NWO-1015,DC_WEST,2026-05-18,614,286
NWO-1015,DC_WEST,2026-05-25,888,253
NWO-1015,DC_WEST,2026-06-01,784,237
NWO-1016,DC_NORTH,2025-10-06,24,18
NWO-1016,DC_NORTH,2025-10-13,43,24
NWO-1016,DC_NORTH,2025-10-20,89,41
NWO-1016,DC_NORTH,2025-10-27,102,113
NWO-1016,DC_NORTH,2025-11-03,375,170
NWO-1016,DC_NORTH,2025-11-10,557,162
NWO-1016,DC_NORTH,2025-11-17,418,125
NWO-1016,DC_NORTH,2025-11-24,275,321
NWO-1016,DC_NORTH,2025-12-01,949,510
NWO-1016,DC_NORTH,2025-12-08,1466,327
NWO-1016,DC_NORTH,2025-12-15,1397,274
NWO-1016,DC_NORTH,2025-12-22,836,324
NWO-1016,DC_NORTH,2025-12-29,781,135
NWO-1016,DC_NORTH,2026-01-05,550,138
NWO-1016,DC_NORTH,2026-01-12,484,166
NWO-1016,DC_NORTH,2026-01-19,393,172
NWO-1016,DC_NORTH,2026-01-26,501,111
NWO-1016,DC_NORTH,2026-02-02,388,130
NWO-1016,DC_NORTH,2026-02-09,467,147
NWO-1016,DC_NORTH,2026-02-16,422,131
NWO-1016,DC_NORTH,2026-02-23,335,180
NWO-1016,DC_NORTH,2026-03-02,373,151
NWO-1016,DC_NORTH,2026-03-09,544,227
NWO-1016,DC_NORTH,2026-03-16,489,235
NWO-1016,DC_NORTH,2026-03-23,422,257
NWO-1016,DC_NORTH,2026-03-30,601,126
NWO-1016,DC_NORTH,2026-04-06,293,242
NWO-1016,DC_NORTH,2026-04-13,714,254
NWO-1016,DC_NORTH,2026-04-20,680,162
NWO-1016,DC_NORTH,2026-04-27,541,189
NWO-1016,DC_NORTH,2026-05-04,581,140
NWO-1016,DC_NORTH,2026-05-11,538,248
NWO-1016,DC_NORTH,2026-05-18,515,183
NWO-1016,DC_NORTH,2026-05-25,730,210
NWO-1016,DC_NORTH,2026-06-01,484,235
NWO-1016,DC_SOUTH,2025-10-06,85,36
NWO-1016,DC_SOUTH,2025-10-13,121,93
NWO-1016,DC_SOUTH,2025-10-20,269,119
NWO-1016,DC_SOUTH,2025-10-27,454,214
NWO-1016,DC_SOUTH,2025-11-03,707,292
NWO-1016,DC_SOUTH,2025-11-10,737,368
NWO-1016,DC_SOUTH,2025-11-17,1250,465
NWO-1016,DC_SOUTH,2025-11-24,1135,483
NWO-1016,DC_SOUTH,2025-12-01,1591,564
NWO-1016,DC_SOUTH,2025-12-08,1417,795
NWO-1016,DC_SOUTH,2025-12-15,2136,752
NWO-1016,DC_SOUTH,2025-12-22,1493,816
NWO-1016,DC_SOUTH,2025-12-29,2158,353
NWO-1016,DC_SOUTH,2026-01-05,1000,401
NWO-1016,DC_SOUTH,2026-01-12,1288,304
NWO-1016,DC_SOUTH,2026-01-19,964,356
NWO-1016,DC_SOUTH,2026-01-26,1014,441
NWO-1016,DC_SOUTH,2026-02-02,878,380
NWO-1016,DC_SOUTH,2026-02-09,1469,428
NWO-1016,DC_SOUTH,2026-02-16,954,371
NWO-1016,DC_SOUTH,2026-02-23,805,456
NWO-1016,DC_SOUTH,2026-03-02,1230,424
NWO-1016,DC_SOUTH,2026-03-09,1137,566
NWO-1016,DC_SOUTH,2026-03-16,1437,407
NWO-1016,DC_SOUTH,2026-03-23,1275,586
NWO-1016,DC_SOUTH,2026-03-30,1783,362
NWO-1016,DC_SOUTH,2026-04-06,1163,604
NWO-1016,DC_SOUTH,2026-04-13,1620,543
NWO-1016,DC_SOUTH,2026-04-20,1138,640
NWO-1016,DC_SOUTH,2026-04-27,1851,461
NWO-1016,DC_SOUTH,2026-05-04,1398,542
NWO-1016,DC_SOUTH,2026-05-11,1656,437
NWO-1016,DC_SOUTH,2026-05-18,1025,466
NWO-1016,DC_SOUTH,2026-05-25,1305,584
NWO-1016,DC_SOUTH,2026-06-01,1405,598
NWO-1016,DC_WEST,2025-10-06,58,32
NWO-1016,DC_WEST,2025-10-13,110,66
NWO-1016,DC_WEST,2025-10-20,187,81
NWO-1016,DC_WEST,2025-10-27,308,173
NWO-1016,DC_WEST,2025-11-03,529,285
NWO-1016,DC_WEST,2025-11-10,721,272
NWO-1016,DC_WEST,2025-11-17,768,267
NWO-1016,DC_WEST,2025-11-24,770,263
NWO-1016,DC_WEST,2025-12-01,894,524
NWO-1016,DC_WEST,2025-12-08,1368,613
NWO-1016,DC_WEST,2025-12-15,1556,528
NWO-1016,DC_WEST,2025-12-22,1581,529
NWO-1016,DC_WEST,2025-12-29,1287,285
NWO-1016,DC_WEST,2026-01-05,838,368
NWO-1016,DC_WEST,2026-01-12,683,264
NWO-1016,DC_WEST,2026-01-19,633,390
NWO-1016,DC_WEST,2026-01-26,1027,322
NWO-1016,DC_WEST,2026-02-02,798,274
NWO-1016,DC_WEST,2026-02-09,758,294
NWO-1016,DC_WEST,2026-02-16,1080,332
NWO-1016,DC_WEST,2026-02-23,1046,270
NWO-1016,DC_WEST,2026-03-02,713,325
NWO-1016,DC_WEST,2026-03-09,806,453
NWO-1016,DC_WEST,2026-03-16,1291,384
NWO-1016,DC_WEST,2026-03-23,1255,372
NWO-1016,DC_WEST,2026-03-30,656,412
NWO-1016,DC_WEST,2026-04-06,854,445
NWO-1016,DC_WEST,2026-04-13,1151,450
NWO-1016,DC_WEST,2026-04-20,966,439
NWO-1016,DC_WEST,2026-04-27,974,424
NWO-1016,DC_WEST,2026-05-04,1024,427
NWO-1016,DC_WEST,2026-05-11,956,238
NWO-1016,DC_WEST,2026-05-18,779,398
NWO-1016,DC_WEST,2026-05-25,790,545
NWO-1016,DC_WEST,2026-06-01,1409,514
NWO-1017,DC_NORTH,2023-06-05,362,158
NWO-1017,DC_NORTH,2023-06-12,311,123
NWO-1017,DC_NORTH,2023-06-19,487,145
NWO-1017,DC_NORTH,2023-06-26,415,107
NWO-1017,DC_NORTH,2023-07-03,288,119
NWO-1017,DC_NORTH,2023-07-10,255,170
NWO-1017,DC_NORTH,2023-07-17,390,143
NWO-1017,DC_NORTH,2023-07-24,431,132
NWO-1017,DC_NORTH,2023-07-31,350,125
NWO-1017,DC_NORTH,2023-08-07,315,129
NWO-1017,DC_NORTH,2023-08-14,327,161
NWO-1017,DC_NORTH,2023-08-21,328,126
NWO-1017,DC_NORTH,2023-08-28,312,133
NWO-1017,DC_NORTH,2023-09-04,351,96
NWO-1017,DC_NORTH,2023-09-11,351,151
NWO-1017,DC_NORTH,2023-09-18,315,112
NWO-1017,DC_NORTH,2023-09-25,250,110
NWO-1017,DC_NORTH,2023-10-02,294,118
NWO-1017,DC_NORTH,2023-10-09,361,163
NWO-1017,DC_NORTH,2023-10-16,400,231
NWO-1017,DC_NORTH,2023-10-23,495,115
NWO-1017,DC_NORTH,2023-10-30,254,187
NWO-1017,DC_NORTH,2023-11-06,502,150
NWO-1017,DC_NORTH,2023-11-13,612,227
NWO-1017,DC_NORTH,2023-11-20,661,127
NWO-1017,DC_NORTH,2023-11-27,289,225
NWO-1017,DC_NORTH,2023-12-04,611,228
NWO-1017,DC_NORTH,2023-12-11,619,148
NWO-1017,DC_NORTH,2023-12-18,528,197
NWO-1017,DC_NORTH,2023-12-25,528,99
NWO-1017,DC_NORTH,2024-01-01,383,86
NWO-1017,DC_NORTH,2024-01-08,228,115
NWO-1017,DC_NORTH,2024-01-15,305,102
NWO-1017,DC_NORTH,2024-01-22,322,101
NWO-1017,DC_NORTH,2024-01-29,224,98
NWO-1017,DC_NORTH,2024-02-05,257,76
NWO-1017,DC_NORTH,2024-02-12,199,61
NWO-1017,DC_NORTH,2024-02-19,238,102
NWO-1017,DC_NORTH,2024-02-26,209,117
NWO-1017,DC_NORTH,2024-03-04,260,134
NWO-1017,DC_NORTH,2024-03-11,396,93
NWO-1017,DC_NORTH,2024-03-18,225,112
NWO-1017,DC_NORTH,2024-03-25,415,134
NWO-1017,DC_NORTH,2024-04-01,296,126
NWO-1017,DC_NORTH,2024-04-08,273,146
NWO-1017,DC_NORTH,2024-04-15,410,119
NWO-1017,DC_NORTH,2024-04-22,371,166
NWO-1017,DC_NORTH,2024-04-29,319,86
NWO-1017,DC_NORTH,2024-05-06,213,126
NWO-1017,DC_NORTH,2024-05-13,481,103
NWO-1017,DC_NORTH,2024-05-20,240,122
NWO-1017,DC_NORTH,2024-05-27,343,141
NWO-1017,DC_NORTH,2024-06-03,379,133
NWO-1017,DC_NORTH,2024-06-10,278,158
NWO-1017,DC_NORTH,2024-06-17,346,120
NWO-1017,DC_NORTH,2024-06-24,387,137
NWO-1017,DC_NORTH,2024-07-01,381,165
NWO-1017,DC_NORTH,2024-07-08,378,182
NWO-1017,DC_NORTH,2024-07-15,462,163
NWO-1017,DC_NORTH,2024-07-22,451,132
NWO-1017,DC_NORTH,2024-07-29,372,124
NWO-1017,DC_NORTH,2024-08-05,465,169
NWO-1017,DC_NORTH,2024-08-12,524,116
NWO-1017,DC_NORTH,2024-08-19,360,136
NWO-1017,DC_NORTH,2024-08-26,291,103
NWO-1017,DC_NORTH,2024-09-02,398,143
NWO-1017,DC_NORTH,2024-09-09,296,134
NWO-1017,DC_NORTH,2024-09-16,321,121
NWO-1017,DC_NORTH,2024-09-23,439,121
NWO-1017,DC_NORTH,2024-09-30,399,153
NWO-1017,DC_NORTH,2024-10-07,304,94
NWO-1017,DC_NORTH,2024-10-14,317,110
NWO-1017,DC_NORTH,2024-10-21,262,152
NWO-1017,DC_NORTH,2024-10-28,464,255
NWO-1017,DC_NORTH,2024-11-04,781,197
NWO-1017,DC_NORTH,2024-11-11,332,187
NWO-1017,DC_NORTH,2024-11-18,687,138
NWO-1017,DC_NORTH,2024-11-25,376,146
NWO-1017,DC_NORTH,2024-12-02,556,152
NWO-1017,DC_NORTH,2024-12-09,452,155
NWO-1017,DC_NORTH,2024-12-16,313,132
NWO-1017,DC_NORTH,2024-12-23,295,166
NWO-1017,DC_NORTH,2024-12-30,400,86
NWO-1017,DC_NORTH,2025-01-06,195,118
NWO-1017,DC_NORTH,2025-01-13,320,119
NWO-1017,DC_NORTH,2025-01-20,333,104
NWO-1017,DC_NORTH,2025-01-27,232,76
NWO-1017,DC_NORTH,2025-02-03,251,82
NWO-1017,DC_NORTH,2025-02-10,325,93
NWO-1017,DC_NORTH,2025-02-17,298,102
NWO-1017,DC_NORTH,2025-02-24,287,113
NWO-1017,DC_NORTH,2025-03-03,257,104
NWO-1017,DC_NORTH,2025-03-10,399,116
NWO-1017,DC_NORTH,2025-03-17,252,104
NWO-1017,DC_NORTH,2025-03-24,299,91
NWO-1017,DC_NORTH,2025-03-31,282,99
NWO-1017,DC_NORTH,2025-04-07,270,108
NWO-1017,DC_NORTH,2025-04-14,367,141
NWO-1017,DC_NORTH,2025-04-21,398,133
NWO-1017,DC_NORTH,2025-04-28,263,141
NWO-1017,DC_NORTH,2025-05-05,375,102
NWO-1017,DC_NORTH,2025-05-12,266,130
NWO-1017,DC_NORTH,2025-05-19,372,131
NWO-1017,DC_NORTH,2025-05-26,375,109
NWO-1017,DC_NORTH,2025-06-02,409,127
NWO-1017,DC_NORTH,2025-06-09,411,146
NWO-1017,DC_NORTH,2025-06-16,324,103
NWO-1017,DC_NORTH,2025-06-23,350,169
NWO-1017,DC_NORTH,2025-06-30,357,162
NWO-1017,DC_NORTH,2025-07-07,413,161
NWO-1017,DC_NORTH,2025-07-14,462,143
NWO-1017,DC_NORTH,2025-07-21,385,152
NWO-1017,DC_NORTH,2025-07-28,449,131
NWO-1017,DC_NORTH,2025-08-04,279,87
NWO-1017,DC_NORTH,2025-08-11,275,118
NWO-1017,DC_NORTH,2025-08-18,365,95
NWO-1017,DC_NORTH,2025-08-25,335,161
NWO-1017,DC_NORTH,2025-09-01,357,149
NWO-1017,DC_NORTH,2025-09-08,424,131
NWO-1017,DC_NORTH,2025-09-15,382,158
NWO-1017,DC_NORTH,2025-09-22,374,96
NWO-1017,DC_NORTH,2025-09-29,286,123
NWO-1017,DC_NORTH,2025-10-06,289,141
NWO-1017,DC_NORTH,2025-10-13,337,152
NWO-1017,DC_NORTH,2025-10-20,377,134
NWO-1017,DC_NORTH,2025-10-27,397,162
NWO-1017,DC_NORTH,2025-11-03,546,216
NWO-1017,DC_NORTH,2025-11-10,593,176
NWO-1017,DC_NORTH,2025-11-17,486,173
NWO-1017,DC_NORTH,2025-11-24,483,190
NWO-1017,DC_NORTH,2025-12-01,571,143
NWO-1017,DC_NORTH,2025-12-08,400,247
NWO-1017,DC_NORTH,2025-12-15,656,234
NWO-1017,DC_NORTH,2025-12-22,613,132
NWO-1017,DC_NORTH,2025-12-29,492,86
NWO-1017,DC_NORTH,2026-01-05,181,96
NWO-1017,DC_NORTH,2026-01-12,363,70
NWO-1017,DC_NORTH,2026-01-19,268,101
NWO-1017,DC_NORTH,2026-01-26,231,85
NWO-1017,DC_NORTH,2026-02-02,351,78
NWO-1017,DC_NORTH,2026-02-09,242,73
NWO-1017,DC_NORTH,2026-02-16,202,126
NWO-1017,DC_NORTH,2026-02-23,358,121
NWO-1017,DC_NORTH,2026-03-02,394,104
NWO-1017,DC_NORTH,2026-03-09,440,112
NWO-1017,DC_NORTH,2026-03-16,246,118
NWO-1017,DC_NORTH,2026-03-23,235,106
NWO-1017,DC_NORTH,2026-03-30,260,113
NWO-1017,DC_NORTH,2026-04-06,376,119
NWO-1017,DC_NORTH,2026-04-13,444,114
NWO-1017,DC_NORTH,2026-04-20,332,162
NWO-1017,DC_NORTH,2026-04-27,428,139
NWO-1017,DC_NORTH,2026-05-04,310,100
NWO-1017,DC_NORTH,2026-05-11,349,182
NWO-1017,DC_NORTH,2026-05-18,448,110
NWO-1017,DC_NORTH,2026-05-25,293,139
NWO-1017,DC_NORTH,2026-06-01,377,147
NWO-1017,DC_SOUTH,2023-06-05,871,445
NWO-1017,DC_SOUTH,2023-06-12,906,413
NWO-1017,DC_SOUTH,2023-06-19,993,487
NWO-1017,DC_SOUTH,2023-06-26,1401,312
NWO-1017,DC_SOUTH,2023-07-03,937,400
NWO-1017,DC_SOUTH,2023-07-10,1098,281
NWO-1017,DC_SOUTH,2023-07-17,938,497
NWO-1017,DC_SOUTH,2023-07-24,970,298
NWO-1017,DC_SOUTH,2023-07-31,763,252
NWO-1017,DC_SOUTH,2023-08-07,810,362
NWO-1017,DC_SOUTH,2023-08-14,1273,294
NWO-1017,DC_SOUTH,2023-08-21,684,363
NWO-1017,DC_SOUTH,2023-08-28,931,311
NWO-1017,DC_SOUTH,2023-09-04,979,405
NWO-1017,DC_SOUTH,2023-09-11,1008,308
NWO-1017,DC_SOUTH,2023-09-18,971,253
NWO-1017,DC_SOUTH,2023-09-25,1014,520
NWO-1017,DC_SOUTH,2023-10-02,1447,555
NWO-1017,DC_SOUTH,2023-10-09,1436,355
NWO-1017,DC_SOUTH,2023-10-16,992,303
NWO-1017,DC_SOUTH,2023-10-23,950,289
NWO-1017,DC_SOUTH,2023-10-30,982,509
NWO-1017,DC_SOUTH,2023-11-06,1385,454
NWO-1017,DC_SOUTH,2023-11-13,1058,369
NWO-1017,DC_SOUTH,2023-11-20,1357,389
NWO-1017,DC_SOUTH,2023-11-27,1453,426
NWO-1017,DC_SOUTH,2023-12-04,1193,496
NWO-1017,DC_SOUTH,2023-12-11,1438,486
NWO-1017,DC_SOUTH,2023-12-18,1508,471
NWO-1017,DC_SOUTH,2023-12-25,1799,233
NWO-1017,DC_SOUTH,2024-01-01,693,256
NWO-1017,DC_SOUTH,2024-01-08,522,380
NWO-1017,DC_SOUTH,2024-01-15,989,309
NWO-1017,DC_SOUTH,2024-01-22,667,237
NWO-1017,DC_SOUTH,2024-01-29,630,313
NWO-1017,DC_SOUTH,2024-02-05,840,278
NWO-1017,DC_SOUTH,2024-02-12,813,205
NWO-1017,DC_SOUTH,2024-02-19,561,253
NWO-1017,DC_SOUTH,2024-02-26,665,334
NWO-1017,DC_SOUTH,2024-03-04,845,316
NWO-1017,DC_SOUTH,2024-03-11,988,326
NWO-1017,DC_SOUTH,2024-03-18,647,393
NWO-1017,DC_SOUTH,2024-03-25,1098,315
NWO-1017,DC_SOUTH,2024-04-01,741,257
NWO-1017,DC_SOUTH,2024-04-08,868,251
NWO-1017,DC_SOUTH,2024-04-15,587,375
NWO-1017,DC_SOUTH,2024-04-22,762,361
NWO-1017,DC_SOUTH,2024-04-29,800,359
NWO-1017,DC_SOUTH,2024-05-06,818,391
NWO-1017,DC_SOUTH,2024-05-13,772,365
NWO-1017,DC_SOUTH,2024-05-20,778,301
NWO-1017,DC_SOUTH,2024-05-27,1032,409
NWO-1017,DC_SOUTH,2024-06-03,1052,353
NWO-1017,DC_SOUTH,2024-06-10,935,407
NWO-1017,DC_SOUTH,2024-06-17,832,391
NWO-1017,DC_SOUTH,2024-06-24,860,453
NWO-1017,DC_SOUTH,2024-07-01,926,369
NWO-1017,DC_SOUTH,2024-07-08,929,314
NWO-1017,DC_SOUTH,2024-07-15,951,397
NWO-1017,DC_SOUTH,2024-07-22,983,297
NWO-1017,DC_SOUTH,2024-07-29,1209,321
NWO-1017,DC_SOUTH,2024-08-05,717,344
NWO-1017,DC_SOUTH,2024-08-12,781,276
NWO-1017,DC_SOUTH,2024-08-19,894,353
NWO-1017,DC_SOUTH,2024-08-26,930,276
NWO-1017,DC_SOUTH,2024-09-02,983,351
NWO-1017,DC_SOUTH,2024-09-09,1020,314
NWO-1017,DC_SOUTH,2024-09-16,1118,306
NWO-1017,DC_SOUTH,2024-09-23,937,361
NWO-1017,DC_SOUTH,2024-09-30,1054,359
NWO-1017,DC_SOUTH,2024-10-07,959,373
NWO-1017,DC_SOUTH,2024-10-14,991,346
NWO-1017,DC_SOUTH,2024-10-21,946,375
NWO-1017,DC_SOUTH,2024-10-28,1150,344
NWO-1017,DC_SOUTH,2024-11-04,1491,365
NWO-1017,DC_SOUTH,2024-11-11,1192,362
NWO-1017,DC_SOUTH,2024-11-18,1337,505
NWO-1017,DC_SOUTH,2024-11-25,1090,637
NWO-1017,DC_SOUTH,2024-12-02,1986,446
NWO-1017,DC_SOUTH,2024-12-09,1200,425
NWO-1017,DC_SOUTH,2024-12-16,1268,459
NWO-1017,DC_SOUTH,2024-12-23,1676,503
NWO-1017,DC_SOUTH,2024-12-30,1170,274
NWO-1017,DC_SOUTH,2025-01-06,668,315
NWO-1017,DC_SOUTH,2025-01-13,767,312
NWO-1017,DC_SOUTH,2025-01-20,944,262
NWO-1017,DC_SOUTH,2025-01-27,902,283
NWO-1017,DC_SOUTH,2025-02-03,943,299
NWO-1017,DC_SOUTH,2025-02-10,682,201
NWO-1017,DC_SOUTH,2025-02-17,512,237
NWO-1017,DC_SOUTH,2025-02-24,888,213
NWO-1017,DC_SOUTH,2025-03-03,641,294
NWO-1017,DC_SOUTH,2025-03-10,680,475
NWO-1017,DC_SOUTH,2025-03-17,1194,272
NWO-1017,DC_SOUTH,2025-03-24,597,326
NWO-1017,DC_SOUTH,2025-03-31,979,361
NWO-1017,DC_SOUTH,2025-04-07,1051,379
NWO-1017,DC_SOUTH,2025-04-14,964,354
NWO-1017,DC_SOUTH,2025-04-21,653,340
NWO-1017,DC_SOUTH,2025-04-28,1102,292
NWO-1017,DC_SOUTH,2025-05-05,827,348
NWO-1017,DC_SOUTH,2025-05-12,789,411
NWO-1017,DC_SOUTH,2025-05-19,1300,274
NWO-1017,DC_SOUTH,2025-05-26,932,376
NWO-1017,DC_SOUTH,2025-06-02,1139,364
NWO-1017,DC_SOUTH,2025-06-09,1338,383
NWO-1017,DC_SOUTH,2025-06-16,1260,326
NWO-1017,DC_SOUTH,2025-06-23,1153,286
NWO-1017,DC_SOUTH,2025-06-30,1016,402
NWO-1017,DC_SOUTH,2025-07-07,1113,418
NWO-1017,DC_SOUTH,2025-07-14,1072,343
NWO-1017,DC_SOUTH,2025-07-21,751,300
NWO-1017,DC_SOUTH,2025-07-28,1130,359
NWO-1017,DC_SOUTH,2025-08-04,974,468
NWO-1017,DC_SOUTH,2025-08-11,882,365
NWO-1017,DC_SOUTH,2025-08-18,761,366
NWO-1017,DC_SOUTH,2025-08-25,1220,263
NWO-1017,DC_SOUTH,2025-09-01,1026,419
NWO-1017,DC_SOUTH,2025-09-08,890,338
NWO-1017,DC_SOUTH,2025-09-15,1010,288
NWO-1017,DC_SOUTH,2025-09-22,882,368
NWO-1017,DC_SOUTH,2025-09-29,1053,394
NWO-1017,DC_SOUTH,2025-10-06,1046,278
NWO-1017,DC_SOUTH,2025-10-13,950,317
NWO-1017,DC_SOUTH,2025-10-20,1073,394
NWO-1017,DC_SOUTH,2025-10-27,792,582
NWO-1017,DC_SOUTH,2025-11-03,1384,395
NWO-1017,DC_SOUTH,2025-11-10,1270,434
NWO-1017,DC_SOUTH,2025-11-17,910,530
NWO-1017,DC_SOUTH,2025-11-24,1264,382
NWO-1017,DC_SOUTH,2025-12-01,1440,497
NWO-1017,DC_SOUTH,2025-12-08,1489,595
NWO-1017,DC_SOUTH,2025-12-15,1568,617
NWO-1017,DC_SOUTH,2025-12-22,1223,612
NWO-1017,DC_SOUTH,2025-12-29,1498,258
NWO-1017,DC_SOUTH,2026-01-05,722,238
NWO-1017,DC_SOUTH,2026-01-12,774,254
NWO-1017,DC_SOUTH,2026-01-19,883,312
NWO-1017,DC_SOUTH,2026-01-26,884,216
NWO-1017,DC_SOUTH,2026-02-02,642,225
NWO-1017,DC_SOUTH,2026-02-09,816,310
NWO-1017,DC_SOUTH,2026-02-16,780,270
NWO-1017,DC_SOUTH,2026-02-23,901,251
NWO-1017,DC_SOUTH,2026-03-02,621,263
NWO-1017,DC_SOUTH,2026-03-09,802,250
NWO-1017,DC_SOUTH,2026-03-16,694,378
NWO-1017,DC_SOUTH,2026-03-23,1166,295
NWO-1017,DC_SOUTH,2026-03-30,615,311
NWO-1017,DC_SOUTH,2026-04-06,1133,216
NWO-1017,DC_SOUTH,2026-04-13,610,344
NWO-1017,DC_SOUTH,2026-04-20,937,272
NWO-1017,DC_SOUTH,2026-04-27,912,415
NWO-1017,DC_SOUTH,2026-05-04,1106,249
NWO-1017,DC_SOUTH,2026-05-11,963,306
NWO-1017,DC_SOUTH,2026-05-18,917,293
NWO-1017,DC_SOUTH,2026-05-25,1114,319
NWO-1017,DC_SOUTH,2026-06-01,1053,323
NWO-1017,DC_WEST,2023-06-05,769,293
NWO-1017,DC_WEST,2023-06-12,861,259
NWO-1017,DC_WEST,2023-06-19,931,326
NWO-1017,DC_WEST,2023-06-26,838,304
NWO-1017,DC_WEST,2023-07-03,835,247
NWO-1017,DC_WEST,2023-07-10,660,202
NWO-1017,DC_WEST,2023-07-17,778,241
NWO-1017,DC_WEST,2023-07-24,825,310
NWO-1017,DC_WEST,2023-07-31,766,251
NWO-1017,DC_WEST,2023-08-07,569,242
NWO-1017,DC_WEST,2023-08-14,700,338
NWO-1017,DC_WEST,2023-08-21,1117,203
NWO-1017,DC_WEST,2023-08-28,722,184
NWO-1017,DC_WEST,2023-09-04,578,228
NWO-1017,DC_WEST,2023-09-11,503,283
NWO-1017,DC_WEST,2023-09-18,767,269
NWO-1017,DC_WEST,2023-09-25,731,262
NWO-1017,DC_WEST,2023-10-02,542,292
NWO-1017,DC_WEST,2023-10-09,737,240
NWO-1017,DC_WEST,2023-10-16,504,221
NWO-1017,DC_WEST,2023-10-23,590,209
NWO-1017,DC_WEST,2023-10-30,705,335
NWO-1017,DC_WEST,2023-11-06,878,263
NWO-1017,DC_WEST,2023-11-13,954,359
NWO-1017,DC_WEST,2023-11-20,1143,312
NWO-1017,DC_WEST,2023-11-27,779,355
NWO-1017,DC_WEST,2023-12-04,935,302
NWO-1017,DC_WEST,2023-12-11,764,316
NWO-1017,DC_WEST,2023-12-18,692,298
NWO-1017,DC_WEST,2023-12-25,737,214
NWO-1017,DC_WEST,2024-01-01,572,139
NWO-1017,DC_WEST,2024-01-08,362,179
NWO-1017,DC_WEST,2024-01-15,584,176
NWO-1017,DC_WEST,2024-01-22,641,177
NWO-1017,DC_WEST,2024-01-29,423,144
NWO-1017,DC_WEST,2024-02-05,328,267
NWO-1017,DC_WEST,2024-02-12,561,177
NWO-1017,DC_WEST,2024-02-19,606,145
NWO-1017,DC_WEST,2024-02-26,452,193
NWO-1017,DC_WEST,2024-03-04,592,286
NWO-1017,DC_WEST,2024-03-11,577,236
NWO-1017,DC_WEST,2024-03-18,703,221
NWO-1017,DC_WEST,2024-03-25,591,245
NWO-1017,DC_WEST,2024-04-01,760,265
NWO-1017,DC_WEST,2024-04-08,841,245
NWO-1017,DC_WEST,2024-04-15,528,287
NWO-1017,DC_WEST,2024-04-22,765,196
NWO-1017,DC_WEST,2024-04-29,764,273
NWO-1017,DC_WEST,2024-05-06,733,212
NWO-1017,DC_WEST,2024-05-13,696,233
NWO-1017,DC_WEST,2024-05-20,610,249
NWO-1017,DC_WEST,2024-05-27,699,224
NWO-1017,DC_WEST,2024-06-03,705,264
NWO-1017,DC_WEST,2024-06-10,718,222
NWO-1017,DC_WEST,2024-06-17,674,257
NWO-1017,DC_WEST,2024-06-24,776,298
NWO-1017,DC_WEST,2024-07-01,1058,230
NWO-1017,DC_WEST,2024-07-08,483,241
NWO-1017,DC_WEST,2024-07-15,734,351
NWO-1017,DC_WEST,2024-07-22,857,305
NWO-1017,DC_WEST,2024-07-29,947,215
NWO-1017,DC_WEST,2024-08-05,452,225
NWO-1017,DC_WEST,2024-08-12,648,284
NWO-1017,DC_WEST,2024-08-19,1168,302
NWO-1017,DC_WEST,2024-08-26,604,273
NWO-1017,DC_WEST,2024-09-02,665,232
NWO-1017,DC_WEST,2024-09-09,552,196
NWO-1017,DC_WEST,2024-09-16,528,324
NWO-1017,DC_WEST,2024-09-23,816,236
NWO-1017,DC_WEST,2024-09-30,718,259
NWO-1017,DC_WEST,2024-10-07,735,297
NWO-1017,DC_WEST,2024-10-14,648,210
NWO-1017,DC_WEST,2024-10-21,766,302
NWO-1017,DC_WEST,2024-10-28,600,385
NWO-1017,DC_WEST,2024-11-04,889,267
NWO-1017,DC_WEST,2024-11-11,732,351
NWO-1017,DC_WEST,2024-11-18,1129,437
NWO-1017,DC_WEST,2024-11-25,761,303
NWO-1017,DC_WEST,2024-12-02,777,400
NWO-1017,DC_WEST,2024-12-09,927,443
NWO-1017,DC_WEST,2024-12-16,965,343
NWO-1017,DC_WEST,2024-12-23,759,380
NWO-1017,DC_WEST,2024-12-30,1145,230
NWO-1017,DC_WEST,2025-01-06,691,219
NWO-1017,DC_WEST,2025-01-13,642,177
NWO-1017,DC_WEST,2025-01-20,613,193
NWO-1017,DC_WEST,2025-01-27,587,229
NWO-1017,DC_WEST,2025-02-03,523,258
NWO-1017,DC_WEST,2025-02-10,507,185
NWO-1017,DC_WEST,2025-02-17,588,268
NWO-1017,DC_WEST,2025-02-24,805,254
NWO-1017,DC_WEST,2025-03-03,652,201
NWO-1017,DC_WEST,2025-03-10,715,210
NWO-1017,DC_WEST,2025-03-17,504,248
NWO-1017,DC_WEST,2025-03-24,604,258
NWO-1017,DC_WEST,2025-03-31,468,224
NWO-1017,DC_WEST,2025-04-07,820,214
NWO-1017,DC_WEST,2025-04-14,604,280
NWO-1017,DC_WEST,2025-04-21,743,332
NWO-1017,DC_WEST,2025-04-28,885,203
NWO-1017,DC_WEST,2025-05-05,823,301
NWO-1017,DC_WEST,2025-05-12,527,267
NWO-1017,DC_WEST,2025-05-19,670,207
NWO-1017,DC_WEST,2025-05-26,498,308
NWO-1017,DC_WEST,2025-06-02,754,278
NWO-1017,DC_WEST,2025-06-09,659,362
NWO-1017,DC_WEST,2025-06-16,749,255
NWO-1017,DC_WEST,2025-06-23,678,355
NWO-1017,DC_WEST,2025-06-30,1014,225
NWO-1017,DC_WEST,2025-07-07,715,277
NWO-1017,DC_WEST,2025-07-14,805,230
NWO-1017,DC_WEST,2025-07-21,662,377
NWO-1017,DC_WEST,2025-07-28,728,195
NWO-1017,DC_WEST,2025-08-04,480,294
NWO-1017,DC_WEST,2025-08-11,791,235
NWO-1017,DC_WEST,2025-08-18,930,232
NWO-1017,DC_WEST,2025-08-25,821,219
NWO-1017,DC_WEST,2025-09-01,486,243
NWO-1017,DC_WEST,2025-09-08,564,231
NWO-1017,DC_WEST,2025-09-15,572,264
NWO-1017,DC_WEST,2025-09-22,544,297
NWO-1017,DC_WEST,2025-09-29,892,188
NWO-1017,DC_WEST,2025-10-06,703,229
NWO-1017,DC_WEST,2025-10-13,466,207
NWO-1017,DC_WEST,2025-10-20,534,234
NWO-1017,DC_WEST,2025-10-27,923,329
NWO-1017,DC_WEST,2025-11-03,1096,270
NWO-1017,DC_WEST,2025-11-10,832,313
NWO-1017,DC_WEST,2025-11-17,832,314
NWO-1017,DC_WEST,2025-11-24,1227,390
NWO-1017,DC_WEST,2025-12-01,1080,403
NWO-1017,DC_WEST,2025-12-08,924,456
NWO-1017,DC_WEST,2025-12-15,1307,336
NWO-1017,DC_WEST,2025-12-22,986,342
NWO-1017,DC_WEST,2025-12-29,809,203
NWO-1017,DC_WEST,2026-01-05,422,187
NWO-1017,DC_WEST,2026-01-12,365,226
NWO-1017,DC_WEST,2026-01-19,664,207
NWO-1017,DC_WEST,2026-01-26,393,280
NWO-1017,DC_WEST,2026-02-02,817,232
NWO-1017,DC_WEST,2026-02-09,702,193
NWO-1017,DC_WEST,2026-02-16,640,241
NWO-1017,DC_WEST,2026-02-23,561,268
NWO-1017,DC_WEST,2026-03-02,719,271
NWO-1017,DC_WEST,2026-03-09,868,199
NWO-1017,DC_WEST,2026-03-16,542,185
NWO-1017,DC_WEST,2026-03-23,408,202
NWO-1017,DC_WEST,2026-03-30,608,257
NWO-1017,DC_WEST,2026-04-06,685,253
NWO-1017,DC_WEST,2026-04-13,734,186
NWO-1017,DC_WEST,2026-04-20,436,258
NWO-1017,DC_WEST,2026-04-27,652,262
NWO-1017,DC_WEST,2026-05-04,563,244
NWO-1017,DC_WEST,2026-05-11,729,279
NWO-1017,DC_WEST,2026-05-18,858,184
NWO-1017,DC_WEST,2026-05-25,680,239
NWO-1017,DC_WEST,2026-06-01,938,243
NWO-1018,DC_NORTH,2026-02-23,21,9
NWO-1018,DC_NORTH,2026-03-02,19,25
NWO-1018,DC_NORTH,2026-03-09,52,38
NWO-1018,DC_NORTH,2026-03-16,114,36
NWO-1018,DC_NORTH,2026-03-23,84,68
NWO-1018,DC_NORTH,2026-03-30,185,68
NWO-1018,DC_NORTH,2026-04-06,161,61
NWO-1018,DC_NORTH,2026-04-13,167,71
NWO-1018,DC_NORTH,2026-04-20,208,108
NWO-1018,DC_NORTH,2026-04-27,272,141
NWO-1018,DC_NORTH,2026-05-04,251,116
NWO-1018,DC_NORTH,2026-05-11,213,118
NWO-1018,DC_NORTH,2026-05-18,254,97
NWO-1018,DC_NORTH,2026-05-25,326,202
NWO-1018,DC_NORTH,2026-06-01,389,194
NWO-1018,DC_SOUTH,2026-02-23,41,20
NWO-1018,DC_SOUTH,2026-03-02,70,41
NWO-1018,DC_SOUTH,2026-03-09,120,83
NWO-1018,DC_SOUTH,2026-03-16,306,92
NWO-1018,DC_SOUTH,2026-03-23,249,149
NWO-1018,DC_SOUTH,2026-03-30,486,127
NWO-1018,DC_SOUTH,2026-04-06,533,182
NWO-1018,DC_SOUTH,2026-04-13,557,271
NWO-1018,DC_SOUTH,2026-04-20,727,266
NWO-1018,DC_SOUTH,2026-04-27,777,292
NWO-1018,DC_SOUTH,2026-05-04,555,302
NWO-1018,DC_SOUTH,2026-05-11,920,328
NWO-1018,DC_SOUTH,2026-05-18,746,351
NWO-1018,DC_SOUTH,2026-05-25,1156,792
NWO-1018,DC_SOUTH,2026-06-01,1696,633
NWO-1018,DC_WEST,2026-02-23,20,22
NWO-1018,DC_WEST,2026-03-02,47,42
NWO-1018,DC_WEST,2026-03-09,103,54
NWO-1018,DC_WEST,2026-03-16,153,90
NWO-1018,DC_WEST,2026-03-23,171,83
NWO-1018,DC_WEST,2026-03-30,355,160
NWO-1018,DC_WEST,2026-04-06,311,100
NWO-1018,DC_WEST,2026-04-13,359,163
NWO-1018,DC_WEST,2026-04-20,365,193
NWO-1018,DC_WEST,2026-04-27,608,228
NWO-1018,DC_WEST,2026-05-04,505,196
NWO-1018,DC_WEST,2026-05-11,648,280
NWO-1018,DC_WEST,2026-05-18,806,317
NWO-1018,DC_WEST,2026-05-25,762,224
NWO-1018,DC_WEST,2026-06-01,696,262
NWO-1019,DC_NORTH,2025-08-18,32,27
NWO-1019,DC_NORTH,2025-08-25,56,35
NWO-1019,DC_NORTH,2025-09-01,92,67
NWO-1019,DC_NORTH,2025-09-08,210,82
NWO-1019,DC_NORTH,2025-09-15,253,94
NWO-1019,DC_NORTH,2025-09-22,206,138
NWO-1019,DC_NORTH,2025-09-29,251,130
NWO-1019,DC_NORTH,2025-10-06,418,128
NWO-1019,DC_NORTH,2025-10-13,378,170
NWO-1019,DC_NORTH,2025-10-20,340,203
NWO-1019,DC_NORTH,2025-10-27,504,223
NWO-1019,DC_NORTH,2025-11-03,766,286
NWO-1019,DC_NORTH,2025-11-10,644,261
NWO-1019,DC_NORTH,2025-11-17,875,296
NWO-1019,DC_NORTH,2025-11-24,711,397
NWO-1019,DC_NORTH,2025-12-01,966,437
NWO-1019,DC_NORTH,2025-12-08,851,405
NWO-1019,DC_NORTH,2025-12-15,1204,407
NWO-1019,DC_NORTH,2025-12-22,1119,326
NWO-1019,DC_NORTH,2025-12-29,1097,184
NWO-1019,DC_NORTH,2026-01-05,516,154
NWO-1019,DC_NORTH,2026-01-12,528,231
NWO-1019,DC_NORTH,2026-01-19,501,248
NWO-1019,DC_NORTH,2026-01-26,507,123
NWO-1019,DC_NORTH,2026-02-02,340,150
NWO-1019,DC_NORTH,2026-02-09,640,188
NWO-1019,DC_NORTH,2026-02-16,440,121
NWO-1019,DC_NORTH,2026-02-23,344,262
NWO-1019,DC_NORTH,2026-03-02,500,249
NWO-1019,DC_NORTH,2026-03-09,464,182
NWO-1019,DC_NORTH,2026-03-16,604,290
NWO-1019,DC_NORTH,2026-03-23,849,314
NWO-1019,DC_NORTH,2026-03-30,749,319
NWO-1019,DC_NORTH,2026-04-06,607,322
NWO-1019,DC_NORTH,2026-04-13,881,273
NWO-1019,DC_NORTH,2026-04-20,794,287
NWO-1019,DC_NORTH,2026-04-27,501,164
NWO-1019,DC_NORTH,2026-05-04,471,173
NWO-1019,DC_NORTH,2026-05-11,414,304
NWO-1019,DC_NORTH,2026-05-18,835,202
NWO-1019,DC_NORTH,2026-05-25,476,267
NWO-1019,DC_NORTH,2026-06-01,749,269
NWO-1019,DC_SOUTH,2025-08-18,90,56
NWO-1019,DC_SOUTH,2025-08-25,135,117
NWO-1019,DC_SOUTH,2025-09-01,221,172
NWO-1019,DC_SOUTH,2025-09-08,436,195
NWO-1019,DC_SOUTH,2025-09-15,588,329
NWO-1019,DC_SOUTH,2025-09-22,933,283
NWO-1019,DC_SOUTH,2025-09-29,1091,459
NWO-1019,DC_SOUTH,2025-10-06,1532,308
NWO-1019,DC_SOUTH,2025-10-13,1132,517
NWO-1019,DC_SOUTH,2025-10-20,1104,652
NWO-1019,DC_SOUTH,2025-10-27,1998,1018
NWO-1019,DC_SOUTH,2025-11-03,3148,763
NWO-1019,DC_SOUTH,2025-11-10,2207,1012
NWO-1019,DC_SOUTH,2025-11-17,2573,766
NWO-1019,DC_SOUTH,2025-11-24,1714,1017
NWO-1019,DC_SOUTH,2025-12-01,2622,614
NWO-1019,DC_SOUTH,2025-12-08,2054,849
NWO-1019,DC_SOUTH,2025-12-15,2560,962
NWO-1019,DC_SOUTH,2025-12-22,2189,875
NWO-1019,DC_SOUTH,2025-12-29,2083,488
NWO-1019,DC_SOUTH,2026-01-05,1177,533
NWO-1019,DC_SOUTH,2026-01-12,1540,395
NWO-1019,DC_SOUTH,2026-01-19,915,621
NWO-1019,DC_SOUTH,2026-01-26,1499,513
NWO-1019,DC_SOUTH,2026-02-02,1245,533
NWO-1019,DC_SOUTH,2026-02-09,1104,620
NWO-1019,DC_SOUTH,2026-02-16,1690,745
NWO-1019,DC_SOUTH,2026-02-23,1516,707
NWO-1019,DC_SOUTH,2026-03-02,2204,534
NWO-1019,DC_SOUTH,2026-03-09,1187,519
NWO-1019,DC_SOUTH,2026-03-16,1966,547
NWO-1019,DC_SOUTH,2026-03-23,1474,509
NWO-1019,DC_SOUTH,2026-03-30,1978,503
NWO-1019,DC_SOUTH,2026-04-06,1364,743
NWO-1019,DC_SOUTH,2026-04-13,2141,487
NWO-1019,DC_SOUTH,2026-04-20,1307,560
NWO-1019,DC_SOUTH,2026-04-27,2035,469
NWO-1019,DC_SOUTH,2026-05-04,1573,661
NWO-1019,DC_SOUTH,2026-05-11,2342,577
NWO-1019,DC_SOUTH,2026-05-18,1756,567
NWO-1019,DC_SOUTH,2026-05-25,2131,856
NWO-1019,DC_SOUTH,2026-06-01,2732,887
NWO-1019,DC_WEST,2025-08-18,91,34
NWO-1019,DC_WEST,2025-08-25,92,117
NWO-1019,DC_WEST,2025-09-01,228,145
NWO-1019,DC_WEST,2025-09-08,439,199
NWO-1019,DC_WEST,2025-09-15,501,178
NWO-1019,DC_WEST,2025-09-22,515,301
NWO-1019,DC_WEST,2025-09-29,572,247
NWO-1019,DC_WEST,2025-10-06,699,314
NWO-1019,DC_WEST,2025-10-13,774,313
NWO-1019,DC_WEST,2025-10-20,1179,391
NWO-1019,DC_WEST,2025-10-27,1101,568
NWO-1019,DC_WEST,2025-11-03,1885,753
NWO-1019,DC_WEST,2025-11-10,2088,695
NWO-1019,DC_WEST,2025-11-17,1746,662
NWO-1019,DC_WEST,2025-11-24,1568,725
NWO-1019,DC_WEST,2025-12-01,2163,725
NWO-1019,DC_WEST,2025-12-08,2653,726
NWO-1019,DC_WEST,2025-12-15,2020,459
NWO-1019,DC_WEST,2025-12-22,1452,716
NWO-1019,DC_WEST,2025-12-29,2483,432
NWO-1019,DC_WEST,2026-01-05,754,440
NWO-1019,DC_WEST,2026-01-12,1354,447
NWO-1019,DC_WEST,2026-01-19,1443,351
NWO-1019,DC_WEST,2026-01-26,934,309
NWO-1019,DC_WEST,2026-02-02,1011,446
NWO-1019,DC_WEST,2026-02-09,761,424
NWO-1019,DC_WEST,2026-02-16,1049,351
NWO-1019,DC_WEST,2026-02-23,1287,408
NWO-1019,DC_WEST,2026-03-02,1071,460
NWO-1019,DC_WEST,2026-03-09,1535,455
NWO-1019,DC_WEST,2026-03-16,906,473
NWO-1019,DC_WEST,2026-03-23,1273,400
NWO-1019,DC_WEST,2026-03-30,1388,528
NWO-1019,DC_WEST,2026-04-06,1351,503
NWO-1019,DC_WEST,2026-04-13,1293,419
NWO-1019,DC_WEST,2026-04-20,1534,387
NWO-1019,DC_WEST,2026-04-27,1116,401
NWO-1019,DC_WEST,2026-05-04,1456,460
NWO-1019,DC_WEST,2026-05-11,1409,578
NWO-1019,DC_WEST,2026-05-18,1304,528
NWO-1019,DC_WEST,2026-05-25,1590,628
NWO-1019,DC_WEST,2026-06-01,2005,674
NWO-1020,DC_NORTH,2023-06-05,204,70
NWO-1020,DC_NORTH,2023-06-12,162,81
NWO-1020,DC_NORTH,2023-06-19,219,75
NWO-1020,DC_NORTH,2023-06-26,225,72
NWO-1020,DC_NORTH,2023-07-03,243,71
NWO-1020,DC_NORTH,2023-07-10,215,48
NWO-1020,DC_NORTH,2023-07-17,176,108
NWO-1020,DC_NORTH,2023-07-24,197,67
NWO-1020,DC_NORTH,2023-07-31,171,53
NWO-1020,DC_NORTH,2023-08-07,172,80
NWO-1020,DC_NORTH,2023-08-14,150,89
NWO-1020,DC_NORTH,2023-08-21,163,64
NWO-1020,DC_NORTH,2023-08-28,261,56
NWO-1020,DC_NORTH,2023-09-04,155,69
NWO-1020,DC_NORTH,2023-09-11,193,82
NWO-1020,DC_NORTH,2023-09-18,179,55
NWO-1020,DC_NORTH,2023-09-25,176,72
NWO-1020,DC_NORTH,2023-10-02,301,95
NWO-1020,DC_NORTH,2023-10-09,168,63
NWO-1020,DC_NORTH,2023-10-16,212,69
NWO-1020,DC_NORTH,2023-10-23,172,90
NWO-1020,DC_NORTH,2023-10-30,202,105
NWO-1020,DC_NORTH,2023-11-06,340,123
NWO-1020,DC_NORTH,2023-11-13,365,94
NWO-1020,DC_NORTH,2023-11-20,237,110
NWO-1020,DC_NORTH,2023-11-27,317,100
NWO-1020,DC_NORTH,2023-12-04,383,125
NWO-1020,DC_NORTH,2023-12-11,295,83
NWO-1020,DC_NORTH,2023-12-18,214,87
NWO-1020,DC_NORTH,2023-12-25,263,61
NWO-1020,DC_NORTH,2024-01-01,175,70
NWO-1020,DC_NORTH,2024-01-08,127,51
NWO-1020,DC_NORTH,2024-01-15,181,72
NWO-1020,DC_NORTH,2024-01-22,191,55
NWO-1020,DC_NORTH,2024-01-29,154,73
NWO-1020,DC_NORTH,2024-02-05,243,71
NWO-1020,DC_NORTH,2024-02-12,133,42
NWO-1020,DC_NORTH,2024-02-19,114,61
NWO-1020,DC_NORTH,2024-02-26,191,57
NWO-1020,DC_NORTH,2024-03-04,154,54
NWO-1020,DC_NORTH,2024-03-11,154,85
NWO-1020,DC_NORTH,2024-03-18,155,82
NWO-1020,DC_NORTH,2024-03-25,297,55
NWO-1020,DC_NORTH,2024-04-01,229,75
NWO-1020,DC_NORTH,2024-04-08,227,85
NWO-1020,DC_NORTH,2024-04-15,158,81
NWO-1020,DC_NORTH,2024-04-22,179,86
NWO-1020,DC_NORTH,2024-04-29,180,96
NWO-1020,DC_NORTH,2024-05-06,200,68
NWO-1020,DC_NORTH,2024-05-13,137,69
NWO-1020,DC_NORTH,2024-05-20,224,94
NWO-1020,DC_NORTH,2024-05-27,172,92
NWO-1020,DC_NORTH,2024-06-03,264,78
NWO-1020,DC_NORTH,2024-06-10,282,108
NWO-1020,DC_NORTH,2024-06-17,258,88
NWO-1020,DC_NORTH,2024-06-24,173,84
NWO-1020,DC_NORTH,2024-07-01,300,64
NWO-1020,DC_NORTH,2024-07-08,144,68
NWO-1020,DC_NORTH,2024-07-15,166,74
NWO-1020,DC_NORTH,2024-07-22,245,70
NWO-1020,DC_NORTH,2024-07-29,252,78
NWO-1020,DC_NORTH,2024-08-05,206,52
NWO-1020,DC_NORTH,2024-08-12,186,93
NWO-1020,DC_NORTH,2024-08-19,348,81
NWO-1020,DC_NORTH,2024-08-26,247,72
NWO-1020,DC_NORTH,2024-09-02,223,76
NWO-1020,DC_NORTH,2024-09-09,218,75
NWO-1020,DC_NORTH,2024-09-16,232,68
NWO-1020,DC_NORTH,2024-09-23,182,81
NWO-1020,DC_NORTH,2024-09-30,264,63
NWO-1020,DC_NORTH,2024-10-07,167,79
NWO-1020,DC_NORTH,2024-10-14,154,90
NWO-1020,DC_NORTH,2024-10-21,199,56
NWO-1020,DC_NORTH,2024-10-28,207,91
NWO-1020,DC_NORTH,2024-11-04,342,133
NWO-1020,DC_NORTH,2024-11-11,389,90
NWO-1020,DC_NORTH,2024-11-18,361,124
NWO-1020,DC_NORTH,2024-11-25,290,104
NWO-1020,DC_NORTH,2024-12-02,272,102
NWO-1020,DC_NORTH,2024-12-09,225,111
NWO-1020,DC_NORTH,2024-12-16,389,107
NWO-1020,DC_NORTH,2024-12-23,264,152
NWO-1020,DC_NORTH,2024-12-30,287,66
NWO-1020,DC_NORTH,2025-01-06,191,79
NWO-1020,DC_NORTH,2025-01-13,201,48
NWO-1020,DC_NORTH,2025-01-20,150,88
NWO-1020,DC_NORTH,2025-01-27,265,50
NWO-1020,DC_NORTH,2025-02-03,187,63
NWO-1020,DC_NORTH,2025-02-10,218,49
NWO-1020,DC_NORTH,2025-02-17,148,57
NWO-1020,DC_NORTH,2025-02-24,135,86
NWO-1020,DC_NORTH,2025-03-03,195,75
NWO-1020,DC_NORTH,2025-03-10,152,81
NWO-1020,DC_NORTH,2025-03-17,144,72
NWO-1020,DC_NORTH,2025-03-24,167,71
NWO-1020,DC_NORTH,2025-03-31,180,89
NWO-1020,DC_NORTH,2025-04-07,158,69
NWO-1020,DC_NORTH,2025-04-14,233,77
NWO-1020,DC_NORTH,2025-04-21,249,102
NWO-1020,DC_NORTH,2025-04-28,211,100
NWO-1020,DC_NORTH,2025-05-05,185,91
NWO-1020,DC_NORTH,2025-05-12,203,73
NWO-1020,DC_NORTH,2025-05-19,296,98
NWO-1020,DC_NORTH,2025-05-26,298,84
NWO-1020,DC_NORTH,2025-06-02,235,84
NWO-1020,DC_NORTH,2025-06-09,308,108
NWO-1020,DC_NORTH,2025-06-16,209,93
NWO-1020,DC_NORTH,2025-06-23,298,88
NWO-1020,DC_NORTH,2025-06-30,219,112
NWO-1020,DC_NORTH,2025-07-07,297,94
NWO-1020,DC_NORTH,2025-07-14,214,110
NWO-1020,DC_NORTH,2025-07-21,275,66
NWO-1020,DC_NORTH,2025-07-28,208,126
NWO-1020,DC_NORTH,2025-08-04,220,114
NWO-1020,DC_NORTH,2025-08-11,350,101
NWO-1020,DC_NORTH,2025-08-18,254,119
NWO-1020,DC_NORTH,2025-08-25,311,77
NWO-1020,DC_NORTH,2025-09-01,183,95
NWO-1020,DC_NORTH,2025-09-08,245,98
NWO-1020,DC_NORTH,2025-09-15,227,75
NWO-1020,DC_NORTH,2025-09-22,183,114
NWO-1020,DC_NORTH,2025-09-29,240,108
NWO-1020,DC_NORTH,2025-10-06,267,109
NWO-1020,DC_NORTH,2025-10-13,407,90
NWO-1020,DC_NORTH,2025-10-20,209,85
NWO-1020,DC_NORTH,2025-10-27,283,147
NWO-1020,DC_NORTH,2025-11-03,403,112
NWO-1020,DC_NORTH,2025-11-10,371,117
NWO-1020,DC_NORTH,2025-11-17,383,106
NWO-1020,DC_NORTH,2025-11-24,286,132
NWO-1020,DC_NORTH,2025-12-01,378,117
NWO-1020,DC_NORTH,2025-12-08,295,111
NWO-1020,DC_NORTH,2025-12-15,391,113
NWO-1020,DC_NORTH,2025-12-22,465,135
NWO-1020,DC_NORTH,2025-12-29,331,77
NWO-1020,DC_NORTH,2026-01-05,251,69
NWO-1020,DC_NORTH,2026-01-12,181,78
NWO-1020,DC_NORTH,2026-01-19,244,80
NWO-1020,DC_NORTH,2026-01-26,229,50
NWO-1020,DC_NORTH,2026-02-02,193,72
NWO-1020,DC_NORTH,2026-02-09,196,62
NWO-1020,DC_NORTH,2026-02-16,238,72
NWO-1020,DC_NORTH,2026-02-23,214,88
NWO-1020,DC_NORTH,2026-03-02,225,104
NWO-1020,DC_NORTH,2026-03-09,219,111
NWO-1020,DC_NORTH,2026-03-16,278,107
NWO-1020,DC_NORTH,2026-03-23,247,90
NWO-1020,DC_NORTH,2026-03-30,276,99
NWO-1020,DC_NORTH,2026-04-06,278,89
NWO-1020,DC_NORTH,2026-04-13,190,77
NWO-1020,DC_NORTH,2026-04-20,287,96
NWO-1020,DC_NORTH,2026-04-27,281,96
NWO-1020,DC_NORTH,2026-05-04,277,78
NWO-1020,DC_NORTH,2026-05-11,161,95
NWO-1020,DC_NORTH,2026-05-18,304,118
NWO-1020,DC_NORTH,2026-05-25,377,73
NWO-1020,DC_NORTH,2026-06-01,251,74
NWO-1020,DC_SOUTH,2023-06-05,522,177
NWO-1020,DC_SOUTH,2023-06-12,594,161
NWO-1020,DC_SOUTH,2023-06-19,577,151
NWO-1020,DC_SOUTH,2023-06-26,585,274
NWO-1020,DC_SOUTH,2023-07-03,713,325
NWO-1020,DC_SOUTH,2023-07-10,915,161
NWO-1020,DC_SOUTH,2023-07-17,628,155
NWO-1020,DC_SOUTH,2023-07-24,539,162
NWO-1020,DC_SOUTH,2023-07-31,480,139
NWO-1020,DC_SOUTH,2023-08-07,516,193
NWO-1020,DC_SOUTH,2023-08-14,566,213
NWO-1020,DC_SOUTH,2023-08-21,583,363
NWO-1020,DC_SOUTH,2023-08-28,1022,189
NWO-1020,DC_SOUTH,2023-09-04,486,305
NWO-1020,DC_SOUTH,2023-09-11,643,145
NWO-1020,DC_SOUTH,2023-09-18,534,136
NWO-1020,DC_SOUTH,2023-09-25,513,136
NWO-1020,DC_SOUTH,2023-10-02,392,173
NWO-1020,DC_SOUTH,2023-10-09,453,205
NWO-1020,DC_SOUTH,2023-10-16,604,214
NWO-1020,DC_SOUTH,2023-10-23,488,200
NWO-1020,DC_SOUTH,2023-10-30,700,325
NWO-1020,DC_SOUTH,2023-11-06,963,200
NWO-1020,DC_SOUTH,2023-11-13,634,231
NWO-1020,DC_SOUTH,2023-11-20,728,224
NWO-1020,DC_SOUTH,2023-11-27,598,302
NWO-1020,DC_SOUTH,2023-12-04,806,289
NWO-1020,DC_SOUTH,2023-12-11,700,252
NWO-1020,DC_SOUTH,2023-12-18,692,247
NWO-1020,DC_SOUTH,2023-12-25,767,133
NWO-1020,DC_SOUTH,2024-01-01,390,196
NWO-1020,DC_SOUTH,2024-01-08,412,127
NWO-1020,DC_SOUTH,2024-01-15,335,148
NWO-1020,DC_SOUTH,2024-01-22,367,152
NWO-1020,DC_SOUTH,2024-01-29,408,113
NWO-1020,DC_SOUTH,2024-02-05,357,121
NWO-1020,DC_SOUTH,2024-02-12,298,153
NWO-1020,DC_SOUTH,2024-02-19,474,166
NWO-1020,DC_SOUTH,2024-02-26,406,214
NWO-1020,DC_SOUTH,2024-03-04,437,182
NWO-1020,DC_SOUTH,2024-03-11,389,197
NWO-1020,DC_SOUTH,2024-03-18,556,139
NWO-1020,DC_SOUTH,2024-03-25,452,195
NWO-1020,DC_SOUTH,2024-04-01,550,177
NWO-1020,DC_SOUTH,2024-04-08,614,219
NWO-1020,DC_SOUTH,2024-04-15,651,207
NWO-1020,DC_SOUTH,2024-04-22,681,151
NWO-1020,DC_SOUTH,2024-04-29,467,183
NWO-1020,DC_SOUTH,2024-05-06,404,241
NWO-1020,DC_SOUTH,2024-05-13,674,196
NWO-1020,DC_SOUTH,2024-05-20,421,246
NWO-1020,DC_SOUTH,2024-05-27,557,240
NWO-1020,DC_SOUTH,2024-06-03,555,206
NWO-1020,DC_SOUTH,2024-06-10,552,231
NWO-1020,DC_SOUTH,2024-06-17,464,252
NWO-1020,DC_SOUTH,2024-06-24,640,253
NWO-1020,DC_SOUTH,2024-07-01,784,241
NWO-1020,DC_SOUTH,2024-07-08,686,196
NWO-1020,DC_SOUTH,2024-07-15,624,223
NWO-1020,DC_SOUTH,2024-07-22,526,234
NWO-1020,DC_SOUTH,2024-07-29,507,205
NWO-1020,DC_SOUTH,2024-08-05,629,166
NWO-1020,DC_SOUTH,2024-08-12,411,213
NWO-1020,DC_SOUTH,2024-08-19,430,249
NWO-1020,DC_SOUTH,2024-08-26,526,220
NWO-1020,DC_SOUTH,2024-09-02,595,177
NWO-1020,DC_SOUTH,2024-09-09,605,186
NWO-1020,DC_SOUTH,2024-09-16,452,196
NWO-1020,DC_SOUTH,2024-09-23,639,268
NWO-1020,DC_SOUTH,2024-09-30,466,221
NWO-1020,DC_SOUTH,2024-10-07,481,181
NWO-1020,DC_SOUTH,2024-10-14,482,156
NWO-1020,DC_SOUTH,2024-10-21,502,244
NWO-1020,DC_SOUTH,2024-10-28,621,319
NWO-1020,DC_SOUTH,2024-11-04,612,311
NWO-1020,DC_SOUTH,2024-11-11,628,305
NWO-1020,DC_SOUTH,2024-11-18,1071,334
NWO-1020,DC_SOUTH,2024-11-25,874,232
NWO-1020,DC_SOUTH,2024-12-02,846,308
NWO-1020,DC_SOUTH,2024-12-09,908,314
NWO-1020,DC_SOUTH,2024-12-16,763,299
NWO-1020,DC_SOUTH,2024-12-23,861,300
NWO-1020,DC_SOUTH,2024-12-30,703,135
NWO-1020,DC_SOUTH,2025-01-06,370,161
NWO-1020,DC_SOUTH,2025-01-13,615,149
NWO-1020,DC_SOUTH,2025-01-20,539,132
NWO-1020,DC_SOUTH,2025-01-27,314,169
NWO-1020,DC_SOUTH,2025-02-03,577,155
NWO-1020,DC_SOUTH,2025-02-10,508,186
NWO-1020,DC_SOUTH,2025-02-17,505,193
NWO-1020,DC_SOUTH,2025-02-24,478,247
NWO-1020,DC_SOUTH,2025-03-03,576,358
NWO-1020,DC_SOUTH,2025-03-10,776,225
NWO-1020,DC_SOUTH,2025-03-17,844,326
NWO-1020,DC_SOUTH,2025-03-24,889,203
NWO-1020,DC_SOUTH,2025-03-31,584,188
NWO-1020,DC_SOUTH,2025-04-07,731,224
NWO-1020,DC_SOUTH,2025-04-14,726,261
NWO-1020,DC_SOUTH,2025-04-21,494,195
NWO-1020,DC_SOUTH,2025-04-28,495,175
NWO-1020,DC_SOUTH,2025-05-05,471,193
NWO-1020,DC_SOUTH,2025-05-12,518,266
NWO-1020,DC_SOUTH,2025-05-19,841,173
NWO-1020,DC_SOUTH,2025-05-26,652,219
NWO-1020,DC_SOUTH,2025-06-02,695,253
NWO-1020,DC_SOUTH,2025-06-09,564,303
NWO-1020,DC_SOUTH,2025-06-16,642,219
NWO-1020,DC_SOUTH,2025-06-23,647,264
NWO-1020,DC_SOUTH,2025-06-30,563,209
NWO-1020,DC_SOUTH,2025-07-07,637,200
NWO-1020,DC_SOUTH,2025-07-14,685,250
NWO-1020,DC_SOUTH,2025-07-21,699,282
NWO-1020,DC_SOUTH,2025-07-28,843,240
NWO-1020,DC_SOUTH,2025-08-04,648,225
NWO-1020,DC_SOUTH,2025-08-11,719,234
NWO-1020,DC_SOUTH,2025-08-18,707,294
NWO-1020,DC_SOUTH,2025-08-25,1006,209
NWO-1020,DC_SOUTH,2025-09-01,686,236
NWO-1020,DC_SOUTH,2025-09-08,636,213
NWO-1020,DC_SOUTH,2025-09-15,617,253
NWO-1020,DC_SOUTH,2025-09-22,767,227
NWO-1020,DC_SOUTH,2025-09-29,519,293
NWO-1020,DC_SOUTH,2025-10-06,700,283
NWO-1020,DC_SOUTH,2025-10-13,702,239
NWO-1020,DC_SOUTH,2025-10-20,549,210
NWO-1020,DC_SOUTH,2025-10-27,633,422
NWO-1020,DC_SOUTH,2025-11-03,1181,291
NWO-1020,DC_SOUTH,2025-11-10,992,341
NWO-1020,DC_SOUTH,2025-11-17,689,247
NWO-1020,DC_SOUTH,2025-11-24,825,315
NWO-1020,DC_SOUTH,2025-12-01,1052,352
NWO-1020,DC_SOUTH,2025-12-08,748,309
NWO-1020,DC_SOUTH,2025-12-15,1290,398
NWO-1020,DC_SOUTH,2025-12-22,753,322
NWO-1020,DC_SOUTH,2025-12-29,795,218
NWO-1020,DC_SOUTH,2026-01-05,566,191
NWO-1020,DC_SOUTH,2026-01-12,525,188
NWO-1020,DC_SOUTH,2026-01-19,345,174
NWO-1020,DC_SOUTH,2026-01-26,614,201
NWO-1020,DC_SOUTH,2026-02-02,506,273
NWO-1020,DC_SOUTH,2026-02-09,507,259
NWO-1020,DC_SOUTH,2026-02-16,554,178
NWO-1020,DC_SOUTH,2026-02-23,498,229
NWO-1020,DC_SOUTH,2026-03-02,629,227
NWO-1020,DC_SOUTH,2026-03-09,741,222
NWO-1020,DC_SOUTH,2026-03-16,706,215
NWO-1020,DC_SOUTH,2026-03-23,671,246
NWO-1020,DC_SOUTH,2026-03-30,665,217
NWO-1020,DC_SOUTH,2026-04-06,769,273
NWO-1020,DC_SOUTH,2026-04-13,606,218
NWO-1020,DC_SOUTH,2026-04-20,605,200
NWO-1020,DC_SOUTH,2026-04-27,820,262
NWO-1020,DC_SOUTH,2026-05-04,820,266
NWO-1020,DC_SOUTH,2026-05-11,634,238
NWO-1020,DC_SOUTH,2026-05-18,510,221
NWO-1020,DC_SOUTH,2026-05-25,574,247
NWO-1020,DC_SOUTH,2026-06-01,573,261
NWO-1020,DC_WEST,2023-06-05,425,139
NWO-1020,DC_WEST,2023-06-12,328,151
NWO-1020,DC_WEST,2023-06-19,404,126
NWO-1020,DC_WEST,2023-06-26,450,160
NWO-1020,DC_WEST,2023-07-03,463,166
NWO-1020,DC_WEST,2023-07-10,288,150
NWO-1020,DC_WEST,2023-07-17,525,206
NWO-1020,DC_WEST,2023-07-24,553,143
NWO-1020,DC_WEST,2023-07-31,493,168
NWO-1020,DC_WEST,2023-08-07,407,106
NWO-1020,DC_WEST,2023-08-14,281,139
NWO-1020,DC_WEST,2023-08-21,372,130
NWO-1020,DC_WEST,2023-08-28,311,138
NWO-1020,DC_WEST,2023-09-04,413,144
NWO-1020,DC_WEST,2023-09-11,548,135
NWO-1020,DC_WEST,2023-09-18,395,135
NWO-1020,DC_WEST,2023-09-25,330,108
NWO-1020,DC_WEST,2023-10-02,409,133
NWO-1020,DC_WEST,2023-10-09,477,181
NWO-1020,DC_WEST,2023-10-16,551,193
NWO-1020,DC_WEST,2023-10-23,618,134
NWO-1020,DC_WEST,2023-10-30,385,185
NWO-1020,DC_WEST,2023-11-06,574,173
NWO-1020,DC_WEST,2023-11-13,713,244
NWO-1020,DC_WEST,2023-11-20,693,154
NWO-1020,DC_WEST,2023-11-27,469,249
NWO-1020,DC_WEST,2023-12-04,476,188
NWO-1020,DC_WEST,2023-12-11,534,245
NWO-1020,DC_WEST,2023-12-18,790,222
NWO-1020,DC_WEST,2023-12-25,476,135
NWO-1020,DC_WEST,2024-01-01,359,102
NWO-1020,DC_WEST,2024-01-08,254,98
NWO-1020,DC_WEST,2024-01-15,370,115
NWO-1020,DC_WEST,2024-01-22,323,125
NWO-1020,DC_WEST,2024-01-29,256,91
NWO-1020,DC_WEST,2024-02-05,252,119
NWO-1020,DC_WEST,2024-02-12,379,106
NWO-1020,DC_WEST,2024-02-19,331,129
NWO-1020,DC_WEST,2024-02-26,246,152
NWO-1020,DC_WEST,2024-03-04,410,132
NWO-1020,DC_WEST,2024-03-11,300,131
NWO-1020,DC_WEST,2024-03-18,355,118
NWO-1020,DC_WEST,2024-03-25,378,112
NWO-1020,DC_WEST,2024-04-01,455,159
NWO-1020,DC_WEST,2024-04-08,580,156
NWO-1020,DC_WEST,2024-04-15,535,115
NWO-1020,DC_WEST,2024-04-22,432,137
NWO-1020,DC_WEST,2024-04-29,322,161
NWO-1020,DC_WEST,2024-05-06,321,141
NWO-1020,DC_WEST,2024-05-13,470,185
NWO-1020,DC_WEST,2024-05-20,367,186
NWO-1020,DC_WEST,2024-05-27,598,140
NWO-1020,DC_WEST,2024-06-03,436,180
NWO-1020,DC_WEST,2024-06-10,456,129
NWO-1020,DC_WEST,2024-06-17,453,117
NWO-1020,DC_WEST,2024-06-24,308,163
NWO-1020,DC_WEST,2024-07-01,505,164
NWO-1020,DC_WEST,2024-07-08,418,127
NWO-1020,DC_WEST,2024-07-15,316,137
NWO-1020,DC_WEST,2024-07-22,511,153
NWO-1020,DC_WEST,2024-07-29,406,166
NWO-1020,DC_WEST,2024-08-05,603,135
NWO-1020,DC_WEST,2024-08-12,395,158
NWO-1020,DC_WEST,2024-08-19,319,148
NWO-1020,DC_WEST,2024-08-26,555,169
NWO-1020,DC_WEST,2024-09-02,510,190
NWO-1020,DC_WEST,2024-09-09,472,113
NWO-1020,DC_WEST,2024-09-16,264,130
NWO-1020,DC_WEST,2024-09-23,493,165
NWO-1020,DC_WEST,2024-09-30,362,200
NWO-1020,DC_WEST,2024-10-07,469,169
NWO-1020,DC_WEST,2024-10-14,351,159
NWO-1020,DC_WEST,2024-10-21,381,162
NWO-1020,DC_WEST,2024-10-28,502,245
NWO-1020,DC_WEST,2024-11-04,638,307
NWO-1020,DC_WEST,2024-11-11,812,185
NWO-1020,DC_WEST,2024-11-18,634,279
NWO-1020,DC_WEST,2024-11-25,724,290
NWO-1020,DC_WEST,2024-12-02,635,251
NWO-1020,DC_WEST,2024-12-09,497,240
NWO-1020,DC_WEST,2024-12-16,516,283
NWO-1020,DC_WEST,2024-12-23,740,201
NWO-1020,DC_WEST,2024-12-30,626,155
NWO-1020,DC_WEST,2025-01-06,397,132
NWO-1020,DC_WEST,2025-01-13,372,149
NWO-1020,DC_WEST,2025-01-20,333,116
NWO-1020,DC_WEST,2025-01-27,385,109
NWO-1020,DC_WEST,2025-02-03,295,156
NWO-1020,DC_WEST,2025-02-10,393,153
NWO-1020,DC_WEST,2025-02-17,358,161
NWO-1020,DC_WEST,2025-02-24,488,162
NWO-1020,DC_WEST,2025-03-03,423,130
NWO-1020,DC_WEST,2025-03-10,352,133
NWO-1020,DC_WEST,2025-03-17,309,202
NWO-1020,DC_WEST,2025-03-24,459,175
NWO-1020,DC_WEST,2025-03-31,374,164
NWO-1020,DC_WEST,2025-04-07,357,185
NWO-1020,DC_WEST,2025-04-14,367,207
NWO-1020,DC_WEST,2025-04-21,419,137
NWO-1020,DC_WEST,2025-04-28,398,185
NWO-1020,DC_WEST,2025-05-05,638,188
NWO-1020,DC_WEST,2025-05-12,378,186
NWO-1020,DC_WEST,2025-05-19,466,146
NWO-1020,DC_WEST,2025-05-26,443,167
NWO-1020,DC_WEST,2025-06-02,469,218
NWO-1020,DC_WEST,2025-06-09,583,172
NWO-1020,DC_WEST,2025-06-16,378,195
NWO-1020,DC_WEST,2025-06-23,509,224
NWO-1020,DC_WEST,2025-06-30,723,177
NWO-1020,DC_WEST,2025-07-07,432,151
NWO-1020,DC_WEST,2025-07-14,622,224
NWO-1020,DC_WEST,2025-07-21,561,182
NWO-1020,DC_WEST,2025-07-28,540,168
NWO-1020,DC_WEST,2025-08-04,664,217
NWO-1020,DC_WEST,2025-08-11,486,184
NWO-1020,DC_WEST,2025-08-18,592,151
NWO-1020,DC_WEST,2025-08-25,587,161
NWO-1020,DC_WEST,2025-09-01,438,179
NWO-1020,DC_WEST,2025-09-08,568,167
NWO-1020,DC_WEST,2025-09-15,427,187
NWO-1020,DC_WEST,2025-09-22,497,203
NWO-1020,DC_WEST,2025-09-29,514,184
NWO-1020,DC_WEST,2025-10-06,528,158
NWO-1020,DC_WEST,2025-10-13,441,156
NWO-1020,DC_WEST,2025-10-20,450,216
NWO-1020,DC_WEST,2025-10-27,371,345
NWO-1020,DC_WEST,2025-11-03,607,249
NWO-1020,DC_WEST,2025-11-10,619,306
NWO-1020,DC_WEST,2025-11-17,860,258
NWO-1020,DC_WEST,2025-11-24,939,226
NWO-1020,DC_WEST,2025-12-01,650,312
NWO-1020,DC_WEST,2025-12-08,920,246
NWO-1020,DC_WEST,2025-12-15,559,261
NWO-1020,DC_WEST,2025-12-22,816,211
NWO-1020,DC_WEST,2025-12-29,789,126
NWO-1020,DC_WEST,2026-01-05,306,134
NWO-1020,DC_WEST,2026-01-12,491,122
NWO-1020,DC_WEST,2026-01-19,454,170
NWO-1020,DC_WEST,2026-01-26,474,152
NWO-1020,DC_WEST,2026-02-02,495,195
NWO-1020,DC_WEST,2026-02-09,327,105
NWO-1020,DC_WEST,2026-02-16,333,129
NWO-1020,DC_WEST,2026-02-23,384,169
NWO-1020,DC_WEST,2026-03-02,530,171
NWO-1020,DC_WEST,2026-03-09,578,147
NWO-1020,DC_WEST,2026-03-16,396,156
NWO-1020,DC_WEST,2026-03-23,446,153
NWO-1020,DC_WEST,2026-03-30,312,146
NWO-1020,DC_WEST,2026-04-06,526,170
NWO-1020,DC_WEST,2026-04-13,480,184
NWO-1020,DC_WEST,2026-04-20,566,199
NWO-1020,DC_WEST,2026-04-27,528,148
NWO-1020,DC_WEST,2026-05-04,376,162
NWO-1020,DC_WEST,2026-05-11,381,187
NWO-1020,DC_WEST,2026-05-18,594,197
NWO-1020,DC_WEST,2026-05-25,507,247
NWO-1020,DC_WEST,2026-06-01,841,253
NWO-1021,DC_NORTH,2023-06-05,175,45
NWO-1021,DC_NORTH,2023-06-12,135,39
NWO-1021,DC_NORTH,2023-06-19,159,46
NWO-1021,DC_NORTH,2023-06-26,106,66
NWO-1021,DC_NORTH,2023-07-03,177,49
NWO-1021,DC_NORTH,2023-07-10,157,59
NWO-1021,DC_NORTH,2023-07-17,165,47
NWO-1021,DC_NORTH,2023-07-24,128,72
NWO-1021,DC_NORTH,2023-07-31,212,72
NWO-1021,DC_NORTH,2023-08-07,195,57
NWO-1021,DC_NORTH,2023-08-14,102,40
NWO-1021,DC_NORTH,2023-08-21,102,41
NWO-1021,DC_NORTH,2023-08-28,123,53
NWO-1021,DC_NORTH,2023-09-04,134,33
NWO-1021,DC_NORTH,2023-09-11,102,48
NWO-1021,DC_NORTH,2023-09-18,146,36
NWO-1021,DC_NORTH,2023-09-25,87,42
NWO-1021,DC_NORTH,2023-10-02,110,52
NWO-1021,DC_NORTH,2023-10-09,129,39
NWO-1021,DC_NORTH,2023-10-16,138,55
NWO-1021,DC_NORTH,2023-10-23,165,55
NWO-1021,DC_NORTH,2023-10-30,111,81
NWO-1021,DC_NORTH,2023-11-06,256,58
NWO-1021,DC_NORTH,2023-11-13,144,57
NWO-1021,DC_NORTH,2023-11-20,201,49
NWO-1021,DC_NORTH,2023-11-27,199,67
NWO-1021,DC_NORTH,2023-12-04,138,88
NWO-1021,DC_NORTH,2023-12-11,244,76
NWO-1021,DC_NORTH,2023-12-18,212,74
NWO-1021,DC_NORTH,2023-12-25,148,31
NWO-1021,DC_NORTH,2024-01-01,114,30
NWO-1021,DC_NORTH,2024-01-08,88,33
NWO-1021,DC_NORTH,2024-01-15,128,37
NWO-1021,DC_NORTH,2024-01-22,121,23
NWO-1021,DC_NORTH,2024-01-29,87,26
NWO-1021,DC_NORTH,2024-02-05,85,42
NWO-1021,DC_NORTH,2024-02-12,109,29
NWO-1021,DC_NORTH,2024-02-19,76,33
NWO-1021,DC_NORTH,2024-02-26,103,48
NWO-1021,DC_NORTH,2024-03-04,91,32
NWO-1021,DC_NORTH,2024-03-11,90,47
NWO-1021,DC_NORTH,2024-03-18,95,40
NWO-1021,DC_NORTH,2024-03-25,124,51
NWO-1021,DC_NORTH,2024-04-01,112,37
NWO-1021,DC_NORTH,2024-04-08,126,55
NWO-1021,DC_NORTH,2024-04-15,154,53
NWO-1021,DC_NORTH,2024-04-22,152,52
NWO-1021,DC_NORTH,2024-04-29,129,51
NWO-1021,DC_NORTH,2024-05-06,126,50
NWO-1021,DC_NORTH,2024-05-13,153,43
NWO-1021,DC_NORTH,2024-05-20,146,51
NWO-1021,DC_NORTH,2024-05-27,159,58
NWO-1021,DC_NORTH,2024-06-03,159,38
NWO-1021,DC_NORTH,2024-06-10,90,49
NWO-1021,DC_NORTH,2024-06-17,121,101
NWO-1021,DC_NORTH,2024-06-24,380,65
NWO-1021,DC_NORTH,2024-07-01,184,51
NWO-1021,DC_NORTH,2024-07-08,162,46
NWO-1021,DC_NORTH,2024-07-15,136,39
NWO-1021,DC_NORTH,2024-07-22,118,55
NWO-1021,DC_NORTH,2024-07-29,154,51
NWO-1021,DC_NORTH,2024-08-05,134,52
NWO-1021,DC_NORTH,2024-08-12,127,39
NWO-1021,DC_NORTH,2024-08-19,149,39
NWO-1021,DC_NORTH,2024-08-26,110,51
NWO-1021,DC_NORTH,2024-09-02,128,54
NWO-1021,DC_NORTH,2024-09-09,172,41
NWO-1021,DC_NORTH,2024-09-16,88,48
NWO-1021,DC_NORTH,2024-09-23,124,51
NWO-1021,DC_NORTH,2024-09-30,144,40
NWO-1021,DC_NORTH,2024-10-07,143,58
NWO-1021,DC_NORTH,2024-10-14,110,40
NWO-1021,DC_NORTH,2024-10-21,79,43
NWO-1021,DC_NORTH,2024-10-28,88,37
NWO-1021,DC_NORTH,2024-11-04,144,70
NWO-1021,DC_NORTH,2024-11-11,133,56
NWO-1021,DC_NORTH,2024-11-18,111,51
NWO-1021,DC_NORTH,2024-11-25,196,46
NWO-1021,DC_NORTH,2024-12-02,129,61
NWO-1021,DC_NORTH,2024-12-09,162,71
NWO-1021,DC_NORTH,2024-12-16,224,73
NWO-1021,DC_NORTH,2024-12-23,156,56
NWO-1021,DC_NORTH,2024-12-30,195,41
NWO-1021,DC_NORTH,2025-01-06,100,37
NWO-1021,DC_NORTH,2025-01-13,97,44
NWO-1021,DC_NORTH,2025-01-20,108,34
NWO-1021,DC_NORTH,2025-01-27,91,34
NWO-1021,DC_NORTH,2025-02-03,120,30
NWO-1021,DC_NORTH,2025-02-10,97,38
NWO-1021,DC_NORTH,2025-02-17,69,30
NWO-1021,DC_NORTH,2025-02-24,72,38
NWO-1021,DC_NORTH,2025-03-03,131,23
NWO-1021,DC_NORTH,2025-03-10,76,45
NWO-1021,DC_NORTH,2025-03-17,105,45
NWO-1021,DC_NORTH,2025-03-24,161,28
NWO-1021,DC_NORTH,2025-03-31,85,38
NWO-1021,DC_NORTH,2025-04-07,114,40
NWO-1021,DC_NORTH,2025-04-14,105,58
NWO-1021,DC_NORTH,2025-04-21,154,45
NWO-1021,DC_NORTH,2025-04-28,117,60
NWO-1021,DC_NORTH,2025-05-05,184,67
NWO-1021,DC_NORTH,2025-05-12,206,46
NWO-1021,DC_NORTH,2025-05-19,121,44
NWO-1021,DC_NORTH,2025-05-26,137,38
NWO-1021,DC_NORTH,2025-06-02,139,52
NWO-1021,DC_NORTH,2025-06-09,123,35
NWO-1021,DC_NORTH,2025-06-16,105,58
NWO-1021,DC_NORTH,2025-06-23,173,35
NWO-1021,DC_NORTH,2025-06-30,87,56
NWO-1021,DC_NORTH,2025-07-07,147,34
NWO-1021,DC_NORTH,2025-07-14,75,36
NWO-1021,DC_NORTH,2025-07-21,97,32
NWO-1021,DC_NORTH,2025-07-28,66,23
NWO-1021,DC_NORTH,2025-08-04,62,20
NWO-1021,DC_NORTH,2025-08-11,58,28
NWO-1021,DC_NORTH,2025-08-18,86,21
NWO-1021,DC_NORTH,2025-08-25,47,12
NWO-1021,DC_NORTH,2025-09-01,28,11
NWO-1021,DC_NORTH,2025-09-08,31,9
NWO-1021,DC_NORTH,2025-09-15,17,7
NWO-1021,DC_NORTH,2025-09-22,14,3
NWO-1021,DC_NORTH,2025-09-29,6,3
NWO-1021,DC_SOUTH,2023-06-05,351,157
NWO-1021,DC_SOUTH,2023-06-12,366,154
NWO-1021,DC_SOUTH,2023-06-19,379,118
NWO-1021,DC_SOUTH,2023-06-26,399,137
NWO-1021,DC_SOUTH,2023-07-03,371,109
NWO-1021,DC_SOUTH,2023-07-10,399,139
NWO-1021,DC_SOUTH,2023-07-17,383,151
NWO-1021,DC_SOUTH,2023-07-24,297,135
NWO-1021,DC_SOUTH,2023-07-31,458,103
NWO-1021,DC_SOUTH,2023-08-07,378,166
NWO-1021,DC_SOUTH,2023-08-14,524,165
NWO-1021,DC_SOUTH,2023-08-21,451,109
NWO-1021,DC_SOUTH,2023-08-28,394,146
NWO-1021,DC_SOUTH,2023-09-04,374,127
NWO-1021,DC_SOUTH,2023-09-11,336,132
NWO-1021,DC_SOUTH,2023-09-18,373,109
NWO-1021,DC_SOUTH,2023-09-25,313,103
NWO-1021,DC_SOUTH,2023-10-02,341,125
NWO-1021,DC_SOUTH,2023-10-09,346,131
NWO-1021,DC_SOUTH,2023-10-16,289,157
NWO-1021,DC_SOUTH,2023-10-23,488,143
NWO-1021,DC_SOUTH,2023-10-30,314,155
NWO-1021,DC_SOUTH,2023-11-06,384,194
NWO-1021,DC_SOUTH,2023-11-13,497,133
NWO-1021,DC_SOUTH,2023-11-20,492,181
NWO-1021,DC_SOUTH,2023-11-27,525,149
NWO-1021,DC_SOUTH,2023-12-04,475,181
NWO-1021,DC_SOUTH,2023-12-11,434,183
NWO-1021,DC_SOUTH,2023-12-18,459,222
NWO-1021,DC_SOUTH,2023-12-25,436,104
NWO-1021,DC_SOUTH,2024-01-01,363,110
NWO-1021,DC_SOUTH,2024-01-08,224,76
NWO-1021,DC_SOUTH,2024-01-15,222,109
NWO-1021,DC_SOUTH,2024-01-22,204,143
NWO-1021,DC_SOUTH,2024-01-29,407,73
NWO-1021,DC_SOUTH,2024-02-05,304,87
NWO-1021,DC_SOUTH,2024-02-12,297,97
NWO-1021,DC_SOUTH,2024-02-19,344,106
NWO-1021,DC_SOUTH,2024-02-26,305,104
NWO-1021,DC_SOUTH,2024-03-04,284,113
NWO-1021,DC_SOUTH,2024-03-11,402,100
NWO-1021,DC_SOUTH,2024-03-18,244,96
NWO-1021,DC_SOUTH,2024-03-25,240,128
NWO-1021,DC_SOUTH,2024-04-01,292,117
NWO-1021,DC_SOUTH,2024-04-08,335,108
NWO-1021,DC_SOUTH,2024-04-15,371,126
NWO-1021,DC_SOUTH,2024-04-22,267,115
NWO-1021,DC_SOUTH,2024-04-29,413,120
NWO-1021,DC_SOUTH,2024-05-06,379,137
NWO-1021,DC_SOUTH,2024-05-13,324,141
NWO-1021,DC_SOUTH,2024-05-20,364,104
NWO-1021,DC_SOUTH,2024-05-27,385,115
NWO-1021,DC_SOUTH,2024-06-03,389,109
NWO-1021,DC_SOUTH,2024-06-10,364,174
NWO-1021,DC_SOUTH,2024-06-17,430,162
NWO-1021,DC_SOUTH,2024-06-24,368,130
NWO-1021,DC_SOUTH,2024-07-01,391,157
NWO-1021,DC_SOUTH,2024-07-08,435,154
NWO-1021,DC_SOUTH,2024-07-15,381,121
NWO-1021,DC_SOUTH,2024-07-22,349,118
NWO-1021,DC_SOUTH,2024-07-29,486,163
NWO-1021,DC_SOUTH,2024-08-05,438,158
NWO-1021,DC_SOUTH,2024-08-12,466,160
NWO-1021,DC_SOUTH,2024-08-19,463,105
NWO-1021,DC_SOUTH,2024-08-26,393,107
NWO-1021,DC_SOUTH,2024-09-02,449,113
NWO-1021,DC_SOUTH,2024-09-09,317,105
NWO-1021,DC_SOUTH,2024-09-16,316,93
NWO-1021,DC_SOUTH,2024-09-23,259,127
NWO-1021,DC_SOUTH,2024-09-30,265,118
NWO-1021,DC_SOUTH,2024-10-07,306,100
NWO-1021,DC_SOUTH,2024-10-14,257,136
NWO-1021,DC_SOUTH,2024-10-21,383,147
NWO-1021,DC_SOUTH,2024-10-28,472,190
NWO-1021,DC_SOUTH,2024-11-04,401,163
NWO-1021,DC_SOUTH,2024-11-11,434,178
NWO-1021,DC_SOUTH,2024-11-18,561,132
NWO-1021,DC_SOUTH,2024-11-25,534,201
NWO-1021,DC_SOUTH,2024-12-02,567,189
NWO-1021,DC_SOUTH,2024-12-09,390,139
NWO-1021,DC_SOUTH,2024-12-16,433,221
NWO-1021,DC_SOUTH,2024-12-23,394,279
NWO-1021,DC_SOUTH,2024-12-30,532,132
NWO-1021,DC_SOUTH,2025-01-06,316,130
NWO-1021,DC_SOUTH,2025-01-13,309,94
NWO-1021,DC_SOUTH,2025-01-20,345,137
NWO-1021,DC_SOUTH,2025-01-27,259,98
NWO-1021,DC_SOUTH,2025-02-03,262,135
NWO-1021,DC_SOUTH,2025-02-10,320,106
NWO-1021,DC_SOUTH,2025-02-17,349,137
NWO-1021,DC_SOUTH,2025-02-24,257,171
NWO-1021,DC_SOUTH,2025-03-03,510,118
NWO-1021,DC_SOUTH,2025-03-10,456,114
NWO-1021,DC_SOUTH,2025-03-17,277,101
NWO-1021,DC_SOUTH,2025-03-24,282,152
NWO-1021,DC_SOUTH,2025-03-31,294,118
NWO-1021,DC_SOUTH,2025-04-07,272,109
NWO-1021,DC_SOUTH,2025-04-14,348,124
NWO-1021,DC_SOUTH,2025-04-21,369,113
NWO-1021,DC_SOUTH,2025-04-28,329,112
NWO-1021,DC_SOUTH,2025-05-05,230,111
NWO-1021,DC_SOUTH,2025-05-12,416,90
NWO-1021,DC_SOUTH,2025-05-19,273,133
NWO-1021,DC_SOUTH,2025-05-26,409,136
NWO-1021,DC_SOUTH,2025-06-02,294,143
NWO-1021,DC_SOUTH,2025-06-09,381,126
NWO-1021,DC_SOUTH,2025-06-16,368,138
NWO-1021,DC_SOUTH,2025-06-23,304,116
NWO-1021,DC_SOUTH,2025-06-30,258,98
NWO-1021,DC_SOUTH,2025-07-07,328,132
NWO-1021,DC_SOUTH,2025-07-14,382,116
NWO-1021,DC_SOUTH,2025-07-21,276,97
NWO-1021,DC_SOUTH,2025-07-28,226,63
NWO-1021,DC_SOUTH,2025-08-04,233,89
NWO-1021,DC_SOUTH,2025-08-11,225,48
NWO-1021,DC_SOUTH,2025-08-18,113,44
NWO-1021,DC_SOUTH,2025-08-25,123,34
NWO-1021,DC_SOUTH,2025-09-01,94,38
NWO-1021,DC_SOUTH,2025-09-08,71,24
NWO-1021,DC_SOUTH,2025-09-15,69,13
NWO-1021,DC_SOUTH,2025-09-22,52,8
NWO-1021,DC_SOUTH,2025-09-29,20,8
NWO-1021,DC_WEST,2023-06-05,259,106
NWO-1021,DC_WEST,2023-06-12,265,117
NWO-1021,DC_WEST,2023-06-19,318,113
NWO-1021,DC_WEST,2023-06-26,343,118
NWO-1021,DC_WEST,2023-07-03,291,95
NWO-1021,DC_WEST,2023-07-10,265,93
NWO-1021,DC_WEST,2023-07-17,200,103
NWO-1021,DC_WEST,2023-07-24,235,145
NWO-1021,DC_WEST,2023-07-31,286,130
NWO-1021,DC_WEST,2023-08-07,265,112
NWO-1021,DC_WEST,2023-08-14,355,119
NWO-1021,DC_WEST,2023-08-21,387,87
NWO-1021,DC_WEST,2023-08-28,199,116
NWO-1021,DC_WEST,2023-09-04,293,85
NWO-1021,DC_WEST,2023-09-11,204,99
NWO-1021,DC_WEST,2023-09-18,268,90
NWO-1021,DC_WEST,2023-09-25,279,105
NWO-1021,DC_WEST,2023-10-02,268,104
NWO-1021,DC_WEST,2023-10-09,305,78
NWO-1021,DC_WEST,2023-10-16,254,111
NWO-1021,DC_WEST,2023-10-23,310,104
NWO-1021,DC_WEST,2023-10-30,215,147
NWO-1021,DC_WEST,2023-11-06,347,124
NWO-1021,DC_WEST,2023-11-13,351,146
NWO-1021,DC_WEST,2023-11-20,375,130
NWO-1021,DC_WEST,2023-11-27,323,161
NWO-1021,DC_WEST,2023-12-04,439,143
NWO-1021,DC_WEST,2023-12-11,297,136
NWO-1021,DC_WEST,2023-12-18,367,128
NWO-1021,DC_WEST,2023-12-25,434,96
NWO-1021,DC_WEST,2024-01-01,275,59
NWO-1021,DC_WEST,2024-01-08,181,82
NWO-1021,DC_WEST,2024-01-15,235,80
NWO-1021,DC_WEST,2024-01-22,172,60
NWO-1021,DC_WEST,2024-01-29,164,88
NWO-1021,DC_WEST,2024-02-05,171,62
NWO-1021,DC_WEST,2024-02-12,223,59
NWO-1021,DC_WEST,2024-02-19,136,93
NWO-1021,DC_WEST,2024-02-26,241,77
NWO-1021,DC_WEST,2024-03-04,186,79
NWO-1021,DC_WEST,2024-03-11,267,95
NWO-1021,DC_WEST,2024-03-18,261,99
NWO-1021,DC_WEST,2024-03-25,290,88
NWO-1021,DC_WEST,2024-04-01,328,98
NWO-1021,DC_WEST,2024-04-08,254,75
NWO-1021,DC_WEST,2024-04-15,292,111
NWO-1021,DC_WEST,2024-04-22,286,80
NWO-1021,DC_WEST,2024-04-29,219,83
NWO-1021,DC_WEST,2024-05-06,217,72
NWO-1021,DC_WEST,2024-05-13,276,93
NWO-1021,DC_WEST,2024-05-20,241,94
NWO-1021,DC_WEST,2024-05-27,232,94
NWO-1021,DC_WEST,2024-06-03,346,84
NWO-1021,DC_WEST,2024-06-10,234,106
NWO-1021,DC_WEST,2024-06-17,224,88
NWO-1021,DC_WEST,2024-06-24,365,95
NWO-1021,DC_WEST,2024-07-01,257,79
NWO-1021,DC_WEST,2024-07-08,247,92
NWO-1021,DC_WEST,2024-07-15,260,131
NWO-1021,DC_WEST,2024-07-22,311,81
NWO-1021,DC_WEST,2024-07-29,253,113
NWO-1021,DC_WEST,2024-08-05,271,98
NWO-1021,DC_WEST,2024-08-12,322,112
NWO-1021,DC_WEST,2024-08-19,259,83
NWO-1021,DC_WEST,2024-08-26,298,86
NWO-1021,DC_WEST,2024-09-02,249,96
NWO-1021,DC_WEST,2024-09-09,205,92
NWO-1021,DC_WEST,2024-09-16,239,121
NWO-1021,DC_WEST,2024-09-23,214,86
NWO-1021,DC_WEST,2024-09-30,163,89
NWO-1021,DC_WEST,2024-10-07,277,101
NWO-1021,DC_WEST,2024-10-14,220,96
NWO-1021,DC_WEST,2024-10-21,218,110
NWO-1021,DC_WEST,2024-10-28,346,154
NWO-1021,DC_WEST,2024-11-04,279,157
NWO-1021,DC_WEST,2024-11-11,451,116
NWO-1021,DC_WEST,2024-11-18,414,128
NWO-1021,DC_WEST,2024-11-25,415,127
NWO-1021,DC_WEST,2024-12-02,418,118
NWO-1021,DC_WEST,2024-12-09,293,135
NWO-1021,DC_WEST,2024-12-16,530,122
NWO-1021,DC_WEST,2024-12-23,234,111
NWO-1021,DC_WEST,2024-12-30,370,86
NWO-1021,DC_WEST,2025-01-06,176,52
NWO-1021,DC_WEST,2025-01-13,159,77
NWO-1021,DC_WEST,2025-01-20,246,86
NWO-1021,DC_WEST,2025-01-27,252,67
NWO-1021,DC_WEST,2025-02-03,255,75
NWO-1021,DC_WEST,2025-02-10,182,103
NWO-1021,DC_WEST,2025-02-17,210,89
NWO-1021,DC_WEST,2025-02-24,207,76
NWO-1021,DC_WEST,2025-03-03,210,91
NWO-1021,DC_WEST,2025-03-10,292,84
NWO-1021,DC_WEST,2025-03-17,232,89
NWO-1021,DC_WEST,2025-03-24,244,118
NWO-1021,DC_WEST,2025-03-31,252,166
NWO-1021,DC_WEST,2025-04-07,482,140
NWO-1021,DC_WEST,2025-04-14,273,113
NWO-1021,DC_WEST,2025-04-21,307,87
NWO-1021,DC_WEST,2025-04-28,294,91
NWO-1021,DC_WEST,2025-05-05,303,120
NWO-1021,DC_WEST,2025-05-12,344,101
NWO-1021,DC_WEST,2025-05-19,349,117
NWO-1021,DC_WEST,2025-05-26,277,106
NWO-1021,DC_WEST,2025-06-02,327,102
NWO-1021,DC_WEST,2025-06-09,290,91
NWO-1021,DC_WEST,2025-06-16,201,102
NWO-1021,DC_WEST,2025-06-23,327,99
NWO-1021,DC_WEST,2025-06-30,203,84
NWO-1021,DC_WEST,2025-07-07,200,74
NWO-1021,DC_WEST,2025-07-14,201,79
NWO-1021,DC_WEST,2025-07-21,257,75
NWO-1021,DC_WEST,2025-07-28,204,48
NWO-1021,DC_WEST,2025-08-04,136,53
NWO-1021,DC_WEST,2025-08-11,165,55
NWO-1021,DC_WEST,2025-08-18,120,44
NWO-1021,DC_WEST,2025-08-25,87,24
NWO-1021,DC_WEST,2025-09-01,67,18
NWO-1021,DC_WEST,2025-09-08,73,16
NWO-1021,DC_WEST,2025-09-15,57,10
NWO-1021,DC_WEST,2025-09-22,38,7
NWO-1021,DC_WEST,2025-09-29,17,5
NWO-1022,DC_NORTH,2023-06-05,327,111
NWO-1022,DC_NORTH,2023-06-12,293,89
NWO-1022,DC_NORTH,2023-06-19,329,97
NWO-1022,DC_NORTH,2023-06-26,291,121
NWO-1022,DC_NORTH,2023-07-03,275,91
NWO-1022,DC_NORTH,2023-07-10,230,93
NWO-1022,DC_NORTH,2023-07-17,240,141
NWO-1022,DC_NORTH,2023-07-24,280,94
NWO-1022,DC_NORTH,2023-07-31,232,130
NWO-1022,DC_NORTH,2023-08-07,325,103
NWO-1022,DC_NORTH,2023-08-14,241,132
NWO-1022,DC_NORTH,2023-08-21,370,114
NWO-1022,DC_NORTH,2023-08-28,389,99
NWO-1022,DC_NORTH,2023-09-04,278,59
NWO-1022,DC_NORTH,2023-09-11,212,94
NWO-1022,DC_NORTH,2023-09-18,208,77
NWO-1022,DC_NORTH,2023-09-25,270,81
NWO-1022,DC_NORTH,2023-10-02,203,84
NWO-1022,DC_NORTH,2023-10-09,182,121
NWO-1022,DC_NORTH,2023-10-16,284,105
NWO-1022,DC_NORTH,2023-10-23,223,101
NWO-1022,DC_NORTH,2023-10-30,286,191
NWO-1022,DC_NORTH,2023-11-06,530,200
NWO-1022,DC_NORTH,2023-11-13,349,184
NWO-1022,DC_NORTH,2023-11-20,441,148
NWO-1022,DC_NORTH,2023-11-27,434,181
NWO-1022,DC_NORTH,2023-12-04,675,123
NWO-1022,DC_NORTH,2023-12-11,366,143
NWO-1022,DC_NORTH,2023-12-18,449,152
NWO-1022,DC_NORTH,2023-12-25,387,63
NWO-1022,DC_NORTH,2024-01-01,207,74
NWO-1022,DC_NORTH,2024-01-08,314,95
NWO-1022,DC_NORTH,2024-01-15,292,109
NWO-1022,DC_NORTH,2024-01-22,244,66
NWO-1022,DC_NORTH,2024-01-29,174,62
NWO-1022,DC_NORTH,2024-02-05,243,86
NWO-1022,DC_NORTH,2024-02-12,282,87
NWO-1022,DC_NORTH,2024-02-19,241,112
NWO-1022,DC_NORTH,2024-02-26,252,106
NWO-1022,DC_NORTH,2024-03-04,193,105
NWO-1022,DC_NORTH,2024-03-11,248,80
NWO-1022,DC_NORTH,2024-03-18,175,87
NWO-1022,DC_NORTH,2024-03-25,249,108
NWO-1022,DC_NORTH,2024-04-01,250,78
NWO-1022,DC_NORTH,2024-04-08,190,113
NWO-1022,DC_NORTH,2024-04-15,197,84
NWO-1022,DC_NORTH,2024-04-22,174,75
NWO-1022,DC_NORTH,2024-04-29,245,145
NWO-1022,DC_NORTH,2024-05-06,391,106
NWO-1022,DC_NORTH,2024-05-13,290,80
NWO-1022,DC_NORTH,2024-05-20,236,111
NWO-1022,DC_NORTH,2024-05-27,200,116
NWO-1022,DC_NORTH,2024-06-03,209,111
NWO-1022,DC_NORTH,2024-06-10,437,102
NWO-1022,DC_NORTH,2024-06-17,240,76
NWO-1022,DC_NORTH,2024-06-24,213,122
NWO-1022,DC_NORTH,2024-07-01,273,111
NWO-1022,DC_NORTH,2024-07-08,278,117
NWO-1022,DC_NORTH,2024-07-15,253,111
NWO-1022,DC_NORTH,2024-07-22,286,96
NWO-1022,DC_NORTH,2024-07-29,290,83
NWO-1022,DC_NORTH,2024-08-05,312,133
NWO-1022,DC_NORTH,2024-08-12,339,71
NWO-1022,DC_NORTH,2024-08-19,287,104
NWO-1022,DC_NORTH,2024-08-26,237,79
NWO-1022,DC_NORTH,2024-09-02,260,111
NWO-1022,DC_NORTH,2024-09-09,309,115
NWO-1022,DC_NORTH,2024-09-16,294,106
NWO-1022,DC_NORTH,2024-09-23,214,102
NWO-1022,DC_NORTH,2024-09-30,301,81
NWO-1022,DC_NORTH,2024-10-07,212,109
NWO-1022,DC_NORTH,2024-10-14,306,103
NWO-1022,DC_NORTH,2024-10-21,291,123
NWO-1022,DC_NORTH,2024-10-28,359,144
NWO-1022,DC_NORTH,2024-11-04,547,119
NWO-1022,DC_NORTH,2024-11-11,398,133
NWO-1022,DC_NORTH,2024-11-18,467,131
NWO-1022,DC_NORTH,2024-11-25,296,140
NWO-1022,DC_NORTH,2024-12-02,332,181
NWO-1022,DC_NORTH,2024-12-09,505,157
NWO-1022,DC_NORTH,2024-12-16,381,127
NWO-1022,DC_NORTH,2024-12-23,434,170
NWO-1022,DC_NORTH,2024-12-30,513,71
NWO-1022,DC_NORTH,2025-01-06,148,84
NWO-1022,DC_NORTH,2025-01-13,239,73
NWO-1022,DC_NORTH,2025-01-20,196,59
NWO-1022,DC_NORTH,2025-01-27,154,105
NWO-1022,DC_NORTH,2025-02-03,243,86
NWO-1022,DC_NORTH,2025-02-10,287,62
NWO-1022,DC_NORTH,2025-02-17,240,72
NWO-1022,DC_NORTH,2025-02-24,296,71
NWO-1022,DC_NORTH,2025-03-03,263,93
NWO-1022,DC_NORTH,2025-03-10,303,76
NWO-1022,DC_NORTH,2025-03-17,186,76
NWO-1022,DC_NORTH,2025-03-24,241,169
NWO-1022,DC_NORTH,2025-03-31,404,77
NWO-1022,DC_NORTH,2025-04-07,292,80
NWO-1022,DC_NORTH,2025-04-14,196,93
NWO-1022,DC_NORTH,2025-04-21,265,114
NWO-1022,DC_NORTH,2025-04-28,226,131
NWO-1022,DC_NORTH,2025-05-05,378,76
NWO-1022,DC_NORTH,2025-05-12,164,87
NWO-1022,DC_NORTH,2025-05-19,264,113
NWO-1022,DC_NORTH,2025-05-26,361,137
NWO-1022,DC_NORTH,2025-06-02,237,95
NWO-1022,DC_NORTH,2025-06-09,268,87
NWO-1022,DC_NORTH,2025-06-16,283,104
NWO-1022,DC_NORTH,2025-06-23,235,132
NWO-1022,DC_NORTH,2025-06-30,224,92
NWO-1022,DC_NORTH,2025-07-07,297,103
NWO-1022,DC_NORTH,2025-07-14,276,142
NWO-1022,DC_NORTH,2025-07-21,313,83
NWO-1022,DC_NORTH,2025-07-28,257,109
NWO-1022,DC_NORTH,2025-08-04,322,79
NWO-1022,DC_NORTH,2025-08-11,282,111
NWO-1022,DC_NORTH,2025-08-18,276,82
NWO-1022,DC_NORTH,2025-08-25,283,75
NWO-1022,DC_NORTH,2025-09-01,292,98
NWO-1022,DC_NORTH,2025-09-08,202,90
NWO-1022,DC_NORTH,2025-09-15,173,102
NWO-1022,DC_NORTH,2025-09-22,208,68
NWO-1022,DC_NORTH,2025-09-29,261,104
NWO-1022,DC_NORTH,2025-10-06,250,107
NWO-1022,DC_NORTH,2025-10-13,331,97
NWO-1022,DC_NORTH,2025-10-20,301,95
NWO-1022,DC_NORTH,2025-10-27,238,124
NWO-1022,DC_NORTH,2025-11-03,331,125
NWO-1022,DC_NORTH,2025-11-10,354,141
NWO-1022,DC_NORTH,2025-11-17,438,117
NWO-1022,DC_NORTH,2025-11-24,386,105
NWO-1022,DC_NORTH,2025-12-01,364,135
NWO-1022,DC_NORTH,2025-12-08,280,139
NWO-1022,DC_NORTH,2025-12-15,328,145
NWO-1022,DC_NORTH,2025-12-22,361,149
NWO-1022,DC_NORTH,2025-12-29,328,79
NWO-1022,DC_NORTH,2026-01-05,172,86
NWO-1022,DC_NORTH,2026-01-12,253,65
NWO-1022,DC_NORTH,2026-01-19,254,79
NWO-1022,DC_NORTH,2026-01-26,138,81
NWO-1022,DC_NORTH,2026-02-02,235,95
NWO-1022,DC_NORTH,2026-02-09,228,79
NWO-1022,DC_NORTH,2026-02-16,212,83
NWO-1022,DC_NORTH,2026-02-23,170,78
NWO-1022,DC_NORTH,2026-03-02,269,86
NWO-1022,DC_NORTH,2026-03-09,230,72
NWO-1022,DC_NORTH,2026-03-16,158,71
NWO-1022,DC_NORTH,2026-03-23,245,119
NWO-1022,DC_NORTH,2026-03-30,318,87
NWO-1022,DC_NORTH,2026-04-06,275,128
NWO-1022,DC_NORTH,2026-04-13,295,91
NWO-1022,DC_NORTH,2026-04-20,322,79
NWO-1022,DC_NORTH,2026-04-27,181,93
NWO-1022,DC_NORTH,2026-05-04,254,118
NWO-1022,DC_NORTH,2026-05-11,255,101
NWO-1022,DC_NORTH,2026-05-18,276,117
NWO-1022,DC_NORTH,2026-05-25,310,92
NWO-1022,DC_NORTH,2026-06-01,310,134
NWO-1022,DC_SOUTH,2023-06-05,808,193
NWO-1022,DC_SOUTH,2023-06-12,790,254
NWO-1022,DC_SOUTH,2023-06-19,846,316
NWO-1022,DC_SOUTH,2023-06-26,584,250
NWO-1022,DC_SOUTH,2023-07-03,681,343
NWO-1022,DC_SOUTH,2023-07-10,884,394
NWO-1022,DC_SOUTH,2023-07-17,1052,266
NWO-1022,DC_SOUTH,2023-07-24,675,345
NWO-1022,DC_SOUTH,2023-07-31,731,224
NWO-1022,DC_SOUTH,2023-08-07,744,274
NWO-1022,DC_SOUTH,2023-08-14,1039,326
NWO-1022,DC_SOUTH,2023-08-21,837,375
NWO-1022,DC_SOUTH,2023-08-28,1032,292
NWO-1022,DC_SOUTH,2023-09-04,763,245
NWO-1022,DC_SOUTH,2023-09-11,444,217
NWO-1022,DC_SOUTH,2023-09-18,590,249
NWO-1022,DC_SOUTH,2023-09-25,531,291
NWO-1022,DC_SOUTH,2023-10-02,770,252
NWO-1022,DC_SOUTH,2023-10-09,668,249
NWO-1022,DC_SOUTH,2023-10-16,716,296
NWO-1022,DC_SOUTH,2023-10-23,683,283
NWO-1022,DC_SOUTH,2023-10-30,1124,354
NWO-1022,DC_SOUTH,2023-11-06,960,275
NWO-1022,DC_SOUTH,2023-11-13,1093,367
NWO-1022,DC_SOUTH,2023-11-20,1002,345
NWO-1022,DC_SOUTH,2023-11-27,973,406
NWO-1022,DC_SOUTH,2023-12-04,1227,404
NWO-1022,DC_SOUTH,2023-12-11,1102,435
NWO-1022,DC_SOUTH,2023-12-18,1061,459
NWO-1022,DC_SOUTH,2023-12-25,1065,164
NWO-1022,DC_SOUTH,2024-01-01,480,178
NWO-1022,DC_SOUTH,2024-01-08,422,196
NWO-1022,DC_SOUTH,2024-01-15,701,215
NWO-1022,DC_SOUTH,2024-01-22,562,175
NWO-1022,DC_SOUTH,2024-01-29,671,193
NWO-1022,DC_SOUTH,2024-02-05,570,261
NWO-1022,DC_SOUTH,2024-02-12,789,189
NWO-1022,DC_SOUTH,2024-02-19,592,238
NWO-1022,DC_SOUTH,2024-02-26,828,291
NWO-1022,DC_SOUTH,2024-03-04,595,201
NWO-1022,DC_SOUTH,2024-03-11,673,266
NWO-1022,DC_SOUTH,2024-03-18,585,195
NWO-1022,DC_SOUTH,2024-03-25,695,293
NWO-1022,DC_SOUTH,2024-04-01,816,205
NWO-1022,DC_SOUTH,2024-04-08,679,271
NWO-1022,DC_SOUTH,2024-04-15,668,248
NWO-1022,DC_SOUTH,2024-04-22,770,244
NWO-1022,DC_SOUTH,2024-04-29,743,275
NWO-1022,DC_SOUTH,2024-05-06,645,249
NWO-1022,DC_SOUTH,2024-05-13,665,281
NWO-1022,DC_SOUTH,2024-05-20,699,330
NWO-1022,DC_SOUTH,2024-05-27,1041,212
NWO-1022,DC_SOUTH,2024-06-03,538,352
NWO-1022,DC_SOUTH,2024-06-10,742,281
NWO-1022,DC_SOUTH,2024-06-17,659,247
NWO-1022,DC_SOUTH,2024-06-24,679,322
NWO-1022,DC_SOUTH,2024-07-01,785,350
NWO-1022,DC_SOUTH,2024-07-08,634,316
NWO-1022,DC_SOUTH,2024-07-15,719,317
NWO-1022,DC_SOUTH,2024-07-22,560,309
NWO-1022,DC_SOUTH,2024-07-29,625,236
NWO-1022,DC_SOUTH,2024-08-05,766,319
NWO-1022,DC_SOUTH,2024-08-12,817,303
NWO-1022,DC_SOUTH,2024-08-19,737,262
NWO-1022,DC_SOUTH,2024-08-26,631,260
NWO-1022,DC_SOUTH,2024-09-02,885,298
NWO-1022,DC_SOUTH,2024-09-09,722,241
NWO-1022,DC_SOUTH,2024-09-16,908,251
NWO-1022,DC_SOUTH,2024-09-23,624,270
NWO-1022,DC_SOUTH,2024-09-30,777,263
NWO-1022,DC_SOUTH,2024-10-07,558,268
NWO-1022,DC_SOUTH,2024-10-14,615,289
NWO-1022,DC_SOUTH,2024-10-21,626,250
NWO-1022,DC_SOUTH,2024-10-28,645,448
NWO-1022,DC_SOUTH,2024-11-04,1047,363
NWO-1022,DC_SOUTH,2024-11-11,1027,386
NWO-1022,DC_SOUTH,2024-11-18,1026,352
NWO-1022,DC_SOUTH,2024-11-25,968,391
NWO-1022,DC_SOUTH,2024-12-02,1325,405
NWO-1022,DC_SOUTH,2024-12-09,1095,296
NWO-1022,DC_SOUTH,2024-12-16,1080,517
NWO-1022,DC_SOUTH,2024-12-23,1439,270
NWO-1022,DC_SOUTH,2024-12-30,1052,185
NWO-1022,DC_SOUTH,2025-01-06,590,188
NWO-1022,DC_SOUTH,2025-01-13,385,189
NWO-1022,DC_SOUTH,2025-01-20,646,206
NWO-1022,DC_SOUTH,2025-01-27,622,163
NWO-1022,DC_SOUTH,2025-02-03,415,194
NWO-1022,DC_SOUTH,2025-02-10,759,194
NWO-1022,DC_SOUTH,2025-02-17,394,177
NWO-1022,DC_SOUTH,2025-02-24,545,258
NWO-1022,DC_SOUTH,2025-03-03,796,255
NWO-1022,DC_SOUTH,2025-03-10,769,336
NWO-1022,DC_SOUTH,2025-03-17,749,282
NWO-1022,DC_SOUTH,2025-03-24,651,231
NWO-1022,DC_SOUTH,2025-03-31,702,332
NWO-1022,DC_SOUTH,2025-04-07,1094,355
NWO-1022,DC_SOUTH,2025-04-14,632,247
NWO-1022,DC_SOUTH,2025-04-21,757,247
NWO-1022,DC_SOUTH,2025-04-28,588,223
NWO-1022,DC_SOUTH,2025-05-05,575,224
NWO-1022,DC_SOUTH,2025-05-12,564,280
NWO-1022,DC_SOUTH,2025-05-19,684,216
NWO-1022,DC_SOUTH,2025-05-26,527,313
NWO-1022,DC_SOUTH,2025-06-02,889,246
NWO-1022,DC_SOUTH,2025-06-09,649,310
NWO-1022,DC_SOUTH,2025-06-16,685,240
NWO-1022,DC_SOUTH,2025-06-23,654,285
NWO-1022,DC_SOUTH,2025-06-30,1006,275
NWO-1022,DC_SOUTH,2025-07-07,710,263
NWO-1022,DC_SOUTH,2025-07-14,699,292
NWO-1022,DC_SOUTH,2025-07-21,752,284
NWO-1022,DC_SOUTH,2025-07-28,974,230
NWO-1022,DC_SOUTH,2025-08-04,636,369
NWO-1022,DC_SOUTH,2025-08-11,1097,327
NWO-1022,DC_SOUTH,2025-08-18,894,332
NWO-1022,DC_SOUTH,2025-08-25,1125,247
NWO-1022,DC_SOUTH,2025-09-01,753,325
NWO-1022,DC_SOUTH,2025-09-08,701,180
NWO-1022,DC_SOUTH,2025-09-15,477,300
NWO-1022,DC_SOUTH,2025-09-22,571,241
NWO-1022,DC_SOUTH,2025-09-29,915,200
NWO-1022,DC_SOUTH,2025-10-06,586,283
NWO-1022,DC_SOUTH,2025-10-13,962,233
NWO-1022,DC_SOUTH,2025-10-20,597,239
NWO-1022,DC_SOUTH,2025-10-27,651,390
NWO-1022,DC_SOUTH,2025-11-03,1197,357
NWO-1022,DC_SOUTH,2025-11-10,1055,369
NWO-1022,DC_SOUTH,2025-11-17,997,435
NWO-1022,DC_SOUTH,2025-11-24,1263,342
NWO-1022,DC_SOUTH,2025-12-01,1090,371
NWO-1022,DC_SOUTH,2025-12-08,827,365
NWO-1022,DC_SOUTH,2025-12-15,1177,387
NWO-1022,DC_SOUTH,2025-12-22,932,324
NWO-1022,DC_SOUTH,2025-12-29,1131,228
NWO-1022,DC_SOUTH,2026-01-05,534,177
NWO-1022,DC_SOUTH,2026-01-12,552,234
NWO-1022,DC_SOUTH,2026-01-19,476,181
NWO-1022,DC_SOUTH,2026-01-26,685,264
NWO-1022,DC_SOUTH,2026-02-02,597,211
NWO-1022,DC_SOUTH,2026-02-09,507,224
NWO-1022,DC_SOUTH,2026-02-16,560,193
NWO-1022,DC_SOUTH,2026-02-23,472,238
NWO-1022,DC_SOUTH,2026-03-02,788,291
NWO-1022,DC_SOUTH,2026-03-09,973,275
NWO-1022,DC_SOUTH,2026-03-16,533,225
NWO-1022,DC_SOUTH,2026-03-23,629,220
NWO-1022,DC_SOUTH,2026-03-30,766,348
NWO-1022,DC_SOUTH,2026-04-06,791,205
NWO-1022,DC_SOUTH,2026-04-13,791,219
NWO-1022,DC_SOUTH,2026-04-20,472,265
NWO-1022,DC_SOUTH,2026-04-27,740,190
NWO-1022,DC_SOUTH,2026-05-04,652,236
NWO-1022,DC_SOUTH,2026-05-11,738,282
NWO-1022,DC_SOUTH,2026-05-18,635,243
NWO-1022,DC_SOUTH,2026-05-25,855,218
NWO-1022,DC_SOUTH,2026-06-01,762,265
NWO-1022,DC_WEST,2023-06-05,670,187
NWO-1022,DC_WEST,2023-06-12,696,153
NWO-1022,DC_WEST,2023-06-19,341,208
NWO-1022,DC_WEST,2023-06-26,454,175
NWO-1022,DC_WEST,2023-07-03,445,213
NWO-1022,DC_WEST,2023-07-10,506,236
NWO-1022,DC_WEST,2023-07-17,845,230
NWO-1022,DC_WEST,2023-07-24,443,181
NWO-1022,DC_WEST,2023-07-31,587,179
NWO-1022,DC_WEST,2023-08-07,752,205
NWO-1022,DC_WEST,2023-08-14,671,219
NWO-1022,DC_WEST,2023-08-21,649,214
NWO-1022,DC_WEST,2023-08-28,531,165
NWO-1022,DC_WEST,2023-09-04,416,148
NWO-1022,DC_WEST,2023-09-11,318,197
NWO-1022,DC_WEST,2023-09-18,605,214
NWO-1022,DC_WEST,2023-09-25,689,243
NWO-1022,DC_WEST,2023-10-02,501,292
NWO-1022,DC_WEST,2023-10-09,899,228
NWO-1022,DC_WEST,2023-10-16,417,221
NWO-1022,DC_WEST,2023-10-23,424,246
NWO-1022,DC_WEST,2023-10-30,546,210
NWO-1022,DC_WEST,2023-11-06,869,245
NWO-1022,DC_WEST,2023-11-13,814,278
NWO-1022,DC_WEST,2023-11-20,636,242
NWO-1022,DC_WEST,2023-11-27,652,319
NWO-1022,DC_WEST,2023-12-04,1034,287
NWO-1022,DC_WEST,2023-12-11,898,229
NWO-1022,DC_WEST,2023-12-18,728,287
NWO-1022,DC_WEST,2023-12-25,908,207
NWO-1022,DC_WEST,2024-01-01,444,150
NWO-1022,DC_WEST,2024-01-08,501,177
NWO-1022,DC_WEST,2024-01-15,433,150
NWO-1022,DC_WEST,2024-01-22,404,138
NWO-1022,DC_WEST,2024-01-29,511,166
NWO-1022,DC_WEST,2024-02-05,349,179
NWO-1022,DC_WEST,2024-02-12,506,163
NWO-1022,DC_WEST,2024-02-19,383,148
NWO-1022,DC_WEST,2024-02-26,407,180
NWO-1022,DC_WEST,2024-03-04,577,164
NWO-1022,DC_WEST,2024-03-11,453,139
NWO-1022,DC_WEST,2024-03-18,545,236
NWO-1022,DC_WEST,2024-03-25,463,171
NWO-1022,DC_WEST,2024-04-01,401,186
NWO-1022,DC_WEST,2024-04-08,435,191
NWO-1022,DC_WEST,2024-04-15,423,197
NWO-1022,DC_WEST,2024-04-22,456,175
NWO-1022,DC_WEST,2024-04-29,441,191
NWO-1022,DC_WEST,2024-05-06,554,155
NWO-1022,DC_WEST,2024-05-13,568,215
NWO-1022,DC_WEST,2024-05-20,463,196
NWO-1022,DC_WEST,2024-05-27,657,220
NWO-1022,DC_WEST,2024-06-03,834,257
NWO-1022,DC_WEST,2024-06-10,747,191
NWO-1022,DC_WEST,2024-06-17,755,217
NWO-1022,DC_WEST,2024-06-24,678,248
NWO-1022,DC_WEST,2024-07-01,592,171
NWO-1022,DC_WEST,2024-07-08,434,314
NWO-1022,DC_WEST,2024-07-15,877,222
NWO-1022,DC_WEST,2024-07-22,690,230
NWO-1022,DC_WEST,2024-07-29,396,253
NWO-1022,DC_WEST,2024-08-05,445,207
NWO-1022,DC_WEST,2024-08-12,758,255
NWO-1022,DC_WEST,2024-08-19,841,238
NWO-1022,DC_WEST,2024-08-26,672,187
NWO-1022,DC_WEST,2024-09-02,528,238
NWO-1022,DC_WEST,2024-09-09,631,215
NWO-1022,DC_WEST,2024-09-16,563,201
NWO-1022,DC_WEST,2024-09-23,652,155
NWO-1022,DC_WEST,2024-09-30,544,162
NWO-1022,DC_WEST,2024-10-07,472,161
NWO-1022,DC_WEST,2024-10-14,319,181
NWO-1022,DC_WEST,2024-10-21,479,215
NWO-1022,DC_WEST,2024-10-28,537,188
NWO-1022,DC_WEST,2024-11-04,816,338
NWO-1022,DC_WEST,2024-11-11,744,301
NWO-1022,DC_WEST,2024-11-18,693,254
NWO-1022,DC_WEST,2024-11-25,566,261
NWO-1022,DC_WEST,2024-12-02,669,276
NWO-1022,DC_WEST,2024-12-09,731,262
NWO-1022,DC_WEST,2024-12-16,948,283
NWO-1022,DC_WEST,2024-12-23,679,281
NWO-1022,DC_WEST,2024-12-30,887,133
NWO-1022,DC_WEST,2025-01-06,468,118
NWO-1022,DC_WEST,2025-01-13,386,191
NWO-1022,DC_WEST,2025-01-20,329,161
NWO-1022,DC_WEST,2025-01-27,439,146
NWO-1022,DC_WEST,2025-02-03,472,216
NWO-1022,DC_WEST,2025-02-10,438,187
NWO-1022,DC_WEST,2025-02-17,462,161
NWO-1022,DC_WEST,2025-02-24,381,163
NWO-1022,DC_WEST,2025-03-03,604,160
NWO-1022,DC_WEST,2025-03-10,529,139
NWO-1022,DC_WEST,2025-03-17,460,201
NWO-1022,DC_WEST,2025-03-24,523,182
NWO-1022,DC_WEST,2025-03-31,580,184
NWO-1022,DC_WEST,2025-04-07,624,166
NWO-1022,DC_WEST,2025-04-14,621,176
NWO-1022,DC_WEST,2025-04-21,526,151
NWO-1022,DC_WEST,2025-04-28,439,175
NWO-1022,DC_WEST,2025-05-05,481,177
NWO-1022,DC_WEST,2025-05-12,457,188
NWO-1022,DC_WEST,2025-05-19,522,216
NWO-1022,DC_WEST,2025-05-26,445,255
NWO-1022,DC_WEST,2025-06-02,706,143
NWO-1022,DC_WEST,2025-06-09,540,171
NWO-1022,DC_WEST,2025-06-16,566,206
NWO-1022,DC_WEST,2025-06-23,810,232
NWO-1022,DC_WEST,2025-06-30,717,174
NWO-1022,DC_WEST,2025-07-07,413,239
NWO-1022,DC_WEST,2025-07-14,626,180
NWO-1022,DC_WEST,2025-07-21,743,234
NWO-1022,DC_WEST,2025-07-28,628,247
NWO-1022,DC_WEST,2025-08-04,501,165
NWO-1022,DC_WEST,2025-08-11,501,191
NWO-1022,DC_WEST,2025-08-18,399,231
NWO-1022,DC_WEST,2025-08-25,627,184
NWO-1022,DC_WEST,2025-09-01,511,164
NWO-1022,DC_WEST,2025-09-08,545,216
NWO-1022,DC_WEST,2025-09-15,511,163
NWO-1022,DC_WEST,2025-09-22,546,178
NWO-1022,DC_WEST,2025-09-29,545,193
NWO-1022,DC_WEST,2025-10-06,440,211
NWO-1022,DC_WEST,2025-10-13,710,213
NWO-1022,DC_WEST,2025-10-20,412,179
NWO-1022,DC_WEST,2025-10-27,625,235
NWO-1022,DC_WEST,2025-11-03,719,335
NWO-1022,DC_WEST,2025-11-10,940,295
NWO-1022,DC_WEST,2025-11-17,881,239
NWO-1022,DC_WEST,2025-11-24,590,255
NWO-1022,DC_WEST,2025-12-01,754,289
NWO-1022,DC_WEST,2025-12-08,879,309
NWO-1022,DC_WEST,2025-12-15,921,261
NWO-1022,DC_WEST,2025-12-22,869,336
NWO-1022,DC_WEST,2025-12-29,890,136
NWO-1022,DC_WEST,2026-01-05,457,140
NWO-1022,DC_WEST,2026-01-12,290,130
NWO-1022,DC_WEST,2026-01-19,340,164
NWO-1022,DC_WEST,2026-01-26,444,149
NWO-1022,DC_WEST,2026-02-02,472,161
NWO-1022,DC_WEST,2026-02-09,429,156
NWO-1022,DC_WEST,2026-02-16,396,151
NWO-1022,DC_WEST,2026-02-23,327,187
NWO-1022,DC_WEST,2026-03-02,456,175
NWO-1022,DC_WEST,2026-03-09,380,189
NWO-1022,DC_WEST,2026-03-16,487,168
NWO-1022,DC_WEST,2026-03-23,353,162
NWO-1022,DC_WEST,2026-03-30,350,160
NWO-1022,DC_WEST,2026-04-06,449,167
NWO-1022,DC_WEST,2026-04-13,535,170
NWO-1022,DC_WEST,2026-04-20,530,163
NWO-1022,DC_WEST,2026-04-27,594,136
NWO-1022,DC_WEST,2026-05-04,429,191
NWO-1022,DC_WEST,2026-05-11,582,174
NWO-1022,DC_WEST,2026-05-18,425,205
NWO-1022,DC_WEST,2026-05-25,583,280
NWO-1022,DC_WEST,2026-06-01,592,216
NWO-1023,DC_NORTH,2023-06-05,608,229
NWO-1023,DC_NORTH,2023-06-12,422,181
NWO-1023,DC_NORTH,2023-06-19,564,176
NWO-1023,DC_NORTH,2023-06-26,560,173
NWO-1023,DC_NORTH,2023-07-03,571,250
NWO-1023,DC_NORTH,2023-07-10,465,210
NWO-1023,DC_NORTH,2023-07-17,640,210
NWO-1023,DC_NORTH,2023-07-24,638,246
NWO-1023,DC_NORTH,2023-07-31,472,199
NWO-1023,DC_NORTH,2023-08-07,581,162
NWO-1023,DC_NORTH,2023-08-14,607,202
NWO-1023,DC_NORTH,2023-08-21,760,220
NWO-1023,DC_NORTH,2023-08-28,588,163
NWO-1023,DC_NORTH,2023-09-04,504,166
NWO-1023,DC_NORTH,2023-09-11,539,191
NWO-1023,DC_NORTH,2023-09-18,458,188
NWO-1023,DC_NORTH,2023-09-25,573,190
NWO-1023,DC_NORTH,2023-10-02,366,191
NWO-1023,DC_NORTH,2023-10-09,501,144
NWO-1023,DC_NORTH,2023-10-16,375,212
NWO-1023,DC_NORTH,2023-10-23,615,200
NWO-1023,DC_NORTH,2023-10-30,559,236
NWO-1023,DC_NORTH,2023-11-06,644,154
NWO-1023,DC_NORTH,2023-11-13,556,259
NWO-1023,DC_NORTH,2023-11-20,865,241
NWO-1023,DC_NORTH,2023-11-27,867,263
NWO-1023,DC_NORTH,2023-12-04,595,379
NWO-1023,DC_NORTH,2023-12-11,831,184
NWO-1023,DC_NORTH,2023-12-18,698,290
NWO-1023,DC_NORTH,2023-12-25,888,161
NWO-1023,DC_NORTH,2024-01-01,376,138
NWO-1023,DC_NORTH,2024-01-08,267,110
NWO-1023,DC_NORTH,2024-01-15,264,143
NWO-1023,DC_NORTH,2024-01-22,269,152
NWO-1023,DC_NORTH,2024-01-29,420,173
NWO-1023,DC_NORTH,2024-02-05,465,107
NWO-1023,DC_NORTH,2024-02-12,277,147
NWO-1023,DC_NORTH,2024-02-19,457,199
NWO-1023,DC_NORTH,2024-02-26,395,166
NWO-1023,DC_NORTH,2024-03-04,420,155
NWO-1023,DC_NORTH,2024-03-11,529,203
NWO-1023,DC_NORTH,2024-03-18,702,182
NWO-1023,DC_NORTH,2024-03-25,436,164
NWO-1023,DC_NORTH,2024-04-01,497,139
NWO-1023,DC_NORTH,2024-04-08,530,205
NWO-1023,DC_NORTH,2024-04-15,561,127
NWO-1023,DC_NORTH,2024-04-22,392,153
NWO-1023,DC_NORTH,2024-04-29,588,168
NWO-1023,DC_NORTH,2024-05-06,500,189
NWO-1023,DC_NORTH,2024-05-13,362,224
NWO-1023,DC_NORTH,2024-05-20,700,253
NWO-1023,DC_NORTH,2024-05-27,578,190
NWO-1023,DC_NORTH,2024-06-03,436,202
NWO-1023,DC_NORTH,2024-06-10,579,187
NWO-1023,DC_NORTH,2024-06-17,548,247
NWO-1023,DC_NORTH,2024-06-24,495,276
NWO-1023,DC_NORTH,2024-07-01,474,170
NWO-1023,DC_NORTH,2024-07-08,358,260
NWO-1023,DC_NORTH,2024-07-15,528,166
NWO-1023,DC_NORTH,2024-07-22,455,193
NWO-1023,DC_NORTH,2024-07-29,532,236
NWO-1023,DC_NORTH,2024-08-05,656,230
NWO-1023,DC_NORTH,2024-08-12,501,204
NWO-1023,DC_NORTH,2024-08-19,692,193
NWO-1023,DC_NORTH,2024-08-26,455,155
NWO-1023,DC_NORTH,2024-09-02,370,142
NWO-1023,DC_NORTH,2024-09-09,468,150
NWO-1023,DC_NORTH,2024-09-16,373,137
NWO-1023,DC_NORTH,2024-09-23,330,183
NWO-1023,DC_NORTH,2024-09-30,633,149
NWO-1023,DC_NORTH,2024-10-07,598,181
NWO-1023,DC_NORTH,2024-10-14,372,218
NWO-1023,DC_NORTH,2024-10-21,525,187
NWO-1023,DC_NORTH,2024-10-28,644,335
NWO-1023,DC_NORTH,2024-11-04,707,310
NWO-1023,DC_NORTH,2024-11-11,576,227
NWO-1023,DC_NORTH,2024-11-18,699,194
NWO-1023,DC_NORTH,2024-11-25,444,198
NWO-1023,DC_NORTH,2024-12-02,460,282
NWO-1023,DC_NORTH,2024-12-09,689,241
NWO-1023,DC_NORTH,2024-12-16,926,371
NWO-1023,DC_NORTH,2024-12-23,722,289
NWO-1023,DC_NORTH,2024-12-30,886,120
NWO-1023,DC_NORTH,2025-01-06,404,78
NWO-1023,DC_NORTH,2025-01-13,294,331
NWO-1023,DC_NORTH,2025-01-20,600,234
NWO-1023,DC_NORTH,2025-01-27,671,191
NWO-1023,DC_NORTH,2025-02-03,696,131
NWO-1023,DC_NORTH,2025-02-10,516,115
NWO-1023,DC_NORTH,2025-02-17,348,196
NWO-1023,DC_NORTH,2025-02-24,555,191
NWO-1023,DC_NORTH,2025-03-03,521,174
NWO-1023,DC_NORTH,2025-03-10,433,198
NWO-1023,DC_NORTH,2025-03-17,582,153
NWO-1023,DC_NORTH,2025-03-24,490,201
NWO-1023,DC_NORTH,2025-03-31,527,152
NWO-1023,DC_NORTH,2025-04-07,492,200
NWO-1023,DC_NORTH,2025-04-14,467,183
NWO-1023,DC_NORTH,2025-04-21,419,191
NWO-1023,DC_NORTH,2025-04-28,441,187
NWO-1023,DC_NORTH,2025-05-05,600,200
NWO-1023,DC_NORTH,2025-05-12,536,163
NWO-1023,DC_NORTH,2025-05-19,519,154
NWO-1023,DC_NORTH,2025-05-26,366,146
NWO-1023,DC_NORTH,2025-06-02,529,154
NWO-1023,DC_NORTH,2025-06-09,586,168
NWO-1023,DC_NORTH,2025-06-16,453,230
NWO-1023,DC_NORTH,2025-06-23,750,205
NWO-1023,DC_NORTH,2025-06-30,564,204
NWO-1023,DC_NORTH,2025-07-07,674,214
NWO-1023,DC_NORTH,2025-07-14,547,227
NWO-1023,DC_NORTH,2025-07-21,428,256
NWO-1023,DC_NORTH,2025-07-28,712,214
NWO-1023,DC_NORTH,2025-08-04,465,166
NWO-1023,DC_NORTH,2025-08-11,521,168
NWO-1023,DC_NORTH,2025-08-18,503,236
NWO-1023,DC_NORTH,2025-08-25,457,183
NWO-1023,DC_NORTH,2025-09-01,464,189
NWO-1023,DC_NORTH,2025-09-08,500,146
NWO-1023,DC_NORTH,2025-09-15,348,221
NWO-1023,DC_NORTH,2025-09-22,585,126
NWO-1023,DC_NORTH,2025-09-29,442,174
NWO-1023,DC_NORTH,2025-10-06,617,218
NWO-1023,DC_NORTH,2025-10-13,689,184
NWO-1023,DC_NORTH,2025-10-20,619,172
NWO-1023,DC_NORTH,2025-10-27,428,337
NWO-1023,DC_NORTH,2025-11-03,975,230
NWO-1023,DC_NORTH,2025-11-10,635,179
NWO-1023,DC_NORTH,2025-11-17,394,232
NWO-1023,DC_NORTH,2025-11-24,675,296
NWO-1023,DC_NORTH,2025-12-01,797,268
NWO-1023,DC_NORTH,2025-12-08,719,185
NWO-1023,DC_NORTH,2025-12-15,588,223
NWO-1023,DC_NORTH,2025-12-22,604,309
NWO-1023,DC_NORTH,2025-12-29,524,155
NWO-1023,DC_NORTH,2026-01-05,539,112
NWO-1023,DC_NORTH,2026-01-12,345,164
NWO-1023,DC_NORTH,2026-01-19,398,135
NWO-1023,DC_NORTH,2026-01-26,378,141
NWO-1023,DC_NORTH,2026-02-02,392,171
NWO-1023,DC_NORTH,2026-02-09,524,127
NWO-1023,DC_NORTH,2026-02-16,360,135
NWO-1023,DC_NORTH,2026-02-23,574,219
NWO-1023,DC_NORTH,2026-03-02,406,205
NWO-1023,DC_NORTH,2026-03-09,401,161
NWO-1023,DC_NORTH,2026-03-16,367,205
NWO-1023,DC_NORTH,2026-03-23,537,150
NWO-1023,DC_NORTH,2026-03-30,435,155
NWO-1023,DC_NORTH,2026-04-06,393,199
NWO-1023,DC_NORTH,2026-04-13,582,170
NWO-1023,DC_NORTH,2026-04-20,416,229
NWO-1023,DC_NORTH,2026-04-27,781,235
NWO-1023,DC_NORTH,2026-05-04,465,178
NWO-1023,DC_NORTH,2026-05-11,496,212
NWO-1023,DC_NORTH,2026-05-18,626,158
NWO-1023,DC_NORTH,2026-05-25,298,205
NWO-1023,DC_NORTH,2026-06-01,396,186
NWO-1023,DC_SOUTH,2023-06-05,1462,613
NWO-1023,DC_SOUTH,2023-06-12,2017,619
NWO-1023,DC_SOUTH,2023-06-19,1651,403
NWO-1023,DC_SOUTH,2023-06-26,1324,442
NWO-1023,DC_SOUTH,2023-07-03,1777,340
NWO-1023,DC_SOUTH,2023-07-10,1304,448
NWO-1023,DC_SOUTH,2023-07-17,1676,520
NWO-1023,DC_SOUTH,2023-07-24,1571,663
NWO-1023,DC_SOUTH,2023-07-31,1375,435
NWO-1023,DC_SOUTH,2023-08-07,1615,442
NWO-1023,DC_SOUTH,2023-08-14,1168,456
NWO-1023,DC_SOUTH,2023-08-21,1254,609
NWO-1023,DC_SOUTH,2023-08-28,1536,483
NWO-1023,DC_SOUTH,2023-09-04,1544,456
NWO-1023,DC_SOUTH,2023-09-11,1154,524
NWO-1023,DC_SOUTH,2023-09-18,1213,576
NWO-1023,DC_SOUTH,2023-09-25,1394,545
NWO-1023,DC_SOUTH,2023-10-02,1991,406
NWO-1023,DC_SOUTH,2023-10-09,1261,450
NWO-1023,DC_SOUTH,2023-10-16,1386,543
NWO-1023,DC_SOUTH,2023-10-23,1606,577
NWO-1023,DC_SOUTH,2023-10-30,1983,766
NWO-1023,DC_SOUTH,2023-11-06,1522,679
NWO-1023,DC_SOUTH,2023-11-13,1486,578
NWO-1023,DC_SOUTH,2023-11-20,1859,746
NWO-1023,DC_SOUTH,2023-11-27,2666,629
NWO-1023,DC_SOUTH,2023-12-04,2121,689
NWO-1023,DC_SOUTH,2023-12-11,1948,882
NWO-1023,DC_SOUTH,2023-12-18,1977,772
NWO-1023,DC_SOUTH,2023-12-25,1545,313
NWO-1023,DC_SOUTH,2024-01-01,952,388
NWO-1023,DC_SOUTH,2024-01-08,1218,364
NWO-1023,DC_SOUTH,2024-01-15,1124,277
NWO-1023,DC_SOUTH,2024-01-22,999,456
NWO-1023,DC_SOUTH,2024-01-29,1328,498
NWO-1023,DC_SOUTH,2024-02-05,1271,415
NWO-1023,DC_SOUTH,2024-02-12,1024,330
NWO-1023,DC_SOUTH,2024-02-19,1249,403
NWO-1023,DC_SOUTH,2024-02-26,1252,416
NWO-1023,DC_SOUTH,2024-03-04,1056,545
NWO-1023,DC_SOUTH,2024-03-11,1374,422
NWO-1023,DC_SOUTH,2024-03-18,955,412
NWO-1023,DC_SOUTH,2024-03-25,1240,547
NWO-1023,DC_SOUTH,2024-04-01,991,622
NWO-1023,DC_SOUTH,2024-04-08,1071,485
NWO-1023,DC_SOUTH,2024-04-15,920,484
NWO-1023,DC_SOUTH,2024-04-22,1397,388
NWO-1023,DC_SOUTH,2024-04-29,1532,471
NWO-1023,DC_SOUTH,2024-05-06,1085,503
NWO-1023,DC_SOUTH,2024-05-13,1176,529
NWO-1023,DC_SOUTH,2024-05-20,1487,418
NWO-1023,DC_SOUTH,2024-05-27,1427,394
NWO-1023,DC_SOUTH,2024-06-03,1084,541
NWO-1023,DC_SOUTH,2024-06-10,1182,485
NWO-1023,DC_SOUTH,2024-06-17,1030,524
NWO-1023,DC_SOUTH,2024-06-24,1663,548
NWO-1023,DC_SOUTH,2024-07-01,1834,502
NWO-1023,DC_SOUTH,2024-07-08,2088,527
NWO-1023,DC_SOUTH,2024-07-15,1705,484
NWO-1023,DC_SOUTH,2024-07-22,1915,415
NWO-1023,DC_SOUTH,2024-07-29,1780,613
NWO-1023,DC_SOUTH,2024-08-05,1548,413
NWO-1023,DC_SOUTH,2024-08-12,1542,438
NWO-1023,DC_SOUTH,2024-08-19,1341,394
NWO-1023,DC_SOUTH,2024-08-26,1259,534
NWO-1023,DC_SOUTH,2024-09-02,1256,523
NWO-1023,DC_SOUTH,2024-09-09,908,491
NWO-1023,DC_SOUTH,2024-09-16,1063,415
NWO-1023,DC_SOUTH,2024-09-23,1349,448
NWO-1023,DC_SOUTH,2024-09-30,1188,549
NWO-1023,DC_SOUTH,2024-10-07,1134,557
NWO-1023,DC_SOUTH,2024-10-14,2251,546
NWO-1023,DC_SOUTH,2024-10-21,1705,443
NWO-1023,DC_SOUTH,2024-10-28,1407,823
NWO-1023,DC_SOUTH,2024-11-04,1642,989
NWO-1023,DC_SOUTH,2024-11-11,2044,626
NWO-1023,DC_SOUTH,2024-11-18,1883,743
NWO-1023,DC_SOUTH,2024-11-25,1823,836
NWO-1023,DC_SOUTH,2024-12-02,1623,576
NWO-1023,DC_SOUTH,2024-12-09,1489,691
NWO-1023,DC_SOUTH,2024-12-16,1526,629
NWO-1023,DC_SOUTH,2024-12-23,2292,828
NWO-1023,DC_SOUTH,2024-12-30,2065,418
NWO-1023,DC_SOUTH,2025-01-06,1045,441
NWO-1023,DC_SOUTH,2025-01-13,1119,434
NWO-1023,DC_SOUTH,2025-01-20,1229,328
NWO-1023,DC_SOUTH,2025-01-27,1085,306
NWO-1023,DC_SOUTH,2025-02-03,1093,482
NWO-1023,DC_SOUTH,2025-02-10,1045,365
NWO-1023,DC_SOUTH,2025-02-17,1223,303
NWO-1023,DC_SOUTH,2025-02-24,991,438
NWO-1023,DC_SOUTH,2025-03-03,1204,438
NWO-1023,DC_SOUTH,2025-03-10,1142,338
NWO-1023,DC_SOUTH,2025-03-17,1115,372
NWO-1023,DC_SOUTH,2025-03-24,857,581
NWO-1023,DC_SOUTH,2025-03-31,1224,485
NWO-1023,DC_SOUTH,2025-04-07,1342,512
NWO-1023,DC_SOUTH,2025-04-14,1107,547
NWO-1023,DC_SOUTH,2025-04-21,1248,517
NWO-1023,DC_SOUTH,2025-04-28,1771,525
NWO-1023,DC_SOUTH,2025-05-05,1664,511
NWO-1023,DC_SOUTH,2025-05-12,1566,445
NWO-1023,DC_SOUTH,2025-05-19,1342,487
NWO-1023,DC_SOUTH,2025-05-26,897,443
NWO-1023,DC_SOUTH,2025-06-02,1503,425
NWO-1023,DC_SOUTH,2025-06-09,1581,444
NWO-1023,DC_SOUTH,2025-06-16,1504,551
NWO-1023,DC_SOUTH,2025-06-23,1322,489
NWO-1023,DC_SOUTH,2025-06-30,1275,472
NWO-1023,DC_SOUTH,2025-07-07,1179,601
NWO-1023,DC_SOUTH,2025-07-14,1284,568
NWO-1023,DC_SOUTH,2025-07-21,1516,547
NWO-1023,DC_SOUTH,2025-07-28,1484,577
NWO-1023,DC_SOUTH,2025-08-04,1294,583
NWO-1023,DC_SOUTH,2025-08-11,1291,489
NWO-1023,DC_SOUTH,2025-08-18,1540,501
NWO-1023,DC_SOUTH,2025-08-25,1188,461
NWO-1023,DC_SOUTH,2025-09-01,972,601
NWO-1023,DC_SOUTH,2025-09-08,1588,546
NWO-1023,DC_SOUTH,2025-09-15,1335,436
NWO-1023,DC_SOUTH,2025-09-22,1009,543
NWO-1023,DC_SOUTH,2025-09-29,1372,538
NWO-1023,DC_SOUTH,2025-10-06,1469,486
NWO-1023,DC_SOUTH,2025-10-13,1524,716
NWO-1023,DC_SOUTH,2025-10-20,1257,349
NWO-1023,DC_SOUTH,2025-10-27,985,647
NWO-1023,DC_SOUTH,2025-11-03,2231,680
NWO-1023,DC_SOUTH,2025-11-10,2096,702
NWO-1023,DC_SOUTH,2025-11-17,2094,916
NWO-1023,DC_SOUTH,2025-11-24,2777,637
NWO-1023,DC_SOUTH,2025-12-01,1736,724
NWO-1023,DC_SOUTH,2025-12-08,2204,982
NWO-1023,DC_SOUTH,2025-12-15,2869,1141
NWO-1023,DC_SOUTH,2025-12-22,3036,749
NWO-1023,DC_SOUTH,2025-12-29,2339,428
NWO-1023,DC_SOUTH,2026-01-05,1304,318
NWO-1023,DC_SOUTH,2026-01-12,736,304
NWO-1023,DC_SOUTH,2026-01-19,1008,468
NWO-1023,DC_SOUTH,2026-01-26,1435,412
NWO-1023,DC_SOUTH,2026-02-02,1229,403
NWO-1023,DC_SOUTH,2026-02-09,1238,280
NWO-1023,DC_SOUTH,2026-02-16,1169,449
NWO-1023,DC_SOUTH,2026-02-23,1078,486
NWO-1023,DC_SOUTH,2026-03-02,1659,448
NWO-1023,DC_SOUTH,2026-03-09,966,362
NWO-1023,DC_SOUTH,2026-03-16,1260,609
NWO-1023,DC_SOUTH,2026-03-23,1608,493
NWO-1023,DC_SOUTH,2026-03-30,1142,384
NWO-1023,DC_SOUTH,2026-04-06,1222,441
NWO-1023,DC_SOUTH,2026-04-13,1396,606
NWO-1023,DC_SOUTH,2026-04-20,1243,616
NWO-1023,DC_SOUTH,2026-04-27,1415,485
NWO-1023,DC_SOUTH,2026-05-04,1730,467
NWO-1023,DC_SOUTH,2026-05-11,945,574
NWO-1023,DC_SOUTH,2026-05-18,1598,583
NWO-1023,DC_SOUTH,2026-05-25,1051,580
NWO-1023,DC_SOUTH,2026-06-01,1320,596
NWO-1023,DC_WEST,2023-06-05,977,390
NWO-1023,DC_WEST,2023-06-12,1026,335
NWO-1023,DC_WEST,2023-06-19,1276,414
NWO-1023,DC_WEST,2023-06-26,1195,504
NWO-1023,DC_WEST,2023-07-03,1113,336
NWO-1023,DC_WEST,2023-07-10,1212,335
NWO-1023,DC_WEST,2023-07-17,1103,355
NWO-1023,DC_WEST,2023-07-24,1073,376
NWO-1023,DC_WEST,2023-07-31,1129,437
NWO-1023,DC_WEST,2023-08-07,918,314
NWO-1023,DC_WEST,2023-08-14,1041,447
NWO-1023,DC_WEST,2023-08-21,1166,452
NWO-1023,DC_WEST,2023-08-28,1370,345
NWO-1023,DC_WEST,2023-09-04,1245,417
NWO-1023,DC_WEST,2023-09-11,1236,439
NWO-1023,DC_WEST,2023-09-18,1077,347
NWO-1023,DC_WEST,2023-09-25,1264,325
NWO-1023,DC_WEST,2023-10-02,867,393
NWO-1023,DC_WEST,2023-10-09,1144,417
NWO-1023,DC_WEST,2023-10-16,1240,339
NWO-1023,DC_WEST,2023-10-23,1328,326
NWO-1023,DC_WEST,2023-10-30,831,589
NWO-1023,DC_WEST,2023-11-06,1800,409
NWO-1023,DC_WEST,2023-11-13,1054,508
NWO-1023,DC_WEST,2023-11-20,1469,540
NWO-1023,DC_WEST,2023-11-27,1776,583
NWO-1023,DC_WEST,2023-12-04,1784,755
NWO-1023,DC_WEST,2023-12-11,1407,563
NWO-1023,DC_WEST,2023-12-18,1891,464
NWO-1023,DC_WEST,2023-12-25,1612,272
NWO-1023,DC_WEST,2024-01-01,659,260
NWO-1023,DC_WEST,2024-01-08,798,307
NWO-1023,DC_WEST,2024-01-15,818,249
NWO-1023,DC_WEST,2024-01-22,741,278
NWO-1023,DC_WEST,2024-01-29,563,325
NWO-1023,DC_WEST,2024-02-05,914,203
NWO-1023,DC_WEST,2024-02-12,491,334
NWO-1023,DC_WEST,2024-02-19,1008,282
NWO-1023,DC_WEST,2024-02-26,986,315
NWO-1023,DC_WEST,2024-03-04,1068,401
NWO-1023,DC_WEST,2024-03-11,955,287
NWO-1023,DC_WEST,2024-03-18,942,295
NWO-1023,DC_WEST,2024-03-25,687,433
NWO-1023,DC_WEST,2024-04-01,861,368
NWO-1023,DC_WEST,2024-04-08,985,422
NWO-1023,DC_WEST,2024-04-15,1043,365
NWO-1023,DC_WEST,2024-04-22,1091,391
NWO-1023,DC_WEST,2024-04-29,727,388
NWO-1023,DC_WEST,2024-05-06,796,323
NWO-1023,DC_WEST,2024-05-13,1161,360
NWO-1023,DC_WEST,2024-05-20,933,321
NWO-1023,DC_WEST,2024-05-27,843,464
NWO-1023,DC_WEST,2024-06-03,1297,379
NWO-1023,DC_WEST,2024-06-10,1318,513
NWO-1023,DC_WEST,2024-06-17,1161,507
NWO-1023,DC_WEST,2024-06-24,1166,490
NWO-1023,DC_WEST,2024-07-01,1346,381
NWO-1023,DC_WEST,2024-07-08,960,292
NWO-1023,DC_WEST,2024-07-15,724,482
NWO-1023,DC_WEST,2024-07-22,1585,412
NWO-1023,DC_WEST,2024-07-29,1241,347
NWO-1023,DC_WEST,2024-08-05,1051,340
NWO-1023,DC_WEST,2024-08-12,897,362
NWO-1023,DC_WEST,2024-08-19,1129,489
NWO-1023,DC_WEST,2024-08-26,956,309
NWO-1023,DC_WEST,2024-09-02,1096,288
NWO-1023,DC_WEST,2024-09-09,922,353
NWO-1023,DC_WEST,2024-09-16,1226,301
NWO-1023,DC_WEST,2024-09-23,824,404
NWO-1023,DC_WEST,2024-09-30,842,264
NWO-1023,DC_WEST,2024-10-07,1047,471
NWO-1023,DC_WEST,2024-10-14,1280,385
NWO-1023,DC_WEST,2024-10-21,849,399
NWO-1023,DC_WEST,2024-10-28,1019,496
NWO-1023,DC_WEST,2024-11-04,1381,700
NWO-1023,DC_WEST,2024-11-11,1391,596
NWO-1023,DC_WEST,2024-11-18,1222,690
NWO-1023,DC_WEST,2024-11-25,1543,526
NWO-1023,DC_WEST,2024-12-02,1741,502
NWO-1023,DC_WEST,2024-12-09,1453,497
NWO-1023,DC_WEST,2024-12-16,1661,670
NWO-1023,DC_WEST,2024-12-23,1518,572
NWO-1023,DC_WEST,2024-12-30,1739,228
NWO-1023,DC_WEST,2025-01-06,915,276
NWO-1023,DC_WEST,2025-01-13,741,328
NWO-1023,DC_WEST,2025-01-20,992,315
NWO-1023,DC_WEST,2025-01-27,1070,354
NWO-1023,DC_WEST,2025-02-03,910,340
NWO-1023,DC_WEST,2025-02-10,721,342
NWO-1023,DC_WEST,2025-02-17,712,348
NWO-1023,DC_WEST,2025-02-24,946,302
NWO-1023,DC_WEST,2025-03-03,1109,277
NWO-1023,DC_WEST,2025-03-10,781,356
NWO-1023,DC_WEST,2025-03-17,1172,279
NWO-1023,DC_WEST,2025-03-24,586,330
NWO-1023,DC_WEST,2025-03-31,1031,393
NWO-1023,DC_WEST,2025-04-07,736,351
NWO-1023,DC_WEST,2025-04-14,974,342
NWO-1023,DC_WEST,2025-04-21,1136,350
NWO-1023,DC_WEST,2025-04-28,808,368
NWO-1023,DC_WEST,2025-05-05,1097,361
NWO-1023,DC_WEST,2025-05-12,1161,337
NWO-1023,DC_WEST,2025-05-19,801,428
NWO-1023,DC_WEST,2025-05-26,1061,380
NWO-1023,DC_WEST,2025-06-02,861,344
NWO-1023,DC_WEST,2025-06-09,1038,304
NWO-1023,DC_WEST,2025-06-16,1030,449
NWO-1023,DC_WEST,2025-06-23,1299,369
NWO-1023,DC_WEST,2025-06-30,917,405
NWO-1023,DC_WEST,2025-07-07,824,491
NWO-1023,DC_WEST,2025-07-14,1431,501
NWO-1023,DC_WEST,2025-07-21,1282,312
NWO-1023,DC_WEST,2025-07-28,1079,402
NWO-1023,DC_WEST,2025-08-04,836,391
NWO-1023,DC_WEST,2025-08-11,929,441
NWO-1023,DC_WEST,2025-08-18,1008,446
NWO-1023,DC_WEST,2025-08-25,824,294
NWO-1023,DC_WEST,2025-09-01,909,335
NWO-1023,DC_WEST,2025-09-08,856,258
NWO-1023,DC_WEST,2025-09-15,840,413
NWO-1023,DC_WEST,2025-09-22,1179,383
NWO-1023,DC_WEST,2025-09-29,1248,458
NWO-1023,DC_WEST,2025-10-06,974,411
NWO-1023,DC_WEST,2025-10-13,1094,317
NWO-1023,DC_WEST,2025-10-20,796,440
NWO-1023,DC_WEST,2025-10-27,1193,438
NWO-1023,DC_WEST,2025-11-03,1644,443
NWO-1023,DC_WEST,2025-11-10,1557,451
NWO-1023,DC_WEST,2025-11-17,1224,438
NWO-1023,DC_WEST,2025-11-24,1561,599
NWO-1023,DC_WEST,2025-12-01,1614,539
NWO-1023,DC_WEST,2025-12-08,1555,559
NWO-1023,DC_WEST,2025-12-15,1783,566
NWO-1023,DC_WEST,2025-12-22,1514,540
NWO-1023,DC_WEST,2025-12-29,1360,284
NWO-1023,DC_WEST,2026-01-05,612,202
NWO-1023,DC_WEST,2026-01-12,533,214
NWO-1023,DC_WEST,2026-01-19,762,245
NWO-1023,DC_WEST,2026-01-26,652,212
NWO-1023,DC_WEST,2026-02-02,746,228
NWO-1023,DC_WEST,2026-02-09,711,307
NWO-1023,DC_WEST,2026-02-16,777,280
NWO-1023,DC_WEST,2026-02-23,949,282
NWO-1023,DC_WEST,2026-03-02,971,352
NWO-1023,DC_WEST,2026-03-09,686,330
NWO-1023,DC_WEST,2026-03-16,1099,364
NWO-1023,DC_WEST,2026-03-23,1146,310
NWO-1023,DC_WEST,2026-03-30,798,369
NWO-1023,DC_WEST,2026-04-06,703,371
NWO-1023,DC_WEST,2026-04-13,911,383
NWO-1023,DC_WEST,2026-04-20,669,411
NWO-1023,DC_WEST,2026-04-27,982,390
NWO-1023,DC_WEST,2026-05-04,1021,409
NWO-1023,DC_WEST,2026-05-11,1086,438
NWO-1023,DC_WEST,2026-05-18,995,312
NWO-1023,DC_WEST,2026-05-25,868,465
NWO-1023,DC_WEST,2026-06-01,1111,409
NWO-1024,DC_NORTH,2023-06-05,379,192
NWO-1024,DC_NORTH,2023-06-12,365,151
NWO-1024,DC_NORTH,2023-06-19,436,171
NWO-1024,DC_NORTH,2023-06-26,421,163
NWO-1024,DC_NORTH,2023-07-03,380,135
NWO-1024,DC_NORTH,2023-07-10,478,147
NWO-1024,DC_NORTH,2023-07-17,279,123
NWO-1024,DC_NORTH,2023-07-24,452,171
NWO-1024,DC_NORTH,2023-07-31,492,148
NWO-1024,DC_NORTH,2023-08-07,482,123
NWO-1024,DC_NORTH,2023-08-14,427,167
NWO-1024,DC_NORTH,2023-08-21,352,150
NWO-1024,DC_NORTH,2023-08-28,429,130
NWO-1024,DC_NORTH,2023-09-04,498,79
NWO-1024,DC_NORTH,2023-09-11,279,117
NWO-1024,DC_NORTH,2023-09-18,351,125
NWO-1024,DC_NORTH,2023-09-25,425,135
NWO-1024,DC_NORTH,2023-10-02,357,143
NWO-1024,DC_NORTH,2023-10-09,423,139
NWO-1024,DC_NORTH,2023-10-16,435,115
NWO-1024,DC_NORTH,2023-10-23,263,138
NWO-1024,DC_NORTH,2023-10-30,352,204
NWO-1024,DC_NORTH,2023-11-06,598,257
NWO-1024,DC_NORTH,2023-11-13,735,228
NWO-1024,DC_NORTH,2023-11-20,572,191
NWO-1024,DC_NORTH,2023-11-27,478,233
NWO-1024,DC_NORTH,2023-12-04,632,182
NWO-1024,DC_NORTH,2023-12-11,683,167
NWO-1024,DC_NORTH,2023-12-18,426,205
NWO-1024,DC_NORTH,2023-12-25,430,87
NWO-1024,DC_NORTH,2024-01-01,276,119
NWO-1024,DC_NORTH,2024-01-08,242,92
NWO-1024,DC_NORTH,2024-01-15,279,73
NWO-1024,DC_NORTH,2024-01-22,215,125
NWO-1024,DC_NORTH,2024-01-29,318,118
NWO-1024,DC_NORTH,2024-02-05,368,94
NWO-1024,DC_NORTH,2024-02-12,269,91
NWO-1024,DC_NORTH,2024-02-19,349,185
NWO-1024,DC_NORTH,2024-02-26,464,143
NWO-1024,DC_NORTH,2024-03-04,418,115
NWO-1024,DC_NORTH,2024-03-11,388,142
NWO-1024,DC_NORTH,2024-03-18,509,141
NWO-1024,DC_NORTH,2024-03-25,377,166
NWO-1024,DC_NORTH,2024-04-01,432,138
NWO-1024,DC_NORTH,2024-04-08,377,89
NWO-1024,DC_NORTH,2024-04-15,248,120
NWO-1024,DC_NORTH,2024-04-22,370,140
NWO-1024,DC_NORTH,2024-04-29,448,114
NWO-1024,DC_NORTH,2024-05-06,382,146
NWO-1024,DC_NORTH,2024-05-13,359,132
NWO-1024,DC_NORTH,2024-05-20,443,155
NWO-1024,DC_NORTH,2024-05-27,449,176
NWO-1024,DC_NORTH,2024-06-03,395,167
NWO-1024,DC_NORTH,2024-06-10,450,147
NWO-1024,DC_NORTH,2024-06-17,445,134
NWO-1024,DC_NORTH,2024-06-24,331,93
NWO-1024,DC_NORTH,2024-07-01,356,121
NWO-1024,DC_NORTH,2024-07-08,425,140
NWO-1024,DC_NORTH,2024-07-15,277,180
NWO-1024,DC_NORTH,2024-07-22,384,157
NWO-1024,DC_NORTH,2024-07-29,516,178
NWO-1024,DC_NORTH,2024-08-05,496,148
NWO-1024,DC_NORTH,2024-08-12,435,170
NWO-1024,DC_NORTH,2024-08-19,471,215
NWO-1024,DC_NORTH,2024-08-26,501,135
NWO-1024,DC_NORTH,2024-09-02,426,140
NWO-1024,DC_NORTH,2024-09-09,349,103
NWO-1024,DC_NORTH,2024-09-16,281,183
NWO-1024,DC_NORTH,2024-09-23,329,152
NWO-1024,DC_NORTH,2024-09-30,492,100
NWO-1024,DC_NORTH,2024-10-07,321,146
NWO-1024,DC_NORTH,2024-10-14,402,180
NWO-1024,DC_NORTH,2024-10-21,335,168
NWO-1024,DC_NORTH,2024-10-28,362,198
NWO-1024,DC_NORTH,2024-11-04,383,142
NWO-1024,DC_NORTH,2024-11-11,319,248
NWO-1024,DC_NORTH,2024-11-18,595,280
NWO-1024,DC_NORTH,2024-11-25,506,241
NWO-1024,DC_NORTH,2024-12-02,798,188
NWO-1024,DC_NORTH,2024-12-09,524,270
NWO-1024,DC_NORTH,2024-12-16,896,151
NWO-1024,DC_NORTH,2024-12-23,426,272
NWO-1024,DC_NORTH,2024-12-30,995,97
NWO-1024,DC_NORTH,2025-01-06,246,126
NWO-1024,DC_NORTH,2025-01-13,269,106
NWO-1024,DC_NORTH,2025-01-20,234,151
NWO-1024,DC_NORTH,2025-01-27,264,122
NWO-1024,DC_NORTH,2025-02-03,423,163
NWO-1024,DC_NORTH,2025-02-10,534,129
NWO-1024,DC_NORTH,2025-02-17,403,101
NWO-1024,DC_NORTH,2025-02-24,355,147
NWO-1024,DC_NORTH,2025-03-03,349,147
NWO-1024,DC_NORTH,2025-03-10,314,143
NWO-1024,DC_NORTH,2025-03-17,458,114
NWO-1024,DC_NORTH,2025-03-24,344,195
NWO-1024,DC_NORTH,2025-03-31,589,157
NWO-1024,DC_NORTH,2025-04-07,386,153
NWO-1024,DC_NORTH,2025-04-14,366,162
NWO-1024,DC_NORTH,2025-04-21,318,163
NWO-1024,DC_NORTH,2025-04-28,485,131
NWO-1024,DC_NORTH,2025-05-05,414,167
NWO-1024,DC_NORTH,2025-05-12,570,172
NWO-1024,DC_NORTH,2025-05-19,492,212
NWO-1024,DC_NORTH,2025-05-26,377,173
NWO-1024,DC_NORTH,2025-06-02,561,201
NWO-1024,DC_NORTH,2025-06-09,455,237
NWO-1024,DC_NORTH,2025-06-16,683,219
NWO-1024,DC_NORTH,2025-06-23,610,176
NWO-1024,DC_NORTH,2025-06-30,653,175
NWO-1024,DC_NORTH,2025-07-07,440,220
NWO-1024,DC_NORTH,2025-07-14,415,241
NWO-1024,DC_NORTH,2025-07-21,480,175
NWO-1024,DC_NORTH,2025-07-28,437,178
NWO-1024,DC_NORTH,2025-08-04,465,165
NWO-1024,DC_NORTH,2025-08-11,504,215
NWO-1024,DC_NORTH,2025-08-18,530,160
NWO-1024,DC_NORTH,2025-08-25,466,138
NWO-1024,DC_NORTH,2025-09-01,554,148
NWO-1024,DC_NORTH,2025-09-08,490,158
NWO-1024,DC_NORTH,2025-09-15,479,136
NWO-1024,DC_NORTH,2025-09-22,486,164
NWO-1024,DC_NORTH,2025-09-29,401,179
NWO-1024,DC_NORTH,2025-10-06,652,203
NWO-1024,DC_NORTH,2025-10-13,521,171
NWO-1024,DC_NORTH,2025-10-20,497,161
NWO-1024,DC_NORTH,2025-10-27,564,232
NWO-1024,DC_NORTH,2025-11-03,765,256
NWO-1024,DC_NORTH,2025-11-10,737,167
NWO-1024,DC_NORTH,2025-11-17,556,251
NWO-1024,DC_NORTH,2025-11-24,542,298
NWO-1024,DC_NORTH,2025-12-01,919,194
NWO-1024,DC_NORTH,2025-12-08,652,230
NWO-1024,DC_NORTH,2025-12-15,781,205
NWO-1024,DC_NORTH,2025-12-22,560,232
NWO-1024,DC_NORTH,2025-12-29,618,112
NWO-1024,DC_NORTH,2026-01-05,270,173
NWO-1024,DC_NORTH,2026-01-12,366,130
NWO-1024,DC_NORTH,2026-01-19,471,168
NWO-1024,DC_NORTH,2026-01-26,480,185
NWO-1024,DC_NORTH,2026-02-02,399,144
NWO-1024,DC_NORTH,2026-02-09,405,132
NWO-1024,DC_NORTH,2026-02-16,247,166
NWO-1024,DC_NORTH,2026-02-23,392,212
NWO-1024,DC_NORTH,2026-03-02,620,169
NWO-1024,DC_NORTH,2026-03-09,437,216
NWO-1024,DC_NORTH,2026-03-16,528,138
NWO-1024,DC_NORTH,2026-03-23,278,128
NWO-1024,DC_NORTH,2026-03-30,467,156
NWO-1024,DC_NORTH,2026-04-06,452,178
NWO-1024,DC_NORTH,2026-04-13,489,196
NWO-1024,DC_NORTH,2026-04-20,530,191
NWO-1024,DC_NORTH,2026-04-27,612,134
NWO-1024,DC_NORTH,2026-05-04,487,174
NWO-1024,DC_NORTH,2026-05-11,301,167
NWO-1024,DC_NORTH,2026-05-18,398,148
NWO-1024,DC_NORTH,2026-05-25,498,167
NWO-1024,DC_NORTH,2026-06-01,408,202
NWO-1024,DC_SOUTH,2023-06-05,1014,391
NWO-1024,DC_SOUTH,2023-06-12,989,305
NWO-1024,DC_SOUTH,2023-06-19,1153,342
NWO-1024,DC_SOUTH,2023-06-26,974,619
NWO-1024,DC_SOUTH,2023-07-03,1730,430
NWO-1024,DC_SOUTH,2023-07-10,1060,395
NWO-1024,DC_SOUTH,2023-07-17,1208,354
NWO-1024,DC_SOUTH,2023-07-24,1274,531
NWO-1024,DC_SOUTH,2023-07-31,1410,536
NWO-1024,DC_SOUTH,2023-08-07,1857,430
NWO-1024,DC_SOUTH,2023-08-14,1498,394
NWO-1024,DC_SOUTH,2023-08-21,929,373
NWO-1024,DC_SOUTH,2023-08-28,937,323
NWO-1024,DC_SOUTH,2023-09-04,799,312
NWO-1024,DC_SOUTH,2023-09-11,573,326
NWO-1024,DC_SOUTH,2023-09-18,962,348
NWO-1024,DC_SOUTH,2023-09-25,846,229
NWO-1024,DC_SOUTH,2023-10-02,804,308
NWO-1024,DC_SOUTH,2023-10-09,987,439
NWO-1024,DC_SOUTH,2023-10-16,928,355
NWO-1024,DC_SOUTH,2023-10-23,825,383
NWO-1024,DC_SOUTH,2023-10-30,990,451
NWO-1024,DC_SOUTH,2023-11-06,1089,525
NWO-1024,DC_SOUTH,2023-11-13,1730,484
NWO-1024,DC_SOUTH,2023-11-20,1414,568
NWO-1024,DC_SOUTH,2023-11-27,1150,469
NWO-1024,DC_SOUTH,2023-12-04,1104,681
NWO-1024,DC_SOUTH,2023-12-11,1615,493
NWO-1024,DC_SOUTH,2023-12-18,1157,462
NWO-1024,DC_SOUTH,2023-12-25,1581,304
NWO-1024,DC_SOUTH,2024-01-01,766,285
NWO-1024,DC_SOUTH,2024-01-08,562,247
NWO-1024,DC_SOUTH,2024-01-15,681,316
NWO-1024,DC_SOUTH,2024-01-22,792,298
NWO-1024,DC_SOUTH,2024-01-29,929,191
NWO-1024,DC_SOUTH,2024-02-05,629,290
NWO-1024,DC_SOUTH,2024-02-12,603,372
NWO-1024,DC_SOUTH,2024-02-19,1036,351
NWO-1024,DC_SOUTH,2024-02-26,791,369
NWO-1024,DC_SOUTH,2024-03-04,1129,511
NWO-1024,DC_SOUTH,2024-03-11,1249,267
NWO-1024,DC_SOUTH,2024-03-18,725,305
NWO-1024,DC_SOUTH,2024-03-25,959,519
NWO-1024,DC_SOUTH,2024-04-01,1332,304
NWO-1024,DC_SOUTH,2024-04-08,1003,307
NWO-1024,DC_SOUTH,2024-04-15,928,414
NWO-1024,DC_SOUTH,2024-04-22,838,435
NWO-1024,DC_SOUTH,2024-04-29,904,547
NWO-1024,DC_SOUTH,2024-05-06,1194,638
NWO-1024,DC_SOUTH,2024-05-13,1532,287
NWO-1024,DC_SOUTH,2024-05-20,1043,409
NWO-1024,DC_SOUTH,2024-05-27,818,530
NWO-1024,DC_SOUTH,2024-06-03,1017,303
NWO-1024,DC_SOUTH,2024-06-10,994,469
NWO-1024,DC_SOUTH,2024-06-17,1324,394
NWO-1024,DC_SOUTH,2024-06-24,1358,359
NWO-1024,DC_SOUTH,2024-07-01,1501,361
NWO-1024,DC_SOUTH,2024-07-08,913,435
NWO-1024,DC_SOUTH,2024-07-15,1272,326
NWO-1024,DC_SOUTH,2024-07-22,981,539
NWO-1024,DC_SOUTH,2024-07-29,1657,430
NWO-1024,DC_SOUTH,2024-08-05,1424,415
NWO-1024,DC_SOUTH,2024-08-12,1491,375
NWO-1024,DC_SOUTH,2024-08-19,1216,348
NWO-1024,DC_SOUTH,2024-08-26,1151,359
NWO-1024,DC_SOUTH,2024-09-02,988,360
NWO-1024,DC_SOUTH,2024-09-09,763,375
NWO-1024,DC_SOUTH,2024-09-16,946,387
NWO-1024,DC_SOUTH,2024-09-23,1117,437
NWO-1024,DC_SOUTH,2024-09-30,1112,481
NWO-1024,DC_SOUTH,2024-10-07,1594,275
NWO-1024,DC_SOUTH,2024-10-14,767,428
NWO-1024,DC_SOUTH,2024-10-21,1152,463
NWO-1024,DC_SOUTH,2024-10-28,1648,655
NWO-1024,DC_SOUTH,2024-11-04,1984,633
NWO-1024,DC_SOUTH,2024-11-11,1610,513
NWO-1024,DC_SOUTH,2024-11-18,1115,631
NWO-1024,DC_SOUTH,2024-11-25,1852,715
NWO-1024,DC_SOUTH,2024-12-02,1945,677
NWO-1024,DC_SOUTH,2024-12-09,1187,560
NWO-1024,DC_SOUTH,2024-12-16,1350,609
NWO-1024,DC_SOUTH,2024-12-23,1522,511
NWO-1024,DC_SOUTH,2024-12-30,1418,344
NWO-1024,DC_SOUTH,2025-01-06,1312,349
NWO-1024,DC_SOUTH,2025-01-13,950,364
NWO-1024,DC_SOUTH,2025-01-20,750,349
NWO-1024,DC_SOUTH,2025-01-27,1022,286
NWO-1024,DC_SOUTH,2025-02-03,844,426
NWO-1024,DC_SOUTH,2025-02-10,812,342
NWO-1024,DC_SOUTH,2025-02-17,881,272
NWO-1024,DC_SOUTH,2025-02-24,987,390
NWO-1024,DC_SOUTH,2025-03-03,1120,362
NWO-1024,DC_SOUTH,2025-03-10,1004,450
NWO-1024,DC_SOUTH,2025-03-17,1563,376
NWO-1024,DC_SOUTH,2025-03-24,831,436
NWO-1024,DC_SOUTH,2025-03-31,997,354
NWO-1024,DC_SOUTH,2025-04-07,1163,426
NWO-1024,DC_SOUTH,2025-04-14,1378,424
NWO-1024,DC_SOUTH,2025-04-21,917,438
NWO-1024,DC_SOUTH,2025-04-28,1097,471
NWO-1024,DC_SOUTH,2025-05-05,892,487
NWO-1024,DC_SOUTH,2025-05-12,1473,479
NWO-1024,DC_SOUTH,2025-05-19,1393,467
NWO-1024,DC_SOUTH,2025-05-26,1097,408
NWO-1024,DC_SOUTH,2025-06-02,1192,364
NWO-1024,DC_SOUTH,2025-06-09,1387,598
NWO-1024,DC_SOUTH,2025-06-16,1373,466
NWO-1024,DC_SOUTH,2025-06-23,1457,497
NWO-1024,DC_SOUTH,2025-06-30,1564,485
NWO-1024,DC_SOUTH,2025-07-07,1423,582
NWO-1024,DC_SOUTH,2025-07-14,1157,353
NWO-1024,DC_SOUTH,2025-07-21,923,424
NWO-1024,DC_SOUTH,2025-07-28,1476,519
NWO-1024,DC_SOUTH,2025-08-04,1502,459
NWO-1024,DC_SOUTH,2025-08-11,1089,564
NWO-1024,DC_SOUTH,2025-08-18,1207,570
NWO-1024,DC_SOUTH,2025-08-25,1768,396
NWO-1024,DC_SOUTH,2025-09-01,1324,487
NWO-1024,DC_SOUTH,2025-09-08,1120,469
NWO-1024,DC_SOUTH,2025-09-15,1330,421
NWO-1024,DC_SOUTH,2025-09-22,856,326
NWO-1024,DC_SOUTH,2025-09-29,951,412
NWO-1024,DC_SOUTH,2025-10-06,1449,457
NWO-1024,DC_SOUTH,2025-10-13,963,383
NWO-1024,DC_SOUTH,2025-10-20,863,482
NWO-1024,DC_SOUTH,2025-10-27,949,608
NWO-1024,DC_SOUTH,2025-11-03,1678,661
NWO-1024,DC_SOUTH,2025-11-10,1776,795
NWO-1024,DC_SOUTH,2025-11-17,1712,478
NWO-1024,DC_SOUTH,2025-11-24,1295,793
NWO-1024,DC_SOUTH,2025-12-01,1953,679
NWO-1024,DC_SOUTH,2025-12-08,2068,498
NWO-1024,DC_SOUTH,2025-12-15,1362,663
NWO-1024,DC_SOUTH,2025-12-22,1244,664
NWO-1024,DC_SOUTH,2025-12-29,1689,295
NWO-1024,DC_SOUTH,2026-01-05,812,291
NWO-1024,DC_SOUTH,2026-01-12,741,323
NWO-1024,DC_SOUTH,2026-01-19,1005,359
NWO-1024,DC_SOUTH,2026-01-26,957,364
NWO-1024,DC_SOUTH,2026-02-02,975,339
NWO-1024,DC_SOUTH,2026-02-09,911,351
NWO-1024,DC_SOUTH,2026-02-16,1031,486
NWO-1024,DC_SOUTH,2026-02-23,1494,557
NWO-1024,DC_SOUTH,2026-03-02,1490,514
NWO-1024,DC_SOUTH,2026-03-09,1516,512
NWO-1024,DC_SOUTH,2026-03-16,1357,368
NWO-1024,DC_SOUTH,2026-03-23,992,429
NWO-1024,DC_SOUTH,2026-03-30,1359,380
NWO-1024,DC_SOUTH,2026-04-06,889,413
NWO-1024,DC_SOUTH,2026-04-13,1119,557
NWO-1024,DC_SOUTH,2026-04-20,1666,401
NWO-1024,DC_SOUTH,2026-04-27,1495,585
NWO-1024,DC_SOUTH,2026-05-04,1218,492
NWO-1024,DC_SOUTH,2026-05-11,1234,521
NWO-1024,DC_SOUTH,2026-05-18,1400,462
NWO-1024,DC_SOUTH,2026-05-25,1445,360
NWO-1024,DC_SOUTH,2026-06-01,1023,439
NWO-1024,DC_WEST,2023-06-05,568,295
NWO-1024,DC_WEST,2023-06-12,728,318
NWO-1024,DC_WEST,2023-06-19,943,243
NWO-1024,DC_WEST,2023-06-26,570,261
NWO-1024,DC_WEST,2023-07-03,674,346
NWO-1024,DC_WEST,2023-07-10,794,304
NWO-1024,DC_WEST,2023-07-17,665,299
NWO-1024,DC_WEST,2023-07-24,945,367
NWO-1024,DC_WEST,2023-07-31,734,287
NWO-1024,DC_WEST,2023-08-07,976,231
NWO-1024,DC_WEST,2023-08-14,653,241
NWO-1024,DC_WEST,2023-08-21,653,323
NWO-1024,DC_WEST,2023-08-28,672,257
NWO-1024,DC_WEST,2023-09-04,820,283
NWO-1024,DC_WEST,2023-09-11,772,317
NWO-1024,DC_WEST,2023-09-18,782,189
NWO-1024,DC_WEST,2023-09-25,768,319
NWO-1024,DC_WEST,2023-10-02,750,224
NWO-1024,DC_WEST,2023-10-09,609,313
NWO-1024,DC_WEST,2023-10-16,712,235
NWO-1024,DC_WEST,2023-10-23,798,315
NWO-1024,DC_WEST,2023-10-30,610,472
NWO-1024,DC_WEST,2023-11-06,983,369
NWO-1024,DC_WEST,2023-11-13,901,447
NWO-1024,DC_WEST,2023-11-20,825,450
NWO-1024,DC_WEST,2023-11-27,817,371
NWO-1024,DC_WEST,2023-12-04,1239,342
NWO-1024,DC_WEST,2023-12-11,757,344
NWO-1024,DC_WEST,2023-12-18,771,416
NWO-1024,DC_WEST,2023-12-25,1019,229
NWO-1024,DC_WEST,2024-01-01,677,185
NWO-1024,DC_WEST,2024-01-08,579,222
NWO-1024,DC_WEST,2024-01-15,565,207
NWO-1024,DC_WEST,2024-01-22,496,207
NWO-1024,DC_WEST,2024-01-29,461,175
NWO-1024,DC_WEST,2024-02-05,382,201
NWO-1024,DC_WEST,2024-02-12,559,188
NWO-1024,DC_WEST,2024-02-19,729,258
NWO-1024,DC_WEST,2024-02-26,547,301
NWO-1024,DC_WEST,2024-03-04,628,264
NWO-1024,DC_WEST,2024-03-11,818,249
NWO-1024,DC_WEST,2024-03-18,710,289
NWO-1024,DC_WEST,2024-03-25,729,264
NWO-1024,DC_WEST,2024-04-01,503,292
NWO-1024,DC_WEST,2024-04-08,730,234
NWO-1024,DC_WEST,2024-04-15,861,267
NWO-1024,DC_WEST,2024-04-22,743,255
NWO-1024,DC_WEST,2024-04-29,835,255
NWO-1024,DC_WEST,2024-05-06,795,295
NWO-1024,DC_WEST,2024-05-13,753,298
NWO-1024,DC_WEST,2024-05-20,924,294
NWO-1024,DC_WEST,2024-05-27,620,367
NWO-1024,DC_WEST,2024-06-03,916,313
NWO-1024,DC_WEST,2024-06-10,976,238
NWO-1024,DC_WEST,2024-06-17,989,289
NWO-1024,DC_WEST,2024-06-24,574,361
NWO-1024,DC_WEST,2024-07-01,833,317
NWO-1024,DC_WEST,2024-07-08,754,251
NWO-1024,DC_WEST,2024-07-15,958,310
NWO-1024,DC_WEST,2024-07-22,803,333
NWO-1024,DC_WEST,2024-07-29,694,292
NWO-1024,DC_WEST,2024-08-05,889,342
NWO-1024,DC_WEST,2024-08-12,664,335
NWO-1024,DC_WEST,2024-08-19,1027,365
NWO-1024,DC_WEST,2024-08-26,1142,316
NWO-1024,DC_WEST,2024-09-02,771,239
NWO-1024,DC_WEST,2024-09-09,924,328
NWO-1024,DC_WEST,2024-09-16,579,275
NWO-1024,DC_WEST,2024-09-23,863,367
NWO-1024,DC_WEST,2024-09-30,926,252
NWO-1024,DC_WEST,2024-10-07,949,327
NWO-1024,DC_WEST,2024-10-14,1090,252
NWO-1024,DC_WEST,2024-10-21,958,235
NWO-1024,DC_WEST,2024-10-28,750,390
NWO-1024,DC_WEST,2024-11-04,1275,425
NWO-1024,DC_WEST,2024-11-11,1272,436
NWO-1024,DC_WEST,2024-11-18,1458,379
NWO-1024,DC_WEST,2024-11-25,869,465
NWO-1024,DC_WEST,2024-12-02,1204,334
NWO-1024,DC_WEST,2024-12-09,1125,520
NWO-1024,DC_WEST,2024-12-16,1819,479
NWO-1024,DC_WEST,2024-12-23,1267,433
NWO-1024,DC_WEST,2024-12-30,1203,244
NWO-1024,DC_WEST,2025-01-06,734,251
NWO-1024,DC_WEST,2025-01-13,806,311
NWO-1024,DC_WEST,2025-01-20,757,284
NWO-1024,DC_WEST,2025-01-27,800,244
NWO-1024,DC_WEST,2025-02-03,721,241
NWO-1024,DC_WEST,2025-02-10,593,231
NWO-1024,DC_WEST,2025-02-17,577,212
NWO-1024,DC_WEST,2025-02-24,768,279
NWO-1024,DC_WEST,2025-03-03,957,313
NWO-1024,DC_WEST,2025-03-10,918,294
NWO-1024,DC_WEST,2025-03-17,943,208
NWO-1024,DC_WEST,2025-03-24,695,264
NWO-1024,DC_WEST,2025-03-31,983,326
NWO-1024,DC_WEST,2025-04-07,1013,262
NWO-1024,DC_WEST,2025-04-14,603,353
NWO-1024,DC_WEST,2025-04-21,1094,280
NWO-1024,DC_WEST,2025-04-28,954,286
NWO-1024,DC_WEST,2025-05-05,859,323
NWO-1024,DC_WEST,2025-05-12,867,304
NWO-1024,DC_WEST,2025-05-19,885,283
NWO-1024,DC_WEST,2025-05-26,1064,326
NWO-1024,DC_WEST,2025-06-02,756,388
NWO-1024,DC_WEST,2025-06-09,1083,356
NWO-1024,DC_WEST,2025-06-16,1439,455
NWO-1024,DC_WEST,2025-06-23,945,375
NWO-1024,DC_WEST,2025-06-30,729,317
NWO-1024,DC_WEST,2025-07-07,1057,320
NWO-1024,DC_WEST,2025-07-14,1269,332
NWO-1024,DC_WEST,2025-07-21,1012,313
NWO-1024,DC_WEST,2025-07-28,1071,410
NWO-1024,DC_WEST,2025-08-04,1155,408
NWO-1024,DC_WEST,2025-08-11,1289,371
NWO-1024,DC_WEST,2025-08-18,993,317
NWO-1024,DC_WEST,2025-08-25,844,300
NWO-1024,DC_WEST,2025-09-01,671,344
NWO-1024,DC_WEST,2025-09-08,840,321
NWO-1024,DC_WEST,2025-09-15,760,312
NWO-1024,DC_WEST,2025-09-22,570,378
NWO-1024,DC_WEST,2025-09-29,1026,352
NWO-1024,DC_WEST,2025-10-06,904,377
NWO-1024,DC_WEST,2025-10-13,1044,268
NWO-1024,DC_WEST,2025-10-20,892,329
NWO-1024,DC_WEST,2025-10-27,916,477
NWO-1024,DC_WEST,2025-11-03,1305,581
NWO-1024,DC_WEST,2025-11-10,1330,387
NWO-1024,DC_WEST,2025-11-17,1187,532
NWO-1024,DC_WEST,2025-11-24,1350,404
NWO-1024,DC_WEST,2025-12-01,1604,395
NWO-1024,DC_WEST,2025-12-08,1014,622
NWO-1024,DC_WEST,2025-12-15,1271,412
NWO-1024,DC_WEST,2025-12-22,977,466
NWO-1024,DC_WEST,2025-12-29,1644,244
NWO-1024,DC_WEST,2026-01-05,792,309
NWO-1024,DC_WEST,2026-01-12,891,170
NWO-1024,DC_WEST,2026-01-19,547,294
NWO-1024,DC_WEST,2026-01-26,724,215
NWO-1024,DC_WEST,2026-02-02,875,253
NWO-1024,DC_WEST,2026-02-09,818,311
NWO-1024,DC_WEST,2026-02-16,613,283
NWO-1024,DC_WEST,2026-02-23,535,321
NWO-1024,DC_WEST,2026-03-02,829,314
NWO-1024,DC_WEST,2026-03-09,616,385
NWO-1024,DC_WEST,2026-03-16,705,394
NWO-1024,DC_WEST,2026-03-23,858,362
NWO-1024,DC_WEST,2026-03-30,964,390
NWO-1024,DC_WEST,2026-04-06,795,270
NWO-1024,DC_WEST,2026-04-13,1049,407
NWO-1024,DC_WEST,2026-04-20,842,349
NWO-1024,DC_WEST,2026-04-27,1103,266
NWO-1024,DC_WEST,2026-05-04,832,473
NWO-1024,DC_WEST,2026-05-11,1251,352
NWO-1024,DC_WEST,2026-05-18,898,264
NWO-1024,DC_WEST,2026-05-25,821,313
NWO-1024,DC_WEST,2026-06-01,955,367
NWO-1025,DC_NORTH,2025-07-07,45,23
NWO-1025,DC_NORTH,2025-07-14,61,27
NWO-1025,DC_NORTH,2025-07-21,96,50
NWO-1025,DC_NORTH,2025-07-28,113,74
NWO-1025,DC_NORTH,2025-08-04,234,87
NWO-1025,DC_NORTH,2025-08-11,315,90
NWO-1025,DC_NORTH,2025-08-18,214,90
NWO-1025,DC_NORTH,2025-08-25,245,122
NWO-1025,DC_NORTH,2025-09-01,240,123
NWO-1025,DC_NORTH,2025-09-08,303,158
NWO-1025,DC_NORTH,2025-09-15,385,128
NWO-1025,DC_NORTH,2025-09-22,452,176
NWO-1025,DC_NORTH,2025-09-29,587,249
NWO-1025,DC_NORTH,2025-10-06,660,292
NWO-1025,DC_NORTH,2025-10-13,537,226
NWO-1025,DC_NORTH,2025-10-20,526,236
NWO-1025,DC_NORTH,2025-10-27,655,266
NWO-1025,DC_NORTH,2025-11-03,606,216
NWO-1025,DC_NORTH,2025-11-10,826,295
NWO-1025,DC_NORTH,2025-11-17,885,329
NWO-1025,DC_NORTH,2025-11-24,770,308
NWO-1025,DC_NORTH,2025-12-01,739,342
NWO-1025,DC_NORTH,2025-12-08,587,346
NWO-1025,DC_NORTH,2025-12-15,808,331
NWO-1025,DC_NORTH,2025-12-22,662,240
NWO-1025,DC_NORTH,2025-12-29,701,121
NWO-1025,DC_NORTH,2026-01-05,400,184
NWO-1025,DC_NORTH,2026-01-12,464,131
NWO-1025,DC_NORTH,2026-01-19,303,165
NWO-1025,DC_NORTH,2026-01-26,317,163
NWO-1025,DC_NORTH,2026-02-02,315,171
NWO-1025,DC_NORTH,2026-02-09,516,162
NWO-1025,DC_NORTH,2026-02-16,530,167
NWO-1025,DC_NORTH,2026-02-23,292,201
NWO-1025,DC_NORTH,2026-03-02,708,213
NWO-1025,DC_NORTH,2026-03-09,461,258
NWO-1025,DC_NORTH,2026-03-16,574,206
NWO-1025,DC_NORTH,2026-03-23,439,188
NWO-1025,DC_NORTH,2026-03-30,531,256
NWO-1025,DC_NORTH,2026-04-06,502,207
NWO-1025,DC_NORTH,2026-04-13,510,207
NWO-1025,DC_NORTH,2026-04-20,504,177
NWO-1025,DC_NORTH,2026-04-27,469,200
NWO-1025,DC_NORTH,2026-05-04,705,195
NWO-1025,DC_NORTH,2026-05-11,463,181
NWO-1025,DC_NORTH,2026-05-18,430,179
NWO-1025,DC_NORTH,2026-05-25,460,201
NWO-1025,DC_NORTH,2026-06-01,506,198
NWO-1025,DC_SOUTH,2025-07-07,57,37
NWO-1025,DC_SOUTH,2025-07-14,110,90
NWO-1025,DC_SOUTH,2025-07-21,220,133
NWO-1025,DC_SOUTH,2025-07-28,404,148
NWO-1025,DC_SOUTH,2025-08-04,492,249
NWO-1025,DC_SOUTH,2025-08-11,766,324
NWO-1025,DC_SOUTH,2025-08-18,1043,275
NWO-1025,DC_SOUTH,2025-08-25,817,367
NWO-1025,DC_SOUTH,2025-09-01,996,396
NWO-1025,DC_SOUTH,2025-09-08,1235,420
NWO-1025,DC_SOUTH,2025-09-15,922,517
NWO-1025,DC_SOUTH,2025-09-22,1522,554
NWO-1025,DC_SOUTH,2025-09-29,1287,566
NWO-1025,DC_SOUTH,2025-10-06,1792,462
NWO-1025,DC_SOUTH,2025-10-13,1734,512
NWO-1025,DC_SOUTH,2025-10-20,1285,600
NWO-1025,DC_SOUTH,2025-10-27,1616,678
NWO-1025,DC_SOUTH,2025-11-03,2187,808
NWO-1025,DC_SOUTH,2025-11-10,2070,752
NWO-1025,DC_SOUTH,2025-11-17,2617,672
NWO-1025,DC_SOUTH,2025-11-24,1682,973
NWO-1025,DC_SOUTH,2025-12-01,1994,816
NWO-1025,DC_SOUTH,2025-12-08,2476,704
NWO-1025,DC_SOUTH,2025-12-15,1993,958
NWO-1025,DC_SOUTH,2025-12-22,1704,631
NWO-1025,DC_SOUTH,2025-12-29,2476,520
NWO-1025,DC_SOUTH,2026-01-05,909,493
NWO-1025,DC_SOUTH,2026-01-12,961,395
NWO-1025,DC_SOUTH,2026-01-19,1348,475
NWO-1025,DC_SOUTH,2026-01-26,1150,384
NWO-1025,DC_SOUTH,2026-02-02,1187,353
NWO-1025,DC_SOUTH,2026-02-09,1367,291
NWO-1025,DC_SOUTH,2026-02-16,1154,507
NWO-1025,DC_SOUTH,2026-02-23,1101,486
NWO-1025,DC_SOUTH,2026-03-02,1640,366
NWO-1025,DC_SOUTH,2026-03-09,1179,770
NWO-1025,DC_SOUTH,2026-03-16,1573,855
NWO-1025,DC_SOUTH,2026-03-23,2403,469
NWO-1025,DC_SOUTH,2026-03-30,1283,444
NWO-1025,DC_SOUTH,2026-04-06,1376,657
NWO-1025,DC_SOUTH,2026-04-13,1767,639
NWO-1025,DC_SOUTH,2026-04-20,1851,546
NWO-1025,DC_SOUTH,2026-04-27,1263,396
NWO-1025,DC_SOUTH,2026-05-04,1518,431
NWO-1025,DC_SOUTH,2026-05-11,1802,535
NWO-1025,DC_SOUTH,2026-05-18,1667,495
NWO-1025,DC_SOUTH,2026-05-25,1172,820
NWO-1025,DC_SOUTH,2026-06-01,2223,558
NWO-1025,DC_WEST,2025-07-07,42,36
NWO-1025,DC_WEST,2025-07-14,109,84
NWO-1025,DC_WEST,2025-07-21,200,133
NWO-1025,DC_WEST,2025-07-28,399,139
NWO-1025,DC_WEST,2025-08-04,468,224
NWO-1025,DC_WEST,2025-08-11,532,198
NWO-1025,DC_WEST,2025-08-18,610,288
NWO-1025,DC_WEST,2025-08-25,645,197
NWO-1025,DC_WEST,2025-09-01,488,360
NWO-1025,DC_WEST,2025-09-08,908,339
NWO-1025,DC_WEST,2025-09-15,943,295
NWO-1025,DC_WEST,2025-09-22,980,399
NWO-1025,DC_WEST,2025-09-29,1171,346
NWO-1025,DC_WEST,2025-10-06,1184,360
NWO-1025,DC_WEST,2025-10-13,999,453
NWO-1025,DC_WEST,2025-10-20,1265,413
NWO-1025,DC_WEST,2025-10-27,910,672
NWO-1025,DC_WEST,2025-11-03,1378,582
NWO-1025,DC_WEST,2025-11-10,1627,432
NWO-1025,DC_WEST,2025-11-17,1485,655
NWO-1025,DC_WEST,2025-11-24,2078,531
NWO-1025,DC_WEST,2025-12-01,1546,625
NWO-1025,DC_WEST,2025-12-08,2154,445
NWO-1025,DC_WEST,2025-12-15,1454,578
NWO-1025,DC_WEST,2025-12-22,1459,602
NWO-1025,DC_WEST,2025-12-29,1638,310
NWO-1025,DC_WEST,2026-01-05,783,285
NWO-1025,DC_WEST,2026-01-12,782,314
NWO-1025,DC_WEST,2026-01-19,933,336
NWO-1025,DC_WEST,2026-01-26,895,333
NWO-1025,DC_WEST,2026-02-02,651,368
NWO-1025,DC_WEST,2026-02-09,975,353
NWO-1025,DC_WEST,2026-02-16,862,368
NWO-1025,DC_WEST,2026-02-23,1124,404
NWO-1025,DC_WEST,2026-03-02,812,415
NWO-1025,DC_WEST,2026-03-09,900,356
NWO-1025,DC_WEST,2026-03-16,905,355
NWO-1025,DC_WEST,2026-03-23,939,326
NWO-1025,DC_WEST,2026-03-30,761,341
NWO-1025,DC_WEST,2026-04-06,604,411
NWO-1025,DC_WEST,2026-04-13,1111,388
NWO-1025,DC_WEST,2026-04-20,925,409
NWO-1025,DC_WEST,2026-04-27,1023,465
NWO-1025,DC_WEST,2026-05-04,1086,373
NWO-1025,DC_WEST,2026-05-11,1017,445
NWO-1025,DC_WEST,2026-05-18,844,440
NWO-1025,DC_WEST,2026-05-25,1184,442
NWO-1025,DC_WEST,2026-06-01,1054,521
NWO-1026,DC_NORTH,2023-06-05,1246,387
NWO-1026,DC_NORTH,2023-06-12,676,336
NWO-1026,DC_NORTH,2023-06-19,617,248
NWO-1026,DC_NORTH,2023-06-26,629,251
NWO-1026,DC_NORTH,2023-07-03,608,361
NWO-1026,DC_NORTH,2023-07-10,1127,383
NWO-1026,DC_NORTH,2023-07-17,928,301
NWO-1026,DC_NORTH,2023-07-24,706,360
NWO-1026,DC_NORTH,2023-07-31,908,342
NWO-1026,DC_NORTH,2023-08-07,1408,404
NWO-1026,DC_NORTH,2023-08-14,748,313
NWO-1026,DC_NORTH,2023-08-21,950,311
NWO-1026,DC_NORTH,2023-08-28,1086,311
NWO-1026,DC_NORTH,2023-09-04,831,322
NWO-1026,DC_NORTH,2023-09-11,693,199
NWO-1026,DC_NORTH,2023-09-18,619,214
NWO-1026,DC_NORTH,2023-09-25,538,291
NWO-1026,DC_NORTH,2023-10-02,1109,227
NWO-1026,DC_NORTH,2023-10-09,641,355
NWO-1026,DC_NORTH,2023-10-16,1473,321
NWO-1026,DC_NORTH,2023-10-23,970,326
NWO-1026,DC_NORTH,2023-10-30,895,405
NWO-1026,DC_NORTH,2023-11-06,1164,511
NWO-1026,DC_NORTH,2023-11-13,898,503
NWO-1026,DC_NORTH,2023-11-20,1384,499
NWO-1026,DC_NORTH,2023-11-27,1615,431
NWO-1026,DC_NORTH,2023-12-04,1224,384
NWO-1026,DC_NORTH,2023-12-11,976,540
NWO-1026,DC_NORTH,2023-12-18,1737,413
NWO-1026,DC_NORTH,2023-12-25,1578,331
NWO-1026,DC_NORTH,2024-01-01,667,170
NWO-1026,DC_NORTH,2024-01-08,447,268
NWO-1026,DC_NORTH,2024-01-15,937,259
NWO-1026,DC_NORTH,2024-01-22,593,306
NWO-1026,DC_NORTH,2024-01-29,607,368
NWO-1026,DC_NORTH,2024-02-05,890,234
NWO-1026,DC_NORTH,2024-02-12,684,326
NWO-1026,DC_NORTH,2024-02-19,613,411
NWO-1026,DC_NORTH,2024-02-26,1044,247
NWO-1026,DC_NORTH,2024-03-04,657,405
NWO-1026,DC_NORTH,2024-03-11,1151,464
NWO-1026,DC_NORTH,2024-03-18,1052,345
NWO-1026,DC_NORTH,2024-03-25,993,322
NWO-1026,DC_NORTH,2024-04-01,765,331
NWO-1026,DC_NORTH,2024-04-08,670,302
NWO-1026,DC_NORTH,2024-04-15,1055,351
NWO-1026,DC_NORTH,2024-04-22,1057,527
NWO-1026,DC_NORTH,2024-04-29,1467,278
NWO-1026,DC_NORTH,2024-05-06,825,438
NWO-1026,DC_NORTH,2024-05-13,1241,403
NWO-1026,DC_NORTH,2024-05-20,740,302
NWO-1026,DC_NORTH,2024-05-27,889,399
NWO-1026,DC_NORTH,2024-06-03,807,260
NWO-1026,DC_NORTH,2024-06-10,578,358
NWO-1026,DC_NORTH,2024-06-17,1209,402
NWO-1026,DC_NORTH,2024-06-24,1237,338
NWO-1026,DC_NORTH,2024-07-01,703,351
NWO-1026,DC_NORTH,2024-07-08,948,240
NWO-1026,DC_NORTH,2024-07-15,768,425
NWO-1026,DC_NORTH,2024-07-22,959,510
NWO-1026,DC_NORTH,2024-07-29,995,481
NWO-1026,DC_NORTH,2024-08-05,1450,400
NWO-1026,DC_NORTH,2024-08-12,759,287
NWO-1026,DC_NORTH,2024-08-19,880,372
NWO-1026,DC_NORTH,2024-08-26,760,360
NWO-1026,DC_NORTH,2024-09-02,1115,284
NWO-1026,DC_NORTH,2024-09-09,840,350
NWO-1026,DC_NORTH,2024-09-16,1379,327
NWO-1026,DC_NORTH,2024-09-23,1036,355
NWO-1026,DC_NORTH,2024-09-30,846,350
NWO-1026,DC_NORTH,2024-10-07,1027,424
NWO-1026,DC_NORTH,2024-10-14,825,454
NWO-1026,DC_NORTH,2024-10-21,1084,267
NWO-1026,DC_NORTH,2024-10-28,600,631
NWO-1026,DC_NORTH,2024-11-04,1681,570
NWO-1026,DC_NORTH,2024-11-11,1757,510
NWO-1026,DC_NORTH,2024-11-18,1535,503
NWO-1026,DC_NORTH,2024-11-25,1694,522
NWO-1026,DC_NORTH,2024-12-02,1195,409
NWO-1026,DC_NORTH,2024-12-09,1077,531
NWO-1026,DC_NORTH,2024-12-16,1470,518
NWO-1026,DC_NORTH,2024-12-23,1551,624
NWO-1026,DC_NORTH,2024-12-30,1578,295
NWO-1026,DC_NORTH,2025-01-06,677,259
NWO-1026,DC_NORTH,2025-01-13,952,264
NWO-1026,DC_NORTH,2025-01-20,745,305
NWO-1026,DC_NORTH,2025-01-27,769,266
NWO-1026,DC_NORTH,2025-02-03,633,282
NWO-1026,DC_NORTH,2025-02-10,807,242
NWO-1026,DC_NORTH,2025-02-17,815,294
NWO-1026,DC_NORTH,2025-02-24,719,341
NWO-1026,DC_NORTH,2025-03-03,733,375
NWO-1026,DC_NORTH,2025-03-10,1222,334
NWO-1026,DC_NORTH,2025-03-17,667,440
NWO-1026,DC_NORTH,2025-03-24,1077,349
NWO-1026,DC_NORTH,2025-03-31,1018,374
NWO-1026,DC_NORTH,2025-04-07,1389,390
NWO-1026,DC_NORTH,2025-04-14,1011,348
NWO-1026,DC_NORTH,2025-04-21,1147,414
NWO-1026,DC_NORTH,2025-04-28,1117,375
NWO-1026,DC_NORTH,2025-05-05,1279,370
NWO-1026,DC_NORTH,2025-05-12,1554,385
NWO-1026,DC_NORTH,2025-05-19,1139,374
NWO-1026,DC_NORTH,2025-05-26,925,444
NWO-1026,DC_NORTH,2025-06-02,1158,312
NWO-1026,DC_NORTH,2025-06-09,666,584
NWO-1026,DC_NORTH,2025-06-16,1380,485
NWO-1026,DC_NORTH,2025-06-23,969,423
NWO-1026,DC_NORTH,2025-06-30,1480,342
NWO-1026,DC_NORTH,2025-07-07,1181,422
NWO-1026,DC_NORTH,2025-07-14,892,455
NWO-1026,DC_NORTH,2025-07-21,897,508
NWO-1026,DC_NORTH,2025-07-28,1918,483
NWO-1026,DC_NORTH,2025-08-04,974,381
NWO-1026,DC_NORTH,2025-08-11,1243,320
NWO-1026,DC_NORTH,2025-08-18,818,314
NWO-1026,DC_NORTH,2025-08-25,1268,343
NWO-1026,DC_NORTH,2025-09-01,1323,504
NWO-1026,DC_NORTH,2025-09-08,1738,434
NWO-1026,DC_NORTH,2025-09-15,1270,383
NWO-1026,DC_NORTH,2025-09-22,1085,321
NWO-1026,DC_NORTH,2025-09-29,683,284
NWO-1026,DC_NORTH,2025-10-06,736,445
NWO-1026,DC_NORTH,2025-10-13,1337,370
NWO-1026,DC_NORTH,2025-10-20,1471,290
NWO-1026,DC_NORTH,2025-10-27,708,490
NWO-1026,DC_NORTH,2025-11-03,1855,539
NWO-1026,DC_NORTH,2025-11-10,1419,413
NWO-1026,DC_NORTH,2025-11-17,1326,741
NWO-1026,DC_NORTH,2025-11-24,2284,446
NWO-1026,DC_NORTH,2025-12-01,1274,605
NWO-1026,DC_NORTH,2025-12-08,1360,588
NWO-1026,DC_NORTH,2025-12-15,1359,435
NWO-1026,DC_NORTH,2025-12-22,1129,463
NWO-1026,DC_NORTH,2025-12-29,1739,341
NWO-1026,DC_NORTH,2026-01-05,814,281
NWO-1026,DC_NORTH,2026-01-12,909,280
NWO-1026,DC_NORTH,2026-01-19,960,266
NWO-1026,DC_NORTH,2026-01-26,744,265
NWO-1026,DC_NORTH,2026-02-02,950,276
NWO-1026,DC_NORTH,2026-02-09,596,490
NWO-1026,DC_NORTH,2026-02-16,1099,380
NWO-1026,DC_NORTH,2026-02-23,1067,471
NWO-1026,DC_NORTH,2026-03-02,872,459
NWO-1026,DC_NORTH,2026-03-09,1482,371
NWO-1026,DC_NORTH,2026-03-16,1293,369
NWO-1026,DC_NORTH,2026-03-23,689,549
NWO-1026,DC_NORTH,2026-03-30,994,476
NWO-1026,DC_NORTH,2026-04-06,1255,529
NWO-1026,DC_NORTH,2026-04-13,1369,681
NWO-1026,DC_NORTH,2026-04-20,1780,891
NWO-1026,DC_NORTH,2026-04-27,2479,344
NWO-1026,DC_NORTH,2026-05-04,1049,455
NWO-1026,DC_NORTH,2026-05-11,1395,359
NWO-1026,DC_NORTH,2026-05-18,860,378
NWO-1026,DC_NORTH,2026-05-25,993,459
NWO-1026,DC_NORTH,2026-06-01,1927,587
NWO-1026,DC_SOUTH,2023-06-05,2795,1125
NWO-1026,DC_SOUTH,2023-06-12,2542,888
NWO-1026,DC_SOUTH,2023-06-19,2693,793
NWO-1026,DC_SOUTH,2023-06-26,1757,856
NWO-1026,DC_SOUTH,2023-07-03,1989,987
NWO-1026,DC_SOUTH,2023-07-10,2678,982
NWO-1026,DC_SOUTH,2023-07-17,2970,1322
NWO-1026,DC_SOUTH,2023-07-24,3246,922
NWO-1026,DC_SOUTH,2023-07-31,2000,842
NWO-1026,DC_SOUTH,2023-08-07,2214,1052
NWO-1026,DC_SOUTH,2023-08-14,1857,965
NWO-1026,DC_SOUTH,2023-08-21,2268,830
NWO-1026,DC_SOUTH,2023-08-28,2358,744
NWO-1026,DC_SOUTH,2023-09-04,2800,860
NWO-1026,DC_SOUTH,2023-09-11,1757,789
NWO-1026,DC_SOUTH,2023-09-18,1921,834
NWO-1026,DC_SOUTH,2023-09-25,2694,785
NWO-1026,DC_SOUTH,2023-10-02,1760,913
NWO-1026,DC_SOUTH,2023-10-09,2587,808
NWO-1026,DC_SOUTH,2023-10-16,1952,1106
NWO-1026,DC_SOUTH,2023-10-23,2065,851
NWO-1026,DC_SOUTH,2023-10-30,2014,1353
NWO-1026,DC_SOUTH,2023-11-06,2868,1095
NWO-1026,DC_SOUTH,2023-11-13,4143,988
NWO-1026,DC_SOUTH,2023-11-20,3266,1044
NWO-1026,DC_SOUTH,2023-11-27,3656,1115
NWO-1026,DC_SOUTH,2023-12-04,2659,1245
NWO-1026,DC_SOUTH,2023-12-11,2627,1153
NWO-1026,DC_SOUTH,2023-12-18,2876,1101
NWO-1026,DC_SOUTH,2023-12-25,4197,587
NWO-1026,DC_SOUTH,2024-01-01,2086,614
NWO-1026,DC_SOUTH,2024-01-08,1706,553
NWO-1026,DC_SOUTH,2024-01-15,2375,749
NWO-1026,DC_SOUTH,2024-01-22,1801,686
NWO-1026,DC_SOUTH,2024-01-29,1731,729
NWO-1026,DC_SOUTH,2024-02-05,2047,736
NWO-1026,DC_SOUTH,2024-02-12,1811,737
NWO-1026,DC_SOUTH,2024-02-19,2321,590
NWO-1026,DC_SOUTH,2024-02-26,2348,840
NWO-1026,DC_SOUTH,2024-03-04,2522,830
NWO-1026,DC_SOUTH,2024-03-11,1912,691
NWO-1026,DC_SOUTH,2024-03-18,2552,651
NWO-1026,DC_SOUTH,2024-03-25,2715,738
NWO-1026,DC_SOUTH,2024-04-01,2584,727
NWO-1026,DC_SOUTH,2024-04-08,2565,1094
NWO-1026,DC_SOUTH,2024-04-15,3030,662
NWO-1026,DC_SOUTH,2024-04-22,2267,1122
NWO-1026,DC_SOUTH,2024-04-29,1995,1109
NWO-1026,DC_SOUTH,2024-05-06,3314,1205
NWO-1026,DC_SOUTH,2024-05-13,2611,894
NWO-1026,DC_SOUTH,2024-05-20,2186,679
NWO-1026,DC_SOUTH,2024-05-27,1701,856
NWO-1026,DC_SOUTH,2024-06-03,3075,1274
NWO-1026,DC_SOUTH,2024-06-10,3117,868
NWO-1026,DC_SOUTH,2024-06-17,1688,1037
NWO-1026,DC_SOUTH,2024-06-24,2306,685
NWO-1026,DC_SOUTH,2024-07-01,2426,638
NWO-1026,DC_SOUTH,2024-07-08,1885,958
NWO-1026,DC_SOUTH,2024-07-15,2721,920
NWO-1026,DC_SOUTH,2024-07-22,3411,981
NWO-1026,DC_SOUTH,2024-07-29,2312,1078
NWO-1026,DC_SOUTH,2024-08-05,3609,1285
NWO-1026,DC_SOUTH,2024-08-12,2327,1180
NWO-1026,DC_SOUTH,2024-08-19,3121,1071
NWO-1026,DC_SOUTH,2024-08-26,3056,862
NWO-1026,DC_SOUTH,2024-09-02,3071,1067
NWO-1026,DC_SOUTH,2024-09-09,2591,1122
NWO-1026,DC_SOUTH,2024-09-16,3132,891
NWO-1026,DC_SOUTH,2024-09-23,1721,943
NWO-1026,DC_SOUTH,2024-09-30,2115,970
NWO-1026,DC_SOUTH,2024-10-07,2072,892
NWO-1026,DC_SOUTH,2024-10-14,2844,929
NWO-1026,DC_SOUTH,2024-10-21,3526,885
NWO-1026,DC_SOUTH,2024-10-28,2546,993
NWO-1026,DC_SOUTH,2024-11-04,2952,1057
NWO-1026,DC_SOUTH,2024-11-11,2776,1384
NWO-1026,DC_SOUTH,2024-11-18,2947,1281
NWO-1026,DC_SOUTH,2024-11-25,3861,1288
NWO-1026,DC_SOUTH,2024-12-02,3476,1251
NWO-1026,DC_SOUTH,2024-12-09,4668,1605
NWO-1026,DC_SOUTH,2024-12-16,3732,1309
NWO-1026,DC_SOUTH,2024-12-23,4484,1284
NWO-1026,DC_SOUTH,2024-12-30,3252,579
NWO-1026,DC_SOUTH,2025-01-06,2345,784
NWO-1026,DC_SOUTH,2025-01-13,2423,695
NWO-1026,DC_SOUTH,2025-01-20,1649,814
NWO-1026,DC_SOUTH,2025-01-27,2093,607
NWO-1026,DC_SOUTH,2025-02-03,2179,757
NWO-1026,DC_SOUTH,2025-02-10,2336,718
NWO-1026,DC_SOUTH,2025-02-17,1543,851
NWO-1026,DC_SOUTH,2025-02-24,1767,919
NWO-1026,DC_SOUTH,2025-03-03,2570,801
NWO-1026,DC_SOUTH,2025-03-10,2475,932
NWO-1026,DC_SOUTH,2025-03-17,2265,888
NWO-1026,DC_SOUTH,2025-03-24,2796,776
NWO-1026,DC_SOUTH,2025-03-31,1699,1043
NWO-1026,DC_SOUTH,2025-04-07,2118,1151
NWO-1026,DC_SOUTH,2025-04-14,2879,878
NWO-1026,DC_SOUTH,2025-04-21,2477,1096
NWO-1026,DC_SOUTH,2025-04-28,3032,822
NWO-1026,DC_SOUTH,2025-05-05,2012,997
NWO-1026,DC_SOUTH,2025-05-12,2695,1044
NWO-1026,DC_SOUTH,2025-05-19,2933,964
NWO-1026,DC_SOUTH,2025-05-26,2490,1309
NWO-1026,DC_SOUTH,2025-06-02,4245,853
NWO-1026,DC_SOUTH,2025-06-09,2619,1408
NWO-1026,DC_SOUTH,2025-06-16,3954,1222
NWO-1026,DC_SOUTH,2025-06-23,3023,1123
NWO-1026,DC_SOUTH,2025-06-30,3741,1043
NWO-1026,DC_SOUTH,2025-07-07,3572,1043
NWO-1026,DC_SOUTH,2025-07-14,1853,1000
NWO-1026,DC_SOUTH,2025-07-21,3152,1377
NWO-1026,DC_SOUTH,2025-07-28,3716,1555
NWO-1026,DC_SOUTH,2025-08-04,4023,975
NWO-1026,DC_SOUTH,2025-08-11,2912,1240
NWO-1026,DC_SOUTH,2025-08-18,4044,817
NWO-1026,DC_SOUTH,2025-08-25,2721,920
NWO-1026,DC_SOUTH,2025-09-01,2870,1365
NWO-1026,DC_SOUTH,2025-09-08,3671,838
NWO-1026,DC_SOUTH,2025-09-15,2900,951
NWO-1026,DC_SOUTH,2025-09-22,2954,968
NWO-1026,DC_SOUTH,2025-09-29,2144,1178
NWO-1026,DC_SOUTH,2025-10-06,2741,907
NWO-1026,DC_SOUTH,2025-10-13,2078,1193
NWO-1026,DC_SOUTH,2025-10-20,2635,931
NWO-1026,DC_SOUTH,2025-10-27,2137,1583
NWO-1026,DC_SOUTH,2025-11-03,3908,1422
NWO-1026,DC_SOUTH,2025-11-10,5443,1477
NWO-1026,DC_SOUTH,2025-11-17,4386,2701
NWO-1026,DC_SOUTH,2025-11-24,8078,1862
NWO-1026,DC_SOUTH,2025-12-01,6205,1337
NWO-1026,DC_SOUTH,2025-12-08,4700,1611
NWO-1026,DC_SOUTH,2025-12-15,3722,1321
NWO-1026,DC_SOUTH,2025-12-22,4870,1067
NWO-1026,DC_SOUTH,2025-12-29,3529,840
NWO-1026,DC_SOUTH,2026-01-05,2584,1004
NWO-1026,DC_SOUTH,2026-01-12,2579,725
NWO-1026,DC_SOUTH,2026-01-19,2217,737
NWO-1026,DC_SOUTH,2026-01-26,1797,730
NWO-1026,DC_SOUTH,2026-02-02,1801,726
NWO-1026,DC_SOUTH,2026-02-09,1773,791
NWO-1026,DC_SOUTH,2026-02-16,1836,1025
NWO-1026,DC_SOUTH,2026-02-23,2771,1087
NWO-1026,DC_SOUTH,2026-03-02,3043,1041
NWO-1026,DC_SOUTH,2026-03-09,1991,822
NWO-1026,DC_SOUTH,2026-03-16,3402,694
NWO-1026,DC_SOUTH,2026-03-23,2202,1270
NWO-1026,DC_SOUTH,2026-03-30,3321,988
NWO-1026,DC_SOUTH,2026-04-06,3717,1377
NWO-1026,DC_SOUTH,2026-04-13,4117,1283
NWO-1026,DC_SOUTH,2026-04-20,2169,1303
NWO-1026,DC_SOUTH,2026-04-27,3961,1476
NWO-1026,DC_SOUTH,2026-05-04,2764,1001
NWO-1026,DC_SOUTH,2026-05-11,2438,1281
NWO-1026,DC_SOUTH,2026-05-18,3484,1265
NWO-1026,DC_SOUTH,2026-05-25,3233,1145
NWO-1026,DC_SOUTH,2026-06-01,3523,1081
NWO-1026,DC_WEST,2023-06-05,1768,667
NWO-1026,DC_WEST,2023-06-12,1757,590
NWO-1026,DC_WEST,2023-06-19,2079,601
NWO-1026,DC_WEST,2023-06-26,1552,624
NWO-1026,DC_WEST,2023-07-03,1283,602
NWO-1026,DC_WEST,2023-07-10,1738,561
NWO-1026,DC_WEST,2023-07-17,1217,662
NWO-1026,DC_WEST,2023-07-24,1831,553
NWO-1026,DC_WEST,2023-07-31,1281,833
NWO-1026,DC_WEST,2023-08-07,1743,656
NWO-1026,DC_WEST,2023-08-14,2022,704
NWO-1026,DC_WEST,2023-08-21,1348,597
NWO-1026,DC_WEST,2023-08-28,2137,669
NWO-1026,DC_WEST,2023-09-04,1754,620
NWO-1026,DC_WEST,2023-09-11,1417,454
NWO-1026,DC_WEST,2023-09-18,1911,538
NWO-1026,DC_WEST,2023-09-25,1659,619
NWO-1026,DC_WEST,2023-10-02,1786,697
NWO-1026,DC_WEST,2023-10-09,1838,627
NWO-1026,DC_WEST,2023-10-16,1432,690
NWO-1026,DC_WEST,2023-10-23,1603,897
NWO-1026,DC_WEST,2023-10-30,1817,824
NWO-1026,DC_WEST,2023-11-06,2281,761
NWO-1026,DC_WEST,2023-11-13,2850,961
NWO-1026,DC_WEST,2023-11-20,2266,906
NWO-1026,DC_WEST,2023-11-27,1940,721
NWO-1026,DC_WEST,2023-12-04,3063,1004
NWO-1026,DC_WEST,2023-12-11,3106,666
NWO-1026,DC_WEST,2023-12-18,1771,1048
NWO-1026,DC_WEST,2023-12-25,3325,593
NWO-1026,DC_WEST,2024-01-01,1622,463
NWO-1026,DC_WEST,2024-01-08,1442,471
NWO-1026,DC_WEST,2024-01-15,1552,535
NWO-1026,DC_WEST,2024-01-22,1824,623
NWO-1026,DC_WEST,2024-01-29,1165,367
NWO-1026,DC_WEST,2024-02-05,1185,532
NWO-1026,DC_WEST,2024-02-12,1519,620
NWO-1026,DC_WEST,2024-02-19,1756,513
NWO-1026,DC_WEST,2024-02-26,1462,638
NWO-1026,DC_WEST,2024-03-04,1669,646
NWO-1026,DC_WEST,2024-03-11,1152,742
NWO-1026,DC_WEST,2024-03-18,1824,542
NWO-1026,DC_WEST,2024-03-25,1059,534
NWO-1026,DC_WEST,2024-04-01,2011,438
NWO-1026,DC_WEST,2024-04-08,1290,737
NWO-1026,DC_WEST,2024-04-15,1572,466
NWO-1026,DC_WEST,2024-04-22,1521,702
NWO-1026,DC_WEST,2024-04-29,1396,911
NWO-1026,DC_WEST,2024-05-06,2646,610
NWO-1026,DC_WEST,2024-05-13,1706,786
NWO-1026,DC_WEST,2024-05-20,1476,646
NWO-1026,DC_WEST,2024-05-27,1695,767
NWO-1026,DC_WEST,2024-06-03,1854,777
NWO-1026,DC_WEST,2024-06-10,1756,709
NWO-1026,DC_WEST,2024-06-17,1985,835
NWO-1026,DC_WEST,2024-06-24,1655,805
NWO-1026,DC_WEST,2024-07-01,1645,770
NWO-1026,DC_WEST,2024-07-08,1977,648
NWO-1026,DC_WEST,2024-07-15,2045,632
NWO-1026,DC_WEST,2024-07-22,2513,935
NWO-1026,DC_WEST,2024-07-29,2650,602
NWO-1026,DC_WEST,2024-08-05,2006,769
NWO-1026,DC_WEST,2024-08-12,2801,634
NWO-1026,DC_WEST,2024-08-19,2150,746
NWO-1026,DC_WEST,2024-08-26,2401,791
NWO-1026,DC_WEST,2024-09-02,2076,756
NWO-1026,DC_WEST,2024-09-09,2043,685
NWO-1026,DC_WEST,2024-09-16,1791,706
NWO-1026,DC_WEST,2024-09-23,1962,738
NWO-1026,DC_WEST,2024-09-30,2045,843
NWO-1026,DC_WEST,2024-10-07,1958,669
NWO-1026,DC_WEST,2024-10-14,1786,773
NWO-1026,DC_WEST,2024-10-21,2726,859
NWO-1026,DC_WEST,2024-10-28,1676,807
NWO-1026,DC_WEST,2024-11-04,2165,1000
NWO-1026,DC_WEST,2024-11-11,2616,872
NWO-1026,DC_WEST,2024-11-18,2931,963
NWO-1026,DC_WEST,2024-11-25,3520,1293
NWO-1026,DC_WEST,2024-12-02,2722,943
NWO-1026,DC_WEST,2024-12-09,3445,1263
NWO-1026,DC_WEST,2024-12-16,2447,1042
NWO-1026,DC_WEST,2024-12-23,2140,969
NWO-1026,DC_WEST,2024-12-30,3810,488
NWO-1026,DC_WEST,2025-01-06,1317,531
NWO-1026,DC_WEST,2025-01-13,1679,564
NWO-1026,DC_WEST,2025-01-20,1857,582
NWO-1026,DC_WEST,2025-01-27,2133,500
NWO-1026,DC_WEST,2025-02-03,1999,547
NWO-1026,DC_WEST,2025-02-10,1493,753
NWO-1026,DC_WEST,2025-02-17,1646,674
NWO-1026,DC_WEST,2025-02-24,1487,668
NWO-1026,DC_WEST,2025-03-03,1678,786
NWO-1026,DC_WEST,2025-03-10,2426,798
NWO-1026,DC_WEST,2025-03-17,1540,622
NWO-1026,DC_WEST,2025-03-24,1650,567
NWO-1026,DC_WEST,2025-03-31,1356,874
NWO-1026,DC_WEST,2025-04-07,2544,1024
NWO-1026,DC_WEST,2025-04-14,2067,660
NWO-1026,DC_WEST,2025-04-21,2282,699
NWO-1026,DC_WEST,2025-04-28,2559,567
NWO-1026,DC_WEST,2025-05-05,1601,947
NWO-1026,DC_WEST,2025-05-12,2277,845
NWO-1026,DC_WEST,2025-05-19,1903,671
NWO-1026,DC_WEST,2025-05-26,2191,1057
NWO-1026,DC_WEST,2025-06-02,3129,1116
NWO-1026,DC_WEST,2025-06-09,2350,780
NWO-1026,DC_WEST,2025-06-16,2239,963
NWO-1026,DC_WEST,2025-06-23,1921,800
NWO-1026,DC_WEST,2025-06-30,1857,1007
NWO-1026,DC_WEST,2025-07-07,3365,1126
NWO-1026,DC_WEST,2025-07-14,3165,815
NWO-1026,DC_WEST,2025-07-21,2881,958
NWO-1026,DC_WEST,2025-07-28,1953,926
NWO-1026,DC_WEST,2025-08-04,2451,1011
NWO-1026,DC_WEST,2025-08-11,2586,770
NWO-1026,DC_WEST,2025-08-18,2515,929
NWO-1026,DC_WEST,2025-08-25,3044,751
NWO-1026,DC_WEST,2025-09-01,1614,740
NWO-1026,DC_WEST,2025-09-08,2031,801
NWO-1026,DC_WEST,2025-09-15,1470,1079
NWO-1026,DC_WEST,2025-09-22,1900,843
NWO-1026,DC_WEST,2025-09-29,1665,809
NWO-1026,DC_WEST,2025-10-06,2127,903
NWO-1026,DC_WEST,2025-10-13,2007,944
NWO-1026,DC_WEST,2025-10-20,2728,774
NWO-1026,DC_WEST,2025-10-27,2106,1431
NWO-1026,DC_WEST,2025-11-03,2716,999
NWO-1026,DC_WEST,2025-11-10,3436,1408
NWO-1026,DC_WEST,2025-11-17,3784,1310
NWO-1026,DC_WEST,2025-11-24,4103,941
NWO-1026,DC_WEST,2025-12-01,2805,1542
NWO-1026,DC_WEST,2025-12-08,4371,1080
NWO-1026,DC_WEST,2025-12-15,2148,1175
NWO-1026,DC_WEST,2025-12-22,2616,1846
NWO-1026,DC_WEST,2025-12-29,5468,1146
NWO-1026,DC_WEST,2026-01-05,3750,826
NWO-1026,DC_WEST,2026-01-12,2106,540
NWO-1026,DC_WEST,2026-01-19,1581,631
NWO-1026,DC_WEST,2026-01-26,2330,597
NWO-1026,DC_WEST,2026-02-02,1878,684
NWO-1026,DC_WEST,2026-02-09,1900,622
NWO-1026,DC_WEST,2026-02-16,1726,888
NWO-1026,DC_WEST,2026-02-23,2836,673
NWO-1026,DC_WEST,2026-03-02,2405,619
NWO-1026,DC_WEST,2026-03-09,1560,714
NWO-1026,DC_WEST,2026-03-16,1724,651
NWO-1026,DC_WEST,2026-03-23,1895,621
NWO-1026,DC_WEST,2026-03-30,2063,676
NWO-1026,DC_WEST,2026-04-06,2170,647
NWO-1026,DC_WEST,2026-04-13,1448,673
NWO-1026,DC_WEST,2026-04-20,1934,739
NWO-1026,DC_WEST,2026-04-27,2364,934
NWO-1026,DC_WEST,2026-05-04,1938,860
NWO-1026,DC_WEST,2026-05-11,2909,888
NWO-1026,DC_WEST,2026-05-18,2353,911
NWO-1026,DC_WEST,2026-05-25,1932,1484
NWO-1026,DC_WEST,2026-06-01,3433,1228
NWO-1027,DC_NORTH,2025-12-15,39,11
NWO-1027,DC_NORTH,2025-12-22,44,32
NWO-1027,DC_NORTH,2025-12-29,101,30
NWO-1027,DC_NORTH,2026-01-05,76,55
NWO-1027,DC_NORTH,2026-01-12,160,44
NWO-1027,DC_NORTH,2026-01-19,82,51
NWO-1027,DC_NORTH,2026-01-26,161,87
NWO-1027,DC_NORTH,2026-02-02,217,79
NWO-1027,DC_NORTH,2026-02-09,237,77
NWO-1027,DC_NORTH,2026-02-16,233,116
NWO-1027,DC_NORTH,2026-02-23,290,121
NWO-1027,DC_NORTH,2026-03-02,233,174
NWO-1027,DC_NORTH,2026-03-09,422,161
NWO-1027,DC_NORTH,2026-03-16,338,125
NWO-1027,DC_NORTH,2026-03-23,412,141
NWO-1027,DC_NORTH,2026-03-30,519,182
NWO-1027,DC_NORTH,2026-04-06,497,114
NWO-1027,DC_NORTH,2026-04-13,281,179
NWO-1027,DC_NORTH,2026-04-20,451,116
NWO-1027,DC_NORTH,2026-04-27,385,151
NWO-1027,DC_NORTH,2026-05-04,553,141
NWO-1027,DC_NORTH,2026-05-11,287,136
NWO-1027,DC_NORTH,2026-05-18,394,168
NWO-1027,DC_NORTH,2026-05-25,391,178
NWO-1027,DC_NORTH,2026-06-01,488,145
NWO-1027,DC_SOUTH,2025-12-15,74,50
NWO-1027,DC_SOUTH,2025-12-22,181,129
NWO-1027,DC_SOUTH,2025-12-29,366,82
NWO-1027,DC_SOUTH,2026-01-05,209,97
NWO-1027,DC_SOUTH,2026-01-12,301,146
NWO-1027,DC_SOUTH,2026-01-19,341,126
NWO-1027,DC_SOUTH,2026-01-26,323,195
NWO-1027,DC_SOUTH,2026-02-02,460,263
NWO-1027,DC_SOUTH,2026-02-09,674,235
NWO-1027,DC_SOUTH,2026-02-16,538,298
NWO-1027,DC_SOUTH,2026-02-23,647,396
NWO-1027,DC_SOUTH,2026-03-02,1150,468
NWO-1027,DC_SOUTH,2026-03-09,867,389
NWO-1027,DC_SOUTH,2026-03-16,1265,404
NWO-1027,DC_SOUTH,2026-03-23,859,428
NWO-1027,DC_SOUTH,2026-03-30,1019,397
NWO-1027,DC_SOUTH,2026-04-06,1581,425
NWO-1027,DC_SOUTH,2026-04-13,1432,370
NWO-1027,DC_SOUTH,2026-04-20,1276,332
NWO-1027,DC_SOUTH,2026-04-27,1266,441
NWO-1027,DC_SOUTH,2026-05-04,892,450
NWO-1027,DC_SOUTH,2026-05-11,1312,390
NWO-1027,DC_SOUTH,2026-05-18,1099,464
NWO-1027,DC_SOUTH,2026-05-25,1132,490
NWO-1027,DC_SOUTH,2026-06-01,1259,391
NWO-1027,DC_WEST,2025-12-15,71,40
NWO-1027,DC_WEST,2025-12-22,89,79
NWO-1027,DC_WEST,2025-12-29,182,71
NWO-1027,DC_WEST,2026-01-05,201,72
NWO-1027,DC_WEST,2026-01-12,149,79
NWO-1027,DC_WEST,2026-01-19,314,144
NWO-1027,DC_WEST,2026-01-26,450,173
NWO-1027,DC_WEST,2026-02-02,523,202
NWO-1027,DC_WEST,2026-02-09,588,157
NWO-1027,DC_WEST,2026-02-16,562,226
NWO-1027,DC_WEST,2026-02-23,511,244
NWO-1027,DC_WEST,2026-03-02,779,243
NWO-1027,DC_WEST,2026-03-09,807,285
NWO-1027,DC_WEST,2026-03-16,684,287
NWO-1027,DC_WEST,2026-03-23,610,283
NWO-1027,DC_WEST,2026-03-30,731,302
NWO-1027,DC_WEST,2026-04-06,955,349
NWO-1027,DC_WEST,2026-04-13,697,389
NWO-1027,DC_WEST,2026-04-20,783,282
NWO-1027,DC_WEST,2026-04-27,863,294
NWO-1027,DC_WEST,2026-05-04,986,370
NWO-1027,DC_WEST,2026-05-11,983,388
NWO-1027,DC_WEST,2026-05-18,1018,319
NWO-1027,DC_WEST,2026-05-25,812,292
NWO-1027,DC_WEST,2026-06-01,820,398
NWO-1028,DC_NORTH,2025-12-01,14,10
NWO-1028,DC_NORTH,2025-12-08,30,24
NWO-1028,DC_NORTH,2025-12-15,44,24
NWO-1028,DC_NORTH,2025-12-22,100,38
NWO-1028,DC_NORTH,2025-12-29,124,27
NWO-1028,DC_NORTH,2026-01-05,90,51
NWO-1028,DC_NORTH,2026-01-12,110,30
NWO-1028,DC_NORTH,2026-01-19,101,50
NWO-1028,DC_NORTH,2026-01-26,146,50
NWO-1028,DC_NORTH,2026-02-02,193,65
NWO-1028,DC_NORTH,2026-02-09,147,73
NWO-1028,DC_NORTH,2026-02-16,167,62
NWO-1028,DC_NORTH,2026-02-23,132,83
NWO-1028,DC_NORTH,2026-03-02,196,86
NWO-1028,DC_NORTH,2026-03-09,249,74
NWO-1028,DC_NORTH,2026-03-16,216,83
NWO-1028,DC_NORTH,2026-03-23,259,50
NWO-1028,DC_NORTH,2026-03-30,194,105
NWO-1028,DC_NORTH,2026-04-06,214,84
NWO-1028,DC_NORTH,2026-04-13,217,105
NWO-1028,DC_NORTH,2026-04-20,231,69
NWO-1028,DC_NORTH,2026-04-27,220,84
NWO-1028,DC_NORTH,2026-05-04,202,83
NWO-1028,DC_NORTH,2026-05-11,194,66
NWO-1028,DC_NORTH,2026-05-18,250,91
NWO-1028,DC_NORTH,2026-05-25,219,91
NWO-1028,DC_NORTH,2026-06-01,213,89
NWO-1028,DC_SOUTH,2025-12-01,65,28
NWO-1028,DC_SOUTH,2025-12-08,85,53
NWO-1028,DC_SOUTH,2025-12-15,171,111
NWO-1028,DC_SOUTH,2025-12-22,243,94
NWO-1028,DC_SOUTH,2025-12-29,354,94
NWO-1028,DC_SOUTH,2026-01-05,188,110
NWO-1028,DC_SOUTH,2026-01-12,280,130
NWO-1028,DC_SOUTH,2026-01-19,269,146
NWO-1028,DC_SOUTH,2026-01-26,433,138
NWO-1028,DC_SOUTH,2026-02-02,417,136
NWO-1028,DC_SOUTH,2026-02-09,534,228
NWO-1028,DC_SOUTH,2026-02-16,449,175
NWO-1028,DC_SOUTH,2026-02-23,436,246
NWO-1028,DC_SOUTH,2026-03-02,581,186
NWO-1028,DC_SOUTH,2026-03-09,753,275
NWO-1028,DC_SOUTH,2026-03-16,570,238
NWO-1028,DC_SOUTH,2026-03-23,750,224
NWO-1028,DC_SOUTH,2026-03-30,733,200
NWO-1028,DC_SOUTH,2026-04-06,459,288
NWO-1028,DC_SOUTH,2026-04-13,922,265
NWO-1028,DC_SOUTH,2026-04-20,606,292
NWO-1028,DC_SOUTH,2026-04-27,555,258
NWO-1028,DC_SOUTH,2026-05-04,594,269
NWO-1028,DC_SOUTH,2026-05-11,764,233
NWO-1028,DC_SOUTH,2026-05-18,675,231
NWO-1028,DC_SOUTH,2026-05-25,492,322
NWO-1028,DC_SOUTH,2026-06-01,808,350
NWO-1028,DC_WEST,2025-12-01,26,22
NWO-1028,DC_WEST,2025-12-08,72,45
NWO-1028,DC_WEST,2025-12-15,124,79
NWO-1028,DC_WEST,2025-12-22,190,118
NWO-1028,DC_WEST,2025-12-29,270,58
NWO-1028,DC_WEST,2026-01-05,195,97
NWO-1028,DC_WEST,2026-01-12,204,96
NWO-1028,DC_WEST,2026-01-19,278,78
NWO-1028,DC_WEST,2026-01-26,233,110
NWO-1028,DC_WEST,2026-02-02,300,104
NWO-1028,DC_WEST,2026-02-09,214,128
NWO-1028,DC_WEST,2026-02-16,406,176
NWO-1028,DC_WEST,2026-02-23,569,174
NWO-1028,DC_WEST,2026-03-02,457,132
NWO-1028,DC_WEST,2026-03-09,316,141
NWO-1028,DC_WEST,2026-03-16,465,151
NWO-1028,DC_WEST,2026-03-23,573,181
NWO-1028,DC_WEST,2026-03-30,538,171
NWO-1028,DC_WEST,2026-04-06,416,184
NWO-1028,DC_WEST,2026-04-13,558,173
NWO-1028,DC_WEST,2026-04-20,503,224
NWO-1028,DC_WEST,2026-04-27,531,145
NWO-1028,DC_WEST,2026-05-04,355,178
NWO-1028,DC_WEST,2026-05-11,423,181
NWO-1028,DC_WEST,2026-05-18,646,237
NWO-1028,DC_WEST,2026-05-25,695,214
NWO-1028,DC_WEST,2026-06-01,485,172
NWO-1029,DC_NORTH,2023-06-05,943,217
NWO-1029,DC_NORTH,2023-06-12,821,256
NWO-1029,DC_NORTH,2023-06-19,646,255
NWO-1029,DC_NORTH,2023-06-26,698,202
NWO-1029,DC_NORTH,2023-07-03,738,222
NWO-1029,DC_NORTH,2023-07-10,584,256
NWO-1029,DC_NORTH,2023-07-17,511,290
NWO-1029,DC_NORTH,2023-07-24,507,266
NWO-1029,DC_NORTH,2023-07-31,738,242
NWO-1029,DC_NORTH,2023-08-07,636,297
NWO-1029,DC_NORTH,2023-08-14,592,213
NWO-1029,DC_NORTH,2023-08-21,539,256
NWO-1029,DC_NORTH,2023-08-28,554,248
NWO-1029,DC_NORTH,2023-09-04,725,188
NWO-1029,DC_NORTH,2023-09-11,459,219
NWO-1029,DC_NORTH,2023-09-18,610,196
NWO-1029,DC_NORTH,2023-09-25,584,213
NWO-1029,DC_NORTH,2023-10-02,604,221
NWO-1029,DC_NORTH,2023-10-09,645,199
NWO-1029,DC_NORTH,2023-10-16,626,275
NWO-1029,DC_NORTH,2023-10-23,707,254
NWO-1029,DC_NORTH,2023-10-30,627,348
NWO-1029,DC_NORTH,2023-11-06,887,302
NWO-1029,DC_NORTH,2023-11-13,695,347
NWO-1029,DC_NORTH,2023-11-20,1129,350
NWO-1029,DC_NORTH,2023-11-27,995,269
NWO-1029,DC_NORTH,2023-12-04,573,217
NWO-1029,DC_NORTH,2023-12-11,693,389
NWO-1029,DC_NORTH,2023-12-18,1154,302
NWO-1029,DC_NORTH,2023-12-25,666,177
NWO-1029,DC_NORTH,2024-01-01,487,219
NWO-1029,DC_NORTH,2024-01-08,573,193
NWO-1029,DC_NORTH,2024-01-15,426,240
NWO-1029,DC_NORTH,2024-01-22,561,235
NWO-1029,DC_NORTH,2024-01-29,511,171
NWO-1029,DC_NORTH,2024-02-05,559,144
NWO-1029,DC_NORTH,2024-02-12,512,226
NWO-1029,DC_NORTH,2024-02-19,571,194
NWO-1029,DC_NORTH,2024-02-26,436,214
NWO-1029,DC_NORTH,2024-03-04,510,157
NWO-1029,DC_NORTH,2024-03-11,529,183
NWO-1029,DC_NORTH,2024-03-18,619,246
NWO-1029,DC_NORTH,2024-03-25,746,248
NWO-1029,DC_NORTH,2024-04-01,578,368
NWO-1029,DC_NORTH,2024-04-08,842,457
NWO-1029,DC_NORTH,2024-04-15,1224,438
NWO-1029,DC_NORTH,2024-04-22,924,192
NWO-1029,DC_NORTH,2024-04-29,607,218
NWO-1029,DC_NORTH,2024-05-06,591,153
NWO-1029,DC_NORTH,2024-05-13,410,258
NWO-1029,DC_NORTH,2024-05-20,693,260
NWO-1029,DC_NORTH,2024-05-27,775,224
NWO-1029,DC_NORTH,2024-06-03,641,229
NWO-1029,DC_NORTH,2024-06-10,751,158
NWO-1029,DC_NORTH,2024-06-17,337,295
NWO-1029,DC_NORTH,2024-06-24,800,289
NWO-1029,DC_NORTH,2024-07-01,860,399
NWO-1029,DC_NORTH,2024-07-08,1056,343
NWO-1029,DC_NORTH,2024-07-15,1290,474
NWO-1029,DC_NORTH,2024-07-22,1507,209
NWO-1029,DC_NORTH,2024-07-29,825,299
NWO-1029,DC_NORTH,2024-08-05,583,198
NWO-1029,DC_NORTH,2024-08-12,618,304
NWO-1029,DC_NORTH,2024-08-19,712,211
NWO-1029,DC_NORTH,2024-08-26,734,177
NWO-1029,DC_NORTH,2024-09-02,462,200
NWO-1029,DC_NORTH,2024-09-09,522,218
NWO-1029,DC_NORTH,2024-09-16,704,197
NWO-1029,DC_NORTH,2024-09-23,535,199
NWO-1029,DC_NORTH,2024-09-30,699,216
NWO-1029,DC_NORTH,2024-10-07,711,205
NWO-1029,DC_NORTH,2024-10-14,552,227
NWO-1029,DC_NORTH,2024-10-21,834,230
NWO-1029,DC_NORTH,2024-10-28,651,356
NWO-1029,DC_NORTH,2024-11-04,765,391
NWO-1029,DC_NORTH,2024-11-11,998,373
NWO-1029,DC_NORTH,2024-11-18,1068,427
NWO-1029,DC_NORTH,2024-11-25,1049,310
NWO-1029,DC_NORTH,2024-12-02,901,290
NWO-1029,DC_NORTH,2024-12-09,920,298
NWO-1029,DC_NORTH,2024-12-16,1051,241
NWO-1029,DC_NORTH,2024-12-23,793,391
NWO-1029,DC_NORTH,2024-12-30,817,150
NWO-1029,DC_NORTH,2025-01-06,410,225
NWO-1029,DC_NORTH,2025-01-13,483,207
NWO-1029,DC_NORTH,2025-01-20,609,145
NWO-1029,DC_NORTH,2025-01-27,429,182
NWO-1029,DC_NORTH,2025-02-03,584,204
NWO-1029,DC_NORTH,2025-02-10,546,200
NWO-1029,DC_NORTH,2025-02-17,627,159
NWO-1029,DC_NORTH,2025-02-24,520,238
NWO-1029,DC_NORTH,2025-03-03,511,187
NWO-1029,DC_NORTH,2025-03-10,577,245
NWO-1029,DC_NORTH,2025-03-17,546,160
NWO-1029,DC_NORTH,2025-03-24,357,168
NWO-1029,DC_NORTH,2025-03-31,580,228
NWO-1029,DC_NORTH,2025-04-07,707,199
NWO-1029,DC_NORTH,2025-04-14,638,218
NWO-1029,DC_NORTH,2025-04-21,656,246
NWO-1029,DC_NORTH,2025-04-28,539,216
NWO-1029,DC_NORTH,2025-05-05,799,171
NWO-1029,DC_NORTH,2025-05-12,519,214
NWO-1029,DC_NORTH,2025-05-19,515,252
NWO-1029,DC_NORTH,2025-05-26,793,291
NWO-1029,DC_NORTH,2025-06-02,598,289
NWO-1029,DC_NORTH,2025-06-09,533,305
NWO-1029,DC_NORTH,2025-06-16,804,216
NWO-1029,DC_NORTH,2025-06-23,617,162
NWO-1029,DC_NORTH,2025-06-30,583,207
NWO-1029,DC_NORTH,2025-07-07,700,280
NWO-1029,DC_NORTH,2025-07-14,647,240
NWO-1029,DC_NORTH,2025-07-21,651,304
NWO-1029,DC_NORTH,2025-07-28,573,315
NWO-1029,DC_NORTH,2025-08-04,841,219
NWO-1029,DC_NORTH,2025-08-11,658,220
NWO-1029,DC_NORTH,2025-08-18,767,238
NWO-1029,DC_NORTH,2025-08-25,812,156
NWO-1029,DC_NORTH,2025-09-01,466,179
NWO-1029,DC_NORTH,2025-09-08,571,175
NWO-1029,DC_NORTH,2025-09-15,588,213
NWO-1029,DC_NORTH,2025-09-22,718,147
NWO-1029,DC_NORTH,2025-09-29,508,164
NWO-1029,DC_NORTH,2025-10-06,410,216
NWO-1029,DC_NORTH,2025-10-13,618,225
NWO-1029,DC_NORTH,2025-10-20,432,218
NWO-1029,DC_NORTH,2025-10-27,562,332
NWO-1029,DC_NORTH,2025-11-03,943,305
NWO-1029,DC_NORTH,2025-11-10,969,383
NWO-1029,DC_NORTH,2025-11-17,722,316
NWO-1029,DC_NORTH,2025-11-24,773,407
NWO-1029,DC_NORTH,2025-12-01,1149,283
NWO-1029,DC_NORTH,2025-12-08,719,267
NWO-1029,DC_NORTH,2025-12-15,611,344
NWO-1029,DC_NORTH,2025-12-22,1104,459
NWO-1029,DC_NORTH,2025-12-29,1051,100
NWO-1029,DC_NORTH,2026-01-05,306,157
NWO-1029,DC_NORTH,2026-01-12,362,224
NWO-1029,DC_NORTH,2026-01-19,435,128
NWO-1029,DC_NORTH,2026-01-26,544,175
NWO-1029,DC_NORTH,2026-02-02,405,211
NWO-1029,DC_NORTH,2026-02-09,630,152
NWO-1029,DC_NORTH,2026-02-16,449,178
NWO-1029,DC_NORTH,2026-02-23,396,222
NWO-1029,DC_NORTH,2026-03-02,485,243
NWO-1029,DC_NORTH,2026-03-09,532,250
NWO-1029,DC_NORTH,2026-03-16,735,224
NWO-1029,DC_NORTH,2026-03-23,726,201
NWO-1029,DC_NORTH,2026-03-30,483,204
NWO-1029,DC_NORTH,2026-04-06,512,205
NWO-1029,DC_NORTH,2026-04-13,549,227
NWO-1029,DC_NORTH,2026-04-20,544,158
NWO-1029,DC_NORTH,2026-04-27,510,185
NWO-1029,DC_NORTH,2026-05-04,444,232
NWO-1029,DC_NORTH,2026-05-11,727,196
NWO-1029,DC_NORTH,2026-05-18,487,214
NWO-1029,DC_NORTH,2026-05-25,536,184
NWO-1029,DC_NORTH,2026-06-01,569,230
NWO-1029,DC_SOUTH,2023-06-05,1475,700
NWO-1029,DC_SOUTH,2023-06-12,1628,510
NWO-1029,DC_SOUTH,2023-06-19,1869,502
NWO-1029,DC_SOUTH,2023-06-26,1629,654
NWO-1029,DC_SOUTH,2023-07-03,1566,593
NWO-1029,DC_SOUTH,2023-07-10,1832,783
NWO-1029,DC_SOUTH,2023-07-17,1565,872
NWO-1029,DC_SOUTH,2023-07-24,2824,612
NWO-1029,DC_SOUTH,2023-07-31,1356,598
NWO-1029,DC_SOUTH,2023-08-07,1388,752
NWO-1029,DC_SOUTH,2023-08-14,1596,592
NWO-1029,DC_SOUTH,2023-08-21,1603,573
NWO-1029,DC_SOUTH,2023-08-28,1623,461
NWO-1029,DC_SOUTH,2023-09-04,1644,646
NWO-1029,DC_SOUTH,2023-09-11,1349,390
NWO-1029,DC_SOUTH,2023-09-18,1378,618
NWO-1029,DC_SOUTH,2023-09-25,1489,559
NWO-1029,DC_SOUTH,2023-10-02,1692,795
NWO-1029,DC_SOUTH,2023-10-09,1797,519
NWO-1029,DC_SOUTH,2023-10-16,1552,614
NWO-1029,DC_SOUTH,2023-10-23,1252,721
NWO-1029,DC_SOUTH,2023-10-30,1646,862
NWO-1029,DC_SOUTH,2023-11-06,1949,819
NWO-1029,DC_SOUTH,2023-11-13,1939,979
NWO-1029,DC_SOUTH,2023-11-20,2162,850
NWO-1029,DC_SOUTH,2023-11-27,1916,959
NWO-1029,DC_SOUTH,2023-12-04,2169,1029
NWO-1029,DC_SOUTH,2023-12-11,3041,1124
NWO-1029,DC_SOUTH,2023-12-18,3092,1100
NWO-1029,DC_SOUTH,2023-12-25,2077,377
NWO-1029,DC_SOUTH,2024-01-01,1237,539
NWO-1029,DC_SOUTH,2024-01-08,948,571
NWO-1029,DC_SOUTH,2024-01-15,1562,405
NWO-1029,DC_SOUTH,2024-01-22,1572,473
NWO-1029,DC_SOUTH,2024-01-29,1302,568
NWO-1029,DC_SOUTH,2024-02-05,1432,445
NWO-1029,DC_SOUTH,2024-02-12,1138,440
NWO-1029,DC_SOUTH,2024-02-19,1018,472
NWO-1029,DC_SOUTH,2024-02-26,975,514
NWO-1029,DC_SOUTH,2024-03-04,1630,500
NWO-1029,DC_SOUTH,2024-03-11,1542,658
NWO-1029,DC_SOUTH,2024-03-18,1403,563
NWO-1029,DC_SOUTH,2024-03-25,1227,595
NWO-1029,DC_SOUTH,2024-04-01,2319,670
NWO-1029,DC_SOUTH,2024-04-08,2242,764
NWO-1029,DC_SOUTH,2024-04-15,1629,624
NWO-1029,DC_SOUTH,2024-04-22,1300,421
NWO-1029,DC_SOUTH,2024-04-29,1189,546
NWO-1029,DC_SOUTH,2024-05-06,1613,649
NWO-1029,DC_SOUTH,2024-05-13,1681,563
NWO-1029,DC_SOUTH,2024-05-20,1689,725
NWO-1029,DC_SOUTH,2024-05-27,2055,678
NWO-1029,DC_SOUTH,2024-06-03,1883,669
NWO-1029,DC_SOUTH,2024-06-10,1709,804
NWO-1029,DC_SOUTH,2024-06-17,1516,704
NWO-1029,DC_SOUTH,2024-06-24,1580,782
NWO-1029,DC_SOUTH,2024-07-01,1932,692
NWO-1029,DC_SOUTH,2024-07-08,1730,539
NWO-1029,DC_SOUTH,2024-07-15,1734,800
NWO-1029,DC_SOUTH,2024-07-22,2003,724
NWO-1029,DC_SOUTH,2024-07-29,2053,488
NWO-1029,DC_SOUTH,2024-08-05,1467,638
NWO-1029,DC_SOUTH,2024-08-12,1479,508
NWO-1029,DC_SOUTH,2024-08-19,1343,598
NWO-1029,DC_SOUTH,2024-08-26,1955,628
NWO-1029,DC_SOUTH,2024-09-02,1508,550
NWO-1029,DC_SOUTH,2024-09-09,1268,723
NWO-1029,DC_SOUTH,2024-09-16,1293,530
NWO-1029,DC_SOUTH,2024-09-23,1100,801
NWO-1029,DC_SOUTH,2024-09-30,2055,581
NWO-1029,DC_SOUTH,2024-10-07,1709,621
NWO-1029,DC_SOUTH,2024-10-14,2123,677
NWO-1029,DC_SOUTH,2024-10-21,1984,548
NWO-1029,DC_SOUTH,2024-10-28,2070,702
NWO-1029,DC_SOUTH,2024-11-04,2143,692
NWO-1029,DC_SOUTH,2024-11-11,2221,1046
NWO-1029,DC_SOUTH,2024-11-18,3010,1075
NWO-1029,DC_SOUTH,2024-11-25,2149,981
NWO-1029,DC_SOUTH,2024-12-02,2962,941
NWO-1029,DC_SOUTH,2024-12-09,2461,759
NWO-1029,DC_SOUTH,2024-12-16,2427,967
NWO-1029,DC_SOUTH,2024-12-23,1870,761
NWO-1029,DC_SOUTH,2024-12-30,2799,467
NWO-1029,DC_SOUTH,2025-01-06,1046,525
NWO-1029,DC_SOUTH,2025-01-13,1217,402
NWO-1029,DC_SOUTH,2025-01-20,1307,482
NWO-1029,DC_SOUTH,2025-01-27,1154,413
NWO-1029,DC_SOUTH,2025-02-03,1385,398
NWO-1029,DC_SOUTH,2025-02-10,1255,497
NWO-1029,DC_SOUTH,2025-02-17,1166,528
NWO-1029,DC_SOUTH,2025-02-24,1467,565
NWO-1029,DC_SOUTH,2025-03-03,1248,542
NWO-1029,DC_SOUTH,2025-03-10,1425,538
NWO-1029,DC_SOUTH,2025-03-17,2095,434
NWO-1029,DC_SOUTH,2025-03-24,1407,502
NWO-1029,DC_SOUTH,2025-03-31,1886,453
NWO-1029,DC_SOUTH,2025-04-07,1194,513
NWO-1029,DC_SOUTH,2025-04-14,1426,512
NWO-1029,DC_SOUTH,2025-04-21,1943,499
NWO-1029,DC_SOUTH,2025-04-28,1225,584
NWO-1029,DC_SOUTH,2025-05-05,1335,497
NWO-1029,DC_SOUTH,2025-05-12,1924,632
NWO-1029,DC_SOUTH,2025-05-19,2258,678
NWO-1029,DC_SOUTH,2025-05-26,1984,682
NWO-1029,DC_SOUTH,2025-06-02,1486,650
NWO-1029,DC_SOUTH,2025-06-09,1907,680
NWO-1029,DC_SOUTH,2025-06-16,1919,409
NWO-1029,DC_SOUTH,2025-06-23,1309,502
NWO-1029,DC_SOUTH,2025-06-30,1928,787
NWO-1029,DC_SOUTH,2025-07-07,1916,580
NWO-1029,DC_SOUTH,2025-07-14,1217,628
NWO-1029,DC_SOUTH,2025-07-21,1616,549
NWO-1029,DC_SOUTH,2025-07-28,1987,707
NWO-1029,DC_SOUTH,2025-08-04,2369,492
NWO-1029,DC_SOUTH,2025-08-11,1947,581
NWO-1029,DC_SOUTH,2025-08-18,1591,638
NWO-1029,DC_SOUTH,2025-08-25,1618,585
NWO-1029,DC_SOUTH,2025-09-01,2167,594
NWO-1029,DC_SOUTH,2025-09-08,1541,727
NWO-1029,DC_SOUTH,2025-09-15,1363,526
NWO-1029,DC_SOUTH,2025-09-22,1404,492
NWO-1029,DC_SOUTH,2025-09-29,1243,615
NWO-1029,DC_SOUTH,2025-10-06,1806,698
NWO-1029,DC_SOUTH,2025-10-13,1329,737
NWO-1029,DC_SOUTH,2025-10-20,1585,569
NWO-1029,DC_SOUTH,2025-10-27,1839,907
NWO-1029,DC_SOUTH,2025-11-03,1664,616
NWO-1029,DC_SOUTH,2025-11-10,1707,775
NWO-1029,DC_SOUTH,2025-11-17,2690,778
NWO-1029,DC_SOUTH,2025-11-24,2201,880
NWO-1029,DC_SOUTH,2025-12-01,2054,870
NWO-1029,DC_SOUTH,2025-12-08,2524,596
NWO-1029,DC_SOUTH,2025-12-15,1980,799
NWO-1029,DC_SOUTH,2025-12-22,2147,962
NWO-1029,DC_SOUTH,2025-12-29,1903,511
NWO-1029,DC_SOUTH,2026-01-05,1045,339
NWO-1029,DC_SOUTH,2026-01-12,1019,374
NWO-1029,DC_SOUTH,2026-01-19,1275,402
NWO-1029,DC_SOUTH,2026-01-26,1088,531
NWO-1029,DC_SOUTH,2026-02-02,1227,460
NWO-1029,DC_SOUTH,2026-02-09,1542,465
NWO-1029,DC_SOUTH,2026-02-16,1669,366
NWO-1029,DC_SOUTH,2026-02-23,1291,553
NWO-1029,DC_SOUTH,2026-03-02,1693,707
NWO-1029,DC_SOUTH,2026-03-09,1332,640
NWO-1029,DC_SOUTH,2026-03-16,1772,618
NWO-1029,DC_SOUTH,2026-03-23,1828,733
NWO-1029,DC_SOUTH,2026-03-30,2137,596
NWO-1029,DC_SOUTH,2026-04-06,1675,524
NWO-1029,DC_SOUTH,2026-04-13,1380,653
NWO-1029,DC_SOUTH,2026-04-20,1905,741
NWO-1029,DC_SOUTH,2026-04-27,1483,532
NWO-1029,DC_SOUTH,2026-05-04,2052,728
NWO-1029,DC_SOUTH,2026-05-11,1770,555
NWO-1029,DC_SOUTH,2026-05-18,1249,633
NWO-1029,DC_SOUTH,2026-05-25,1964,684
NWO-1029,DC_SOUTH,2026-06-01,1303,557
NWO-1029,DC_WEST,2023-06-05,1329,565
NWO-1029,DC_WEST,2023-06-12,1741,484
NWO-1029,DC_WEST,2023-06-19,1156,476
NWO-1029,DC_WEST,2023-06-26,1266,589
NWO-1029,DC_WEST,2023-07-03,1392,541
NWO-1029,DC_WEST,2023-07-10,1685,579
NWO-1029,DC_WEST,2023-07-17,1768,408
NWO-1029,DC_WEST,2023-07-24,960,438
NWO-1029,DC_WEST,2023-07-31,1081,467
NWO-1029,DC_WEST,2023-08-07,1563,510
NWO-1029,DC_WEST,2023-08-14,949,401
NWO-1029,DC_WEST,2023-08-21,804,381
NWO-1029,DC_WEST,2023-08-28,1387,489
NWO-1029,DC_WEST,2023-09-04,1236,400
NWO-1029,DC_WEST,2023-09-11,1272,430
NWO-1029,DC_WEST,2023-09-18,1069,420
NWO-1029,DC_WEST,2023-09-25,1283,513
NWO-1029,DC_WEST,2023-10-02,1083,434
NWO-1029,DC_WEST,2023-10-09,1090,356
NWO-1029,DC_WEST,2023-10-16,1157,433
NWO-1029,DC_WEST,2023-10-23,1247,482
NWO-1029,DC_WEST,2023-10-30,1510,687
NWO-1029,DC_WEST,2023-11-06,1610,688
NWO-1029,DC_WEST,2023-11-13,2323,485
NWO-1029,DC_WEST,2023-11-20,1840,841
NWO-1029,DC_WEST,2023-11-27,2553,830
NWO-1029,DC_WEST,2023-12-04,1540,615
NWO-1029,DC_WEST,2023-12-11,1611,768
NWO-1029,DC_WEST,2023-12-18,2115,526
NWO-1029,DC_WEST,2023-12-25,2049,480
NWO-1029,DC_WEST,2024-01-01,1132,422
NWO-1029,DC_WEST,2024-01-08,757,337
NWO-1029,DC_WEST,2024-01-15,1274,281
NWO-1029,DC_WEST,2024-01-22,1124,464
NWO-1029,DC_WEST,2024-01-29,1178,358
NWO-1029,DC_WEST,2024-02-05,1008,283
NWO-1029,DC_WEST,2024-02-12,917,330
NWO-1029,DC_WEST,2024-02-19,980,365
NWO-1029,DC_WEST,2024-02-26,865,506
NWO-1029,DC_WEST,2024-03-04,1408,430
NWO-1029,DC_WEST,2024-03-11,1555,542
NWO-1029,DC_WEST,2024-03-18,1058,333
NWO-1029,DC_WEST,2024-03-25,1306,310
NWO-1029,DC_WEST,2024-04-01,948,409
NWO-1029,DC_WEST,2024-04-08,1578,447
NWO-1029,DC_WEST,2024-04-15,1225,483
NWO-1029,DC_WEST,2024-04-22,1276,325
NWO-1029,DC_WEST,2024-04-29,847,501
NWO-1029,DC_WEST,2024-05-06,1294,346
NWO-1029,DC_WEST,2024-05-13,956,417
NWO-1029,DC_WEST,2024-05-20,1520,344
NWO-1029,DC_WEST,2024-05-27,1176,568
NWO-1029,DC_WEST,2024-06-03,1434,475
NWO-1029,DC_WEST,2024-06-10,1102,463
NWO-1029,DC_WEST,2024-06-17,1275,577
NWO-1029,DC_WEST,2024-06-24,1437,421
NWO-1029,DC_WEST,2024-07-01,1030,551
NWO-1029,DC_WEST,2024-07-08,1692,511
NWO-1029,DC_WEST,2024-07-15,1433,461
NWO-1029,DC_WEST,2024-07-22,1390,448
NWO-1029,DC_WEST,2024-07-29,1057,518
NWO-1029,DC_WEST,2024-08-05,1109,661
NWO-1029,DC_WEST,2024-08-12,1638,507
NWO-1029,DC_WEST,2024-08-19,1499,346
NWO-1029,DC_WEST,2024-08-26,1224,575
NWO-1029,DC_WEST,2024-09-02,1491,513
NWO-1029,DC_WEST,2024-09-09,1529,425
NWO-1029,DC_WEST,2024-09-16,1366,348
NWO-1029,DC_WEST,2024-09-23,864,424
NWO-1029,DC_WEST,2024-09-30,1272,440
NWO-1029,DC_WEST,2024-10-07,1703,510
NWO-1029,DC_WEST,2024-10-14,1594,337
NWO-1029,DC_WEST,2024-10-21,1040,416
NWO-1029,DC_WEST,2024-10-28,1099,718
NWO-1029,DC_WEST,2024-11-04,1539,680
NWO-1029,DC_WEST,2024-11-11,1656,532
NWO-1029,DC_WEST,2024-11-18,1600,574
NWO-1029,DC_WEST,2024-11-25,1136,733
NWO-1029,DC_WEST,2024-12-02,1531,564
NWO-1029,DC_WEST,2024-12-09,1693,712
NWO-1029,DC_WEST,2024-12-16,1990,552
NWO-1029,DC_WEST,2024-12-23,1662,862
NWO-1029,DC_WEST,2024-12-30,1915,344
NWO-1029,DC_WEST,2025-01-06,1182,415
NWO-1029,DC_WEST,2025-01-13,1142,369
NWO-1029,DC_WEST,2025-01-20,1400,485
NWO-1029,DC_WEST,2025-01-27,813,237
NWO-1029,DC_WEST,2025-02-03,821,326
NWO-1029,DC_WEST,2025-02-10,721,373
NWO-1029,DC_WEST,2025-02-17,880,331
NWO-1029,DC_WEST,2025-02-24,773,447
NWO-1029,DC_WEST,2025-03-03,966,443
NWO-1029,DC_WEST,2025-03-10,1483,294
NWO-1029,DC_WEST,2025-03-17,811,497
NWO-1029,DC_WEST,2025-03-24,1807,482
NWO-1029,DC_WEST,2025-03-31,1090,467
NWO-1029,DC_WEST,2025-04-07,1191,442
NWO-1029,DC_WEST,2025-04-14,1413,414
NWO-1029,DC_WEST,2025-04-21,1270,356
NWO-1029,DC_WEST,2025-04-28,930,461
NWO-1029,DC_WEST,2025-05-05,1369,481
NWO-1029,DC_WEST,2025-05-12,1159,511
NWO-1029,DC_WEST,2025-05-19,1068,487
NWO-1029,DC_WEST,2025-05-26,1378,617
NWO-1029,DC_WEST,2025-06-02,1295,428
NWO-1029,DC_WEST,2025-06-09,1552,418
NWO-1029,DC_WEST,2025-06-16,1245,486
NWO-1029,DC_WEST,2025-06-23,1806,643
NWO-1029,DC_WEST,2025-06-30,1274,408
NWO-1029,DC_WEST,2025-07-07,1516,513
NWO-1029,DC_WEST,2025-07-14,1437,550
NWO-1029,DC_WEST,2025-07-21,1393,547
NWO-1029,DC_WEST,2025-07-28,1360,457
NWO-1029,DC_WEST,2025-08-04,1279,394
NWO-1029,DC_WEST,2025-08-11,1072,528
NWO-1029,DC_WEST,2025-08-18,1402,435
NWO-1029,DC_WEST,2025-08-25,1042,384
NWO-1029,DC_WEST,2025-09-01,1165,384
NWO-1029,DC_WEST,2025-09-08,1381,401
NWO-1029,DC_WEST,2025-09-15,1317,351
NWO-1029,DC_WEST,2025-09-22,796,394
NWO-1029,DC_WEST,2025-09-29,1400,511
NWO-1029,DC_WEST,2025-10-06,1156,357
NWO-1029,DC_WEST,2025-10-13,994,367
NWO-1029,DC_WEST,2025-10-20,1012,471
NWO-1029,DC_WEST,2025-10-27,1239,709
NWO-1029,DC_WEST,2025-11-03,1968,635
NWO-1029,DC_WEST,2025-11-10,1971,802
NWO-1029,DC_WEST,2025-11-17,1453,740
NWO-1029,DC_WEST,2025-11-24,2224,511
NWO-1029,DC_WEST,2025-12-01,1640,648
NWO-1029,DC_WEST,2025-12-08,1914,808
NWO-1029,DC_WEST,2025-12-15,1608,644
NWO-1029,DC_WEST,2025-12-22,1235,752
NWO-1029,DC_WEST,2025-12-29,2177,303
NWO-1029,DC_WEST,2026-01-05,805,313
NWO-1029,DC_WEST,2026-01-12,1043,322
NWO-1029,DC_WEST,2026-01-19,714,368
NWO-1029,DC_WEST,2026-01-26,915,282
NWO-1029,DC_WEST,2026-02-02,907,340
NWO-1029,DC_WEST,2026-02-09,897,430
NWO-1029,DC_WEST,2026-02-16,1270,279
NWO-1029,DC_WEST,2026-02-23,669,469
NWO-1029,DC_WEST,2026-03-02,1343,582
NWO-1029,DC_WEST,2026-03-09,1043,381
NWO-1029,DC_WEST,2026-03-16,931,417
NWO-1029,DC_WEST,2026-03-23,1206,333
NWO-1029,DC_WEST,2026-03-30,823,486
NWO-1029,DC_WEST,2026-04-06,1285,468
NWO-1029,DC_WEST,2026-04-13,1431,436
NWO-1029,DC_WEST,2026-04-20,1114,597
NWO-1029,DC_WEST,2026-04-27,1493,431
NWO-1029,DC_WEST,2026-05-04,1094,496
NWO-1029,DC_WEST,2026-05-11,1203,371
NWO-1029,DC_WEST,2026-05-18,1005,447
NWO-1029,DC_WEST,2026-05-25,1400,480
NWO-1029,DC_WEST,2026-06-01,1652,673
NWO-1030,DC_NORTH,2023-06-05,431,257
NWO-1030,DC_NORTH,2023-06-12,531,207
NWO-1030,DC_NORTH,2023-06-19,432,213
NWO-1030,DC_NORTH,2023-06-26,611,164
NWO-1030,DC_NORTH,2023-07-03,329,189
NWO-1030,DC_NORTH,2023-07-10,660,222
NWO-1030,DC_NORTH,2023-07-17,604,151
NWO-1030,DC_NORTH,2023-07-24,311,139
NWO-1030,DC_NORTH,2023-07-31,466,125
NWO-1030,DC_NORTH,2023-08-07,408,170
NWO-1030,DC_NORTH,2023-08-14,571,201
NWO-1030,DC_NORTH,2023-08-21,606,180
NWO-1030,DC_NORTH,2023-08-28,571,148
NWO-1030,DC_NORTH,2023-09-04,490,133
NWO-1030,DC_NORTH,2023-09-11,489,190
NWO-1030,DC_NORTH,2023-09-18,561,211
NWO-1030,DC_NORTH,2023-09-25,678,179
NWO-1030,DC_NORTH,2023-10-02,547,179
NWO-1030,DC_NORTH,2023-10-09,499,218
NWO-1030,DC_NORTH,2023-10-16,513,159
NWO-1030,DC_NORTH,2023-10-23,417,232
NWO-1030,DC_NORTH,2023-10-30,611,232
NWO-1030,DC_NORTH,2023-11-06,492,307
NWO-1030,DC_NORTH,2023-11-13,553,268
NWO-1030,DC_NORTH,2023-11-20,603,265
NWO-1030,DC_NORTH,2023-11-27,726,249
NWO-1030,DC_NORTH,2023-12-04,500,235
NWO-1030,DC_NORTH,2023-12-11,808,376
NWO-1030,DC_NORTH,2023-12-18,869,260
NWO-1030,DC_NORTH,2023-12-25,671,147
NWO-1030,DC_NORTH,2024-01-01,408,133
NWO-1030,DC_NORTH,2024-01-08,310,141
NWO-1030,DC_NORTH,2024-01-15,384,109
NWO-1030,DC_NORTH,2024-01-22,356,176
NWO-1030,DC_NORTH,2024-01-29,443,106
NWO-1030,DC_NORTH,2024-02-05,388,158
NWO-1030,DC_NORTH,2024-02-12,450,153
NWO-1030,DC_NORTH,2024-02-19,367,188
NWO-1030,DC_NORTH,2024-02-26,413,201
NWO-1030,DC_NORTH,2024-03-04,409,163
NWO-1030,DC_NORTH,2024-03-11,341,233
NWO-1030,DC_NORTH,2024-03-18,567,226
NWO-1030,DC_NORTH,2024-03-25,748,116
NWO-1030,DC_NORTH,2024-04-01,309,132
NWO-1030,DC_NORTH,2024-04-08,397,170
NWO-1030,DC_NORTH,2024-04-15,695,125
NWO-1030,DC_NORTH,2024-04-22,322,139
NWO-1030,DC_NORTH,2024-04-29,345,179
NWO-1030,DC_NORTH,2024-05-06,396,191
NWO-1030,DC_NORTH,2024-05-13,654,194
NWO-1030,DC_NORTH,2024-05-20,413,200
NWO-1030,DC_NORTH,2024-05-27,460,171
NWO-1030,DC_NORTH,2024-06-03,705,213
NWO-1030,DC_NORTH,2024-06-10,484,245
NWO-1030,DC_NORTH,2024-06-17,648,203
NWO-1030,DC_NORTH,2024-06-24,629,158
NWO-1030,DC_NORTH,2024-07-01,337,231
NWO-1030,DC_NORTH,2024-07-08,485,176
NWO-1030,DC_NORTH,2024-07-15,418,206
NWO-1030,DC_NORTH,2024-07-22,507,191
NWO-1030,DC_NORTH,2024-07-29,438,157
NWO-1030,DC_NORTH,2024-08-05,495,160
NWO-1030,DC_NORTH,2024-08-12,589,162
NWO-1030,DC_NORTH,2024-08-19,510,149
NWO-1030,DC_NORTH,2024-08-26,504,154
NWO-1030,DC_NORTH,2024-09-02,553,187
NWO-1030,DC_NORTH,2024-09-09,361,205
NWO-1030,DC_NORTH,2024-09-16,604,170
NWO-1030,DC_NORTH,2024-09-23,498,166
NWO-1030,DC_NORTH,2024-09-30,483,167
NWO-1030,DC_NORTH,2024-10-07,524,162
NWO-1030,DC_NORTH,2024-10-14,338,200
NWO-1030,DC_NORTH,2024-10-21,610,163
NWO-1030,DC_NORTH,2024-10-28,473,207
NWO-1030,DC_NORTH,2024-11-04,546,137
NWO-1030,DC_NORTH,2024-11-11,528,228
NWO-1030,DC_NORTH,2024-11-18,776,260
NWO-1030,DC_NORTH,2024-11-25,580,237
NWO-1030,DC_NORTH,2024-12-02,416,199
NWO-1030,DC_NORTH,2024-12-09,754,363
NWO-1030,DC_NORTH,2024-12-16,963,204
NWO-1030,DC_NORTH,2024-12-23,725,151
NWO-1030,DC_NORTH,2024-12-30,509,95
NWO-1030,DC_NORTH,2025-01-06,344,164
NWO-1030,DC_NORTH,2025-01-13,385,129
NWO-1030,DC_NORTH,2025-01-20,317,88
NWO-1030,DC_NORTH,2025-01-27,286,165
NWO-1030,DC_NORTH,2025-02-03,490,153
NWO-1030,DC_NORTH,2025-02-10,397,157
NWO-1030,DC_NORTH,2025-02-17,456,148
NWO-1030,DC_NORTH,2025-02-24,321,164
NWO-1030,DC_NORTH,2025-03-03,373,217
NWO-1030,DC_NORTH,2025-03-10,549,188
NWO-1030,DC_NORTH,2025-03-17,565,117
NWO-1030,DC_NORTH,2025-03-24,309,257
NWO-1030,DC_NORTH,2025-03-31,742,130
NWO-1030,DC_NORTH,2025-04-07,334,150
NWO-1030,DC_NORTH,2025-04-14,503,126
NWO-1030,DC_NORTH,2025-04-21,304,166
NWO-1030,DC_NORTH,2025-04-28,461,153
NWO-1030,DC_NORTH,2025-05-05,398,205
NWO-1030,DC_NORTH,2025-05-12,460,125
NWO-1030,DC_NORTH,2025-05-19,454,183
NWO-1030,DC_NORTH,2025-05-26,653,220
NWO-1030,DC_NORTH,2025-06-02,596,199
NWO-1030,DC_NORTH,2025-06-09,634,229
NWO-1030,DC_NORTH,2025-06-16,662,216
NWO-1030,DC_NORTH,2025-06-23,452,186
NWO-1030,DC_NORTH,2025-06-30,413,197
NWO-1030,DC_NORTH,2025-07-07,431,150
NWO-1030,DC_NORTH,2025-07-14,445,222
NWO-1030,DC_NORTH,2025-07-21,662,161
NWO-1030,DC_NORTH,2025-07-28,485,204
NWO-1030,DC_NORTH,2025-08-04,640,170
NWO-1030,DC_NORTH,2025-08-11,534,169
NWO-1030,DC_NORTH,2025-08-18,469,142
NWO-1030,DC_NORTH,2025-08-25,340,157
NWO-1030,DC_NORTH,2025-09-01,466,187
NWO-1030,DC_NORTH,2025-09-08,561,206
NWO-1030,DC_NORTH,2025-09-15,680,207
NWO-1030,DC_NORTH,2025-09-22,452,162
NWO-1030,DC_NORTH,2025-09-29,504,159
NWO-1030,DC_NORTH,2025-10-06,573,165
NWO-1030,DC_NORTH,2025-10-13,365,192
NWO-1030,DC_NORTH,2025-10-20,322,163
NWO-1030,DC_NORTH,2025-10-27,327,183
NWO-1030,DC_NORTH,2025-11-03,408,154
NWO-1030,DC_NORTH,2025-11-10,568,141
NWO-1030,DC_NORTH,2025-11-17,445,165
NWO-1030,DC_NORTH,2025-11-24,329,103
NWO-1030,DC_NORTH,2025-12-01,355,85
NWO-1030,DC_NORTH,2025-12-08,212,64
NWO-1030,DC_NORTH,2025-12-15,161,104
NWO-1030,DC_NORTH,2025-12-22,287,54
NWO-1030,DC_NORTH,2025-12-29,205,19
NWO-1030,DC_NORTH,2026-01-05,64,13
NWO-1030,DC_NORTH,2026-01-12,35,6
NWO-1030,DC_NORTH,2026-01-19,14,8
NWO-1030,DC_SOUTH,2023-06-05,1868,587
NWO-1030,DC_SOUTH,2023-06-12,1808,865
NWO-1030,DC_SOUTH,2023-06-19,2643,464
NWO-1030,DC_SOUTH,2023-06-26,1822,653
NWO-1030,DC_SOUTH,2023-07-03,1224,507
NWO-1030,DC_SOUTH,2023-07-10,1453,517
NWO-1030,DC_SOUTH,2023-07-17,1707,417
NWO-1030,DC_SOUTH,2023-07-24,1237,643
NWO-1030,DC_SOUTH,2023-07-31,1400,450
NWO-1030,DC_SOUTH,2023-08-07,1272,502
NWO-1030,DC_SOUTH,2023-08-14,1571,471
NWO-1030,DC_SOUTH,2023-08-21,1123,661
NWO-1030,DC_SOUTH,2023-08-28,1139,327
NWO-1030,DC_SOUTH,2023-09-04,1040,400
NWO-1030,DC_SOUTH,2023-09-11,914,422
NWO-1030,DC_SOUTH,2023-09-18,1235,388
NWO-1030,DC_SOUTH,2023-09-25,870,425
NWO-1030,DC_SOUTH,2023-10-02,1247,513
NWO-1030,DC_SOUTH,2023-10-09,1584,575
NWO-1030,DC_SOUTH,2023-10-16,1233,526
NWO-1030,DC_SOUTH,2023-10-23,1553,433
NWO-1030,DC_SOUTH,2023-10-30,1415,504
NWO-1030,DC_SOUTH,2023-11-06,1319,500
NWO-1030,DC_SOUTH,2023-11-13,1925,587
NWO-1030,DC_SOUTH,2023-11-20,1481,739
NWO-1030,DC_SOUTH,2023-11-27,1533,638
NWO-1030,DC_SOUTH,2023-12-04,2039,776
NWO-1030,DC_SOUTH,2023-12-11,1788,705
NWO-1030,DC_SOUTH,2023-12-18,1822,802
NWO-1030,DC_SOUTH,2023-12-25,1715,435
NWO-1030,DC_SOUTH,2024-01-01,1143,331
NWO-1030,DC_SOUTH,2024-01-08,1133,293
NWO-1030,DC_SOUTH,2024-01-15,974,357
NWO-1030,DC_SOUTH,2024-01-22,1360,400
NWO-1030,DC_SOUTH,2024-01-29,1251,388
NWO-1030,DC_SOUTH,2024-02-05,1124,317
NWO-1030,DC_SOUTH,2024-02-12,815,434
NWO-1030,DC_SOUTH,2024-02-19,1101,448
NWO-1030,DC_SOUTH,2024-02-26,1062,385
NWO-1030,DC_SOUTH,2024-03-04,875,456
NWO-1030,DC_SOUTH,2024-03-11,1030,392
NWO-1030,DC_SOUTH,2024-03-18,1129,350
NWO-1030,DC_SOUTH,2024-03-25,1155,598
NWO-1030,DC_SOUTH,2024-04-01,1634,361
NWO-1030,DC_SOUTH,2024-04-08,1267,473
NWO-1030,DC_SOUTH,2024-04-15,1379,385
NWO-1030,DC_SOUTH,2024-04-22,974,531
NWO-1030,DC_SOUTH,2024-04-29,1458,421
NWO-1030,DC_SOUTH,2024-05-06,1374,401
NWO-1030,DC_SOUTH,2024-05-13,1528,427
NWO-1030,DC_SOUTH,2024-05-20,1292,403
NWO-1030,DC_SOUTH,2024-05-27,1353,490
NWO-1030,DC_SOUTH,2024-06-03,1332,445
NWO-1030,DC_SOUTH,2024-06-10,1513,530
NWO-1030,DC_SOUTH,2024-06-17,1028,545
NWO-1030,DC_SOUTH,2024-06-24,1114,572
NWO-1030,DC_SOUTH,2024-07-01,1572,631
NWO-1030,DC_SOUTH,2024-07-08,1631,611
NWO-1030,DC_SOUTH,2024-07-15,2017,564
NWO-1030,DC_SOUTH,2024-07-22,1928,608
NWO-1030,DC_SOUTH,2024-07-29,1823,522
NWO-1030,DC_SOUTH,2024-08-05,1206,634
NWO-1030,DC_SOUTH,2024-08-12,1319,412
NWO-1030,DC_SOUTH,2024-08-19,1661,356
NWO-1030,DC_SOUTH,2024-08-26,1244,477
NWO-1030,DC_SOUTH,2024-09-02,924,445
NWO-1030,DC_SOUTH,2024-09-09,1624,498
NWO-1030,DC_SOUTH,2024-09-16,1110,360
NWO-1030,DC_SOUTH,2024-09-23,949,530
NWO-1030,DC_SOUTH,2024-09-30,1120,491
NWO-1030,DC_SOUTH,2024-10-07,1409,537
NWO-1030,DC_SOUTH,2024-10-14,1683,355
NWO-1030,DC_SOUTH,2024-10-21,1352,538
NWO-1030,DC_SOUTH,2024-10-28,1473,766
NWO-1030,DC_SOUTH,2024-11-04,2383,706
NWO-1030,DC_SOUTH,2024-11-11,1736,526
NWO-1030,DC_SOUTH,2024-11-18,1375,512
NWO-1030,DC_SOUTH,2024-11-25,2040,895
NWO-1030,DC_SOUTH,2024-12-02,2429,715
NWO-1030,DC_SOUTH,2024-12-09,2046,859
NWO-1030,DC_SOUTH,2024-12-16,2452,555
NWO-1030,DC_SOUTH,2024-12-23,1951,859
NWO-1030,DC_SOUTH,2024-12-30,1902,318
NWO-1030,DC_SOUTH,2025-01-06,878,321
NWO-1030,DC_SOUTH,2025-01-13,1114,453
NWO-1030,DC_SOUTH,2025-01-20,943,378
NWO-1030,DC_SOUTH,2025-01-27,986,449
NWO-1030,DC_SOUTH,2025-02-03,1154,319
NWO-1030,DC_SOUTH,2025-02-10,1118,289
NWO-1030,DC_SOUTH,2025-02-17,731,339
NWO-1030,DC_SOUTH,2025-02-24,1027,499
NWO-1030,DC_SOUTH,2025-03-03,925,464
NWO-1030,DC_SOUTH,2025-03-10,916,428
NWO-1030,DC_SOUTH,2025-03-17,722,436
NWO-1030,DC_SOUTH,2025-03-24,1406,478
NWO-1030,DC_SOUTH,2025-03-31,1256,560
NWO-1030,DC_SOUTH,2025-04-07,1466,401
NWO-1030,DC_SOUTH,2025-04-14,1492,435
NWO-1030,DC_SOUTH,2025-04-21,1103,541
NWO-1030,DC_SOUTH,2025-04-28,1151,442
NWO-1030,DC_SOUTH,2025-05-05,1736,412
NWO-1030,DC_SOUTH,2025-05-12,1560,475
NWO-1030,DC_SOUTH,2025-05-19,1632,532
NWO-1030,DC_SOUTH,2025-05-26,1249,593
NWO-1030,DC_SOUTH,2025-06-02,1205,521
NWO-1030,DC_SOUTH,2025-06-09,1255,464
NWO-1030,DC_SOUTH,2025-06-16,1302,359
NWO-1030,DC_SOUTH,2025-06-23,1251,510
NWO-1030,DC_SOUTH,2025-06-30,1108,472
NWO-1030,DC_SOUTH,2025-07-07,1623,480
NWO-1030,DC_SOUTH,2025-07-14,1713,458
NWO-1030,DC_SOUTH,2025-07-21,1227,536
NWO-1030,DC_SOUTH,2025-07-28,1536,466
NWO-1030,DC_SOUTH,2025-08-04,1204,434
NWO-1030,DC_SOUTH,2025-08-11,1181,490
NWO-1030,DC_SOUTH,2025-08-18,957,462
NWO-1030,DC_SOUTH,2025-08-25,1207,481
NWO-1030,DC_SOUTH,2025-09-01,1265,439
NWO-1030,DC_SOUTH,2025-09-08,1239,530
NWO-1030,DC_SOUTH,2025-09-15,1432,465
NWO-1030,DC_SOUTH,2025-09-22,1431,435
NWO-1030,DC_SOUTH,2025-09-29,1112,456
NWO-1030,DC_SOUTH,2025-10-06,1435,493
NWO-1030,DC_SOUTH,2025-10-13,1355,447
NWO-1030,DC_SOUTH,2025-10-20,1305,429
NWO-1030,DC_SOUTH,2025-10-27,1138,340
NWO-1030,DC_SOUTH,2025-11-03,1220,529
NWO-1030,DC_SOUTH,2025-11-10,1432,466
NWO-1030,DC_SOUTH,2025-11-17,1283,281
NWO-1030,DC_SOUTH,2025-11-24,935,315
NWO-1030,DC_SOUTH,2025-12-01,1058,300
NWO-1030,DC_SOUTH,2025-12-08,656,215
NWO-1030,DC_SOUTH,2025-12-15,612,197
NWO-1030,DC_SOUTH,2025-12-22,689,233
NWO-1030,DC_SOUTH,2025-12-29,627,71
NWO-1030,DC_SOUTH,2026-01-05,226,42
NWO-1030,DC_SOUTH,2026-01-12,145,20
NWO-1030,DC_SOUTH,2026-01-19,53,19
NWO-1030,DC_WEST,2023-06-05,873,470
NWO-1030,DC_WEST,2023-06-12,916,382
NWO-1030,DC_WEST,2023-06-19,1292,415
NWO-1030,DC_WEST,2023-06-26,1209,534
NWO-1030,DC_WEST,2023-07-03,1159,436
NWO-1030,DC_WEST,2023-07-10,1154,458
NWO-1030,DC_WEST,2023-07-17,1069,373
NWO-1030,DC_WEST,2023-07-24,1342,374
NWO-1030,DC_WEST,2023-07-31,1167,327
NWO-1030,DC_WEST,2023-08-07,951,404
NWO-1030,DC_WEST,2023-08-14,1139,323
NWO-1030,DC_WEST,2023-08-21,1131,364
NWO-1030,DC_WEST,2023-08-28,1109,314
NWO-1030,DC_WEST,2023-09-04,1267,341
NWO-1030,DC_WEST,2023-09-11,1042,408
NWO-1030,DC_WEST,2023-09-18,1024,381
NWO-1030,DC_WEST,2023-09-25,1339,382
NWO-1030,DC_WEST,2023-10-02,1246,279
NWO-1030,DC_WEST,2023-10-09,709,323
NWO-1030,DC_WEST,2023-10-16,1043,383
NWO-1030,DC_WEST,2023-10-23,886,429
NWO-1030,DC_WEST,2023-10-30,1107,583
NWO-1030,DC_WEST,2023-11-06,1637,492
NWO-1030,DC_WEST,2023-11-13,1564,485
NWO-1030,DC_WEST,2023-11-20,1403,472
NWO-1030,DC_WEST,2023-11-27,1331,517
NWO-1030,DC_WEST,2023-12-04,1472,546
NWO-1030,DC_WEST,2023-12-11,1339,356
NWO-1030,DC_WEST,2023-12-18,1008,668
NWO-1030,DC_WEST,2023-12-25,1814,275
NWO-1030,DC_WEST,2024-01-01,611,326
NWO-1030,DC_WEST,2024-01-08,669,210
NWO-1030,DC_WEST,2024-01-15,762,317
NWO-1030,DC_WEST,2024-01-22,589,310
NWO-1030,DC_WEST,2024-01-29,844,261
NWO-1030,DC_WEST,2024-02-05,691,269
NWO-1030,DC_WEST,2024-02-12,902,314
NWO-1030,DC_WEST,2024-02-19,876,359
NWO-1030,DC_WEST,2024-02-26,646,360
NWO-1030,DC_WEST,2024-03-04,828,356
NWO-1030,DC_WEST,2024-03-11,794,249
NWO-1030,DC_WEST,2024-03-18,562,356
NWO-1030,DC_WEST,2024-03-25,1030,353
NWO-1030,DC_WEST,2024-04-01,934,382
NWO-1030,DC_WEST,2024-04-08,946,352
NWO-1030,DC_WEST,2024-04-15,694,342
NWO-1030,DC_WEST,2024-04-22,968,276
NWO-1030,DC_WEST,2024-04-29,921,354
NWO-1030,DC_WEST,2024-05-06,999,334
NWO-1030,DC_WEST,2024-05-13,981,262
NWO-1030,DC_WEST,2024-05-20,720,322
NWO-1030,DC_WEST,2024-05-27,703,367
NWO-1030,DC_WEST,2024-06-03,857,447
NWO-1030,DC_WEST,2024-06-10,1204,388
NWO-1030,DC_WEST,2024-06-17,1069,340
NWO-1030,DC_WEST,2024-06-24,1190,443
NWO-1030,DC_WEST,2024-07-01,1059,439
NWO-1030,DC_WEST,2024-07-08,1251,398
NWO-1030,DC_WEST,2024-07-15,1563,454
NWO-1030,DC_WEST,2024-07-22,1398,505
NWO-1030,DC_WEST,2024-07-29,1199,384
NWO-1030,DC_WEST,2024-08-05,939,370
NWO-1030,DC_WEST,2024-08-12,1265,367
NWO-1030,DC_WEST,2024-08-19,1051,318
NWO-1030,DC_WEST,2024-08-26,885,404
NWO-1030,DC_WEST,2024-09-02,857,295
NWO-1030,DC_WEST,2024-09-09,969,324
NWO-1030,DC_WEST,2024-09-16,787,285
NWO-1030,DC_WEST,2024-09-23,757,326
NWO-1030,DC_WEST,2024-09-30,905,268
NWO-1030,DC_WEST,2024-10-07,1093,469
NWO-1030,DC_WEST,2024-10-14,846,347
NWO-1030,DC_WEST,2024-10-21,842,333
NWO-1030,DC_WEST,2024-10-28,794,604
NWO-1030,DC_WEST,2024-11-04,1857,451
NWO-1030,DC_WEST,2024-11-11,1628,505
NWO-1030,DC_WEST,2024-11-18,1431,460
NWO-1030,DC_WEST,2024-11-25,1302,585
NWO-1030,DC_WEST,2024-12-02,1568,556
NWO-1030,DC_WEST,2024-12-09,1274,465
NWO-1030,DC_WEST,2024-12-16,1039,505
NWO-1030,DC_WEST,2024-12-23,1519,482
NWO-1030,DC_WEST,2024-12-30,1636,217
NWO-1030,DC_WEST,2025-01-06,759,230
NWO-1030,DC_WEST,2025-01-13,738,257
NWO-1030,DC_WEST,2025-01-20,843,234
NWO-1030,DC_WEST,2025-01-27,797,378
NWO-1030,DC_WEST,2025-02-03,888,251
NWO-1030,DC_WEST,2025-02-10,833,434
NWO-1030,DC_WEST,2025-02-17,998,429
NWO-1030,DC_WEST,2025-02-24,806,301
NWO-1030,DC_WEST,2025-03-03,729,289
NWO-1030,DC_WEST,2025-03-10,735,310
NWO-1030,DC_WEST,2025-03-17,877,341
NWO-1030,DC_WEST,2025-03-24,993,366
NWO-1030,DC_WEST,2025-03-31,998,425
NWO-1030,DC_WEST,2025-04-07,1331,349
NWO-1030,DC_WEST,2025-04-14,1175,295
NWO-1030,DC_WEST,2025-04-21,836,291
NWO-1030,DC_WEST,2025-04-28,996,352
NWO-1030,DC_WEST,2025-05-05,1162,405
NWO-1030,DC_WEST,2025-05-12,754,463
NWO-1030,DC_WEST,2025-05-19,835,379
NWO-1030,DC_WEST,2025-05-26,1036,442
NWO-1030,DC_WEST,2025-06-02,1252,300
NWO-1030,DC_WEST,2025-06-09,1021,395
NWO-1030,DC_WEST,2025-06-16,1025,357
NWO-1030,DC_WEST,2025-06-23,1214,364
NWO-1030,DC_WEST,2025-06-30,840,355
NWO-1030,DC_WEST,2025-07-07,1390,392
NWO-1030,DC_WEST,2025-07-14,922,421
NWO-1030,DC_WEST,2025-07-21,1003,322
NWO-1030,DC_WEST,2025-07-28,1115,389
NWO-1030,DC_WEST,2025-08-04,1289,345
NWO-1030,DC_WEST,2025-08-11,1325,396
NWO-1030,DC_WEST,2025-08-18,1284,423
NWO-1030,DC_WEST,2025-08-25,1517,249
NWO-1030,DC_WEST,2025-09-01,831,277
NWO-1030,DC_WEST,2025-09-08,612,270
NWO-1030,DC_WEST,2025-09-15,768,312
NWO-1030,DC_WEST,2025-09-22,631,302
NWO-1030,DC_WEST,2025-09-29,1113,541
NWO-1030,DC_WEST,2025-10-06,1251,381
NWO-1030,DC_WEST,2025-10-13,1020,324
NWO-1030,DC_WEST,2025-10-20,998,222
NWO-1030,DC_WEST,2025-10-27,671,354
NWO-1030,DC_WEST,2025-11-03,1319,378
NWO-1030,DC_WEST,2025-11-10,956,309
NWO-1030,DC_WEST,2025-11-17,999,307
NWO-1030,DC_WEST,2025-11-24,674,166
NWO-1030,DC_WEST,2025-12-01,452,287
NWO-1030,DC_WEST,2025-12-08,608,260
NWO-1030,DC_WEST,2025-12-15,874,251
NWO-1030,DC_WEST,2025-12-22,839,183
NWO-1030,DC_WEST,2025-12-29,419,60
NWO-1030,DC_WEST,2026-01-05,167,30
NWO-1030,DC_WEST,2026-01-12,104,13
NWO-1030,DC_WEST,2026-01-19,36,14
NWO-1031,DC_NORTH,2023-06-05,392,204
NWO-1031,DC_NORTH,2023-06-12,442,151
NWO-1031,DC_NORTH,2023-06-19,468,138
NWO-1031,DC_NORTH,2023-06-26,483,119
NWO-1031,DC_NORTH,2023-07-03,309,149
NWO-1031,DC_NORTH,2023-07-10,423,167
NWO-1031,DC_NORTH,2023-07-17,551,192
NWO-1031,DC_NORTH,2023-07-24,575,196
NWO-1031,DC_NORTH,2023-07-31,653,186
NWO-1031,DC_NORTH,2023-08-07,452,205
NWO-1031,DC_NORTH,2023-08-14,520,120
NWO-1031,DC_NORTH,2023-08-21,428,126
NWO-1031,DC_NORTH,2023-08-28,360,157
NWO-1031,DC_NORTH,2023-09-04,533,166
NWO-1031,DC_NORTH,2023-09-11,373,134
NWO-1031,DC_NORTH,2023-09-18,327,131
NWO-1031,DC_NORTH,2023-09-25,387,159
NWO-1031,DC_NORTH,2023-10-02,314,155
NWO-1031,DC_NORTH,2023-10-09,403,134
NWO-1031,DC_NORTH,2023-10-16,383,120
NWO-1031,DC_NORTH,2023-10-23,403,203
NWO-1031,DC_NORTH,2023-10-30,413,198
NWO-1031,DC_NORTH,2023-11-06,501,195
NWO-1031,DC_NORTH,2023-11-13,564,183
NWO-1031,DC_NORTH,2023-11-20,359,285
NWO-1031,DC_NORTH,2023-11-27,619,148
NWO-1031,DC_NORTH,2023-12-04,427,204
NWO-1031,DC_NORTH,2023-12-11,544,164
NWO-1031,DC_NORTH,2023-12-18,559,162
NWO-1031,DC_NORTH,2023-12-25,542,81
NWO-1031,DC_NORTH,2024-01-01,198,101
NWO-1031,DC_NORTH,2024-01-08,254,117
NWO-1031,DC_NORTH,2024-01-15,335,140
NWO-1031,DC_NORTH,2024-01-22,374,101
NWO-1031,DC_NORTH,2024-01-29,307,142
NWO-1031,DC_NORTH,2024-02-05,356,118
NWO-1031,DC_NORTH,2024-02-12,284,99
NWO-1031,DC_NORTH,2024-02-19,254,117
NWO-1031,DC_NORTH,2024-02-26,209,146
NWO-1031,DC_NORTH,2024-03-04,392,167
NWO-1031,DC_NORTH,2024-03-11,392,252
NWO-1031,DC_NORTH,2024-03-18,669,126
NWO-1031,DC_NORTH,2024-03-25,370,108
NWO-1031,DC_NORTH,2024-04-01,333,185
NWO-1031,DC_NORTH,2024-04-08,371,110
NWO-1031,DC_NORTH,2024-04-15,328,156
NWO-1031,DC_NORTH,2024-04-22,435,146
NWO-1031,DC_NORTH,2024-04-29,417,207
NWO-1031,DC_NORTH,2024-05-06,431,177
NWO-1031,DC_NORTH,2024-05-13,306,145
NWO-1031,DC_NORTH,2024-05-20,337,109
NWO-1031,DC_NORTH,2024-05-27,372,191
NWO-1031,DC_NORTH,2024-06-03,387,147
NWO-1031,DC_NORTH,2024-06-10,471,198
NWO-1031,DC_NORTH,2024-06-17,490,134
NWO-1031,DC_NORTH,2024-06-24,300,224
NWO-1031,DC_NORTH,2024-07-01,488,167
NWO-1031,DC_NORTH,2024-07-08,373,152
NWO-1031,DC_NORTH,2024-07-15,373,156
NWO-1031,DC_NORTH,2024-07-22,458,161
NWO-1031,DC_NORTH,2024-07-29,463,201
NWO-1031,DC_NORTH,2024-08-05,603,159
NWO-1031,DC_NORTH,2024-08-12,424,173
NWO-1031,DC_NORTH,2024-08-19,465,150
NWO-1031,DC_NORTH,2024-08-26,470,170
NWO-1031,DC_NORTH,2024-09-02,338,175
NWO-1031,DC_NORTH,2024-09-09,312,143
NWO-1031,DC_NORTH,2024-09-16,293,150
NWO-1031,DC_NORTH,2024-09-23,561,159
NWO-1031,DC_NORTH,2024-09-30,492,171
NWO-1031,DC_NORTH,2024-10-07,427,182
NWO-1031,DC_NORTH,2024-10-14,629,292
NWO-1031,DC_NORTH,2024-10-21,1012,104
NWO-1031,DC_NORTH,2024-10-28,288,228
NWO-1031,DC_NORTH,2024-11-04,600,190
NWO-1031,DC_NORTH,2024-11-11,716,221
NWO-1031,DC_NORTH,2024-11-18,524,192
NWO-1031,DC_NORTH,2024-11-25,401,255
NWO-1031,DC_NORTH,2024-12-02,593,294
NWO-1031,DC_NORTH,2024-12-09,853,167
NWO-1031,DC_NORTH,2024-12-16,405,237
NWO-1031,DC_NORTH,2024-12-23,572,296
NWO-1031,DC_NORTH,2024-12-30,576,118
NWO-1031,DC_NORTH,2025-01-06,449,93
NWO-1031,DC_NORTH,2025-01-13,238,137
NWO-1031,DC_NORTH,2025-01-20,280,148
NWO-1031,DC_NORTH,2025-01-27,348,87
NWO-1031,DC_NORTH,2025-02-03,212,134
NWO-1031,DC_NORTH,2025-02-10,425,91
NWO-1031,DC_NORTH,2025-02-17,363,112
NWO-1031,DC_NORTH,2025-02-24,290,119
NWO-1031,DC_NORTH,2025-03-03,320,156
NWO-1031,DC_NORTH,2025-03-10,431,151
NWO-1031,DC_NORTH,2025-03-17,421,155
NWO-1031,DC_NORTH,2025-03-24,363,183
NWO-1031,DC_NORTH,2025-03-31,426,131
NWO-1031,DC_NORTH,2025-04-07,428,100
NWO-1031,DC_NORTH,2025-04-14,401,144
NWO-1031,DC_NORTH,2025-04-21,285,111
NWO-1031,DC_NORTH,2025-04-28,389,124
NWO-1031,DC_NORTH,2025-05-05,435,177
NWO-1031,DC_NORTH,2025-05-12,451,156
NWO-1031,DC_NORTH,2025-05-19,350,146
NWO-1031,DC_NORTH,2025-05-26,505,134
NWO-1031,DC_NORTH,2025-06-02,394,162
NWO-1031,DC_NORTH,2025-06-09,352,164
NWO-1031,DC_NORTH,2025-06-16,476,140
NWO-1031,DC_NORTH,2025-06-23,489,200
NWO-1031,DC_NORTH,2025-06-30,505,363
NWO-1031,DC_NORTH,2025-07-07,984,227
NWO-1031,DC_NORTH,2025-07-14,713,290
NWO-1031,DC_NORTH,2025-07-21,626,158
NWO-1031,DC_NORTH,2025-07-28,563,133
NWO-1031,DC_NORTH,2025-08-04,375,123
NWO-1031,DC_NORTH,2025-08-11,454,142
NWO-1031,DC_NORTH,2025-08-18,368,164
NWO-1031,DC_NORTH,2025-08-25,520,186
NWO-1031,DC_NORTH,2025-09-01,396,157
NWO-1031,DC_NORTH,2025-09-08,323,114
NWO-1031,DC_NORTH,2025-09-15,325,147
NWO-1031,DC_NORTH,2025-09-22,508,168
NWO-1031,DC_NORTH,2025-09-29,500,175
NWO-1031,DC_NORTH,2025-10-06,454,131
NWO-1031,DC_NORTH,2025-10-13,301,183
NWO-1031,DC_NORTH,2025-10-20,452,122
NWO-1031,DC_NORTH,2025-10-27,471,174
NWO-1031,DC_NORTH,2025-11-03,574,224
NWO-1031,DC_NORTH,2025-11-10,546,134
NWO-1031,DC_NORTH,2025-11-17,373,196
NWO-1031,DC_NORTH,2025-11-24,437,213
NWO-1031,DC_NORTH,2025-12-01,413,223
NWO-1031,DC_NORTH,2025-12-08,794,176
NWO-1031,DC_NORTH,2025-12-15,404,170
NWO-1031,DC_NORTH,2025-12-22,540,262
NWO-1031,DC_NORTH,2025-12-29,898,145
NWO-1031,DC_NORTH,2026-01-05,292,126
NWO-1031,DC_NORTH,2026-01-12,306,141
NWO-1031,DC_NORTH,2026-01-19,412,115
NWO-1031,DC_NORTH,2026-01-26,335,127
NWO-1031,DC_NORTH,2026-02-02,293,145
NWO-1031,DC_NORTH,2026-02-09,322,126
NWO-1031,DC_NORTH,2026-02-16,314,129
NWO-1031,DC_NORTH,2026-02-23,405,136
NWO-1031,DC_NORTH,2026-03-02,482,162
NWO-1031,DC_NORTH,2026-03-09,345,87
NWO-1031,DC_NORTH,2026-03-16,320,130
NWO-1031,DC_NORTH,2026-03-23,318,152
NWO-1031,DC_NORTH,2026-03-30,289,189
NWO-1031,DC_NORTH,2026-04-06,452,121
NWO-1031,DC_NORTH,2026-04-13,308,176
NWO-1031,DC_NORTH,2026-04-20,412,149
NWO-1031,DC_NORTH,2026-04-27,391,114
NWO-1031,DC_NORTH,2026-05-04,326,139
NWO-1031,DC_NORTH,2026-05-11,435,164
NWO-1031,DC_NORTH,2026-05-18,549,136
NWO-1031,DC_NORTH,2026-05-25,396,157
NWO-1031,DC_NORTH,2026-06-01,592,185
NWO-1031,DC_SOUTH,2023-06-05,1692,505
NWO-1031,DC_SOUTH,2023-06-12,1622,416
NWO-1031,DC_SOUTH,2023-06-19,847,508
NWO-1031,DC_SOUTH,2023-06-26,1306,571
NWO-1031,DC_SOUTH,2023-07-03,995,388
NWO-1031,DC_SOUTH,2023-07-10,926,474
NWO-1031,DC_SOUTH,2023-07-17,1075,474
NWO-1031,DC_SOUTH,2023-07-24,1350,387
NWO-1031,DC_SOUTH,2023-07-31,1139,364
NWO-1031,DC_SOUTH,2023-08-07,1393,468
NWO-1031,DC_SOUTH,2023-08-14,1239,497
NWO-1031,DC_SOUTH,2023-08-21,1013,489
NWO-1031,DC_SOUTH,2023-08-28,1227,423
NWO-1031,DC_SOUTH,2023-09-04,1289,337
NWO-1031,DC_SOUTH,2023-09-11,1000,447
NWO-1031,DC_SOUTH,2023-09-18,835,343
NWO-1031,DC_SOUTH,2023-09-25,814,399
NWO-1031,DC_SOUTH,2023-10-02,1132,378
NWO-1031,DC_SOUTH,2023-10-09,1313,382
NWO-1031,DC_SOUTH,2023-10-16,1248,354
NWO-1031,DC_SOUTH,2023-10-23,884,442
NWO-1031,DC_SOUTH,2023-10-30,1410,475
NWO-1031,DC_SOUTH,2023-11-06,1359,519
NWO-1031,DC_SOUTH,2023-11-13,1270,443
NWO-1031,DC_SOUTH,2023-11-20,1451,567
NWO-1031,DC_SOUTH,2023-11-27,1624,716
NWO-1031,DC_SOUTH,2023-12-04,1809,604
NWO-1031,DC_SOUTH,2023-12-11,1869,632
NWO-1031,DC_SOUTH,2023-12-18,1497,682
NWO-1031,DC_SOUTH,2023-12-25,1832,360
NWO-1031,DC_SOUTH,2024-01-01,753,296
NWO-1031,DC_SOUTH,2024-01-08,744,332
NWO-1031,DC_SOUTH,2024-01-15,960,264
NWO-1031,DC_SOUTH,2024-01-22,688,327
NWO-1031,DC_SOUTH,2024-01-29,954,253
NWO-1031,DC_SOUTH,2024-02-05,964,314
NWO-1031,DC_SOUTH,2024-02-12,990,311
NWO-1031,DC_SOUTH,2024-02-19,565,292
NWO-1031,DC_SOUTH,2024-02-26,1103,388
NWO-1031,DC_SOUTH,2024-03-04,993,347
NWO-1031,DC_SOUTH,2024-03-11,1193,459
NWO-1031,DC_SOUTH,2024-03-18,1256,364
NWO-1031,DC_SOUTH,2024-03-25,923,326
NWO-1031,DC_SOUTH,2024-04-01,1227,324
NWO-1031,DC_SOUTH,2024-04-08,1053,316
NWO-1031,DC_SOUTH,2024-04-15,935,359
NWO-1031,DC_SOUTH,2024-04-22,1160,554
NWO-1031,DC_SOUTH,2024-04-29,1050,377
NWO-1031,DC_SOUTH,2024-05-06,863,492
NWO-1031,DC_SOUTH,2024-05-13,1212,448
NWO-1031,DC_SOUTH,2024-05-20,1267,391
NWO-1031,DC_SOUTH,2024-05-27,1241,411
NWO-1031,DC_SOUTH,2024-06-03,983,512
NWO-1031,DC_SOUTH,2024-06-10,1132,412
NWO-1031,DC_SOUTH,2024-06-17,1042,477
NWO-1031,DC_SOUTH,2024-06-24,1440,610
NWO-1031,DC_SOUTH,2024-07-01,1437,647
NWO-1031,DC_SOUTH,2024-07-08,1601,511
NWO-1031,DC_SOUTH,2024-07-15,1029,523
NWO-1031,DC_SOUTH,2024-07-22,1231,365
NWO-1031,DC_SOUTH,2024-07-29,756,396
NWO-1031,DC_SOUTH,2024-08-05,1147,426
NWO-1031,DC_SOUTH,2024-08-12,1390,485
NWO-1031,DC_SOUTH,2024-08-19,1229,372
NWO-1031,DC_SOUTH,2024-08-26,1179,425
NWO-1031,DC_SOUTH,2024-09-02,1025,348
NWO-1031,DC_SOUTH,2024-09-09,931,365
NWO-1031,DC_SOUTH,2024-09-16,1049,408
NWO-1031,DC_SOUTH,2024-09-23,934,279
NWO-1031,DC_SOUTH,2024-09-30,1046,534
NWO-1031,DC_SOUTH,2024-10-07,1575,322
NWO-1031,DC_SOUTH,2024-10-14,1070,512
NWO-1031,DC_SOUTH,2024-10-21,1082,351
NWO-1031,DC_SOUTH,2024-10-28,780,458
NWO-1031,DC_SOUTH,2024-11-04,1713,447
NWO-1031,DC_SOUTH,2024-11-11,1595,633
NWO-1031,DC_SOUTH,2024-11-18,1703,626
NWO-1031,DC_SOUTH,2024-11-25,1292,539
NWO-1031,DC_SOUTH,2024-12-02,1732,742
NWO-1031,DC_SOUTH,2024-12-09,2140,514
NWO-1031,DC_SOUTH,2024-12-16,1383,672
NWO-1031,DC_SOUTH,2024-12-23,1952,667
NWO-1031,DC_SOUTH,2024-12-30,1816,264
NWO-1031,DC_SOUTH,2025-01-06,875,258
NWO-1031,DC_SOUTH,2025-01-13,849,276
NWO-1031,DC_SOUTH,2025-01-20,646,268
NWO-1031,DC_SOUTH,2025-01-27,877,408
NWO-1031,DC_SOUTH,2025-02-03,1047,373
NWO-1031,DC_SOUTH,2025-02-10,876,341
NWO-1031,DC_SOUTH,2025-02-17,1022,253
NWO-1031,DC_SOUTH,2025-02-24,837,336
NWO-1031,DC_SOUTH,2025-03-03,891,415
NWO-1031,DC_SOUTH,2025-03-10,1273,409
NWO-1031,DC_SOUTH,2025-03-17,1302,335
NWO-1031,DC_SOUTH,2025-03-24,742,291
NWO-1031,DC_SOUTH,2025-03-31,785,403
NWO-1031,DC_SOUTH,2025-04-07,994,448
NWO-1031,DC_SOUTH,2025-04-14,850,363
NWO-1031,DC_SOUTH,2025-04-21,1228,336
NWO-1031,DC_SOUTH,2025-04-28,1418,294
NWO-1031,DC_SOUTH,2025-05-05,1068,370
NWO-1031,DC_SOUTH,2025-05-12,1409,405
NWO-1031,DC_SOUTH,2025-05-19,1199,323
NWO-1031,DC_SOUTH,2025-05-26,735,528
NWO-1031,DC_SOUTH,2025-06-02,1063,404
NWO-1031,DC_SOUTH,2025-06-09,1172,392
NWO-1031,DC_SOUTH,2025-06-16,1410,470
NWO-1031,DC_SOUTH,2025-06-23,1130,524
NWO-1031,DC_SOUTH,2025-06-30,1200,580
NWO-1031,DC_SOUTH,2025-07-07,1154,595
NWO-1031,DC_SOUTH,2025-07-14,1616,609
NWO-1031,DC_SOUTH,2025-07-21,1673,711
NWO-1031,DC_SOUTH,2025-07-28,1980,434
NWO-1031,DC_SOUTH,2025-08-04,1388,368
NWO-1031,DC_SOUTH,2025-08-11,1169,397
NWO-1031,DC_SOUTH,2025-08-18,1301,579
NWO-1031,DC_SOUTH,2025-08-25,1446,399
NWO-1031,DC_SOUTH,2025-09-01,1276,363
NWO-1031,DC_SOUTH,2025-09-08,925,386
NWO-1031,DC_SOUTH,2025-09-15,1045,382
NWO-1031,DC_SOUTH,2025-09-22,1071,466
NWO-1031,DC_SOUTH,2025-09-29,1017,488
NWO-1031,DC_SOUTH,2025-10-06,1110,366
NWO-1031,DC_SOUTH,2025-10-13,920,443
NWO-1031,DC_SOUTH,2025-10-20,1054,434
NWO-1031,DC_SOUTH,2025-10-27,893,605
NWO-1031,DC_SOUTH,2025-11-03,1583,661
NWO-1031,DC_SOUTH,2025-11-10,1689,409
NWO-1031,DC_SOUTH,2025-11-17,1251,642
NWO-1031,DC_SOUTH,2025-11-24,1382,518
NWO-1031,DC_SOUTH,2025-12-01,1170,679
NWO-1031,DC_SOUTH,2025-12-08,2202,579
NWO-1031,DC_SOUTH,2025-12-15,1628,555
NWO-1031,DC_SOUTH,2025-12-22,1452,505
NWO-1031,DC_SOUTH,2025-12-29,1195,287
NWO-1031,DC_SOUTH,2026-01-05,1026,285
NWO-1031,DC_SOUTH,2026-01-12,742,310
NWO-1031,DC_SOUTH,2026-01-19,954,315
NWO-1031,DC_SOUTH,2026-01-26,1083,240
NWO-1031,DC_SOUTH,2026-02-02,697,238
NWO-1031,DC_SOUTH,2026-02-09,697,336
NWO-1031,DC_SOUTH,2026-02-16,1107,333
NWO-1031,DC_SOUTH,2026-02-23,815,407
NWO-1031,DC_SOUTH,2026-03-02,755,322
NWO-1031,DC_SOUTH,2026-03-09,910,328
NWO-1031,DC_SOUTH,2026-03-16,961,380
NWO-1031,DC_SOUTH,2026-03-23,1231,297
NWO-1031,DC_SOUTH,2026-03-30,641,390
NWO-1031,DC_SOUTH,2026-04-06,1232,297
NWO-1031,DC_SOUTH,2026-04-13,1173,275
NWO-1031,DC_SOUTH,2026-04-20,840,357
NWO-1031,DC_SOUTH,2026-04-27,816,420
NWO-1031,DC_SOUTH,2026-05-04,844,472
NWO-1031,DC_SOUTH,2026-05-11,1273,481
NWO-1031,DC_SOUTH,2026-05-18,1572,448
NWO-1031,DC_SOUTH,2026-05-25,1206,489
NWO-1031,DC_SOUTH,2026-06-01,1167,436
NWO-1031,DC_WEST,2023-06-05,659,288
NWO-1031,DC_WEST,2023-06-12,808,376
NWO-1031,DC_WEST,2023-06-19,817,355
NWO-1031,DC_WEST,2023-06-26,720,335
NWO-1031,DC_WEST,2023-07-03,1011,314
NWO-1031,DC_WEST,2023-07-10,901,352
NWO-1031,DC_WEST,2023-07-17,1185,364
NWO-1031,DC_WEST,2023-07-24,732,463
NWO-1031,DC_WEST,2023-07-31,1090,275
NWO-1031,DC_WEST,2023-08-07,1018,439
NWO-1031,DC_WEST,2023-08-14,863,323
NWO-1031,DC_WEST,2023-08-21,765,331
NWO-1031,DC_WEST,2023-08-28,985,296
NWO-1031,DC_WEST,2023-09-04,723,315
NWO-1031,DC_WEST,2023-09-11,941,242
NWO-1031,DC_WEST,2023-09-18,582,233
NWO-1031,DC_WEST,2023-09-25,527,317
NWO-1031,DC_WEST,2023-10-02,1061,269
NWO-1031,DC_WEST,2023-10-09,796,315
NWO-1031,DC_WEST,2023-10-16,661,319
NWO-1031,DC_WEST,2023-10-23,1052,243
NWO-1031,DC_WEST,2023-10-30,894,475
NWO-1031,DC_WEST,2023-11-06,1325,363
NWO-1031,DC_WEST,2023-11-13,1230,447
NWO-1031,DC_WEST,2023-11-20,1101,499
NWO-1031,DC_WEST,2023-11-27,1237,534
NWO-1031,DC_WEST,2023-12-04,1113,403
NWO-1031,DC_WEST,2023-12-11,1523,434
NWO-1031,DC_WEST,2023-12-18,892,359
NWO-1031,DC_WEST,2023-12-25,1192,242
NWO-1031,DC_WEST,2024-01-01,490,190
NWO-1031,DC_WEST,2024-01-08,475,330
NWO-1031,DC_WEST,2024-01-15,856,171
NWO-1031,DC_WEST,2024-01-22,683,233
NWO-1031,DC_WEST,2024-01-29,665,240
NWO-1031,DC_WEST,2024-02-05,571,246
NWO-1031,DC_WEST,2024-02-12,616,221
NWO-1031,DC_WEST,2024-02-19,730,256
NWO-1031,DC_WEST,2024-02-26,873,239
NWO-1031,DC_WEST,2024-03-04,545,362
NWO-1031,DC_WEST,2024-03-11,785,243
NWO-1031,DC_WEST,2024-03-18,639,262
NWO-1031,DC_WEST,2024-03-25,645,260
NWO-1031,DC_WEST,2024-04-01,758,209
NWO-1031,DC_WEST,2024-04-08,659,218
NWO-1031,DC_WEST,2024-04-15,518,286
NWO-1031,DC_WEST,2024-04-22,1014,413
NWO-1031,DC_WEST,2024-04-29,1095,311
NWO-1031,DC_WEST,2024-05-06,623,409
NWO-1031,DC_WEST,2024-05-13,1168,259
NWO-1031,DC_WEST,2024-05-20,812,289
NWO-1031,DC_WEST,2024-05-27,554,251
NWO-1031,DC_WEST,2024-06-03,990,265
NWO-1031,DC_WEST,2024-06-10,925,343
NWO-1031,DC_WEST,2024-06-17,1078,317
NWO-1031,DC_WEST,2024-06-24,901,358
NWO-1031,DC_WEST,2024-07-01,825,311
NWO-1031,DC_WEST,2024-07-08,946,329
NWO-1031,DC_WEST,2024-07-15,766,341
NWO-1031,DC_WEST,2024-07-22,824,344
NWO-1031,DC_WEST,2024-07-29,1041,252
NWO-1031,DC_WEST,2024-08-05,624,341
NWO-1031,DC_WEST,2024-08-12,591,306
NWO-1031,DC_WEST,2024-08-19,840,269
NWO-1031,DC_WEST,2024-08-26,781,274
NWO-1031,DC_WEST,2024-09-02,637,267
NWO-1031,DC_WEST,2024-09-09,733,293
NWO-1031,DC_WEST,2024-09-16,897,351
NWO-1031,DC_WEST,2024-09-23,690,268
NWO-1031,DC_WEST,2024-09-30,887,268
NWO-1031,DC_WEST,2024-10-07,803,350
NWO-1031,DC_WEST,2024-10-14,826,246
NWO-1031,DC_WEST,2024-10-21,1009,323
NWO-1031,DC_WEST,2024-10-28,837,506
NWO-1031,DC_WEST,2024-11-04,1034,348
NWO-1031,DC_WEST,2024-11-11,1123,454
NWO-1031,DC_WEST,2024-11-18,1164,424
NWO-1031,DC_WEST,2024-11-25,1022,353
NWO-1031,DC_WEST,2024-12-02,1037,465
NWO-1031,DC_WEST,2024-12-09,1390,393
NWO-1031,DC_WEST,2024-12-16,875,440
NWO-1031,DC_WEST,2024-12-23,1165,477
NWO-1031,DC_WEST,2024-12-30,1079,250
NWO-1031,DC_WEST,2025-01-06,498,248
NWO-1031,DC_WEST,2025-01-13,586,145
NWO-1031,DC_WEST,2025-01-20,459,229
NWO-1031,DC_WEST,2025-01-27,794,295
NWO-1031,DC_WEST,2025-02-03,625,227
NWO-1031,DC_WEST,2025-02-10,743,240
NWO-1031,DC_WEST,2025-02-17,587,269
NWO-1031,DC_WEST,2025-02-24,762,256
NWO-1031,DC_WEST,2025-03-03,793,323
NWO-1031,DC_WEST,2025-03-10,850,307
NWO-1031,DC_WEST,2025-03-17,766,231
NWO-1031,DC_WEST,2025-03-24,630,253
NWO-1031,DC_WEST,2025-03-31,716,394
NWO-1031,DC_WEST,2025-04-07,850,299
NWO-1031,DC_WEST,2025-04-14,846,295
NWO-1031,DC_WEST,2025-04-21,1039,325
NWO-1031,DC_WEST,2025-04-28,911,309
NWO-1031,DC_WEST,2025-05-05,629,299
NWO-1031,DC_WEST,2025-05-12,898,429
NWO-1031,DC_WEST,2025-05-19,871,474
NWO-1031,DC_WEST,2025-05-26,1463,481
NWO-1031,DC_WEST,2025-06-02,894,384
NWO-1031,DC_WEST,2025-06-09,984,333
NWO-1031,DC_WEST,2025-06-16,808,360
NWO-1031,DC_WEST,2025-06-23,772,387
NWO-1031,DC_WEST,2025-06-30,749,307
NWO-1031,DC_WEST,2025-07-07,827,391
NWO-1031,DC_WEST,2025-07-14,719,322
NWO-1031,DC_WEST,2025-07-21,1121,298
NWO-1031,DC_WEST,2025-07-28,902,251
NWO-1031,DC_WEST,2025-08-04,582,336
NWO-1031,DC_WEST,2025-08-11,984,273
NWO-1031,DC_WEST,2025-08-18,961,382
NWO-1031,DC_WEST,2025-08-25,899,246
NWO-1031,DC_WEST,2025-09-01,738,432
NWO-1031,DC_WEST,2025-09-08,1029,275
NWO-1031,DC_WEST,2025-09-15,994,241
NWO-1031,DC_WEST,2025-09-22,812,248
NWO-1031,DC_WEST,2025-09-29,548,378
NWO-1031,DC_WEST,2025-10-06,842,408
NWO-1031,DC_WEST,2025-10-13,1099,208
NWO-1031,DC_WEST,2025-10-20,664,199
NWO-1031,DC_WEST,2025-10-27,578,494
NWO-1031,DC_WEST,2025-11-03,1584,438
NWO-1031,DC_WEST,2025-11-10,901,430
NWO-1031,DC_WEST,2025-11-17,1005,447
NWO-1031,DC_WEST,2025-11-24,1252,452
NWO-1031,DC_WEST,2025-12-01,1310,393
NWO-1031,DC_WEST,2025-12-08,1360,511
NWO-1031,DC_WEST,2025-12-15,1127,389
NWO-1031,DC_WEST,2025-12-22,1053,474
NWO-1031,DC_WEST,2025-12-29,1457,259
NWO-1031,DC_WEST,2026-01-05,636,225
NWO-1031,DC_WEST,2026-01-12,476,246
NWO-1031,DC_WEST,2026-01-19,750,253
NWO-1031,DC_WEST,2026-01-26,543,273
NWO-1031,DC_WEST,2026-02-02,732,303
NWO-1031,DC_WEST,2026-02-09,870,185
NWO-1031,DC_WEST,2026-02-16,577,235
NWO-1031,DC_WEST,2026-02-23,545,290
NWO-1031,DC_WEST,2026-03-02,663,210
NWO-1031,DC_WEST,2026-03-09,792,396
NWO-1031,DC_WEST,2026-03-16,822,282
NWO-1031,DC_WEST,2026-03-23,772,312
NWO-1031,DC_WEST,2026-03-30,681,313
NWO-1031,DC_WEST,2026-04-06,722,339
NWO-1031,DC_WEST,2026-04-13,651,238
NWO-1031,DC_WEST,2026-04-20,522,294
NWO-1031,DC_WEST,2026-04-27,984,282
NWO-1031,DC_WEST,2026-05-04,771,379
NWO-1031,DC_WEST,2026-05-11,995,220
NWO-1031,DC_WEST,2026-05-18,650,297
NWO-1031,DC_WEST,2026-05-25,660,313
NWO-1031,DC_WEST,2026-06-01,1099,300
NWO-1032,DC_NORTH,2023-06-05,536,151
NWO-1032,DC_NORTH,2023-06-12,336,133
NWO-1032,DC_NORTH,2023-06-19,496,152
NWO-1032,DC_NORTH,2023-06-26,473,125
NWO-1032,DC_NORTH,2023-07-03,334,190
NWO-1032,DC_NORTH,2023-07-10,435,171
NWO-1032,DC_NORTH,2023-07-17,390,171
NWO-1032,DC_NORTH,2023-07-24,466,139
NWO-1032,DC_NORTH,2023-07-31,353,116
NWO-1032,DC_NORTH,2023-08-07,365,197
NWO-1032,DC_NORTH,2023-08-14,531,180
NWO-1032,DC_NORTH,2023-08-21,367,112
NWO-1032,DC_NORTH,2023-08-28,283,150
NWO-1032,DC_NORTH,2023-09-04,328,190
NWO-1032,DC_NORTH,2023-09-11,529,150
NWO-1032,DC_NORTH,2023-09-18,419,183
NWO-1032,DC_NORTH,2023-09-25,352,124
NWO-1032,DC_NORTH,2023-10-02,300,157
NWO-1032,DC_NORTH,2023-10-09,459,148
NWO-1032,DC_NORTH,2023-10-16,323,194
NWO-1032,DC_NORTH,2023-10-23,528,128
NWO-1032,DC_NORTH,2023-10-30,385,226
NWO-1032,DC_NORTH,2023-11-06,793,211
NWO-1032,DC_NORTH,2023-11-13,709,211
NWO-1032,DC_NORTH,2023-11-20,556,272
NWO-1032,DC_NORTH,2023-11-27,597,254
NWO-1032,DC_NORTH,2023-12-04,544,202
NWO-1032,DC_NORTH,2023-12-11,408,226
NWO-1032,DC_NORTH,2023-12-18,733,235
NWO-1032,DC_NORTH,2023-12-25,505,108
NWO-1032,DC_NORTH,2024-01-01,361,115
NWO-1032,DC_NORTH,2024-01-08,307,155
NWO-1032,DC_NORTH,2024-01-15,369,99
NWO-1032,DC_NORTH,2024-01-22,404,107
NWO-1032,DC_NORTH,2024-01-29,291,105
NWO-1032,DC_NORTH,2024-02-05,367,121
NWO-1032,DC_NORTH,2024-02-12,329,73
NWO-1032,DC_NORTH,2024-02-19,241,79
NWO-1032,DC_NORTH,2024-02-26,302,104
NWO-1032,DC_NORTH,2024-03-04,282,105
NWO-1032,DC_NORTH,2024-03-11,335,164
NWO-1032,DC_NORTH,2024-03-18,418,156
NWO-1032,DC_NORTH,2024-03-25,393,196
NWO-1032,DC_NORTH,2024-04-01,448,126
NWO-1032,DC_NORTH,2024-04-08,374,144
NWO-1032,DC_NORTH,2024-04-15,428,157
NWO-1032,DC_NORTH,2024-04-22,327,177
NWO-1032,DC_NORTH,2024-04-29,331,134
NWO-1032,DC_NORTH,2024-05-06,358,129
NWO-1032,DC_NORTH,2024-05-13,417,206
NWO-1032,DC_NORTH,2024-05-20,586,132
NWO-1032,DC_NORTH,2024-05-27,303,177
NWO-1032,DC_NORTH,2024-06-03,538,124
NWO-1032,DC_NORTH,2024-06-10,282,156
NWO-1032,DC_NORTH,2024-06-17,460,153
NWO-1032,DC_NORTH,2024-06-24,413,217
NWO-1032,DC_NORTH,2024-07-01,634,203
NWO-1032,DC_NORTH,2024-07-08,412,177
NWO-1032,DC_NORTH,2024-07-15,350,229
NWO-1032,DC_NORTH,2024-07-22,631,178
NWO-1032,DC_NORTH,2024-07-29,528,136
NWO-1032,DC_NORTH,2024-08-05,479,153
NWO-1032,DC_NORTH,2024-08-12,601,130
NWO-1032,DC_NORTH,2024-08-19,324,102
NWO-1032,DC_NORTH,2024-08-26,408,164
NWO-1032,DC_NORTH,2024-09-02,478,114
NWO-1032,DC_NORTH,2024-09-09,351,84
NWO-1032,DC_NORTH,2024-09-16,188,125
NWO-1032,DC_NORTH,2024-09-23,430,123
NWO-1032,DC_NORTH,2024-09-30,423,126
NWO-1032,DC_NORTH,2024-10-07,415,145
NWO-1032,DC_NORTH,2024-10-14,393,140
NWO-1032,DC_NORTH,2024-10-21,400,155
NWO-1032,DC_NORTH,2024-10-28,503,199
NWO-1032,DC_NORTH,2024-11-04,524,236
NWO-1032,DC_NORTH,2024-11-11,575,202
NWO-1032,DC_NORTH,2024-11-18,848,254
NWO-1032,DC_NORTH,2024-11-25,636,268
NWO-1032,DC_NORTH,2024-12-02,635,237
NWO-1032,DC_NORTH,2024-12-09,494,214
NWO-1032,DC_NORTH,2024-12-16,606,162
NWO-1032,DC_NORTH,2024-12-23,565,181
NWO-1032,DC_NORTH,2024-12-30,501,100
NWO-1032,DC_NORTH,2025-01-06,254,95
NWO-1032,DC_NORTH,2025-01-13,354,110
NWO-1032,DC_NORTH,2025-01-20,256,103
NWO-1032,DC_NORTH,2025-01-27,287,126
NWO-1032,DC_NORTH,2025-02-03,394,96
NWO-1032,DC_NORTH,2025-02-10,252,70
NWO-1032,DC_NORTH,2025-02-17,254,90
NWO-1032,DC_NORTH,2025-02-24,301,100
NWO-1032,DC_NORTH,2025-03-03,394,130
NWO-1032,DC_NORTH,2025-03-10,366,149
NWO-1032,DC_NORTH,2025-03-17,303,121
NWO-1032,DC_NORTH,2025-03-24,384,141
NWO-1032,DC_NORTH,2025-03-31,412,163
NWO-1032,DC_NORTH,2025-04-07,291,125
NWO-1032,DC_NORTH,2025-04-14,343,128
NWO-1032,DC_NORTH,2025-04-21,435,128
NWO-1032,DC_NORTH,2025-04-28,324,163
NWO-1032,DC_NORTH,2025-05-05,362,144
NWO-1032,DC_NORTH,2025-05-12,354,131
NWO-1032,DC_NORTH,2025-05-19,372,179
NWO-1032,DC_NORTH,2025-05-26,396,129
NWO-1032,DC_NORTH,2025-06-02,459,189
NWO-1032,DC_NORTH,2025-06-09,582,182
NWO-1032,DC_NORTH,2025-06-16,570,201
NWO-1032,DC_NORTH,2025-06-23,563,152
NWO-1032,DC_NORTH,2025-06-30,355,155
NWO-1032,DC_NORTH,2025-07-07,351,153
NWO-1032,DC_NORTH,2025-07-14,411,203
NWO-1032,DC_NORTH,2025-07-21,642,222
NWO-1032,DC_NORTH,2025-07-28,417,183
NWO-1032,DC_NORTH,2025-08-04,385,158
NWO-1032,DC_NORTH,2025-08-11,570,146
NWO-1032,DC_NORTH,2025-08-18,438,206
NWO-1032,DC_NORTH,2025-08-25,500,116
NWO-1032,DC_NORTH,2025-09-01,390,152
NWO-1032,DC_NORTH,2025-09-08,405,165
NWO-1032,DC_NORTH,2025-09-15,505,195
NWO-1032,DC_NORTH,2025-09-22,482,170
NWO-1032,DC_NORTH,2025-09-29,579,151
NWO-1032,DC_NORTH,2025-10-06,450,129
NWO-1032,DC_NORTH,2025-10-13,353,220
NWO-1032,DC_NORTH,2025-10-20,496,128
NWO-1032,DC_NORTH,2025-10-27,451,182
NWO-1032,DC_NORTH,2025-11-03,534,174
NWO-1032,DC_NORTH,2025-11-10,552,174
NWO-1032,DC_NORTH,2025-11-17,624,191
NWO-1032,DC_NORTH,2025-11-24,723,277
NWO-1032,DC_NORTH,2025-12-01,619,198
NWO-1032,DC_NORTH,2025-12-08,452,185
NWO-1032,DC_NORTH,2025-12-15,685,168
NWO-1032,DC_NORTH,2025-12-22,624,135
NWO-1032,DC_NORTH,2025-12-29,394,67
NWO-1032,DC_NORTH,2026-01-05,264,57
NWO-1032,DC_NORTH,2026-01-12,230,85
NWO-1032,DC_NORTH,2026-01-19,248,53
NWO-1032,DC_NORTH,2026-01-26,207,54
NWO-1032,DC_NORTH,2026-02-02,170,50
NWO-1032,DC_NORTH,2026-02-09,157,45
NWO-1032,DC_NORTH,2026-02-16,121,52
NWO-1032,DC_NORTH,2026-02-23,131,44
NWO-1032,DC_NORTH,2026-03-02,134,40
NWO-1032,DC_NORTH,2026-03-09,82,22
NWO-1032,DC_NORTH,2026-03-16,64,18
NWO-1032,DC_NORTH,2026-03-23,37,7
NWO-1032,DC_NORTH,2026-03-30,17,6
NWO-1032,DC_SOUTH,2023-06-05,1382,474
NWO-1032,DC_SOUTH,2023-06-12,1577,339
NWO-1032,DC_SOUTH,2023-06-19,1048,369
NWO-1032,DC_SOUTH,2023-06-26,918,397
NWO-1032,DC_SOUTH,2023-07-03,1149,327
NWO-1032,DC_SOUTH,2023-07-10,1168,532
NWO-1032,DC_SOUTH,2023-07-17,1262,502
NWO-1032,DC_SOUTH,2023-07-24,1400,518
NWO-1032,DC_SOUTH,2023-07-31,1447,352
NWO-1032,DC_SOUTH,2023-08-07,1172,521
NWO-1032,DC_SOUTH,2023-08-14,1243,316
NWO-1032,DC_SOUTH,2023-08-21,1098,314
NWO-1032,DC_SOUTH,2023-08-28,769,319
NWO-1032,DC_SOUTH,2023-09-04,769,424
NWO-1032,DC_SOUTH,2023-09-11,853,310
NWO-1032,DC_SOUTH,2023-09-18,754,410
NWO-1032,DC_SOUTH,2023-09-25,878,367
NWO-1032,DC_SOUTH,2023-10-02,966,414
NWO-1032,DC_SOUTH,2023-10-09,984,357
NWO-1032,DC_SOUTH,2023-10-16,858,404
NWO-1032,DC_SOUTH,2023-10-23,1214,427
NWO-1032,DC_SOUTH,2023-10-30,1053,495
NWO-1032,DC_SOUTH,2023-11-06,1831,662
NWO-1032,DC_SOUTH,2023-11-13,1469,425
NWO-1032,DC_SOUTH,2023-11-20,1623,540
NWO-1032,DC_SOUTH,2023-11-27,996,411
NWO-1032,DC_SOUTH,2023-12-04,1461,724
NWO-1032,DC_SOUTH,2023-12-11,1589,515
NWO-1032,DC_SOUTH,2023-12-18,1800,547
NWO-1032,DC_SOUTH,2023-12-25,1841,374
NWO-1032,DC_SOUTH,2024-01-01,910,385
NWO-1032,DC_SOUTH,2024-01-08,1440,264
NWO-1032,DC_SOUTH,2024-01-15,517,249
NWO-1032,DC_SOUTH,2024-01-22,756,315
NWO-1032,DC_SOUTH,2024-01-29,997,341
NWO-1032,DC_SOUTH,2024-02-05,1004,332
NWO-1032,DC_SOUTH,2024-02-12,648,375
NWO-1032,DC_SOUTH,2024-02-19,747,260
NWO-1032,DC_SOUTH,2024-02-26,690,330
NWO-1032,DC_SOUTH,2024-03-04,777,271
NWO-1032,DC_SOUTH,2024-03-11,810,303
NWO-1032,DC_SOUTH,2024-03-18,1161,330
NWO-1032,DC_SOUTH,2024-03-25,974,399
NWO-1032,DC_SOUTH,2024-04-01,1106,418
NWO-1032,DC_SOUTH,2024-04-08,1083,296
NWO-1032,DC_SOUTH,2024-04-15,795,466
NWO-1032,DC_SOUTH,2024-04-22,992,513
NWO-1032,DC_SOUTH,2024-04-29,1357,438
NWO-1032,DC_SOUTH,2024-05-06,1411,350
NWO-1032,DC_SOUTH,2024-05-13,941,386
NWO-1032,DC_SOUTH,2024-05-20,852,329
NWO-1032,DC_SOUTH,2024-05-27,976,401
NWO-1032,DC_SOUTH,2024-06-03,1095,396
NWO-1032,DC_SOUTH,2024-06-10,1354,313
NWO-1032,DC_SOUTH,2024-06-17,939,410
NWO-1032,DC_SOUTH,2024-06-24,1144,380
NWO-1032,DC_SOUTH,2024-07-01,993,477
NWO-1032,DC_SOUTH,2024-07-08,964,453
NWO-1032,DC_SOUTH,2024-07-15,1250,451
NWO-1032,DC_SOUTH,2024-07-22,1367,493
NWO-1032,DC_SOUTH,2024-07-29,1526,309
NWO-1032,DC_SOUTH,2024-08-05,953,357
NWO-1032,DC_SOUTH,2024-08-12,1176,396
NWO-1032,DC_SOUTH,2024-08-19,1050,324
NWO-1032,DC_SOUTH,2024-08-26,654,433
NWO-1032,DC_SOUTH,2024-09-02,953,379
NWO-1032,DC_SOUTH,2024-09-09,1064,401
NWO-1032,DC_SOUTH,2024-09-16,945,367
NWO-1032,DC_SOUTH,2024-09-23,1036,454
NWO-1032,DC_SOUTH,2024-09-30,1066,403
NWO-1032,DC_SOUTH,2024-10-07,1368,351
NWO-1032,DC_SOUTH,2024-10-14,1213,400
NWO-1032,DC_SOUTH,2024-10-21,1266,332
NWO-1032,DC_SOUTH,2024-10-28,1117,421
NWO-1032,DC_SOUTH,2024-11-04,1070,520
NWO-1032,DC_SOUTH,2024-11-11,1578,604
NWO-1032,DC_SOUTH,2024-11-18,1421,737
NWO-1032,DC_SOUTH,2024-11-25,1774,498
NWO-1032,DC_SOUTH,2024-12-02,1544,532
NWO-1032,DC_SOUTH,2024-12-09,1679,637
NWO-1032,DC_SOUTH,2024-12-16,1990,640
NWO-1032,DC_SOUTH,2024-12-23,1937,461
NWO-1032,DC_SOUTH,2024-12-30,1510,348
NWO-1032,DC_SOUTH,2025-01-06,1213,283
NWO-1032,DC_SOUTH,2025-01-13,840,235
NWO-1032,DC_SOUTH,2025-01-20,724,331
NWO-1032,DC_SOUTH,2025-01-27,893,257
NWO-1032,DC_SOUTH,2025-02-03,784,336
NWO-1032,DC_SOUTH,2025-02-10,816,299
NWO-1032,DC_SOUTH,2025-02-17,820,317
NWO-1032,DC_SOUTH,2025-02-24,1163,297
NWO-1032,DC_SOUTH,2025-03-03,1007,403
NWO-1032,DC_SOUTH,2025-03-10,1381,250
NWO-1032,DC_SOUTH,2025-03-17,713,343
NWO-1032,DC_SOUTH,2025-03-24,1116,267
NWO-1032,DC_SOUTH,2025-03-31,1024,483
NWO-1032,DC_SOUTH,2025-04-07,1392,441
NWO-1032,DC_SOUTH,2025-04-14,1194,352
NWO-1032,DC_SOUTH,2025-04-21,941,413
NWO-1032,DC_SOUTH,2025-04-28,823,313
NWO-1032,DC_SOUTH,2025-05-05,1059,417
NWO-1032,DC_SOUTH,2025-05-12,1280,405
NWO-1032,DC_SOUTH,2025-05-19,1068,381
NWO-1032,DC_SOUTH,2025-05-26,1243,466
NWO-1032,DC_SOUTH,2025-06-02,1302,406
NWO-1032,DC_SOUTH,2025-06-09,1224,393
NWO-1032,DC_SOUTH,2025-06-16,1313,340
NWO-1032,DC_SOUTH,2025-06-23,896,375
NWO-1032,DC_SOUTH,2025-06-30,995,397
NWO-1032,DC_SOUTH,2025-07-07,1043,388
NWO-1032,DC_SOUTH,2025-07-14,1204,394
NWO-1032,DC_SOUTH,2025-07-21,1153,533
NWO-1032,DC_SOUTH,2025-07-28,1079,488
NWO-1032,DC_SOUTH,2025-08-04,1496,373
NWO-1032,DC_SOUTH,2025-08-11,855,434
NWO-1032,DC_SOUTH,2025-08-18,1444,473
NWO-1032,DC_SOUTH,2025-08-25,1456,330
NWO-1032,DC_SOUTH,2025-09-01,825,422
NWO-1032,DC_SOUTH,2025-09-08,891,352
NWO-1032,DC_SOUTH,2025-09-15,716,466
NWO-1032,DC_SOUTH,2025-09-22,856,407
NWO-1032,DC_SOUTH,2025-09-29,950,546
NWO-1032,DC_SOUTH,2025-10-06,1253,367
NWO-1032,DC_SOUTH,2025-10-13,1102,500
NWO-1032,DC_SOUTH,2025-10-20,1177,353
NWO-1032,DC_SOUTH,2025-10-27,1278,427
NWO-1032,DC_SOUTH,2025-11-03,1187,584
NWO-1032,DC_SOUTH,2025-11-10,2258,529
NWO-1032,DC_SOUTH,2025-11-17,1632,601
NWO-1032,DC_SOUTH,2025-11-24,2103,531
NWO-1032,DC_SOUTH,2025-12-01,2054,484
NWO-1032,DC_SOUTH,2025-12-08,1425,495
NWO-1032,DC_SOUTH,2025-12-15,1877,351
NWO-1032,DC_SOUTH,2025-12-22,947,426
NWO-1032,DC_SOUTH,2025-12-29,1184,221
NWO-1032,DC_SOUTH,2026-01-05,698,206
NWO-1032,DC_SOUTH,2026-01-12,557,157
NWO-1032,DC_SOUTH,2026-01-19,402,168
NWO-1032,DC_SOUTH,2026-01-26,383,167
NWO-1032,DC_SOUTH,2026-02-02,385,169
NWO-1032,DC_SOUTH,2026-02-09,452,135
NWO-1032,DC_SOUTH,2026-02-16,444,101
NWO-1032,DC_SOUTH,2026-02-23,348,113
NWO-1032,DC_SOUTH,2026-03-02,244,83
NWO-1032,DC_SOUTH,2026-03-09,213,66
NWO-1032,DC_SOUTH,2026-03-16,165,45
NWO-1032,DC_SOUTH,2026-03-23,82,22
NWO-1032,DC_SOUTH,2026-03-30,46,22
NWO-1032,DC_WEST,2023-06-05,1053,348
NWO-1032,DC_WEST,2023-06-12,1168,294
NWO-1032,DC_WEST,2023-06-19,640,315
NWO-1032,DC_WEST,2023-06-26,791,346
NWO-1032,DC_WEST,2023-07-03,784,343
NWO-1032,DC_WEST,2023-07-10,1094,404
NWO-1032,DC_WEST,2023-07-17,874,358
NWO-1032,DC_WEST,2023-07-24,1189,309
NWO-1032,DC_WEST,2023-07-31,744,377
NWO-1032,DC_WEST,2023-08-07,862,343
NWO-1032,DC_WEST,2023-08-14,691,299
NWO-1032,DC_WEST,2023-08-21,600,253
NWO-1032,DC_WEST,2023-08-28,576,248
NWO-1032,DC_WEST,2023-09-04,1019,323
NWO-1032,DC_WEST,2023-09-11,837,271
NWO-1032,DC_WEST,2023-09-18,876,287
NWO-1032,DC_WEST,2023-09-25,858,272
NWO-1032,DC_WEST,2023-10-02,705,262
NWO-1032,DC_WEST,2023-10-09,595,286
NWO-1032,DC_WEST,2023-10-16,1041,259
NWO-1032,DC_WEST,2023-10-23,900,337
NWO-1032,DC_WEST,2023-10-30,672,505
NWO-1032,DC_WEST,2023-11-06,891,407
NWO-1032,DC_WEST,2023-11-13,894,437
NWO-1032,DC_WEST,2023-11-20,1363,450
NWO-1032,DC_WEST,2023-11-27,865,320
NWO-1032,DC_WEST,2023-12-04,1048,352
NWO-1032,DC_WEST,2023-12-11,1174,340
NWO-1032,DC_WEST,2023-12-18,829,453
NWO-1032,DC_WEST,2023-12-25,949,164
NWO-1032,DC_WEST,2024-01-01,509,176
NWO-1032,DC_WEST,2024-01-08,632,216
NWO-1032,DC_WEST,2024-01-15,673,268
NWO-1032,DC_WEST,2024-01-22,681,203
NWO-1032,DC_WEST,2024-01-29,554,181
NWO-1032,DC_WEST,2024-02-05,715,243
NWO-1032,DC_WEST,2024-02-12,738,201
NWO-1032,DC_WEST,2024-02-19,804,246
NWO-1032,DC_WEST,2024-02-26,776,291
NWO-1032,DC_WEST,2024-03-04,787,234
NWO-1032,DC_WEST,2024-03-11,557,336
NWO-1032,DC_WEST,2024-03-18,780,251
NWO-1032,DC_WEST,2024-03-25,793,248
NWO-1032,DC_WEST,2024-04-01,441,236
NWO-1032,DC_WEST,2024-04-08,774,264
NWO-1032,DC_WEST,2024-04-15,686,238
NWO-1032,DC_WEST,2024-04-22,745,284
NWO-1032,DC_WEST,2024-04-29,802,387
NWO-1032,DC_WEST,2024-05-06,1252,286
NWO-1032,DC_WEST,2024-05-13,627,238
NWO-1032,DC_WEST,2024-05-20,597,215
NWO-1032,DC_WEST,2024-05-27,851,321
NWO-1032,DC_WEST,2024-06-03,866,393
NWO-1032,DC_WEST,2024-06-10,911,351
NWO-1032,DC_WEST,2024-06-17,1012,304
NWO-1032,DC_WEST,2024-06-24,1137,361
NWO-1032,DC_WEST,2024-07-01,1069,242
NWO-1032,DC_WEST,2024-07-08,614,296
NWO-1032,DC_WEST,2024-07-15,1087,448
NWO-1032,DC_WEST,2024-07-22,976,361
NWO-1032,DC_WEST,2024-07-29,895,345
NWO-1032,DC_WEST,2024-08-05,1117,394
NWO-1032,DC_WEST,2024-08-12,1138,286
NWO-1032,DC_WEST,2024-08-19,682,307
NWO-1032,DC_WEST,2024-08-26,979,365
NWO-1032,DC_WEST,2024-09-02,1089,251
NWO-1032,DC_WEST,2024-09-09,583,286
NWO-1032,DC_WEST,2024-09-16,1002,315
NWO-1032,DC_WEST,2024-09-23,1001,400
NWO-1032,DC_WEST,2024-09-30,699,231
NWO-1032,DC_WEST,2024-10-07,601,334
NWO-1032,DC_WEST,2024-10-14,1051,293
NWO-1032,DC_WEST,2024-10-21,638,234
NWO-1032,DC_WEST,2024-10-28,708,401
NWO-1032,DC_WEST,2024-11-04,847,525
NWO-1032,DC_WEST,2024-11-11,1550,339
NWO-1032,DC_WEST,2024-11-18,1137,456
NWO-1032,DC_WEST,2024-11-25,1324,420
NWO-1032,DC_WEST,2024-12-02,1298,567
NWO-1032,DC_WEST,2024-12-09,1571,369
NWO-1032,DC_WEST,2024-12-16,1313,373
NWO-1032,DC_WEST,2024-12-23,1126,426
NWO-1032,DC_WEST,2024-12-30,1282,226
NWO-1032,DC_WEST,2025-01-06,696,230
NWO-1032,DC_WEST,2025-01-13,490,153
NWO-1032,DC_WEST,2025-01-20,452,269
NWO-1032,DC_WEST,2025-01-27,803,313
NWO-1032,DC_WEST,2025-02-03,775,282
NWO-1032,DC_WEST,2025-02-10,688,253
NWO-1032,DC_WEST,2025-02-17,601,276
NWO-1032,DC_WEST,2025-02-24,673,374
NWO-1032,DC_WEST,2025-03-03,677,246
NWO-1032,DC_WEST,2025-03-10,508,337
NWO-1032,DC_WEST,2025-03-17,739,311
NWO-1032,DC_WEST,2025-03-24,935,255
NWO-1032,DC_WEST,2025-03-31,897,293
NWO-1032,DC_WEST,2025-04-07,669,248
NWO-1032,DC_WEST,2025-04-14,644,283
NWO-1032,DC_WEST,2025-04-21,545,354
NWO-1032,DC_WEST,2025-04-28,884,250
NWO-1032,DC_WEST,2025-05-05,1047,275
NWO-1032,DC_WEST,2025-05-12,662,308
NWO-1032,DC_WEST,2025-05-19,717,298
NWO-1032,DC_WEST,2025-05-26,908,400
NWO-1032,DC_WEST,2025-06-02,873,335
NWO-1032,DC_WEST,2025-06-09,955,213
NWO-1032,DC_WEST,2025-06-16,777,346
NWO-1032,DC_WEST,2025-06-23,924,284
NWO-1032,DC_WEST,2025-06-30,866,324
NWO-1032,DC_WEST,2025-07-07,928,304
NWO-1032,DC_WEST,2025-07-14,936,325
NWO-1032,DC_WEST,2025-07-21,781,344
NWO-1032,DC_WEST,2025-07-28,747,334
NWO-1032,DC_WEST,2025-08-04,990,298
NWO-1032,DC_WEST,2025-08-11,964,400
NWO-1032,DC_WEST,2025-08-18,979,406
NWO-1032,DC_WEST,2025-08-25,834,319
NWO-1032,DC_WEST,2025-09-01,820,267
NWO-1032,DC_WEST,2025-09-08,873,331
NWO-1032,DC_WEST,2025-09-15,849,233
NWO-1032,DC_WEST,2025-09-22,891,195
NWO-1032,DC_WEST,2025-09-29,489,281
NWO-1032,DC_WEST,2025-10-06,616,343
NWO-1032,DC_WEST,2025-10-13,951,284
NWO-1032,DC_WEST,2025-10-20,670,370
NWO-1032,DC_WEST,2025-10-27,855,418
NWO-1032,DC_WEST,2025-11-03,771,374
NWO-1032,DC_WEST,2025-11-10,887,330
NWO-1032,DC_WEST,2025-11-17,1146,569
NWO-1032,DC_WEST,2025-11-24,1169,393
NWO-1032,DC_WEST,2025-12-01,1518,468
NWO-1032,DC_WEST,2025-12-08,1352,399
NWO-1032,DC_WEST,2025-12-15,1075,340
NWO-1032,DC_WEST,2025-12-22,1364,343
NWO-1032,DC_WEST,2025-12-29,902,156
NWO-1032,DC_WEST,2026-01-05,541,171
NWO-1032,DC_WEST,2026-01-12,396,172
NWO-1032,DC_WEST,2026-01-19,397,142
NWO-1032,DC_WEST,2026-01-26,424,107
NWO-1032,DC_WEST,2026-02-02,343,107
NWO-1032,DC_WEST,2026-02-09,289,97
NWO-1032,DC_WEST,2026-02-16,313,77
NWO-1032,DC_WEST,2026-02-23,212,105
NWO-1032,DC_WEST,2026-03-02,202,76
NWO-1032,DC_WEST,2026-03-09,195,47
NWO-1032,DC_WEST,2026-03-16,183,26
NWO-1032,DC_WEST,2026-03-23,84,18
NWO-1032,DC_WEST,2026-03-30,42,16
NWO-1033,DC_NORTH,2023-06-05,320,81
NWO-1033,DC_NORTH,2023-06-12,236,103
NWO-1033,DC_NORTH,2023-06-19,297,134
NWO-1033,DC_NORTH,2023-06-26,325,128
NWO-1033,DC_NORTH,2023-07-03,363,111
NWO-1033,DC_NORTH,2023-07-10,236,104
NWO-1033,DC_NORTH,2023-07-17,300,119
NWO-1033,DC_NORTH,2023-07-24,332,144
NWO-1033,DC_NORTH,2023-07-31,537,133
NWO-1033,DC_NORTH,2023-08-07,334,121
NWO-1033,DC_NORTH,2023-08-14,329,89
NWO-1033,DC_NORTH,2023-08-21,304,142
NWO-1033,DC_NORTH,2023-08-28,400,82
NWO-1033,DC_NORTH,2023-09-04,279,75
NWO-1033,DC_NORTH,2023-09-11,206,103
NWO-1033,DC_NORTH,2023-09-18,242,91
NWO-1033,DC_NORTH,2023-09-25,253,113
NWO-1033,DC_NORTH,2023-10-02,211,103
NWO-1033,DC_NORTH,2023-10-09,212,82
NWO-1033,DC_NORTH,2023-10-16,265,127
NWO-1033,DC_NORTH,2023-10-23,381,134
NWO-1033,DC_NORTH,2023-10-30,287,170
NWO-1033,DC_NORTH,2023-11-06,290,162
NWO-1033,DC_NORTH,2023-11-13,519,152
NWO-1033,DC_NORTH,2023-11-20,456,107
NWO-1033,DC_NORTH,2023-11-27,288,140
NWO-1033,DC_NORTH,2023-12-04,339,167
NWO-1033,DC_NORTH,2023-12-11,466,151
NWO-1033,DC_NORTH,2023-12-18,464,146
NWO-1033,DC_NORTH,2023-12-25,376,95
NWO-1033,DC_NORTH,2024-01-01,225,79
NWO-1033,DC_NORTH,2024-01-08,271,81
NWO-1033,DC_NORTH,2024-01-15,214,71
NWO-1033,DC_NORTH,2024-01-22,163,94
NWO-1033,DC_NORTH,2024-01-29,235,66
NWO-1033,DC_NORTH,2024-02-05,166,73
NWO-1033,DC_NORTH,2024-02-12,188,123
NWO-1033,DC_NORTH,2024-02-19,260,116
NWO-1033,DC_NORTH,2024-02-26,301,104
NWO-1033,DC_NORTH,2024-03-04,283,85
NWO-1033,DC_NORTH,2024-03-11,200,99
NWO-1033,DC_NORTH,2024-03-18,331,89
NWO-1033,DC_NORTH,2024-03-25,348,86
NWO-1033,DC_NORTH,2024-04-01,286,122
NWO-1033,DC_NORTH,2024-04-08,290,108
NWO-1033,DC_NORTH,2024-04-15,435,117
NWO-1033,DC_NORTH,2024-04-22,343,105
NWO-1033,DC_NORTH,2024-04-29,230,119
NWO-1033,DC_NORTH,2024-05-06,294,131
NWO-1033,DC_NORTH,2024-05-13,485,164
NWO-1033,DC_NORTH,2024-05-20,484,132
NWO-1033,DC_NORTH,2024-05-27,323,111
NWO-1033,DC_NORTH,2024-06-03,411,117
NWO-1033,DC_NORTH,2024-06-10,383,154
NWO-1033,DC_NORTH,2024-06-17,412,109
NWO-1033,DC_NORTH,2024-06-24,231,145
NWO-1033,DC_NORTH,2024-07-01,286,153
NWO-1033,DC_NORTH,2024-07-08,288,75
NWO-1033,DC_NORTH,2024-07-15,264,91
NWO-1033,DC_NORTH,2024-07-22,370,118
NWO-1033,DC_NORTH,2024-07-29,392,97
NWO-1033,DC_NORTH,2024-08-05,267,152
NWO-1033,DC_NORTH,2024-08-12,316,123
NWO-1033,DC_NORTH,2024-08-19,410,110
NWO-1033,DC_NORTH,2024-08-26,350,140
NWO-1033,DC_NORTH,2024-09-02,428,116
NWO-1033,DC_NORTH,2024-09-09,269,136
NWO-1033,DC_NORTH,2024-09-16,421,89
NWO-1033,DC_NORTH,2024-09-23,312,114
NWO-1033,DC_NORTH,2024-09-30,392,126
NWO-1033,DC_NORTH,2024-10-07,406,127
NWO-1033,DC_NORTH,2024-10-14,268,138
NWO-1033,DC_NORTH,2024-10-21,260,108
NWO-1033,DC_NORTH,2024-10-28,267,116
NWO-1033,DC_NORTH,2024-11-04,343,188
NWO-1033,DC_NORTH,2024-11-11,661,131
NWO-1033,DC_NORTH,2024-11-18,404,132
NWO-1033,DC_NORTH,2024-11-25,317,140
NWO-1033,DC_NORTH,2024-12-02,390,124
NWO-1033,DC_NORTH,2024-12-09,400,122
NWO-1033,DC_NORTH,2024-12-16,321,197
NWO-1033,DC_NORTH,2024-12-23,376,134
NWO-1033,DC_NORTH,2024-12-30,374,80
NWO-1033,DC_NORTH,2025-01-06,264,113
NWO-1033,DC_NORTH,2025-01-13,204,79
NWO-1033,DC_NORTH,2025-01-20,240,114
NWO-1033,DC_NORTH,2025-01-27,227,99
NWO-1033,DC_NORTH,2025-02-03,217,122
NWO-1033,DC_NORTH,2025-02-10,388,91
NWO-1033,DC_NORTH,2025-02-17,268,94
NWO-1033,DC_NORTH,2025-02-24,169,111
NWO-1033,DC_NORTH,2025-03-03,371,107
NWO-1033,DC_NORTH,2025-03-10,257,119
NWO-1033,DC_NORTH,2025-03-17,323,111
NWO-1033,DC_NORTH,2025-03-24,371,205
NWO-1033,DC_NORTH,2025-03-31,627,114
NWO-1033,DC_NORTH,2025-04-07,443,91
NWO-1033,DC_NORTH,2025-04-14,259,210
NWO-1033,DC_NORTH,2025-04-21,512,151
NWO-1033,DC_NORTH,2025-04-28,556,148
NWO-1033,DC_NORTH,2025-05-05,428,112
NWO-1033,DC_NORTH,2025-05-12,374,126
NWO-1033,DC_NORTH,2025-05-19,309,86
NWO-1033,DC_NORTH,2025-05-26,333,118
NWO-1033,DC_NORTH,2025-06-02,234,99
NWO-1033,DC_NORTH,2025-06-09,223,104
NWO-1033,DC_NORTH,2025-06-16,345,130
NWO-1033,DC_NORTH,2025-06-23,359,106
NWO-1033,DC_NORTH,2025-06-30,286,150
NWO-1033,DC_NORTH,2025-07-07,392,142
NWO-1033,DC_NORTH,2025-07-14,326,128
NWO-1033,DC_NORTH,2025-07-21,400,140
NWO-1033,DC_NORTH,2025-07-28,320,160
NWO-1033,DC_NORTH,2025-08-04,301,110
NWO-1033,DC_NORTH,2025-08-11,263,116
NWO-1033,DC_NORTH,2025-08-18,401,150
NWO-1033,DC_NORTH,2025-08-25,460,90
NWO-1033,DC_NORTH,2025-09-01,177,152
NWO-1033,DC_NORTH,2025-09-08,330,116
NWO-1033,DC_NORTH,2025-09-15,364,76
NWO-1033,DC_NORTH,2025-09-22,180,122
NWO-1033,DC_NORTH,2025-09-29,320,130
NWO-1033,DC_NORTH,2025-10-06,350,96
NWO-1033,DC_NORTH,2025-10-13,362,89
NWO-1033,DC_NORTH,2025-10-20,255,169
NWO-1033,DC_NORTH,2025-10-27,345,132
NWO-1033,DC_NORTH,2025-11-03,336,225
NWO-1033,DC_NORTH,2025-11-10,487,176
NWO-1033,DC_NORTH,2025-11-17,308,140
NWO-1033,DC_NORTH,2025-11-24,368,168
NWO-1033,DC_NORTH,2025-12-01,497,153
NWO-1033,DC_NORTH,2025-12-08,545,154
NWO-1033,DC_NORTH,2025-12-15,515,216
NWO-1033,DC_NORTH,2025-12-22,439,204
NWO-1033,DC_NORTH,2025-12-29,493,99
NWO-1033,DC_NORTH,2026-01-05,295,113
NWO-1033,DC_NORTH,2026-01-12,336,74
NWO-1033,DC_NORTH,2026-01-19,191,92
NWO-1033,DC_NORTH,2026-01-26,224,110
NWO-1033,DC_NORTH,2026-02-02,377,98
NWO-1033,DC_NORTH,2026-02-09,289,106
NWO-1033,DC_NORTH,2026-02-16,200,95
NWO-1033,DC_NORTH,2026-02-23,231,91
NWO-1033,DC_NORTH,2026-03-02,234,93
NWO-1033,DC_NORTH,2026-03-09,351,114
NWO-1033,DC_NORTH,2026-03-16,298,113
NWO-1033,DC_NORTH,2026-03-23,344,117
NWO-1033,DC_NORTH,2026-03-30,318,127
NWO-1033,DC_NORTH,2026-04-06,394,94
NWO-1033,DC_NORTH,2026-04-13,207,129
NWO-1033,DC_NORTH,2026-04-20,228,111
NWO-1033,DC_NORTH,2026-04-27,327,132
NWO-1033,DC_NORTH,2026-05-04,372,65
NWO-1033,DC_NORTH,2026-05-11,201,79
NWO-1033,DC_NORTH,2026-05-18,304,69
NWO-1033,DC_NORTH,2026-05-25,169,103
NWO-1033,DC_NORTH,2026-06-01,367,116
NWO-1033,DC_SOUTH,2023-06-05,922,336
NWO-1033,DC_SOUTH,2023-06-12,953,314
NWO-1033,DC_SOUTH,2023-06-19,1163,381
NWO-1033,DC_SOUTH,2023-06-26,1233,268
NWO-1033,DC_SOUTH,2023-07-03,995,327
NWO-1033,DC_SOUTH,2023-07-10,937,320
NWO-1033,DC_SOUTH,2023-07-17,817,368
NWO-1033,DC_SOUTH,2023-07-24,1013,427
NWO-1033,DC_SOUTH,2023-07-31,1071,276
NWO-1033,DC_SOUTH,2023-08-07,1003,302
NWO-1033,DC_SOUTH,2023-08-14,1041,279
NWO-1033,DC_SOUTH,2023-08-21,853,248
NWO-1033,DC_SOUTH,2023-08-28,968,279
NWO-1033,DC_SOUTH,2023-09-04,935,384
NWO-1033,DC_SOUTH,2023-09-11,1054,271
NWO-1033,DC_SOUTH,2023-09-18,696,332
NWO-1033,DC_SOUTH,2023-09-25,942,376
NWO-1033,DC_SOUTH,2023-10-02,1079,295
NWO-1033,DC_SOUTH,2023-10-09,872,415
NWO-1033,DC_SOUTH,2023-10-16,1082,279
NWO-1033,DC_SOUTH,2023-10-23,1123,238
NWO-1033,DC_SOUTH,2023-10-30,722,395
NWO-1033,DC_SOUTH,2023-11-06,1477,448
NWO-1033,DC_SOUTH,2023-11-13,1002,394
NWO-1033,DC_SOUTH,2023-11-20,843,421
NWO-1033,DC_SOUTH,2023-11-27,835,581
NWO-1033,DC_SOUTH,2023-12-04,1169,357
NWO-1033,DC_SOUTH,2023-12-11,1446,527
NWO-1033,DC_SOUTH,2023-12-18,1321,464
NWO-1033,DC_SOUTH,2023-12-25,1386,227
NWO-1033,DC_SOUTH,2024-01-01,481,245
NWO-1033,DC_SOUTH,2024-01-08,567,215
NWO-1033,DC_SOUTH,2024-01-15,864,230
NWO-1033,DC_SOUTH,2024-01-22,703,286
NWO-1033,DC_SOUTH,2024-01-29,748,267
NWO-1033,DC_SOUTH,2024-02-05,838,275
NWO-1033,DC_SOUTH,2024-02-12,770,231
NWO-1033,DC_SOUTH,2024-02-19,578,205
NWO-1033,DC_SOUTH,2024-02-26,625,360
NWO-1033,DC_SOUTH,2024-03-04,1067,658
NWO-1033,DC_SOUTH,2024-03-11,1631,212
NWO-1033,DC_SOUTH,2024-03-18,662,285
NWO-1033,DC_SOUTH,2024-03-25,686,354
NWO-1033,DC_SOUTH,2024-04-01,851,298
NWO-1033,DC_SOUTH,2024-04-08,595,281
NWO-1033,DC_SOUTH,2024-04-15,795,296
NWO-1033,DC_SOUTH,2024-04-22,828,304
NWO-1033,DC_SOUTH,2024-04-29,758,282
NWO-1033,DC_SOUTH,2024-05-06,873,284
NWO-1033,DC_SOUTH,2024-05-13,798,322
NWO-1033,DC_SOUTH,2024-05-20,808,242
NWO-1033,DC_SOUTH,2024-05-27,820,361
NWO-1033,DC_SOUTH,2024-06-03,693,291
NWO-1033,DC_SOUTH,2024-06-10,1118,370
NWO-1033,DC_SOUTH,2024-06-17,1162,329
NWO-1033,DC_SOUTH,2024-06-24,1029,309
NWO-1033,DC_SOUTH,2024-07-01,856,369
NWO-1033,DC_SOUTH,2024-07-08,889,268
NWO-1033,DC_SOUTH,2024-07-15,915,323
NWO-1033,DC_SOUTH,2024-07-22,934,225
NWO-1033,DC_SOUTH,2024-07-29,795,321
NWO-1033,DC_SOUTH,2024-08-05,917,303
NWO-1033,DC_SOUTH,2024-08-12,818,371
NWO-1033,DC_SOUTH,2024-08-19,998,386
NWO-1033,DC_SOUTH,2024-08-26,904,293
NWO-1033,DC_SOUTH,2024-09-02,622,328
NWO-1033,DC_SOUTH,2024-09-09,1067,334
NWO-1033,DC_SOUTH,2024-09-16,745,391
NWO-1033,DC_SOUTH,2024-09-23,932,254
NWO-1033,DC_SOUTH,2024-09-30,842,339
NWO-1033,DC_SOUTH,2024-10-07,601,343
NWO-1033,DC_SOUTH,2024-10-14,631,352
NWO-1033,DC_SOUTH,2024-10-21,707,386
NWO-1033,DC_SOUTH,2024-10-28,1046,493
NWO-1033,DC_SOUTH,2024-11-04,1031,281
NWO-1033,DC_SOUTH,2024-11-11,653,407
NWO-1033,DC_SOUTH,2024-11-18,797,361
NWO-1033,DC_SOUTH,2024-11-25,933,430
NWO-1033,DC_SOUTH,2024-12-02,1086,409
NWO-1033,DC_SOUTH,2024-12-09,1279,408
NWO-1033,DC_SOUTH,2024-12-16,895,521
NWO-1033,DC_SOUTH,2024-12-23,1553,363
NWO-1033,DC_SOUTH,2024-12-30,1381,330
NWO-1033,DC_SOUTH,2025-01-06,668,230
NWO-1033,DC_SOUTH,2025-01-13,813,207
NWO-1033,DC_SOUTH,2025-01-20,562,166
NWO-1033,DC_SOUTH,2025-01-27,424,225
NWO-1033,DC_SOUTH,2025-02-03,633,280
NWO-1033,DC_SOUTH,2025-02-10,900,199
NWO-1033,DC_SOUTH,2025-02-17,709,178
NWO-1033,DC_SOUTH,2025-02-24,624,229
NWO-1033,DC_SOUTH,2025-03-03,878,274
NWO-1033,DC_SOUTH,2025-03-10,1025,328
NWO-1033,DC_SOUTH,2025-03-17,589,325
NWO-1033,DC_SOUTH,2025-03-24,793,313
NWO-1033,DC_SOUTH,2025-03-31,937,250
NWO-1033,DC_SOUTH,2025-04-07,684,246
NWO-1033,DC_SOUTH,2025-04-14,936,294
NWO-1033,DC_SOUTH,2025-04-21,899,239
NWO-1033,DC_SOUTH,2025-04-28,792,356
NWO-1033,DC_SOUTH,2025-05-05,963,314
NWO-1033,DC_SOUTH,2025-05-12,959,316
NWO-1033,DC_SOUTH,2025-05-19,851,283
NWO-1033,DC_SOUTH,2025-05-26,648,282
NWO-1033,DC_SOUTH,2025-06-02,813,276
NWO-1033,DC_SOUTH,2025-06-09,862,322
NWO-1033,DC_SOUTH,2025-06-16,1234,301
NWO-1033,DC_SOUTH,2025-06-23,901,297
NWO-1033,DC_SOUTH,2025-06-30,881,461
NWO-1033,DC_SOUTH,2025-07-07,966,292
NWO-1033,DC_SOUTH,2025-07-14,1048,292
NWO-1033,DC_SOUTH,2025-07-21,792,404
NWO-1033,DC_SOUTH,2025-07-28,1258,382
NWO-1033,DC_SOUTH,2025-08-04,1121,270
NWO-1033,DC_SOUTH,2025-08-11,704,390
NWO-1033,DC_SOUTH,2025-08-18,1144,227
NWO-1033,DC_SOUTH,2025-08-25,664,266
NWO-1033,DC_SOUTH,2025-09-01,712,336
NWO-1033,DC_SOUTH,2025-09-08,793,311
NWO-1033,DC_SOUTH,2025-09-15,833,273
NWO-1033,DC_SOUTH,2025-09-22,1022,304
NWO-1033,DC_SOUTH,2025-09-29,701,507
NWO-1033,DC_SOUTH,2025-10-06,1466,335
NWO-1033,DC_SOUTH,2025-10-13,817,440
NWO-1033,DC_SOUTH,2025-10-20,903,363
NWO-1033,DC_SOUTH,2025-10-27,888,406
NWO-1033,DC_SOUTH,2025-11-03,1106,354
NWO-1033,DC_SOUTH,2025-11-10,1317,372
NWO-1033,DC_SOUTH,2025-11-17,1203,403
NWO-1033,DC_SOUTH,2025-11-24,1489,424
NWO-1033,DC_SOUTH,2025-12-01,1154,327
NWO-1033,DC_SOUTH,2025-12-08,1168,490
NWO-1033,DC_SOUTH,2025-12-15,1597,727
NWO-1033,DC_SOUTH,2025-12-22,1736,480
NWO-1033,DC_SOUTH,2025-12-29,1557,189
NWO-1033,DC_SOUTH,2026-01-05,482,206
NWO-1033,DC_SOUTH,2026-01-12,425,219
NWO-1033,DC_SOUTH,2026-01-19,785,244
NWO-1033,DC_SOUTH,2026-01-26,632,338
NWO-1033,DC_SOUTH,2026-02-02,634,258
NWO-1033,DC_SOUTH,2026-02-09,651,286
NWO-1033,DC_SOUTH,2026-02-16,738,223
NWO-1033,DC_SOUTH,2026-02-23,636,326
NWO-1033,DC_SOUTH,2026-03-02,822,331
NWO-1033,DC_SOUTH,2026-03-09,784,248
NWO-1033,DC_SOUTH,2026-03-16,516,293
NWO-1033,DC_SOUTH,2026-03-23,746,188
NWO-1033,DC_SOUTH,2026-03-30,511,250
NWO-1033,DC_SOUTH,2026-04-06,1036,234
NWO-1033,DC_SOUTH,2026-04-13,702,212
NWO-1033,DC_SOUTH,2026-04-20,513,300
NWO-1033,DC_SOUTH,2026-04-27,938,335
NWO-1033,DC_SOUTH,2026-05-04,629,268
NWO-1033,DC_SOUTH,2026-05-11,603,290
NWO-1033,DC_SOUTH,2026-05-18,1084,379
NWO-1033,DC_SOUTH,2026-05-25,1100,302
NWO-1033,DC_SOUTH,2026-06-01,607,280
NWO-1033,DC_WEST,2023-06-05,629,246
NWO-1033,DC_WEST,2023-06-12,568,210
NWO-1033,DC_WEST,2023-06-19,526,231
NWO-1033,DC_WEST,2023-06-26,637,242
NWO-1033,DC_WEST,2023-07-03,687,251
NWO-1033,DC_WEST,2023-07-10,876,150
NWO-1033,DC_WEST,2023-07-17,414,298
NWO-1033,DC_WEST,2023-07-24,828,248
NWO-1033,DC_WEST,2023-07-31,806,174
NWO-1033,DC_WEST,2023-08-07,429,191
NWO-1033,DC_WEST,2023-08-14,539,249
NWO-1033,DC_WEST,2023-08-21,746,300
NWO-1033,DC_WEST,2023-08-28,843,212
NWO-1033,DC_WEST,2023-09-04,614,239
NWO-1033,DC_WEST,2023-09-11,706,243
NWO-1033,DC_WEST,2023-09-18,433,182
NWO-1033,DC_WEST,2023-09-25,604,228
NWO-1033,DC_WEST,2023-10-02,785,278
NWO-1033,DC_WEST,2023-10-09,681,248
NWO-1033,DC_WEST,2023-10-16,701,180
NWO-1033,DC_WEST,2023-10-23,523,255
NWO-1033,DC_WEST,2023-10-30,845,260
NWO-1033,DC_WEST,2023-11-06,954,307
NWO-1033,DC_WEST,2023-11-13,826,267
NWO-1033,DC_WEST,2023-11-20,954,320
NWO-1033,DC_WEST,2023-11-27,1032,267
NWO-1033,DC_WEST,2023-12-04,657,238
NWO-1033,DC_WEST,2023-12-11,658,330
NWO-1033,DC_WEST,2023-12-18,944,318
NWO-1033,DC_WEST,2023-12-25,972,171
NWO-1033,DC_WEST,2024-01-01,357,192
NWO-1033,DC_WEST,2024-01-08,594,167
NWO-1033,DC_WEST,2024-01-15,497,111
NWO-1033,DC_WEST,2024-01-22,425,185
NWO-1033,DC_WEST,2024-01-29,485,160
NWO-1033,DC_WEST,2024-02-05,466,186
NWO-1033,DC_WEST,2024-02-12,564,223
NWO-1033,DC_WEST,2024-02-19,586,229
NWO-1033,DC_WEST,2024-02-26,423,181
NWO-1033,DC_WEST,2024-03-04,682,220
NWO-1033,DC_WEST,2024-03-11,624,212
NWO-1033,DC_WEST,2024-03-18,514,223
NWO-1033,DC_WEST,2024-03-25,609,206
NWO-1033,DC_WEST,2024-04-01,636,223
NWO-1033,DC_WEST,2024-04-08,448,301
NWO-1033,DC_WEST,2024-04-15,580,229
NWO-1033,DC_WEST,2024-04-22,739,240
NWO-1033,DC_WEST,2024-04-29,761,211
NWO-1033,DC_WEST,2024-05-06,603,243
NWO-1033,DC_WEST,2024-05-13,480,254
NWO-1033,DC_WEST,2024-05-20,734,191
NWO-1033,DC_WEST,2024-05-27,517,238
NWO-1033,DC_WEST,2024-06-03,950,307
NWO-1033,DC_WEST,2024-06-10,1046,247
NWO-1033,DC_WEST,2024-06-17,531,282
NWO-1033,DC_WEST,2024-06-24,561,265
NWO-1033,DC_WEST,2024-07-01,525,237
NWO-1033,DC_WEST,2024-07-08,603,255
NWO-1033,DC_WEST,2024-07-15,802,293
NWO-1033,DC_WEST,2024-07-22,518,226
NWO-1033,DC_WEST,2024-07-29,510,186
NWO-1033,DC_WEST,2024-08-05,655,287
NWO-1033,DC_WEST,2024-08-12,962,221
NWO-1033,DC_WEST,2024-08-19,757,233
NWO-1033,DC_WEST,2024-08-26,678,211
NWO-1033,DC_WEST,2024-09-02,607,236
NWO-1033,DC_WEST,2024-09-09,482,173
NWO-1033,DC_WEST,2024-09-16,433,237
NWO-1033,DC_WEST,2024-09-23,794,236
NWO-1033,DC_WEST,2024-09-30,660,220
NWO-1033,DC_WEST,2024-10-07,517,263
NWO-1033,DC_WEST,2024-10-14,559,228
NWO-1033,DC_WEST,2024-10-21,505,231
NWO-1033,DC_WEST,2024-10-28,802,318
NWO-1033,DC_WEST,2024-11-04,999,332
NWO-1033,DC_WEST,2024-11-11,926,338
NWO-1033,DC_WEST,2024-11-18,1046,453
NWO-1033,DC_WEST,2024-11-25,838,306
NWO-1033,DC_WEST,2024-12-02,1027,496
NWO-1033,DC_WEST,2024-12-09,1700,352
NWO-1033,DC_WEST,2024-12-16,970,329
NWO-1033,DC_WEST,2024-12-23,1011,242
NWO-1033,DC_WEST,2024-12-30,878,192
NWO-1033,DC_WEST,2025-01-06,500,186
NWO-1033,DC_WEST,2025-01-13,390,161
NWO-1033,DC_WEST,2025-01-20,455,161
NWO-1033,DC_WEST,2025-01-27,402,191
NWO-1033,DC_WEST,2025-02-03,499,180
NWO-1033,DC_WEST,2025-02-10,526,229
NWO-1033,DC_WEST,2025-02-17,654,251
NWO-1033,DC_WEST,2025-02-24,796,218
NWO-1033,DC_WEST,2025-03-03,423,241
NWO-1033,DC_WEST,2025-03-10,670,209
NWO-1033,DC_WEST,2025-03-17,524,211
NWO-1033,DC_WEST,2025-03-24,458,187
NWO-1033,DC_WEST,2025-03-31,585,217
NWO-1033,DC_WEST,2025-04-07,746,205
NWO-1033,DC_WEST,2025-04-14,468,174
NWO-1033,DC_WEST,2025-04-21,596,225
NWO-1033,DC_WEST,2025-04-28,467,264
NWO-1033,DC_WEST,2025-05-05,744,250
NWO-1033,DC_WEST,2025-05-12,580,224
NWO-1033,DC_WEST,2025-05-19,604,172
NWO-1033,DC_WEST,2025-05-26,468,169
NWO-1033,DC_WEST,2025-06-02,543,257
NWO-1033,DC_WEST,2025-06-09,791,275
NWO-1033,DC_WEST,2025-06-16,783,198
NWO-1033,DC_WEST,2025-06-23,499,287
NWO-1033,DC_WEST,2025-06-30,641,275
NWO-1033,DC_WEST,2025-07-07,659,188
NWO-1033,DC_WEST,2025-07-14,654,281
NWO-1033,DC_WEST,2025-07-21,514,184
NWO-1033,DC_WEST,2025-07-28,503,220
NWO-1033,DC_WEST,2025-08-04,459,266
NWO-1033,DC_WEST,2025-08-11,673,234
NWO-1033,DC_WEST,2025-08-18,525,288
NWO-1033,DC_WEST,2025-08-25,747,267
NWO-1033,DC_WEST,2025-09-01,582,206
NWO-1033,DC_WEST,2025-09-08,714,248
NWO-1033,DC_WEST,2025-09-15,708,229
NWO-1033,DC_WEST,2025-09-22,537,221
NWO-1033,DC_WEST,2025-09-29,590,244
NWO-1033,DC_WEST,2025-10-06,654,216
NWO-1033,DC_WEST,2025-10-13,638,209
NWO-1033,DC_WEST,2025-10-20,623,242
NWO-1033,DC_WEST,2025-10-27,557,301
NWO-1033,DC_WEST,2025-11-03,921,305
NWO-1033,DC_WEST,2025-11-10,943,351
NWO-1033,DC_WEST,2025-11-17,977,369
NWO-1033,DC_WEST,2025-11-24,674,342
NWO-1033,DC_WEST,2025-12-01,947,288
NWO-1033,DC_WEST,2025-12-08,966,307
NWO-1033,DC_WEST,2025-12-15,730,331
NWO-1033,DC_WEST,2025-12-22,719,240
NWO-1033,DC_WEST,2025-12-29,649,182
NWO-1033,DC_WEST,2026-01-05,458,149
NWO-1033,DC_WEST,2026-01-12,469,156
NWO-1033,DC_WEST,2026-01-19,601,211
NWO-1033,DC_WEST,2026-01-26,498,201
NWO-1033,DC_WEST,2026-02-02,659,184
NWO-1033,DC_WEST,2026-02-09,636,151
NWO-1033,DC_WEST,2026-02-16,442,128
NWO-1033,DC_WEST,2026-02-23,364,163
NWO-1033,DC_WEST,2026-03-02,584,201
NWO-1033,DC_WEST,2026-03-09,586,206
NWO-1033,DC_WEST,2026-03-16,576,224
NWO-1033,DC_WEST,2026-03-23,660,248
NWO-1033,DC_WEST,2026-03-30,635,206
NWO-1033,DC_WEST,2026-04-06,718,166
NWO-1033,DC_WEST,2026-04-13,512,294
NWO-1033,DC_WEST,2026-04-20,611,202
NWO-1033,DC_WEST,2026-04-27,390,198
NWO-1033,DC_WEST,2026-05-04,580,229
NWO-1033,DC_WEST,2026-05-11,579,226
NWO-1033,DC_WEST,2026-05-18,686,230
NWO-1033,DC_WEST,2026-05-25,552,224
NWO-1033,DC_WEST,2026-06-01,742,226
NWO-1034,DC_NORTH,2023-06-05,173,63
NWO-1034,DC_NORTH,2023-06-12,174,96
NWO-1034,DC_NORTH,2023-06-19,290,87
NWO-1034,DC_NORTH,2023-06-26,202,65
NWO-1034,DC_NORTH,2023-07-03,157,69
NWO-1034,DC_NORTH,2023-07-10,189,73
NWO-1034,DC_NORTH,2023-07-17,241,57
NWO-1034,DC_NORTH,2023-07-24,173,57
NWO-1034,DC_NORTH,2023-07-31,167,82
NWO-1034,DC_NORTH,2023-08-07,194,56
NWO-1034,DC_NORTH,2023-08-14,155,83
NWO-1034,DC_NORTH,2023-08-21,149,61
NWO-1034,DC_NORTH,2023-08-28,111,54
NWO-1034,DC_NORTH,2023-09-04,180,53
NWO-1034,DC_NORTH,2023-09-11,144,71
NWO-1034,DC_NORTH,2023-09-18,184,68
NWO-1034,DC_NORTH,2023-09-25,128,64
NWO-1034,DC_NORTH,2023-10-02,161,59
NWO-1034,DC_NORTH,2023-10-09,200,70
NWO-1034,DC_NORTH,2023-10-16,148,77
NWO-1034,DC_NORTH,2023-10-23,199,46
NWO-1034,DC_NORTH,2023-10-30,155,93
NWO-1034,DC_NORTH,2023-11-06,240,72
NWO-1034,DC_NORTH,2023-11-13,178,69
NWO-1034,DC_NORTH,2023-11-20,236,112
NWO-1034,DC_NORTH,2023-11-27,271,75
NWO-1034,DC_NORTH,2023-12-04,187,92
NWO-1034,DC_NORTH,2023-12-11,311,108
NWO-1034,DC_NORTH,2023-12-18,184,106
NWO-1034,DC_NORTH,2023-12-25,219,58
NWO-1034,DC_NORTH,2024-01-01,114,62
NWO-1034,DC_NORTH,2024-01-08,115,62
NWO-1034,DC_NORTH,2024-01-15,133,44
NWO-1034,DC_NORTH,2024-01-22,116,49
NWO-1034,DC_NORTH,2024-01-29,101,42
NWO-1034,DC_NORTH,2024-02-05,167,41
NWO-1034,DC_NORTH,2024-02-12,100,48
NWO-1034,DC_NORTH,2024-02-19,135,36
NWO-1034,DC_NORTH,2024-02-26,145,77
NWO-1034,DC_NORTH,2024-03-04,159,37
NWO-1034,DC_NORTH,2024-03-11,140,37
NWO-1034,DC_NORTH,2024-03-18,117,55
NWO-1034,DC_NORTH,2024-03-25,119,47
NWO-1034,DC_NORTH,2024-04-01,129,81
NWO-1034,DC_NORTH,2024-04-08,173,44
NWO-1034,DC_NORTH,2024-04-15,179,54
NWO-1034,DC_NORTH,2024-04-22,153,49
NWO-1034,DC_NORTH,2024-04-29,134,77
NWO-1034,DC_NORTH,2024-05-06,154,76
NWO-1034,DC_NORTH,2024-05-13,162,70
NWO-1034,DC_NORTH,2024-05-20,149,76
NWO-1034,DC_NORTH,2024-05-27,146,67
NWO-1034,DC_NORTH,2024-06-03,142,60
NWO-1034,DC_NORTH,2024-06-10,207,76
NWO-1034,DC_NORTH,2024-06-17,175,79
NWO-1034,DC_NORTH,2024-06-24,182,65
NWO-1034,DC_NORTH,2024-07-01,202,59
NWO-1034,DC_NORTH,2024-07-08,147,76
NWO-1034,DC_NORTH,2024-07-15,160,59
NWO-1034,DC_NORTH,2024-07-22,117,91
NWO-1034,DC_NORTH,2024-07-29,279,72
NWO-1034,DC_NORTH,2024-08-05,181,61
NWO-1034,DC_NORTH,2024-08-12,127,69
NWO-1034,DC_NORTH,2024-08-19,171,49
NWO-1034,DC_NORTH,2024-08-26,162,70
NWO-1034,DC_NORTH,2024-09-02,163,51
NWO-1034,DC_NORTH,2024-09-09,134,61
NWO-1034,DC_NORTH,2024-09-16,157,53
NWO-1034,DC_NORTH,2024-09-23,135,41
NWO-1034,DC_NORTH,2024-09-30,133,43
NWO-1034,DC_NORTH,2024-10-07,143,56
NWO-1034,DC_NORTH,2024-10-14,154,57
NWO-1034,DC_NORTH,2024-10-21,204,63
NWO-1034,DC_NORTH,2024-10-28,150,124
NWO-1034,DC_NORTH,2024-11-04,241,79
NWO-1034,DC_NORTH,2024-11-11,245,80
NWO-1034,DC_NORTH,2024-11-18,200,61
NWO-1034,DC_NORTH,2024-11-25,204,72
NWO-1034,DC_NORTH,2024-12-02,276,82
NWO-1034,DC_NORTH,2024-12-09,236,57
NWO-1034,DC_NORTH,2024-12-16,224,71
NWO-1034,DC_NORTH,2024-12-23,162,112
NWO-1034,DC_NORTH,2024-12-30,288,63
NWO-1034,DC_NORTH,2025-01-06,146,43
NWO-1034,DC_NORTH,2025-01-13,126,38
NWO-1034,DC_NORTH,2025-01-20,85,42
NWO-1034,DC_NORTH,2025-01-27,114,42
NWO-1034,DC_NORTH,2025-02-03,76,48
NWO-1034,DC_NORTH,2025-02-10,163,58
NWO-1034,DC_NORTH,2025-02-17,164,49
NWO-1034,DC_NORTH,2025-02-24,150,61
NWO-1034,DC_NORTH,2025-03-03,140,65
NWO-1034,DC_NORTH,2025-03-10,150,42
NWO-1034,DC_NORTH,2025-03-17,131,42
NWO-1034,DC_NORTH,2025-03-24,159,68
NWO-1034,DC_NORTH,2025-03-31,169,61
NWO-1034,DC_NORTH,2025-04-07,142,50
NWO-1034,DC_NORTH,2025-04-14,131,65
NWO-1034,DC_NORTH,2025-04-21,157,68
NWO-1034,DC_NORTH,2025-04-28,179,65
NWO-1034,DC_NORTH,2025-05-05,205,61
NWO-1034,DC_NORTH,2025-05-12,168,35
NWO-1034,DC_NORTH,2025-05-19,96,50
NWO-1034,DC_NORTH,2025-05-26,158,78
NWO-1034,DC_NORTH,2025-06-02,139,74
NWO-1034,DC_NORTH,2025-06-09,199,55
NWO-1034,DC_NORTH,2025-06-16,157,77
NWO-1034,DC_NORTH,2025-06-23,293,55
NWO-1034,DC_NORTH,2025-06-30,127,71
NWO-1034,DC_NORTH,2025-07-07,170,61
NWO-1034,DC_NORTH,2025-07-14,196,64
NWO-1034,DC_NORTH,2025-07-21,205,73
NWO-1034,DC_NORTH,2025-07-28,209,72
NWO-1034,DC_NORTH,2025-08-04,228,73
NWO-1034,DC_NORTH,2025-08-11,193,68
NWO-1034,DC_NORTH,2025-08-18,172,67
NWO-1034,DC_NORTH,2025-08-25,234,51
NWO-1034,DC_NORTH,2025-09-01,120,54
NWO-1034,DC_NORTH,2025-09-08,153,49
NWO-1034,DC_NORTH,2025-09-15,114,67
NWO-1034,DC_NORTH,2025-09-22,242,46
NWO-1034,DC_NORTH,2025-09-29,151,63
NWO-1034,DC_NORTH,2025-10-06,196,48
NWO-1034,DC_NORTH,2025-10-13,174,54
NWO-1034,DC_NORTH,2025-10-20,238,40
NWO-1034,DC_NORTH,2025-10-27,102,85
NWO-1034,DC_NORTH,2025-11-03,233,87
NWO-1034,DC_NORTH,2025-11-10,183,85
NWO-1034,DC_NORTH,2025-11-17,234,86
NWO-1034,DC_NORTH,2025-11-24,219,101
NWO-1034,DC_NORTH,2025-12-01,225,65
NWO-1034,DC_NORTH,2025-12-08,145,105
NWO-1034,DC_NORTH,2025-12-15,219,76
NWO-1034,DC_NORTH,2025-12-22,283,96
NWO-1034,DC_NORTH,2025-12-29,218,39
NWO-1034,DC_NORTH,2026-01-05,114,49
NWO-1034,DC_NORTH,2026-01-12,120,38
NWO-1034,DC_NORTH,2026-01-19,132,36
NWO-1034,DC_NORTH,2026-01-26,115,31
NWO-1034,DC_NORTH,2026-02-02,79,29
NWO-1034,DC_NORTH,2026-02-09,97,28
NWO-1034,DC_NORTH,2026-02-16,60,23
NWO-1034,DC_NORTH,2026-02-23,82,25
NWO-1034,DC_NORTH,2026-03-02,65,16
NWO-1034,DC_NORTH,2026-03-09,32,16
NWO-1034,DC_NORTH,2026-03-16,56,11
NWO-1034,DC_NORTH,2026-03-23,31,12
NWO-1034,DC_NORTH,2026-03-30,30,5
NWO-1034,DC_NORTH,2026-04-06,15,3
NWO-1034,DC_NORTH,2026-04-13,9,3
NWO-1034,DC_SOUTH,2023-06-05,381,188
NWO-1034,DC_SOUTH,2023-06-12,623,184
NWO-1034,DC_SOUTH,2023-06-19,489,204
NWO-1034,DC_SOUTH,2023-06-26,621,173
NWO-1034,DC_SOUTH,2023-07-03,489,129
NWO-1034,DC_SOUTH,2023-07-10,491,175
NWO-1034,DC_SOUTH,2023-07-17,479,127
NWO-1034,DC_SOUTH,2023-07-24,377,134
NWO-1034,DC_SOUTH,2023-07-31,554,125
NWO-1034,DC_SOUTH,2023-08-07,461,195
NWO-1034,DC_SOUTH,2023-08-14,530,223
NWO-1034,DC_SOUTH,2023-08-21,472,166
NWO-1034,DC_SOUTH,2023-08-28,413,177
NWO-1034,DC_SOUTH,2023-09-04,604,140
NWO-1034,DC_SOUTH,2023-09-11,340,158
NWO-1034,DC_SOUTH,2023-09-18,428,184
NWO-1034,DC_SOUTH,2023-09-25,502,165
NWO-1034,DC_SOUTH,2023-10-02,585,147
NWO-1034,DC_SOUTH,2023-10-09,561,207
NWO-1034,DC_SOUTH,2023-10-16,386,172
NWO-1034,DC_SOUTH,2023-10-23,529,186
NWO-1034,DC_SOUTH,2023-10-30,381,221
NWO-1034,DC_SOUTH,2023-11-06,682,246
NWO-1034,DC_SOUTH,2023-11-13,601,212
NWO-1034,DC_SOUTH,2023-11-20,533,286
NWO-1034,DC_SOUTH,2023-11-27,798,271
NWO-1034,DC_SOUTH,2023-12-04,494,263
NWO-1034,DC_SOUTH,2023-12-11,821,221
NWO-1034,DC_SOUTH,2023-12-18,661,256
NWO-1034,DC_SOUTH,2023-12-25,703,112
NWO-1034,DC_SOUTH,2024-01-01,299,115
NWO-1034,DC_SOUTH,2024-01-08,270,132
NWO-1034,DC_SOUTH,2024-01-15,415,137
NWO-1034,DC_SOUTH,2024-01-22,268,102
NWO-1034,DC_SOUTH,2024-01-29,377,141
NWO-1034,DC_SOUTH,2024-02-05,361,99
NWO-1034,DC_SOUTH,2024-02-12,333,95
NWO-1034,DC_SOUTH,2024-02-19,300,125
NWO-1034,DC_SOUTH,2024-02-26,260,165
NWO-1034,DC_SOUTH,2024-03-04,411,110
NWO-1034,DC_SOUTH,2024-03-11,309,159
NWO-1034,DC_SOUTH,2024-03-18,406,106
NWO-1034,DC_SOUTH,2024-03-25,351,106
NWO-1034,DC_SOUTH,2024-04-01,285,145
NWO-1034,DC_SOUTH,2024-04-08,460,131
NWO-1034,DC_SOUTH,2024-04-15,427,110
NWO-1034,DC_SOUTH,2024-04-22,433,164
NWO-1034,DC_SOUTH,2024-04-29,346,170
NWO-1034,DC_SOUTH,2024-05-06,370,144
NWO-1034,DC_SOUTH,2024-05-13,397,154
NWO-1034,DC_SOUTH,2024-05-20,375,192
NWO-1034,DC_SOUTH,2024-05-27,560,164
NWO-1034,DC_SOUTH,2024-06-03,476,164
NWO-1034,DC_SOUTH,2024-06-10,416,163
NWO-1034,DC_SOUTH,2024-06-17,626,200
NWO-1034,DC_SOUTH,2024-06-24,500,162
NWO-1034,DC_SOUTH,2024-07-01,371,209
NWO-1034,DC_SOUTH,2024-07-08,598,200
NWO-1034,DC_SOUTH,2024-07-15,390,212
NWO-1034,DC_SOUTH,2024-07-22,591,209
NWO-1034,DC_SOUTH,2024-07-29,627,155
NWO-1034,DC_SOUTH,2024-08-05,472,211
NWO-1034,DC_SOUTH,2024-08-12,505,155
NWO-1034,DC_SOUTH,2024-08-19,509,227
NWO-1034,DC_SOUTH,2024-08-26,498,131
NWO-1034,DC_SOUTH,2024-09-02,329,124
NWO-1034,DC_SOUTH,2024-09-09,483,188
NWO-1034,DC_SOUTH,2024-09-16,361,178
NWO-1034,DC_SOUTH,2024-09-23,359,170
NWO-1034,DC_SOUTH,2024-09-30,387,151
NWO-1034,DC_SOUTH,2024-10-07,321,207
NWO-1034,DC_SOUTH,2024-10-14,609,117
NWO-1034,DC_SOUTH,2024-10-21,390,135
NWO-1034,DC_SOUTH,2024-10-28,444,185
NWO-1034,DC_SOUTH,2024-11-04,391,218
NWO-1034,DC_SOUTH,2024-11-11,736,224
NWO-1034,DC_SOUTH,2024-11-18,449,294
NWO-1034,DC_SOUTH,2024-11-25,613,204
NWO-1034,DC_SOUTH,2024-12-02,663,252
NWO-1034,DC_SOUTH,2024-12-09,635,251
NWO-1034,DC_SOUTH,2024-12-16,476,158
NWO-1034,DC_SOUTH,2024-12-23,436,287
NWO-1034,DC_SOUTH,2024-12-30,529,113
NWO-1034,DC_SOUTH,2025-01-06,277,153
NWO-1034,DC_SOUTH,2025-01-13,397,161
NWO-1034,DC_SOUTH,2025-01-20,437,142
NWO-1034,DC_SOUTH,2025-01-27,429,103
NWO-1034,DC_SOUTH,2025-02-03,260,111
NWO-1034,DC_SOUTH,2025-02-10,336,149
NWO-1034,DC_SOUTH,2025-02-17,403,155
NWO-1034,DC_SOUTH,2025-02-24,332,132
NWO-1034,DC_SOUTH,2025-03-03,313,144
NWO-1034,DC_SOUTH,2025-03-10,380,118
NWO-1034,DC_SOUTH,2025-03-17,356,156
NWO-1034,DC_SOUTH,2025-03-24,295,157
NWO-1034,DC_SOUTH,2025-03-31,407,126
NWO-1034,DC_SOUTH,2025-04-07,365,170
NWO-1034,DC_SOUTH,2025-04-14,335,149
NWO-1034,DC_SOUTH,2025-04-21,389,216
NWO-1034,DC_SOUTH,2025-04-28,425,155
NWO-1034,DC_SOUTH,2025-05-05,470,193
NWO-1034,DC_SOUTH,2025-05-12,412,136
NWO-1034,DC_SOUTH,2025-05-19,459,179
NWO-1034,DC_SOUTH,2025-05-26,497,220
NWO-1034,DC_SOUTH,2025-06-02,420,139
NWO-1034,DC_SOUTH,2025-06-09,372,213
NWO-1034,DC_SOUTH,2025-06-16,469,139
NWO-1034,DC_SOUTH,2025-06-23,378,173
NWO-1034,DC_SOUTH,2025-06-30,392,148
NWO-1034,DC_SOUTH,2025-07-07,458,214
NWO-1034,DC_SOUTH,2025-07-14,463,155
NWO-1034,DC_SOUTH,2025-07-21,588,150
NWO-1034,DC_SOUTH,2025-07-28,518,189
NWO-1034,DC_SOUTH,2025-08-04,382,120
NWO-1034,DC_SOUTH,2025-08-11,486,163
NWO-1034,DC_SOUTH,2025-08-18,427,178
NWO-1034,DC_SOUTH,2025-08-25,394,186
NWO-1034,DC_SOUTH,2025-09-01,338,137
NWO-1034,DC_SOUTH,2025-09-08,499,159
NWO-1034,DC_SOUTH,2025-09-15,543,173
NWO-1034,DC_SOUTH,2025-09-22,445,125
NWO-1034,DC_SOUTH,2025-09-29,324,151
NWO-1034,DC_SOUTH,2025-10-06,495,167
NWO-1034,DC_SOUTH,2025-10-13,484,145
NWO-1034,DC_SOUTH,2025-10-20,521,155
NWO-1034,DC_SOUTH,2025-10-27,449,208
NWO-1034,DC_SOUTH,2025-11-03,801,183
NWO-1034,DC_SOUTH,2025-11-10,621,234
NWO-1034,DC_SOUTH,2025-11-17,590,216
NWO-1034,DC_SOUTH,2025-11-24,678,195
NWO-1034,DC_SOUTH,2025-12-01,618,230
NWO-1034,DC_SOUTH,2025-12-08,610,219
NWO-1034,DC_SOUTH,2025-12-15,585,174
NWO-1034,DC_SOUTH,2025-12-22,493,280
NWO-1034,DC_SOUTH,2025-12-29,735,127
NWO-1034,DC_SOUTH,2026-01-05,418,128
NWO-1034,DC_SOUTH,2026-01-12,239,103
NWO-1034,DC_SOUTH,2026-01-19,304,106
NWO-1034,DC_SOUTH,2026-01-26,294,94
NWO-1034,DC_SOUTH,2026-02-02,328,90
NWO-1034,DC_SOUTH,2026-02-09,208,59
NWO-1034,DC_SOUTH,2026-02-16,166,69
NWO-1034,DC_SOUTH,2026-02-23,180,48
NWO-1034,DC_SOUTH,2026-03-02,141,58
NWO-1034,DC_SOUTH,2026-03-09,192,51
NWO-1034,DC_SOUTH,2026-03-16,98,39
NWO-1034,DC_SOUTH,2026-03-23,113,20
NWO-1034,DC_SOUTH,2026-03-30,57,22
NWO-1034,DC_SOUTH,2026-04-06,61,9
NWO-1034,DC_SOUTH,2026-04-13,26,8
NWO-1034,DC_WEST,2023-06-05,278,167
NWO-1034,DC_WEST,2023-06-12,503,122
NWO-1034,DC_WEST,2023-06-19,424,169
NWO-1034,DC_WEST,2023-06-26,407,117
NWO-1034,DC_WEST,2023-07-03,342,118
NWO-1034,DC_WEST,2023-07-10,309,150
NWO-1034,DC_WEST,2023-07-17,400,112
NWO-1034,DC_WEST,2023-07-24,329,154
NWO-1034,DC_WEST,2023-07-31,459,163
NWO-1034,DC_WEST,2023-08-07,437,133
NWO-1034,DC_WEST,2023-08-14,321,116
NWO-1034,DC_WEST,2023-08-21,340,126
NWO-1034,DC_WEST,2023-08-28,473,121
NWO-1034,DC_WEST,2023-09-04,342,142
NWO-1034,DC_WEST,2023-09-11,426,97
NWO-1034,DC_WEST,2023-09-18,396,106
NWO-1034,DC_WEST,2023-09-25,313,130
NWO-1034,DC_WEST,2023-10-02,296,173
NWO-1034,DC_WEST,2023-10-09,315,99
NWO-1034,DC_WEST,2023-10-16,241,146
NWO-1034,DC_WEST,2023-10-23,392,98
NWO-1034,DC_WEST,2023-10-30,264,158
NWO-1034,DC_WEST,2023-11-06,516,168
NWO-1034,DC_WEST,2023-11-13,562,164
NWO-1034,DC_WEST,2023-11-20,491,190
NWO-1034,DC_WEST,2023-11-27,556,170
NWO-1034,DC_WEST,2023-12-04,499,162
NWO-1034,DC_WEST,2023-12-11,589,200
NWO-1034,DC_WEST,2023-12-18,673,202
NWO-1034,DC_WEST,2023-12-25,568,71
NWO-1034,DC_WEST,2024-01-01,288,84
NWO-1034,DC_WEST,2024-01-08,319,103
NWO-1034,DC_WEST,2024-01-15,177,88
NWO-1034,DC_WEST,2024-01-22,236,102
NWO-1034,DC_WEST,2024-01-29,194,98
NWO-1034,DC_WEST,2024-02-05,277,74
NWO-1034,DC_WEST,2024-02-12,229,105
NWO-1034,DC_WEST,2024-02-19,239,77
NWO-1034,DC_WEST,2024-02-26,250,110
NWO-1034,DC_WEST,2024-03-04,275,86
NWO-1034,DC_WEST,2024-03-11,276,133
NWO-1034,DC_WEST,2024-03-18,442,92
NWO-1034,DC_WEST,2024-03-25,218,123
NWO-1034,DC_WEST,2024-04-01,310,101
NWO-1034,DC_WEST,2024-04-08,275,130
NWO-1034,DC_WEST,2024-04-15,261,114
NWO-1034,DC_WEST,2024-04-22,312,134
NWO-1034,DC_WEST,2024-04-29,463,121
NWO-1034,DC_WEST,2024-05-06,393,103
NWO-1034,DC_WEST,2024-05-13,365,110
NWO-1034,DC_WEST,2024-05-20,349,118
NWO-1034,DC_WEST,2024-05-27,390,116
NWO-1034,DC_WEST,2024-06-03,367,138
NWO-1034,DC_WEST,2024-06-10,290,128
NWO-1034,DC_WEST,2024-06-17,319,111
NWO-1034,DC_WEST,2024-06-24,332,157
NWO-1034,DC_WEST,2024-07-01,386,140
NWO-1034,DC_WEST,2024-07-08,325,104
NWO-1034,DC_WEST,2024-07-15,266,151
NWO-1034,DC_WEST,2024-07-22,389,124
NWO-1034,DC_WEST,2024-07-29,301,136
NWO-1034,DC_WEST,2024-08-05,365,174
NWO-1034,DC_WEST,2024-08-12,412,198
NWO-1034,DC_WEST,2024-08-19,542,203
NWO-1034,DC_WEST,2024-08-26,493,164
NWO-1034,DC_WEST,2024-09-02,461,135
NWO-1034,DC_WEST,2024-09-09,361,135
NWO-1034,DC_WEST,2024-09-16,451,123
NWO-1034,DC_WEST,2024-09-23,373,155
NWO-1034,DC_WEST,2024-09-30,367,121
NWO-1034,DC_WEST,2024-10-07,312,125
NWO-1034,DC_WEST,2024-10-14,294,108
NWO-1034,DC_WEST,2024-10-21,337,92
NWO-1034,DC_WEST,2024-10-28,308,245
NWO-1034,DC_WEST,2024-11-04,465,136
NWO-1034,DC_WEST,2024-11-11,378,198
NWO-1034,DC_WEST,2024-11-18,396,159
NWO-1034,DC_WEST,2024-11-25,388,145
NWO-1034,DC_WEST,2024-12-02,387,168
NWO-1034,DC_WEST,2024-12-09,305,215
NWO-1034,DC_WEST,2024-12-16,442,179
NWO-1034,DC_WEST,2024-12-23,387,154
NWO-1034,DC_WEST,2024-12-30,373,90
NWO-1034,DC_WEST,2025-01-06,267,99
NWO-1034,DC_WEST,2025-01-13,215,80
NWO-1034,DC_WEST,2025-01-20,244,94
NWO-1034,DC_WEST,2025-01-27,208,108
NWO-1034,DC_WEST,2025-02-03,294,82
NWO-1034,DC_WEST,2025-02-10,241,127
NWO-1034,DC_WEST,2025-02-17,257,95
NWO-1034,DC_WEST,2025-02-24,265,132
NWO-1034,DC_WEST,2025-03-03,350,123
NWO-1034,DC_WEST,2025-03-10,282,110
NWO-1034,DC_WEST,2025-03-17,315,121
NWO-1034,DC_WEST,2025-03-24,383,108
NWO-1034,DC_WEST,2025-03-31,336,114
NWO-1034,DC_WEST,2025-04-07,272,101
NWO-1034,DC_WEST,2025-04-14,213,114
NWO-1034,DC_WEST,2025-04-21,292,119
NWO-1034,DC_WEST,2025-04-28,212,140
NWO-1034,DC_WEST,2025-05-05,354,129
NWO-1034,DC_WEST,2025-05-12,362,135
NWO-1034,DC_WEST,2025-05-19,361,95
NWO-1034,DC_WEST,2025-05-26,354,91
NWO-1034,DC_WEST,2025-06-02,276,127
NWO-1034,DC_WEST,2025-06-09,442,147
NWO-1034,DC_WEST,2025-06-16,403,161
NWO-1034,DC_WEST,2025-06-23,491,167
NWO-1034,DC_WEST,2025-06-30,294,132
NWO-1034,DC_WEST,2025-07-07,277,123
NWO-1034,DC_WEST,2025-07-14,388,136
NWO-1034,DC_WEST,2025-07-21,443,129
NWO-1034,DC_WEST,2025-07-28,370,121
NWO-1034,DC_WEST,2025-08-04,313,127
NWO-1034,DC_WEST,2025-08-11,366,99
NWO-1034,DC_WEST,2025-08-18,354,154
NWO-1034,DC_WEST,2025-08-25,477,140
NWO-1034,DC_WEST,2025-09-01,301,108
NWO-1034,DC_WEST,2025-09-08,298,134
NWO-1034,DC_WEST,2025-09-15,341,124
NWO-1034,DC_WEST,2025-09-22,409,148
NWO-1034,DC_WEST,2025-09-29,323,93
NWO-1034,DC_WEST,2025-10-06,251,135
NWO-1034,DC_WEST,2025-10-13,432,124
NWO-1034,DC_WEST,2025-10-20,263,91
NWO-1034,DC_WEST,2025-10-27,206,138
NWO-1034,DC_WEST,2025-11-03,359,197
NWO-1034,DC_WEST,2025-11-10,599,212
NWO-1034,DC_WEST,2025-11-17,651,143
NWO-1034,DC_WEST,2025-11-24,595,136
NWO-1034,DC_WEST,2025-12-01,497,196
NWO-1034,DC_WEST,2025-12-08,525,139
NWO-1034,DC_WEST,2025-12-15,363,181
NWO-1034,DC_WEST,2025-12-22,564,163
NWO-1034,DC_WEST,2025-12-29,390,105
NWO-1034,DC_WEST,2026-01-05,257,64
NWO-1034,DC_WEST,2026-01-12,157,59
NWO-1034,DC_WEST,2026-01-19,219,90
NWO-1034,DC_WEST,2026-01-26,261,77
NWO-1034,DC_WEST,2026-02-02,207,68
NWO-1034,DC_WEST,2026-02-09,163,60
NWO-1034,DC_WEST,2026-02-16,149,55
NWO-1034,DC_WEST,2026-02-23,139,43
NWO-1034,DC_WEST,2026-03-02,115,31
NWO-1034,DC_WEST,2026-03-09,98,30
NWO-1034,DC_WEST,2026-03-16,100,31
NWO-1034,DC_WEST,2026-03-23,92,18
NWO-1034,DC_WEST,2026-03-30,55,12
NWO-1034,DC_WEST,2026-04-06,42,7
NWO-1034,DC_WEST,2026-04-13,19,7
NWO-1035,DC_NORTH,2023-06-05,244,93
NWO-1035,DC_NORTH,2023-06-12,200,64
NWO-1035,DC_NORTH,2023-06-19,218,94
NWO-1035,DC_NORTH,2023-06-26,203,83
NWO-1035,DC_NORTH,2023-07-03,252,107
NWO-1035,DC_NORTH,2023-07-10,219,76
NWO-1035,DC_NORTH,2023-07-17,210,90
NWO-1035,DC_NORTH,2023-07-24,333,100
NWO-1035,DC_NORTH,2023-07-31,306,80
NWO-1035,DC_NORTH,2023-08-07,208,81
NWO-1035,DC_NORTH,2023-08-14,231,89
NWO-1035,DC_NORTH,2023-08-21,190,73
NWO-1035,DC_NORTH,2023-08-28,195,80
NWO-1035,DC_NORTH,2023-09-04,253,86
NWO-1035,DC_NORTH,2023-09-11,181,71
NWO-1035,DC_NORTH,2023-09-18,265,77
NWO-1035,DC_NORTH,2023-09-25,238,96
NWO-1035,DC_NORTH,2023-10-02,207,85
NWO-1035,DC_NORTH,2023-10-09,186,90
NWO-1035,DC_NORTH,2023-10-16,167,66
NWO-1035,DC_NORTH,2023-10-23,164,56
NWO-1035,DC_NORTH,2023-10-30,124,69
NWO-1035,DC_NORTH,2023-11-06,278,127
NWO-1035,DC_NORTH,2023-11-13,315,80
NWO-1035,DC_NORTH,2023-11-20,274,89
NWO-1035,DC_NORTH,2023-11-27,242,90
NWO-1035,DC_NORTH,2023-12-04,271,101
NWO-1035,DC_NORTH,2023-12-11,226,136
NWO-1035,DC_NORTH,2023-12-18,302,104
NWO-1035,DC_NORTH,2023-12-25,391,63
NWO-1035,DC_NORTH,2024-01-01,212,64
NWO-1035,DC_NORTH,2024-01-08,176,55
NWO-1035,DC_NORTH,2024-01-15,117,61
NWO-1035,DC_NORTH,2024-01-22,169,69
NWO-1035,DC_NORTH,2024-01-29,129,45
NWO-1035,DC_NORTH,2024-02-05,98,49
NWO-1035,DC_NORTH,2024-02-12,132,64
NWO-1035,DC_NORTH,2024-02-19,136,55
NWO-1035,DC_NORTH,2024-02-26,172,70
NWO-1035,DC_NORTH,2024-03-04,163,43
NWO-1035,DC_NORTH,2024-03-11,110,76
NWO-1035,DC_NORTH,2024-03-18,230,113
NWO-1035,DC_NORTH,2024-03-25,291,136
NWO-1035,DC_NORTH,2024-04-01,274,75
NWO-1035,DC_NORTH,2024-04-08,196,62
NWO-1035,DC_NORTH,2024-04-15,200,60
NWO-1035,DC_NORTH,2024-04-22,167,74
NWO-1035,DC_NORTH,2024-04-29,149,99
NWO-1035,DC_NORTH,2024-05-06,248,64
NWO-1035,DC_NORTH,2024-05-13,152,80
NWO-1035,DC_NORTH,2024-05-20,162,64
NWO-1035,DC_NORTH,2024-05-27,192,93
NWO-1035,DC_NORTH,2024-06-03,260,71
NWO-1035,DC_NORTH,2024-06-10,254,90
NWO-1035,DC_NORTH,2024-06-17,201,72
NWO-1035,DC_NORTH,2024-06-24,166,65
NWO-1035,DC_NORTH,2024-07-01,256,96
NWO-1035,DC_NORTH,2024-07-08,234,115
NWO-1035,DC_NORTH,2024-07-15,327,109
NWO-1035,DC_NORTH,2024-07-22,224,107
NWO-1035,DC_NORTH,2024-07-29,191,82
NWO-1035,DC_NORTH,2024-08-05,243,63
NWO-1035,DC_NORTH,2024-08-12,152,102
NWO-1035,DC_NORTH,2024-08-19,277,75
NWO-1035,DC_NORTH,2024-08-26,185,67
NWO-1035,DC_NORTH,2024-09-02,241,67
NWO-1035,DC_NORTH,2024-09-09,191,60
NWO-1035,DC_NORTH,2024-09-16,176,71
NWO-1035,DC_NORTH,2024-09-23,286,57
NWO-1035,DC_NORTH,2024-09-30,204,78
NWO-1035,DC_NORTH,2024-10-07,242,69
NWO-1035,DC_NORTH,2024-10-14,280,99
NWO-1035,DC_NORTH,2024-10-21,304,86
NWO-1035,DC_NORTH,2024-10-28,199,116
NWO-1035,DC_NORTH,2024-11-04,277,75
NWO-1035,DC_NORTH,2024-11-11,212,125
NWO-1035,DC_NORTH,2024-11-18,387,82
NWO-1035,DC_NORTH,2024-11-25,262,96
NWO-1035,DC_NORTH,2024-12-02,281,116
NWO-1035,DC_NORTH,2024-12-09,327,97
NWO-1035,DC_NORTH,2024-12-16,226,128
NWO-1035,DC_NORTH,2024-12-23,373,120
NWO-1035,DC_NORTH,2024-12-30,403,35
NWO-1035,DC_NORTH,2025-01-06,82,90
NWO-1035,DC_NORTH,2025-01-13,272,65
NWO-1035,DC_NORTH,2025-01-20,124,44
NWO-1035,DC_NORTH,2025-01-27,171,68
NWO-1035,DC_NORTH,2025-02-03,134,84
NWO-1035,DC_NORTH,2025-02-10,224,62
NWO-1035,DC_NORTH,2025-02-17,137,71
NWO-1035,DC_NORTH,2025-02-24,146,60
NWO-1035,DC_NORTH,2025-03-03,142,50
NWO-1035,DC_NORTH,2025-03-10,114,64
NWO-1035,DC_NORTH,2025-03-17,169,51
NWO-1035,DC_NORTH,2025-03-24,187,76
NWO-1035,DC_NORTH,2025-03-31,266,69
NWO-1035,DC_NORTH,2025-04-07,186,90
NWO-1035,DC_NORTH,2025-04-14,301,88
NWO-1035,DC_NORTH,2025-04-21,179,72
NWO-1035,DC_NORTH,2025-04-28,269,99
NWO-1035,DC_NORTH,2025-05-05,271,86
NWO-1035,DC_NORTH,2025-05-12,174,65
NWO-1035,DC_NORTH,2025-05-19,241,77
NWO-1035,DC_NORTH,2025-05-26,217,82
NWO-1035,DC_NORTH,2025-06-02,206,53
NWO-1035,DC_NORTH,2025-06-09,192,49
NWO-1035,DC_NORTH,2025-06-16,179,112
NWO-1035,DC_NORTH,2025-06-23,303,58
NWO-1035,DC_NORTH,2025-06-30,178,101
NWO-1035,DC_NORTH,2025-07-07,293,101
NWO-1035,DC_NORTH,2025-07-14,212,96
NWO-1035,DC_NORTH,2025-07-21,250,60
NWO-1035,DC_NORTH,2025-07-28,223,60
NWO-1035,DC_NORTH,2025-08-04,170,102
NWO-1035,DC_NORTH,2025-08-11,223,84
NWO-1035,DC_NORTH,2025-08-18,212,78
NWO-1035,DC_NORTH,2025-08-25,296,88
NWO-1035,DC_NORTH,2025-09-01,240,64
NWO-1035,DC_NORTH,2025-09-08,233,61
NWO-1035,DC_NORTH,2025-09-15,129,72
NWO-1035,DC_NORTH,2025-09-22,211,91
NWO-1035,DC_NORTH,2025-09-29,169,60
NWO-1035,DC_NORTH,2025-10-06,188,54
NWO-1035,DC_NORTH,2025-10-13,194,49
NWO-1035,DC_NORTH,2025-10-20,101,45
NWO-1035,DC_NORTH,2025-10-27,142,68
NWO-1035,DC_NORTH,2025-11-03,228,70
NWO-1035,DC_NORTH,2025-11-10,185,55
NWO-1035,DC_NORTH,2025-11-17,142,44
NWO-1035,DC_NORTH,2025-11-24,105,42
NWO-1035,DC_NORTH,2025-12-01,97,45
NWO-1035,DC_NORTH,2025-12-08,115,33
NWO-1035,DC_NORTH,2025-12-15,104,23
NWO-1035,DC_NORTH,2025-12-22,64,20
NWO-1035,DC_NORTH,2025-12-29,56,7
NWO-1035,DC_NORTH,2026-01-05,18,3
NWO-1035,DC_NORTH,2026-01-12,7,3
NWO-1035,DC_SOUTH,2023-06-05,645,212
NWO-1035,DC_SOUTH,2023-06-12,623,159
NWO-1035,DC_SOUTH,2023-06-19,508,290
NWO-1035,DC_SOUTH,2023-06-26,704,194
NWO-1035,DC_SOUTH,2023-07-03,386,215
NWO-1035,DC_SOUTH,2023-07-10,595,216
NWO-1035,DC_SOUTH,2023-07-17,481,178
NWO-1035,DC_SOUTH,2023-07-24,630,180
NWO-1035,DC_SOUTH,2023-07-31,549,192
NWO-1035,DC_SOUTH,2023-08-07,484,216
NWO-1035,DC_SOUTH,2023-08-14,622,236
NWO-1035,DC_SOUTH,2023-08-21,670,184
NWO-1035,DC_SOUTH,2023-08-28,701,166
NWO-1035,DC_SOUTH,2023-09-04,571,201
NWO-1035,DC_SOUTH,2023-09-11,627,221
NWO-1035,DC_SOUTH,2023-09-18,562,167
NWO-1035,DC_SOUTH,2023-09-25,449,202
NWO-1035,DC_SOUTH,2023-10-02,468,220
NWO-1035,DC_SOUTH,2023-10-09,675,239
NWO-1035,DC_SOUTH,2023-10-16,697,180
NWO-1035,DC_SOUTH,2023-10-23,608,195
NWO-1035,DC_SOUTH,2023-10-30,515,291
NWO-1035,DC_SOUTH,2023-11-06,918,300
NWO-1035,DC_SOUTH,2023-11-13,863,301
NWO-1035,DC_SOUTH,2023-11-20,973,270
NWO-1035,DC_SOUTH,2023-11-27,570,286
NWO-1035,DC_SOUTH,2023-12-04,782,262
NWO-1035,DC_SOUTH,2023-12-11,867,334
NWO-1035,DC_SOUTH,2023-12-18,677,346
NWO-1035,DC_SOUTH,2023-12-25,689,150
NWO-1035,DC_SOUTH,2024-01-01,456,136
NWO-1035,DC_SOUTH,2024-01-08,310,143
NWO-1035,DC_SOUTH,2024-01-15,520,130
NWO-1035,DC_SOUTH,2024-01-22,453,139
NWO-1035,DC_SOUTH,2024-01-29,343,161
NWO-1035,DC_SOUTH,2024-02-05,416,129
NWO-1035,DC_SOUTH,2024-02-12,383,145
NWO-1035,DC_SOUTH,2024-02-19,396,164
NWO-1035,DC_SOUTH,2024-02-26,474,169
NWO-1035,DC_SOUTH,2024-03-04,355,146
NWO-1035,DC_SOUTH,2024-03-11,395,210
NWO-1035,DC_SOUTH,2024-03-18,552,172
NWO-1035,DC_SOUTH,2024-03-25,554,166
NWO-1035,DC_SOUTH,2024-04-01,539,218
NWO-1035,DC_SOUTH,2024-04-08,669,172
NWO-1035,DC_SOUTH,2024-04-15,483,178
NWO-1035,DC_SOUTH,2024-04-22,588,152
NWO-1035,DC_SOUTH,2024-04-29,394,179
NWO-1035,DC_SOUTH,2024-05-06,490,188
NWO-1035,DC_SOUTH,2024-05-13,573,183
NWO-1035,DC_SOUTH,2024-05-20,522,196
NWO-1035,DC_SOUTH,2024-05-27,462,207
NWO-1035,DC_SOUTH,2024-06-03,520,150
NWO-1035,DC_SOUTH,2024-06-10,529,223
NWO-1035,DC_SOUTH,2024-06-17,810,213
NWO-1035,DC_SOUTH,2024-06-24,750,227
NWO-1035,DC_SOUTH,2024-07-01,774,235
NWO-1035,DC_SOUTH,2024-07-08,672,214
NWO-1035,DC_SOUTH,2024-07-15,591,205
NWO-1035,DC_SOUTH,2024-07-22,553,216
NWO-1035,DC_SOUTH,2024-07-29,727,156
NWO-1035,DC_SOUTH,2024-08-05,395,194
NWO-1035,DC_SOUTH,2024-08-12,689,237
NWO-1035,DC_SOUTH,2024-08-19,556,157
NWO-1035,DC_SOUTH,2024-08-26,614,145
NWO-1035,DC_SOUTH,2024-09-02,388,164
NWO-1035,DC_SOUTH,2024-09-09,409,211
NWO-1035,DC_SOUTH,2024-09-16,431,182
NWO-1035,DC_SOUTH,2024-09-23,639,183
NWO-1035,DC_SOUTH,2024-09-30,351,205
NWO-1035,DC_SOUTH,2024-10-07,445,204
NWO-1035,DC_SOUTH,2024-10-14,628,196
NWO-1035,DC_SOUTH,2024-10-21,461,262
NWO-1035,DC_SOUTH,2024-10-28,592,265
NWO-1035,DC_SOUTH,2024-11-04,579,275
NWO-1035,DC_SOUTH,2024-11-11,633,257
NWO-1035,DC_SOUTH,2024-11-18,861,276
NWO-1035,DC_SOUTH,2024-11-25,628,235
NWO-1035,DC_SOUTH,2024-12-02,763,276
NWO-1035,DC_SOUTH,2024-12-09,812,251
NWO-1035,DC_SOUTH,2024-12-16,896,240
NWO-1035,DC_SOUTH,2024-12-23,537,348
NWO-1035,DC_SOUTH,2024-12-30,723,137
NWO-1035,DC_SOUTH,2025-01-06,411,122
NWO-1035,DC_SOUTH,2025-01-13,392,173
NWO-1035,DC_SOUTH,2025-01-20,321,143
NWO-1035,DC_SOUTH,2025-01-27,499,149
NWO-1035,DC_SOUTH,2025-02-03,508,197
NWO-1035,DC_SOUTH,2025-02-10,570,170
NWO-1035,DC_SOUTH,2025-02-17,359,170
NWO-1035,DC_SOUTH,2025-02-24,494,178
NWO-1035,DC_SOUTH,2025-03-03,457,173
NWO-1035,DC_SOUTH,2025-03-10,593,214
NWO-1035,DC_SOUTH,2025-03-17,471,212
NWO-1035,DC_SOUTH,2025-03-24,591,218
NWO-1035,DC_SOUTH,2025-03-31,627,192
NWO-1035,DC_SOUTH,2025-04-07,623,238
NWO-1035,DC_SOUTH,2025-04-14,589,257
NWO-1035,DC_SOUTH,2025-04-21,590,238
NWO-1035,DC_SOUTH,2025-04-28,552,179
NWO-1035,DC_SOUTH,2025-05-05,595,214
NWO-1035,DC_SOUTH,2025-05-12,632,249
NWO-1035,DC_SOUTH,2025-05-19,590,204
NWO-1035,DC_SOUTH,2025-05-26,781,237
NWO-1035,DC_SOUTH,2025-06-02,689,167
NWO-1035,DC_SOUTH,2025-06-09,515,186
NWO-1035,DC_SOUTH,2025-06-16,517,145
NWO-1035,DC_SOUTH,2025-06-23,388,200
NWO-1035,DC_SOUTH,2025-06-30,486,275
NWO-1035,DC_SOUTH,2025-07-07,739,236
NWO-1035,DC_SOUTH,2025-07-14,452,194
NWO-1035,DC_SOUTH,2025-07-21,507,198
NWO-1035,DC_SOUTH,2025-07-28,668,193
NWO-1035,DC_SOUTH,2025-08-04,625,252
NWO-1035,DC_SOUTH,2025-08-11,703,169
NWO-1035,DC_SOUTH,2025-08-18,451,229
NWO-1035,DC_SOUTH,2025-08-25,788,267
NWO-1035,DC_SOUTH,2025-09-01,625,249
NWO-1035,DC_SOUTH,2025-09-08,707,235
NWO-1035,DC_SOUTH,2025-09-15,547,185
NWO-1035,DC_SOUTH,2025-09-22,619,142
NWO-1035,DC_SOUTH,2025-09-29,407,172
NWO-1035,DC_SOUTH,2025-10-06,472,162
NWO-1035,DC_SOUTH,2025-10-13,407,241
NWO-1035,DC_SOUTH,2025-10-20,482,195
NWO-1035,DC_SOUTH,2025-10-27,544,181
NWO-1035,DC_SOUTH,2025-11-03,614,221
NWO-1035,DC_SOUTH,2025-11-10,567,132
NWO-1035,DC_SOUTH,2025-11-17,384,151
NWO-1035,DC_SOUTH,2025-11-24,327,169
NWO-1035,DC_SOUTH,2025-12-01,498,97
NWO-1035,DC_SOUTH,2025-12-08,209,79
NWO-1035,DC_SOUTH,2025-12-15,196,81
NWO-1035,DC_SOUTH,2025-12-22,234,60
NWO-1035,DC_SOUTH,2025-12-29,173,18
NWO-1035,DC_SOUTH,2026-01-05,39,10
NWO-1035,DC_SOUTH,2026-01-12,23,8
NWO-1035,DC_WEST,2023-06-05,528,178
NWO-1035,DC_WEST,2023-06-12,463,142
NWO-1035,DC_WEST,2023-06-19,315,184
NWO-1035,DC_WEST,2023-06-26,599,124
NWO-1035,DC_WEST,2023-07-03,411,185
NWO-1035,DC_WEST,2023-07-10,483,187
NWO-1035,DC_WEST,2023-07-17,565,178
NWO-1035,DC_WEST,2023-07-24,372,102
NWO-1035,DC_WEST,2023-07-31,413,152
NWO-1035,DC_WEST,2023-08-07,503,134
NWO-1035,DC_WEST,2023-08-14,418,184
NWO-1035,DC_WEST,2023-08-21,437,188
NWO-1035,DC_WEST,2023-08-28,443,176
NWO-1035,DC_WEST,2023-09-04,492,161
NWO-1035,DC_WEST,2023-09-11,467,152
NWO-1035,DC_WEST,2023-09-18,475,154
NWO-1035,DC_WEST,2023-09-25,350,182
NWO-1035,DC_WEST,2023-10-02,526,150
NWO-1035,DC_WEST,2023-10-09,466,108
NWO-1035,DC_WEST,2023-10-16,363,163
NWO-1035,DC_WEST,2023-10-23,417,205
NWO-1035,DC_WEST,2023-10-30,355,177
NWO-1035,DC_WEST,2023-11-06,578,171
NWO-1035,DC_WEST,2023-11-13,413,195
NWO-1035,DC_WEST,2023-11-20,522,225
NWO-1035,DC_WEST,2023-11-27,644,291
NWO-1035,DC_WEST,2023-12-04,558,175
NWO-1035,DC_WEST,2023-12-11,744,228
NWO-1035,DC_WEST,2023-12-18,673,189
NWO-1035,DC_WEST,2023-12-25,683,114
NWO-1035,DC_WEST,2024-01-01,345,133
NWO-1035,DC_WEST,2024-01-08,427,94
NWO-1035,DC_WEST,2024-01-15,245,131
NWO-1035,DC_WEST,2024-01-22,355,123
NWO-1035,DC_WEST,2024-01-29,278,109
NWO-1035,DC_WEST,2024-02-05,328,143
NWO-1035,DC_WEST,2024-02-12,324,151
NWO-1035,DC_WEST,2024-02-19,367,136
NWO-1035,DC_WEST,2024-02-26,344,161
NWO-1035,DC_WEST,2024-03-04,470,185
NWO-1035,DC_WEST,2024-03-11,477,113
NWO-1035,DC_WEST,2024-03-18,229,151
NWO-1035,DC_WEST,2024-03-25,281,160
NWO-1035,DC_WEST,2024-04-01,395,137
NWO-1035,DC_WEST,2024-04-08,304,163
NWO-1035,DC_WEST,2024-04-15,402,158
NWO-1035,DC_WEST,2024-04-22,496,138
NWO-1035,DC_WEST,2024-04-29,445,154
NWO-1035,DC_WEST,2024-05-06,453,117
NWO-1035,DC_WEST,2024-05-13,508,124
NWO-1035,DC_WEST,2024-05-20,362,172
NWO-1035,DC_WEST,2024-05-27,352,203
NWO-1035,DC_WEST,2024-06-03,488,155
NWO-1035,DC_WEST,2024-06-10,299,148
NWO-1035,DC_WEST,2024-06-17,438,174
NWO-1035,DC_WEST,2024-06-24,533,144
NWO-1035,DC_WEST,2024-07-01,516,154
NWO-1035,DC_WEST,2024-07-08,314,141
NWO-1035,DC_WEST,2024-07-15,384,148
NWO-1035,DC_WEST,2024-07-22,513,190
NWO-1035,DC_WEST,2024-07-29,398,130
NWO-1035,DC_WEST,2024-08-05,485,186
NWO-1035,DC_WEST,2024-08-12,525,156
NWO-1035,DC_WEST,2024-08-19,583,167
NWO-1035,DC_WEST,2024-08-26,409,122
NWO-1035,DC_WEST,2024-09-02,450,177
NWO-1035,DC_WEST,2024-09-09,351,116
NWO-1035,DC_WEST,2024-09-16,297,136
NWO-1035,DC_WEST,2024-09-23,367,144
NWO-1035,DC_WEST,2024-09-30,504,145
NWO-1035,DC_WEST,2024-10-07,485,131
NWO-1035,DC_WEST,2024-10-14,443,171
NWO-1035,DC_WEST,2024-10-21,371,139
NWO-1035,DC_WEST,2024-10-28,286,190
NWO-1035,DC_WEST,2024-11-04,568,170
NWO-1035,DC_WEST,2024-11-11,609,234
NWO-1035,DC_WEST,2024-11-18,462,209
NWO-1035,DC_WEST,2024-11-25,570,192
NWO-1035,DC_WEST,2024-12-02,664,217
NWO-1035,DC_WEST,2024-12-09,602,228
NWO-1035,DC_WEST,2024-12-16,635,201
NWO-1035,DC_WEST,2024-12-23,609,237
NWO-1035,DC_WEST,2024-12-30,557,88
NWO-1035,DC_WEST,2025-01-06,232,108
NWO-1035,DC_WEST,2025-01-13,335,110
NWO-1035,DC_WEST,2025-01-20,415,83
NWO-1035,DC_WEST,2025-01-27,269,114
NWO-1035,DC_WEST,2025-02-03,418,109
NWO-1035,DC_WEST,2025-02-10,254,111
NWO-1035,DC_WEST,2025-02-17,297,126
NWO-1035,DC_WEST,2025-02-24,382,122
NWO-1035,DC_WEST,2025-03-03,287,193
NWO-1035,DC_WEST,2025-03-10,372,115
NWO-1035,DC_WEST,2025-03-17,287,162
NWO-1035,DC_WEST,2025-03-24,498,134
NWO-1035,DC_WEST,2025-03-31,437,139
NWO-1035,DC_WEST,2025-04-07,322,157
NWO-1035,DC_WEST,2025-04-14,328,152
NWO-1035,DC_WEST,2025-04-21,340,132
NWO-1035,DC_WEST,2025-04-28,377,143
NWO-1035,DC_WEST,2025-05-05,430,191
NWO-1035,DC_WEST,2025-05-12,512,140
NWO-1035,DC_WEST,2025-05-19,473,216
NWO-1035,DC_WEST,2025-05-26,410,166
NWO-1035,DC_WEST,2025-06-02,415,172
NWO-1035,DC_WEST,2025-06-09,336,163
NWO-1035,DC_WEST,2025-06-16,507,157
NWO-1035,DC_WEST,2025-06-23,356,176
NWO-1035,DC_WEST,2025-06-30,365,164
NWO-1035,DC_WEST,2025-07-07,489,189
NWO-1035,DC_WEST,2025-07-14,642,172
NWO-1035,DC_WEST,2025-07-21,384,128
NWO-1035,DC_WEST,2025-07-28,333,143
NWO-1035,DC_WEST,2025-08-04,351,135
NWO-1035,DC_WEST,2025-08-11,469,163
NWO-1035,DC_WEST,2025-08-18,436,181
NWO-1035,DC_WEST,2025-08-25,495,105
NWO-1035,DC_WEST,2025-09-01,387,110
NWO-1035,DC_WEST,2025-09-08,405,136
NWO-1035,DC_WEST,2025-09-15,321,149
NWO-1035,DC_WEST,2025-09-22,439,174
NWO-1035,DC_WEST,2025-09-29,521,170
NWO-1035,DC_WEST,2025-10-06,497,160
NWO-1035,DC_WEST,2025-10-13,403,151
NWO-1035,DC_WEST,2025-10-20,421,147
NWO-1035,DC_WEST,2025-10-27,310,197
NWO-1035,DC_WEST,2025-11-03,476,127
NWO-1035,DC_WEST,2025-11-10,280,117
NWO-1035,DC_WEST,2025-11-17,259,85
NWO-1035,DC_WEST,2025-11-24,254,84
NWO-1035,DC_WEST,2025-12-01,200,103
NWO-1035,DC_WEST,2025-12-08,244,61
NWO-1035,DC_WEST,2025-12-15,146,44
NWO-1035,DC_WEST,2025-12-22,137,42
NWO-1035,DC_WEST,2025-12-29,85,13
NWO-1035,DC_WEST,2026-01-05,44,6
NWO-1035,DC_WEST,2026-01-12,24,6
NWO-1036,DC_NORTH,2023-06-05,270,69
NWO-1036,DC_NORTH,2023-06-12,205,101
NWO-1036,DC_NORTH,2023-06-19,277,109
NWO-1036,DC_NORTH,2023-06-26,280,126
NWO-1036,DC_NORTH,2023-07-03,401,94
NWO-1036,DC_NORTH,2023-07-10,190,100
NWO-1036,DC_NORTH,2023-07-17,270,130
NWO-1036,DC_NORTH,2023-07-24,291,111
NWO-1036,DC_NORTH,2023-07-31,366,87
NWO-1036,DC_NORTH,2023-08-07,263,79
NWO-1036,DC_NORTH,2023-08-14,218,74
NWO-1036,DC_NORTH,2023-08-21,181,113
NWO-1036,DC_NORTH,2023-08-28,218,82
NWO-1036,DC_NORTH,2023-09-04,215,83
NWO-1036,DC_NORTH,2023-09-11,299,72
NWO-1036,DC_NORTH,2023-09-18,235,58
NWO-1036,DC_NORTH,2023-09-25,201,71
NWO-1036,DC_NORTH,2023-10-02,224,113
NWO-1036,DC_NORTH,2023-10-09,285,77
NWO-1036,DC_NORTH,2023-10-16,299,77
NWO-1036,DC_NORTH,2023-10-23,298,65
NWO-1036,DC_NORTH,2023-10-30,220,97
NWO-1036,DC_NORTH,2023-11-06,297,117
NWO-1036,DC_NORTH,2023-11-13,445,177
NWO-1036,DC_NORTH,2023-11-20,503,189
NWO-1036,DC_NORTH,2023-11-27,407,162
NWO-1036,DC_NORTH,2023-12-04,438,111
NWO-1036,DC_NORTH,2023-12-11,226,125
NWO-1036,DC_NORTH,2023-12-18,396,113
NWO-1036,DC_NORTH,2023-12-25,279,46
NWO-1036,DC_NORTH,2024-01-01,155,83
NWO-1036,DC_NORTH,2024-01-08,175,63
NWO-1036,DC_NORTH,2024-01-15,227,56
NWO-1036,DC_NORTH,2024-01-22,145,88
NWO-1036,DC_NORTH,2024-01-29,250,81
NWO-1036,DC_NORTH,2024-02-05,246,69
NWO-1036,DC_NORTH,2024-02-12,236,73
NWO-1036,DC_NORTH,2024-02-19,230,50
NWO-1036,DC_NORTH,2024-02-26,139,100
NWO-1036,DC_NORTH,2024-03-04,231,69
NWO-1036,DC_NORTH,2024-03-11,266,74
NWO-1036,DC_NORTH,2024-03-18,201,77
NWO-1036,DC_NORTH,2024-03-25,191,73
NWO-1036,DC_NORTH,2024-04-01,222,99
NWO-1036,DC_NORTH,2024-04-08,263,102
NWO-1036,DC_NORTH,2024-04-15,198,93
NWO-1036,DC_NORTH,2024-04-22,321,63
NWO-1036,DC_NORTH,2024-04-29,210,75
NWO-1036,DC_NORTH,2024-05-06,262,86
NWO-1036,DC_NORTH,2024-05-13,182,92
NWO-1036,DC_NORTH,2024-05-20,277,90
NWO-1036,DC_NORTH,2024-05-27,186,80
NWO-1036,DC_NORTH,2024-06-03,246,76
NWO-1036,DC_NORTH,2024-06-10,202,87
NWO-1036,DC_NORTH,2024-06-17,175,131
NWO-1036,DC_NORTH,2024-06-24,415,101
NWO-1036,DC_NORTH,2024-07-01,261,92
NWO-1036,DC_NORTH,2024-07-08,293,114
NWO-1036,DC_NORTH,2024-07-15,261,102
NWO-1036,DC_NORTH,2024-07-22,414,98
NWO-1036,DC_NORTH,2024-07-29,333,79
NWO-1036,DC_NORTH,2024-08-05,163,113
NWO-1036,DC_NORTH,2024-08-12,303,78
NWO-1036,DC_NORTH,2024-08-19,158,118
NWO-1036,DC_NORTH,2024-08-26,305,93
NWO-1036,DC_NORTH,2024-09-02,213,105
NWO-1036,DC_NORTH,2024-09-09,270,98
NWO-1036,DC_NORTH,2024-09-16,301,93
NWO-1036,DC_NORTH,2024-09-23,321,62
NWO-1036,DC_NORTH,2024-09-30,160,61
NWO-1036,DC_NORTH,2024-10-07,185,97
NWO-1036,DC_NORTH,2024-10-14,339,84
NWO-1036,DC_NORTH,2024-10-21,230,73
NWO-1036,DC_NORTH,2024-10-28,190,113
NWO-1036,DC_NORTH,2024-11-04,403,180
NWO-1036,DC_NORTH,2024-11-11,342,115
NWO-1036,DC_NORTH,2024-11-18,228,72
NWO-1036,DC_NORTH,2024-11-25,272,127
NWO-1036,DC_NORTH,2024-12-02,365,139
NWO-1036,DC_NORTH,2024-12-09,429,154
NWO-1036,DC_NORTH,2024-12-16,429,146
NWO-1036,DC_NORTH,2024-12-23,387,167
NWO-1036,DC_NORTH,2024-12-30,513,59
NWO-1036,DC_NORTH,2025-01-06,149,61
NWO-1036,DC_NORTH,2025-01-13,153,71
NWO-1036,DC_NORTH,2025-01-20,157,55
NWO-1036,DC_NORTH,2025-01-27,134,60
NWO-1036,DC_NORTH,2025-02-03,148,82
NWO-1036,DC_NORTH,2025-02-10,190,65
NWO-1036,DC_NORTH,2025-02-17,115,74
NWO-1036,DC_NORTH,2025-02-24,204,82
NWO-1036,DC_NORTH,2025-03-03,243,68
NWO-1036,DC_NORTH,2025-03-10,213,72
NWO-1036,DC_NORTH,2025-03-17,259,92
NWO-1036,DC_NORTH,2025-03-24,273,85
NWO-1036,DC_NORTH,2025-03-31,169,115
NWO-1036,DC_NORTH,2025-04-07,381,86
NWO-1036,DC_NORTH,2025-04-14,197,94
NWO-1036,DC_NORTH,2025-04-21,194,91
NWO-1036,DC_NORTH,2025-04-28,237,89
NWO-1036,DC_NORTH,2025-05-05,203,93
NWO-1036,DC_NORTH,2025-05-12,275,83
NWO-1036,DC_NORTH,2025-05-19,269,80
NWO-1036,DC_NORTH,2025-05-26,232,85
NWO-1036,DC_NORTH,2025-06-02,211,82
NWO-1036,DC_NORTH,2025-06-09,245,94
NWO-1036,DC_NORTH,2025-06-16,355,66
NWO-1036,DC_NORTH,2025-06-23,207,65
NWO-1036,DC_NORTH,2025-06-30,196,124
NWO-1036,DC_NORTH,2025-07-07,259,88
NWO-1036,DC_NORTH,2025-07-14,248,88
NWO-1036,DC_NORTH,2025-07-21,344,115
NWO-1036,DC_NORTH,2025-07-28,291,84
NWO-1036,DC_NORTH,2025-08-04,213,65
NWO-1036,DC_NORTH,2025-08-11,208,92
NWO-1036,DC_NORTH,2025-08-18,251,73
NWO-1036,DC_NORTH,2025-08-25,218,107
NWO-1036,DC_NORTH,2025-09-01,203,130
NWO-1036,DC_NORTH,2025-09-08,486,132
NWO-1036,DC_NORTH,2025-09-15,327,86
NWO-1036,DC_NORTH,2025-09-22,235,106
NWO-1036,DC_NORTH,2025-09-29,211,88
NWO-1036,DC_NORTH,2025-10-06,285,83
NWO-1036,DC_NORTH,2025-10-13,287,65
NWO-1036,DC_NORTH,2025-10-20,259,90
NWO-1036,DC_NORTH,2025-10-27,191,124
NWO-1036,DC_NORTH,2025-11-03,261,166
NWO-1036,DC_NORTH,2025-11-10,516,113
NWO-1036,DC_NORTH,2025-11-17,366,145
NWO-1036,DC_NORTH,2025-11-24,399,189
NWO-1036,DC_NORTH,2025-12-01,437,153
NWO-1036,DC_NORTH,2025-12-08,481,125
NWO-1036,DC_NORTH,2025-12-15,345,193
NWO-1036,DC_NORTH,2025-12-22,539,110
NWO-1036,DC_NORTH,2025-12-29,334,76
NWO-1036,DC_NORTH,2026-01-05,179,62
NWO-1036,DC_NORTH,2026-01-12,154,55
NWO-1036,DC_NORTH,2026-01-19,122,50
NWO-1036,DC_NORTH,2026-01-26,160,67
NWO-1036,DC_NORTH,2026-02-02,260,77
NWO-1036,DC_NORTH,2026-02-09,222,62
NWO-1036,DC_NORTH,2026-02-16,208,96
NWO-1036,DC_NORTH,2026-02-23,282,72
NWO-1036,DC_NORTH,2026-03-02,146,113
NWO-1036,DC_NORTH,2026-03-09,229,90
NWO-1036,DC_NORTH,2026-03-16,237,85
NWO-1036,DC_NORTH,2026-03-23,262,59
NWO-1036,DC_NORTH,2026-03-30,138,82
NWO-1036,DC_NORTH,2026-04-06,220,94
NWO-1036,DC_NORTH,2026-04-13,270,73
NWO-1036,DC_NORTH,2026-04-20,167,98
NWO-1036,DC_NORTH,2026-04-27,208,76
NWO-1036,DC_NORTH,2026-05-04,229,103
NWO-1036,DC_NORTH,2026-05-11,257,87
NWO-1036,DC_NORTH,2026-05-18,204,107
NWO-1036,DC_NORTH,2026-05-25,244,101
NWO-1036,DC_NORTH,2026-06-01,216,124
NWO-1036,DC_SOUTH,2023-06-05,541,245
NWO-1036,DC_SOUTH,2023-06-12,719,273
NWO-1036,DC_SOUTH,2023-06-19,531,223
NWO-1036,DC_SOUTH,2023-06-26,718,303
NWO-1036,DC_SOUTH,2023-07-03,776,288
NWO-1036,DC_SOUTH,2023-07-10,859,282
NWO-1036,DC_SOUTH,2023-07-17,1172,261
NWO-1036,DC_SOUTH,2023-07-24,592,288
NWO-1036,DC_SOUTH,2023-07-31,568,192
NWO-1036,DC_SOUTH,2023-08-07,725,225
NWO-1036,DC_SOUTH,2023-08-14,524,261
NWO-1036,DC_SOUTH,2023-08-21,652,217
NWO-1036,DC_SOUTH,2023-08-28,579,251
NWO-1036,DC_SOUTH,2023-09-04,675,211
NWO-1036,DC_SOUTH,2023-09-11,644,264
NWO-1036,DC_SOUTH,2023-09-18,579,191
NWO-1036,DC_SOUTH,2023-09-25,786,208
NWO-1036,DC_SOUTH,2023-10-02,683,256
NWO-1036,DC_SOUTH,2023-10-09,572,277
NWO-1036,DC_SOUTH,2023-10-16,700,246
NWO-1036,DC_SOUTH,2023-10-23,678,333
NWO-1036,DC_SOUTH,2023-10-30,709,354
NWO-1036,DC_SOUTH,2023-11-06,697,326
NWO-1036,DC_SOUTH,2023-11-13,1093,273
NWO-1036,DC_SOUTH,2023-11-20,738,393
NWO-1036,DC_SOUTH,2023-11-27,755,430
NWO-1036,DC_SOUTH,2023-12-04,794,369
NWO-1036,DC_SOUTH,2023-12-11,1329,296
NWO-1036,DC_SOUTH,2023-12-18,812,390
NWO-1036,DC_SOUTH,2023-12-25,1034,164
NWO-1036,DC_SOUTH,2024-01-01,485,195
NWO-1036,DC_SOUTH,2024-01-08,386,156
NWO-1036,DC_SOUTH,2024-01-15,475,172
NWO-1036,DC_SOUTH,2024-01-22,579,166
NWO-1036,DC_SOUTH,2024-01-29,509,185
NWO-1036,DC_SOUTH,2024-02-05,528,209
NWO-1036,DC_SOUTH,2024-02-12,655,205
NWO-1036,DC_SOUTH,2024-02-19,661,161
NWO-1036,DC_SOUTH,2024-02-26,555,243
NWO-1036,DC_SOUTH,2024-03-04,615,215
NWO-1036,DC_SOUTH,2024-03-11,704,245
NWO-1036,DC_SOUTH,2024-03-18,532,236
NWO-1036,DC_SOUTH,2024-03-25,720,285
NWO-1036,DC_SOUTH,2024-04-01,655,239
NWO-1036,DC_SOUTH,2024-04-08,733,275
NWO-1036,DC_SOUTH,2024-04-15,674,215
NWO-1036,DC_SOUTH,2024-04-22,468,257
NWO-1036,DC_SOUTH,2024-04-29,518,258
NWO-1036,DC_SOUTH,2024-05-06,755,237
NWO-1036,DC_SOUTH,2024-05-13,764,199
NWO-1036,DC_SOUTH,2024-05-20,527,210
NWO-1036,DC_SOUTH,2024-05-27,790,229
NWO-1036,DC_SOUTH,2024-06-03,517,250
NWO-1036,DC_SOUTH,2024-06-10,816,272
NWO-1036,DC_SOUTH,2024-06-17,816,296
NWO-1036,DC_SOUTH,2024-06-24,561,274
NWO-1036,DC_SOUTH,2024-07-01,880,310
NWO-1036,DC_SOUTH,2024-07-08,957,315
NWO-1036,DC_SOUTH,2024-07-15,964,275
NWO-1036,DC_SOUTH,2024-07-22,763,217
NWO-1036,DC_SOUTH,2024-07-29,599,254
NWO-1036,DC_SOUTH,2024-08-05,638,289
NWO-1036,DC_SOUTH,2024-08-12,702,285
NWO-1036,DC_SOUTH,2024-08-19,879,296
NWO-1036,DC_SOUTH,2024-08-26,558,230
NWO-1036,DC_SOUTH,2024-09-02,558,232
NWO-1036,DC_SOUTH,2024-09-09,626,265
NWO-1036,DC_SOUTH,2024-09-16,568,187
NWO-1036,DC_SOUTH,2024-09-23,416,203
NWO-1036,DC_SOUTH,2024-09-30,643,179
NWO-1036,DC_SOUTH,2024-10-07,660,284
NWO-1036,DC_SOUTH,2024-10-14,884,321
NWO-1036,DC_SOUTH,2024-10-21,592,289
NWO-1036,DC_SOUTH,2024-10-28,664,426
NWO-1036,DC_SOUTH,2024-11-04,1057,429
NWO-1036,DC_SOUTH,2024-11-11,1120,268
NWO-1036,DC_SOUTH,2024-11-18,698,324
NWO-1036,DC_SOUTH,2024-11-25,692,433
NWO-1036,DC_SOUTH,2024-12-02,915,405
NWO-1036,DC_SOUTH,2024-12-09,1107,347
NWO-1036,DC_SOUTH,2024-12-16,927,376
NWO-1036,DC_SOUTH,2024-12-23,683,322
NWO-1036,DC_SOUTH,2024-12-30,752,222
NWO-1036,DC_SOUTH,2025-01-06,480,186
NWO-1036,DC_SOUTH,2025-01-13,480,156
NWO-1036,DC_SOUTH,2025-01-20,485,191
NWO-1036,DC_SOUTH,2025-01-27,458,189
NWO-1036,DC_SOUTH,2025-02-03,352,141
NWO-1036,DC_SOUTH,2025-02-10,338,182
NWO-1036,DC_SOUTH,2025-02-17,618,142
NWO-1036,DC_SOUTH,2025-02-24,537,203
NWO-1036,DC_SOUTH,2025-03-03,700,211
NWO-1036,DC_SOUTH,2025-03-10,423,196
NWO-1036,DC_SOUTH,2025-03-17,635,173
NWO-1036,DC_SOUTH,2025-03-24,590,247
NWO-1036,DC_SOUTH,2025-03-31,491,166
NWO-1036,DC_SOUTH,2025-04-07,576,165
NWO-1036,DC_SOUTH,2025-04-14,517,243
NWO-1036,DC_SOUTH,2025-04-21,475,160
NWO-1036,DC_SOUTH,2025-04-28,475,272
NWO-1036,DC_SOUTH,2025-05-05,645,274
NWO-1036,DC_SOUTH,2025-05-12,644,290
NWO-1036,DC_SOUTH,2025-05-19,547,197
NWO-1036,DC_SOUTH,2025-05-26,548,192
NWO-1036,DC_SOUTH,2025-06-02,765,224
NWO-1036,DC_SOUTH,2025-06-09,475,285
NWO-1036,DC_SOUTH,2025-06-16,522,233
NWO-1036,DC_SOUTH,2025-06-23,817,317
NWO-1036,DC_SOUTH,2025-06-30,735,283
NWO-1036,DC_SOUTH,2025-07-07,688,280
NWO-1036,DC_SOUTH,2025-07-14,889,238
NWO-1036,DC_SOUTH,2025-07-21,784,219
NWO-1036,DC_SOUTH,2025-07-28,522,343
NWO-1036,DC_SOUTH,2025-08-04,699,307
NWO-1036,DC_SOUTH,2025-08-11,782,196
NWO-1036,DC_SOUTH,2025-08-18,497,287
NWO-1036,DC_SOUTH,2025-08-25,599,279
NWO-1036,DC_SOUTH,2025-09-01,709,200
NWO-1036,DC_SOUTH,2025-09-08,496,268
NWO-1036,DC_SOUTH,2025-09-15,585,207
NWO-1036,DC_SOUTH,2025-09-22,565,248
NWO-1036,DC_SOUTH,2025-09-29,763,165
NWO-1036,DC_SOUTH,2025-10-06,444,288
NWO-1036,DC_SOUTH,2025-10-13,589,250
NWO-1036,DC_SOUTH,2025-10-20,520,250
NWO-1036,DC_SOUTH,2025-10-27,709,241
NWO-1036,DC_SOUTH,2025-11-03,796,380
NWO-1036,DC_SOUTH,2025-11-10,1214,267
NWO-1036,DC_SOUTH,2025-11-17,1107,326
NWO-1036,DC_SOUTH,2025-11-24,1045,286
NWO-1036,DC_SOUTH,2025-12-01,818,282
NWO-1036,DC_SOUTH,2025-12-08,711,325
NWO-1036,DC_SOUTH,2025-12-15,654,351
NWO-1036,DC_SOUTH,2025-12-22,833,360
NWO-1036,DC_SOUTH,2025-12-29,1291,149
NWO-1036,DC_SOUTH,2026-01-05,405,201
NWO-1036,DC_SOUTH,2026-01-12,638,185
NWO-1036,DC_SOUTH,2026-01-19,673,245
NWO-1036,DC_SOUTH,2026-01-26,478,204
NWO-1036,DC_SOUTH,2026-02-02,416,160
NWO-1036,DC_SOUTH,2026-02-09,631,172
NWO-1036,DC_SOUTH,2026-02-16,660,200
NWO-1036,DC_SOUTH,2026-02-23,602,268
NWO-1036,DC_SOUTH,2026-03-02,757,165
NWO-1036,DC_SOUTH,2026-03-09,475,230
NWO-1036,DC_SOUTH,2026-03-16,613,198
NWO-1036,DC_SOUTH,2026-03-23,522,264
NWO-1036,DC_SOUTH,2026-03-30,640,220
NWO-1036,DC_SOUTH,2026-04-06,621,166
NWO-1036,DC_SOUTH,2026-04-13,547,206
NWO-1036,DC_SOUTH,2026-04-20,420,215
NWO-1036,DC_SOUTH,2026-04-27,885,209
NWO-1036,DC_SOUTH,2026-05-04,654,226
NWO-1036,DC_SOUTH,2026-05-11,464,201
NWO-1036,DC_SOUTH,2026-05-18,585,200
NWO-1036,DC_SOUTH,2026-05-25,714,313
NWO-1036,DC_SOUTH,2026-06-01,949,244
NWO-1036,DC_WEST,2023-06-05,548,149
NWO-1036,DC_WEST,2023-06-12,368,211
NWO-1036,DC_WEST,2023-06-19,637,221
NWO-1036,DC_WEST,2023-06-26,660,248
NWO-1036,DC_WEST,2023-07-03,640,220
NWO-1036,DC_WEST,2023-07-10,616,178
NWO-1036,DC_WEST,2023-07-17,636,218
NWO-1036,DC_WEST,2023-07-24,429,222
NWO-1036,DC_WEST,2023-07-31,546,180
NWO-1036,DC_WEST,2023-08-07,643,179
NWO-1036,DC_WEST,2023-08-14,381,195
NWO-1036,DC_WEST,2023-08-21,588,162
NWO-1036,DC_WEST,2023-08-28,453,232
NWO-1036,DC_WEST,2023-09-04,422,150
NWO-1036,DC_WEST,2023-09-11,401,181
NWO-1036,DC_WEST,2023-09-18,481,161
NWO-1036,DC_WEST,2023-09-25,671,215
NWO-1036,DC_WEST,2023-10-02,569,217
NWO-1036,DC_WEST,2023-10-09,453,154
NWO-1036,DC_WEST,2023-10-16,280,202
NWO-1036,DC_WEST,2023-10-23,453,154
NWO-1036,DC_WEST,2023-10-30,348,246
NWO-1036,DC_WEST,2023-11-06,876,235
NWO-1036,DC_WEST,2023-11-13,496,329
NWO-1036,DC_WEST,2023-11-20,633,223
NWO-1036,DC_WEST,2023-11-27,624,261
NWO-1036,DC_WEST,2023-12-04,651,300
NWO-1036,DC_WEST,2023-12-11,697,217
NWO-1036,DC_WEST,2023-12-18,842,289
NWO-1036,DC_WEST,2023-12-25,740,184
NWO-1036,DC_WEST,2024-01-01,364,176
NWO-1036,DC_WEST,2024-01-08,360,159
NWO-1036,DC_WEST,2024-01-15,525,126
NWO-1036,DC_WEST,2024-01-22,355,132
NWO-1036,DC_WEST,2024-01-29,384,181
NWO-1036,DC_WEST,2024-02-05,380,160
NWO-1036,DC_WEST,2024-02-12,336,114
NWO-1036,DC_WEST,2024-02-19,370,132
NWO-1036,DC_WEST,2024-02-26,348,158
NWO-1036,DC_WEST,2024-03-04,440,151
NWO-1036,DC_WEST,2024-03-11,568,184
NWO-1036,DC_WEST,2024-03-18,573,164
NWO-1036,DC_WEST,2024-03-25,493,221
NWO-1036,DC_WEST,2024-04-01,590,165
NWO-1036,DC_WEST,2024-04-08,449,206
NWO-1036,DC_WEST,2024-04-15,504,171
NWO-1036,DC_WEST,2024-04-22,359,157
NWO-1036,DC_WEST,2024-04-29,353,174
NWO-1036,DC_WEST,2024-05-06,431,164
NWO-1036,DC_WEST,2024-05-13,473,170
NWO-1036,DC_WEST,2024-05-20,624,165
NWO-1036,DC_WEST,2024-05-27,588,217
NWO-1036,DC_WEST,2024-06-03,445,212
NWO-1036,DC_WEST,2024-06-10,607,267
NWO-1036,DC_WEST,2024-06-17,757,190
NWO-1036,DC_WEST,2024-06-24,629,185
NWO-1036,DC_WEST,2024-07-01,764,174
NWO-1036,DC_WEST,2024-07-08,446,168
NWO-1036,DC_WEST,2024-07-15,432,231
NWO-1036,DC_WEST,2024-07-22,641,231
NWO-1036,DC_WEST,2024-07-29,559,195
NWO-1036,DC_WEST,2024-08-05,480,126
NWO-1036,DC_WEST,2024-08-12,368,161
NWO-1036,DC_WEST,2024-08-19,430,134
NWO-1036,DC_WEST,2024-08-26,339,142
NWO-1036,DC_WEST,2024-09-02,396,187
NWO-1036,DC_WEST,2024-09-09,470,167
NWO-1036,DC_WEST,2024-09-16,428,229
NWO-1036,DC_WEST,2024-09-23,487,130
NWO-1036,DC_WEST,2024-09-30,381,202
NWO-1036,DC_WEST,2024-10-07,722,133
NWO-1036,DC_WEST,2024-10-14,319,152
NWO-1036,DC_WEST,2024-10-21,498,112
NWO-1036,DC_WEST,2024-10-28,286,269
NWO-1036,DC_WEST,2024-11-04,522,224
NWO-1036,DC_WEST,2024-11-11,781,283
NWO-1036,DC_WEST,2024-11-18,990,267
NWO-1036,DC_WEST,2024-11-25,677,243
NWO-1036,DC_WEST,2024-12-02,668,246
NWO-1036,DC_WEST,2024-12-09,675,277
NWO-1036,DC_WEST,2024-12-16,560,301
NWO-1036,DC_WEST,2024-12-23,611,288
NWO-1036,DC_WEST,2024-12-30,734,127
NWO-1036,DC_WEST,2025-01-06,399,150
NWO-1036,DC_WEST,2025-01-13,315,167
NWO-1036,DC_WEST,2025-01-20,382,157
NWO-1036,DC_WEST,2025-01-27,524,178
NWO-1036,DC_WEST,2025-02-03,448,127
NWO-1036,DC_WEST,2025-02-10,282,117
NWO-1036,DC_WEST,2025-02-17,398,116
NWO-1036,DC_WEST,2025-02-24,274,133
NWO-1036,DC_WEST,2025-03-03,491,186
NWO-1036,DC_WEST,2025-03-10,433,140
NWO-1036,DC_WEST,2025-03-17,483,174
NWO-1036,DC_WEST,2025-03-24,398,160
NWO-1036,DC_WEST,2025-03-31,453,217
NWO-1036,DC_WEST,2025-04-07,662,189
NWO-1036,DC_WEST,2025-04-14,466,138
NWO-1036,DC_WEST,2025-04-21,551,196
NWO-1036,DC_WEST,2025-04-28,375,211
NWO-1036,DC_WEST,2025-05-05,587,150
NWO-1036,DC_WEST,2025-05-12,374,130
NWO-1036,DC_WEST,2025-05-19,481,212
NWO-1036,DC_WEST,2025-05-26,518,236
NWO-1036,DC_WEST,2025-06-02,512,203
NWO-1036,DC_WEST,2025-06-09,475,222
NWO-1036,DC_WEST,2025-06-16,646,232
NWO-1036,DC_WEST,2025-06-23,491,177
NWO-1036,DC_WEST,2025-06-30,638,201
NWO-1036,DC_WEST,2025-07-07,446,174
NWO-1036,DC_WEST,2025-07-14,391,244
NWO-1036,DC_WEST,2025-07-21,613,235
NWO-1036,DC_WEST,2025-07-28,556,151
NWO-1036,DC_WEST,2025-08-04,469,165
NWO-1036,DC_WEST,2025-08-11,436,185
NWO-1036,DC_WEST,2025-08-18,372,144
NWO-1036,DC_WEST,2025-08-25,460,139
NWO-1036,DC_WEST,2025-09-01,385,149
NWO-1036,DC_WEST,2025-09-08,418,203
NWO-1036,DC_WEST,2025-09-15,563,148
NWO-1036,DC_WEST,2025-09-22,490,194
NWO-1036,DC_WEST,2025-09-29,468,184
NWO-1036,DC_WEST,2025-10-06,611,172
NWO-1036,DC_WEST,2025-10-13,548,161
NWO-1036,DC_WEST,2025-10-20,640,208
NWO-1036,DC_WEST,2025-10-27,433,258
NWO-1036,DC_WEST,2025-11-03,751,256
NWO-1036,DC_WEST,2025-11-10,808,188
NWO-1036,DC_WEST,2025-11-17,466,243
NWO-1036,DC_WEST,2025-11-24,674,308
NWO-1036,DC_WEST,2025-12-01,674,277
NWO-1036,DC_WEST,2025-12-08,874,196
NWO-1036,DC_WEST,2025-12-15,507,232
NWO-1036,DC_WEST,2025-12-22,749,215
NWO-1036,DC_WEST,2025-12-29,681,117
NWO-1036,DC_WEST,2026-01-05,255,141
NWO-1036,DC_WEST,2026-01-12,461,143
NWO-1036,DC_WEST,2026-01-19,352,120
NWO-1036,DC_WEST,2026-01-26,349,111
NWO-1036,DC_WEST,2026-02-02,380,111
NWO-1036,DC_WEST,2026-02-09,276,138
NWO-1036,DC_WEST,2026-02-16,255,167
NWO-1036,DC_WEST,2026-02-23,401,146
NWO-1036,DC_WEST,2026-03-02,373,207
NWO-1036,DC_WEST,2026-03-09,459,178
NWO-1036,DC_WEST,2026-03-16,582,131
NWO-1036,DC_WEST,2026-03-23,520,169
NWO-1036,DC_WEST,2026-03-30,430,145
NWO-1036,DC_WEST,2026-04-06,400,129
NWO-1036,DC_WEST,2026-04-13,384,161
NWO-1036,DC_WEST,2026-04-20,414,195
NWO-1036,DC_WEST,2026-04-27,569,178
NWO-1036,DC_WEST,2026-05-04,402,145
NWO-1036,DC_WEST,2026-05-11,484,200
NWO-1036,DC_WEST,2026-05-18,617,203
NWO-1036,DC_WEST,2026-05-25,564,140
NWO-1036,DC_WEST,2026-06-01,577,188
