product_id,from_site_id,to_site_id,week,ship_qty,ship_value
NWO-1001,PLANT_01,DC_NORTH,2023-06-05,105,8221.5
NWO-1001,PLANT_01,DC_NORTH,2023-06-12,156,12214.8
NWO-1001,PLANT_01,DC_NORTH,2023-06-19,133,10413.9
NWO-1001,PLANT_01,DC_NORTH,2023-06-26,101,7908.3
NWO-1001,PLANT_01,DC_NORTH,2023-07-03,98,7673.4
NWO-1001,PLANT_01,DC_NORTH,2023-07-10,157,12293.1
NWO-1001,PLANT_01,DC_NORTH,2023-07-17,130,10179.0
NWO-1001,PLANT_01,DC_NORTH,2023-07-24,135,10570.5
NWO-1001,PLANT_01,DC_NORTH,2023-07-31,125,9787.5
NWO-1001,PLANT_01,DC_NORTH,2023-08-07,111,8691.3
NWO-1001,PLANT_01,DC_NORTH,2023-08-14,141,11040.3
NWO-1001,PLANT_01,DC_NORTH,2023-08-21,119,9317.7
NWO-1001,PLANT_01,DC_NORTH,2023-08-28,130,10179.0
NWO-1001,PLANT_01,DC_NORTH,2023-09-04,117,9161.1
NWO-1001,PLANT_01,DC_NORTH,2023-09-11,116,9082.8
NWO-1001,PLANT_01,DC_NORTH,2023-09-18,90,7047.0
NWO-1001,PLANT_01,DC_NORTH,2023-09-25,99,7751.7
NWO-1001,PLANT_01,DC_NORTH,2023-10-02,203,15894.9
NWO-1001,PLANT_01,DC_NORTH,2023-10-09,178,13937.4
NWO-1001,PLANT_01,DC_NORTH,2023-10-16,226,17695.8
NWO-1001,PLANT_01,DC_NORTH,2023-10-23,117,9161.1
NWO-1001,PLANT_01,DC_NORTH,2023-10-30,82,6420.6
NWO-1001,PLANT_01,DC_NORTH,2023-11-06,188,14720.4
NWO-1001,PLANT_01,DC_NORTH,2023-11-13,182,14250.6
NWO-1001,PLANT_01,DC_NORTH,2023-11-20,156,12214.8
NWO-1001,PLANT_01,DC_NORTH,2023-11-27,136,10648.8
NWO-1001,PLANT_01,DC_NORTH,2023-12-04,168,13154.4
NWO-1001,PLANT_01,DC_NORTH,2023-12-11,159,12449.7
NWO-1001,PLANT_01,DC_NORTH,2023-12-18,215,16834.5
NWO-1001,PLANT_01,DC_NORTH,2023-12-25,235,18400.5
NWO-1001,PLANT_01,DC_NORTH,2024-01-01,84,6577.2
NWO-1001,PLANT_01,DC_NORTH,2024-01-08,111,8691.3
NWO-1001,PLANT_01,DC_NORTH,2024-01-15,101,7908.3
NWO-1001,PLANT_01,DC_NORTH,2024-01-22,98,7673.4
NWO-1001,PLANT_01,DC_NORTH,2024-01-29,97,7595.1
NWO-1001,PLANT_01,DC_NORTH,2024-02-05,114,8926.2
NWO-1001,PLANT_01,DC_NORTH,2024-02-12,95,7438.5
NWO-1001,PLANT_01,DC_NORTH,2024-02-19,80,6264.0
NWO-1001,PLANT_01,DC_NORTH,2024-02-26,112,8769.6
NWO-1001,PLANT_01,DC_NORTH,2024-03-04,143,11196.9
NWO-1001,PLANT_01,DC_NORTH,2024-03-11,99,7751.7
NWO-1001,PLANT_01,DC_NORTH,2024-03-18,112,8769.6
NWO-1001,PLANT_01,DC_NORTH,2024-03-25,117,9161.1
NWO-1001,PLANT_01,DC_NORTH,2024-04-01,107,8378.1
NWO-1001,PLANT_01,DC_NORTH,2024-04-08,132,10335.6
NWO-1001,PLANT_01,DC_NORTH,2024-04-15,156,12214.8
NWO-1001,PLANT_01,DC_NORTH,2024-04-22,138,10805.4
NWO-1001,PLANT_01,DC_NORTH,2024-04-29,114,8926.2
NWO-1001,PLANT_01,DC_NORTH,2024-05-06,126,9865.8
NWO-1001,PLANT_01,DC_NORTH,2024-05-13,120,9396.0
NWO-1001,PLANT_01,DC_NORTH,2024-05-20,125,9787.5
NWO-1001,PLANT_01,DC_NORTH,2024-05-27,112,8769.6
NWO-1001,PLANT_01,DC_NORTH,2024-06-03,147,11510.1
NWO-1001,PLANT_01,DC_NORTH,2024-06-10,189,14798.7
NWO-1001,PLANT_01,DC_NORTH,2024-06-17,141,11040.3
NWO-1001,PLANT_01,DC_NORTH,2024-06-24,155,12136.5
NWO-1001,PLANT_01,DC_NORTH,2024-07-01,149,11666.7
NWO-1001,PLANT_01,DC_NORTH,2024-07-08,140,10962.0
NWO-1001,PLANT_01,DC_NORTH,2024-07-15,188,14720.4
NWO-1001,PLANT_01,DC_NORTH,2024-07-22,123,9630.9
NWO-1001,PLANT_01,DC_NORTH,2024-07-29,172,13467.6
NWO-1001,PLANT_01,DC_NORTH,2024-08-05,142,11118.6
NWO-1001,PLANT_01,DC_NORTH,2024-08-12,165,12919.5
NWO-1001,PLANT_01,DC_NORTH,2024-08-19,197,15425.1
NWO-1001,PLANT_01,DC_NORTH,2024-08-26,155,12136.5
NWO-1001,PLANT_01,DC_NORTH,2024-09-02,141,11040.3
NWO-1001,PLANT_01,DC_NORTH,2024-09-09,121,9474.3
NWO-1001,PLANT_01,DC_NORTH,2024-09-16,132,10335.6
NWO-1001,PLANT_01,DC_NORTH,2024-09-23,151,11823.3
NWO-1001,PLANT_01,DC_NORTH,2024-09-30,103,8064.9
NWO-1001,PLANT_01,DC_NORTH,2024-10-07,178,13937.4
NWO-1001,PLANT_01,DC_NORTH,2024-10-14,116,9082.8
NWO-1001,PLANT_01,DC_NORTH,2024-10-21,178,13937.4
NWO-1001,PLANT_01,DC_NORTH,2024-10-28,117,9161.1
NWO-1001,PLANT_01,DC_NORTH,2024-11-04,189,14798.7
NWO-1001,PLANT_01,DC_NORTH,2024-11-11,144,11275.2
NWO-1001,PLANT_01,DC_NORTH,2024-11-18,157,12293.1
NWO-1001,PLANT_01,DC_NORTH,2024-11-25,174,13624.2
NWO-1001,PLANT_01,DC_NORTH,2024-12-02,208,16286.4
NWO-1001,PLANT_01,DC_NORTH,2024-12-09,196,15346.8
NWO-1001,PLANT_01,DC_NORTH,2024-12-16,153,11979.9
NWO-1001,PLANT_01,DC_NORTH,2024-12-23,162,12684.6
NWO-1001,PLANT_01,DC_NORTH,2024-12-30,243,19026.9
NWO-1001,PLANT_01,DC_NORTH,2025-01-06,127,9944.1
NWO-1001,PLANT_01,DC_NORTH,2025-01-13,110,8613.0
NWO-1001,PLANT_01,DC_NORTH,2025-01-20,98,7673.4
NWO-1001,PLANT_01,DC_NORTH,2025-01-27,131,10257.3
NWO-1001,PLANT_01,DC_NORTH,2025-02-03,109,8534.7
NWO-1001,PLANT_01,DC_NORTH,2025-02-10,127,9944.1
NWO-1001,PLANT_01,DC_NORTH,2025-02-17,136,10648.8
NWO-1001,PLANT_01,DC_NORTH,2025-02-24,81,6342.3
NWO-1001,PLANT_01,DC_NORTH,2025-03-03,132,10335.6
NWO-1001,PLANT_01,DC_NORTH,2025-03-10,153,11979.9
NWO-1001,PLANT_01,DC_NORTH,2025-03-17,151,11823.3
NWO-1001,PLANT_01,DC_NORTH,2025-03-24,157,12293.1
NWO-1001,PLANT_01,DC_NORTH,2025-03-31,103,8064.9
NWO-1001,PLANT_01,DC_NORTH,2025-04-07,132,10335.6
NWO-1001,PLANT_01,DC_NORTH,2025-04-14,123,9630.9
NWO-1001,PLANT_01,DC_NORTH,2025-04-21,139,10883.7
NWO-1001,PLANT_01,DC_NORTH,2025-04-28,145,11353.5
NWO-1001,PLANT_01,DC_NORTH,2025-05-05,115,9004.5
NWO-1001,PLANT_01,DC_NORTH,2025-05-12,147,11510.1
NWO-1001,PLANT_01,DC_NORTH,2025-05-19,134,10492.2
NWO-1001,PLANT_01,DC_NORTH,2025-05-26,136,10648.8
NWO-1001,PLANT_01,DC_NORTH,2025-06-02,137,10727.1
NWO-1001,PLANT_01,DC_NORTH,2025-06-09,138,10805.4
NWO-1001,PLANT_01,DC_NORTH,2025-06-16,152,11901.6
NWO-1001,PLANT_01,DC_NORTH,2025-06-23,132,10335.6
NWO-1001,PLANT_01,DC_NORTH,2025-06-30,142,11118.6
NWO-1001,PLANT_01,DC_NORTH,2025-07-07,142,11118.6
NWO-1001,PLANT_01,DC_NORTH,2025-07-14,139,10883.7
NWO-1001,PLANT_01,DC_NORTH,2025-07-21,158,12371.4
NWO-1001,PLANT_01,DC_NORTH,2025-07-28,149,11666.7
NWO-1001,PLANT_01,DC_NORTH,2025-08-04,134,10492.2
NWO-1001,PLANT_01,DC_NORTH,2025-08-11,179,14015.7
NWO-1001,PLANT_01,DC_NORTH,2025-08-18,162,12684.6
NWO-1001,PLANT_01,DC_NORTH,2025-08-25,163,12762.9
NWO-1001,PLANT_01,DC_NORTH,2025-09-01,147,11510.1
NWO-1001,PLANT_01,DC_NORTH,2025-09-08,142,11118.6
NWO-1001,PLANT_01,DC_NORTH,2025-09-15,157,12293.1
NWO-1001,PLANT_01,DC_NORTH,2025-09-22,137,10727.1
NWO-1001,PLANT_01,DC_NORTH,2025-09-29,158,12371.4
NWO-1001,PLANT_01,DC_NORTH,2025-10-06,147,11510.1
NWO-1001,PLANT_01,DC_NORTH,2025-10-13,148,11588.4
NWO-1001,PLANT_01,DC_NORTH,2025-10-20,159,12449.7
NWO-1001,PLANT_01,DC_NORTH,2025-10-27,173,13545.9
NWO-1001,PLANT_01,DC_NORTH,2025-11-03,234,18322.2
NWO-1001,PLANT_01,DC_NORTH,2025-11-10,213,16677.9
NWO-1001,PLANT_01,DC_NORTH,2025-11-17,237,18557.1
NWO-1001,PLANT_01,DC_NORTH,2025-11-24,239,18713.7
NWO-1001,PLANT_01,DC_NORTH,2025-12-01,184,14407.2
NWO-1001,PLANT_01,DC_NORTH,2025-12-08,231,18087.3
NWO-1001,PLANT_01,DC_NORTH,2025-12-15,296,23176.8
NWO-1001,PLANT_01,DC_NORTH,2025-12-22,217,16991.1
NWO-1001,PLANT_01,DC_NORTH,2025-12-29,202,15816.6
NWO-1001,PLANT_01,DC_NORTH,2026-01-05,143,11196.9
NWO-1001,PLANT_01,DC_NORTH,2026-01-12,127,9944.1
NWO-1001,PLANT_01,DC_NORTH,2026-01-19,116,9082.8
NWO-1001,PLANT_01,DC_NORTH,2026-01-26,104,8143.2
NWO-1001,PLANT_01,DC_NORTH,2026-02-02,150,11745.0
NWO-1001,PLANT_01,DC_NORTH,2026-02-09,109,8534.7
NWO-1001,PLANT_01,DC_NORTH,2026-02-16,118,9239.4
NWO-1001,PLANT_01,DC_NORTH,2026-02-23,139,10883.7
NWO-1001,PLANT_01,DC_NORTH,2026-03-02,146,11431.8
NWO-1001,PLANT_01,DC_NORTH,2026-03-09,160,12528.0
NWO-1001,PLANT_01,DC_NORTH,2026-03-16,127,9944.1
NWO-1001,PLANT_01,DC_NORTH,2026-03-23,153,11979.9
NWO-1001,PLANT_01,DC_NORTH,2026-03-30,151,11823.3
NWO-1001,PLANT_01,DC_NORTH,2026-04-06,128,10022.4
NWO-1001,PLANT_01,DC_NORTH,2026-04-13,143,11196.9
NWO-1001,PLANT_01,DC_NORTH,2026-04-20,160,12528.0
NWO-1001,PLANT_01,DC_NORTH,2026-04-27,151,11823.3
NWO-1001,PLANT_01,DC_NORTH,2026-05-04,158,12371.4
NWO-1001,PLANT_01,DC_NORTH,2026-05-11,160,12528.0
NWO-1001,PLANT_01,DC_NORTH,2026-05-18,141,11040.3
NWO-1001,PLANT_01,DC_NORTH,2026-05-25,167,13076.1
NWO-1001,PLANT_01,DC_NORTH,2026-06-01,161,12606.3
NWO-1001,PLANT_01,DC_SOUTH,2023-06-05,322,25212.6
NWO-1001,PLANT_01,DC_SOUTH,2023-06-12,334,26152.2
NWO-1001,PLANT_01,DC_SOUTH,2023-06-19,368,28814.4
NWO-1001,PLANT_01,DC_SOUTH,2023-06-26,307,24038.1
NWO-1001,PLANT_01,DC_SOUTH,2023-07-03,359,28109.7
NWO-1001,PLANT_01,DC_SOUTH,2023-07-10,356,27874.8
NWO-1001,PLANT_01,DC_SOUTH,2023-07-17,329,25760.7
NWO-1001,PLANT_01,DC_SOUTH,2023-07-24,362,28344.6
NWO-1001,PLANT_01,DC_SOUTH,2023-07-31,312,24429.6
NWO-1001,PLANT_01,DC_SOUTH,2023-08-07,303,23724.9
NWO-1001,PLANT_01,DC_SOUTH,2023-08-14,319,24977.7
NWO-1001,PLANT_01,DC_SOUTH,2023-08-21,360,28188.0
NWO-1001,PLANT_01,DC_SOUTH,2023-08-28,321,25134.3
NWO-1001,PLANT_01,DC_SOUTH,2023-09-04,390,30537.0
NWO-1001,PLANT_01,DC_SOUTH,2023-09-11,341,26700.3
NWO-1001,PLANT_01,DC_SOUTH,2023-09-18,346,27091.8
NWO-1001,PLANT_01,DC_SOUTH,2023-09-25,324,25369.2
NWO-1001,PLANT_01,DC_SOUTH,2023-10-02,250,19575.0
NWO-1001,PLANT_01,DC_SOUTH,2023-10-09,316,24742.8
NWO-1001,PLANT_01,DC_SOUTH,2023-10-16,319,24977.7
NWO-1001,PLANT_01,DC_SOUTH,2023-10-23,298,23333.4
NWO-1001,PLANT_01,DC_SOUTH,2023-10-30,535,41890.5
NWO-1001,PLANT_01,DC_SOUTH,2023-11-06,712,55749.6
NWO-1001,PLANT_01,DC_SOUTH,2023-11-13,637,49877.1
NWO-1001,PLANT_01,DC_SOUTH,2023-11-20,499,39071.7
NWO-1001,PLANT_01,DC_SOUTH,2023-11-27,458,35861.4
NWO-1001,PLANT_01,DC_SOUTH,2023-12-04,520,40716.0
NWO-1001,PLANT_01,DC_SOUTH,2023-12-11,469,36722.7
NWO-1001,PLANT_01,DC_SOUTH,2023-12-18,481,37662.3
NWO-1001,PLANT_01,DC_SOUTH,2023-12-25,600,46980.0
NWO-1001,PLANT_01,DC_SOUTH,2024-01-01,230,18009.0
NWO-1001,PLANT_01,DC_SOUTH,2024-01-08,256,20044.8
NWO-1001,PLANT_01,DC_SOUTH,2024-01-15,320,25056.0
NWO-1001,PLANT_01,DC_SOUTH,2024-01-22,328,25682.4
NWO-1001,PLANT_01,DC_SOUTH,2024-01-29,237,18557.1
NWO-1001,PLANT_01,DC_SOUTH,2024-02-05,275,21532.5
NWO-1001,PLANT_01,DC_SOUTH,2024-02-12,313,24507.9
NWO-1001,PLANT_01,DC_SOUTH,2024-02-19,228,17852.4
NWO-1001,PLANT_01,DC_SOUTH,2024-02-26,232,18165.6
NWO-1001,PLANT_01,DC_SOUTH,2024-03-04,294,23020.2
NWO-1001,PLANT_01,DC_SOUTH,2024-03-11,375,29362.5
NWO-1001,PLANT_01,DC_SOUTH,2024-03-18,305,23881.5
NWO-1001,PLANT_01,DC_SOUTH,2024-03-25,312,24429.6
NWO-1001,PLANT_01,DC_SOUTH,2024-04-01,235,18400.5
NWO-1001,PLANT_01,DC_SOUTH,2024-04-08,319,24977.7
NWO-1001,PLANT_01,DC_SOUTH,2024-04-15,308,24116.4
NWO-1001,PLANT_01,DC_SOUTH,2024-04-22,349,27326.7
NWO-1001,PLANT_01,DC_SOUTH,2024-04-29,309,24194.7
NWO-1001,PLANT_01,DC_SOUTH,2024-05-06,316,24742.8
NWO-1001,PLANT_01,DC_SOUTH,2024-05-13,275,21532.5
NWO-1001,PLANT_01,DC_SOUTH,2024-05-20,386,30223.8
NWO-1001,PLANT_01,DC_SOUTH,2024-05-27,320,25056.0
NWO-1001,PLANT_01,DC_SOUTH,2024-06-03,373,29205.9
NWO-1001,PLANT_01,DC_SOUTH,2024-06-10,361,28266.3
NWO-1001,PLANT_01,DC_SOUTH,2024-06-17,450,35235.0
NWO-1001,PLANT_01,DC_SOUTH,2024-06-24,403,31554.9
NWO-1001,PLANT_01,DC_SOUTH,2024-07-01,377,29519.1
NWO-1001,PLANT_01,DC_SOUTH,2024-07-08,348,27248.4
NWO-1001,PLANT_01,DC_SOUTH,2024-07-15,369,28892.7
NWO-1001,PLANT_01,DC_SOUTH,2024-07-22,338,26465.4
NWO-1001,PLANT_01,DC_SOUTH,2024-07-29,353,27639.9
NWO-1001,PLANT_01,DC_SOUTH,2024-08-05,371,29049.3
NWO-1001,PLANT_01,DC_SOUTH,2024-08-12,330,25839.0
NWO-1001,PLANT_01,DC_SOUTH,2024-08-19,384,30067.2
NWO-1001,PLANT_01,DC_SOUTH,2024-08-26,330,25839.0
NWO-1001,PLANT_01,DC_SOUTH,2024-09-02,332,25995.6
NWO-1001,PLANT_01,DC_SOUTH,2024-09-09,360,28188.0
NWO-1001,PLANT_01,DC_SOUTH,2024-09-16,329,25760.7
NWO-1001,PLANT_01,DC_SOUTH,2024-09-23,352,27561.6
NWO-1001,PLANT_01,DC_SOUTH,2024-09-30,395,30928.5
NWO-1001,PLANT_01,DC_SOUTH,2024-10-07,393,30771.9
NWO-1001,PLANT_01,DC_SOUTH,2024-10-14,353,27639.9
NWO-1001,PLANT_01,DC_SOUTH,2024-10-21,420,32886.0
NWO-1001,PLANT_01,DC_SOUTH,2024-10-28,381,29832.3
NWO-1001,PLANT_01,DC_SOUTH,2024-11-04,557,43613.1
NWO-1001,PLANT_01,DC_SOUTH,2024-11-11,593,46431.9
NWO-1001,PLANT_01,DC_SOUTH,2024-11-18,495,38758.5
NWO-1001,PLANT_01,DC_SOUTH,2024-11-25,515,40324.5
NWO-1001,PLANT_01,DC_SOUTH,2024-12-02,507,39698.1
NWO-1001,PLANT_01,DC_SOUTH,2024-12-09,445,34843.5
NWO-1001,PLANT_01,DC_SOUTH,2024-12-16,517,40481.1
NWO-1001,PLANT_01,DC_SOUTH,2024-12-23,656,51364.8
NWO-1001,PLANT_01,DC_SOUTH,2024-12-30,602,47136.6
NWO-1001,PLANT_01,DC_SOUTH,2025-01-06,315,24664.5
NWO-1001,PLANT_01,DC_SOUTH,2025-01-13,359,28109.7
NWO-1001,PLANT_01,DC_SOUTH,2025-01-20,279,21845.7
NWO-1001,PLANT_01,DC_SOUTH,2025-01-27,253,19809.9
NWO-1001,PLANT_01,DC_SOUTH,2025-02-03,261,20436.3
NWO-1001,PLANT_01,DC_SOUTH,2025-02-10,275,21532.5
NWO-1001,PLANT_01,DC_SOUTH,2025-02-17,308,24116.4
NWO-1001,PLANT_01,DC_SOUTH,2025-02-24,347,27170.1
NWO-1001,PLANT_01,DC_SOUTH,2025-03-03,364,28501.2
NWO-1001,PLANT_01,DC_SOUTH,2025-03-10,345,27013.5
NWO-1001,PLANT_01,DC_SOUTH,2025-03-17,321,25134.3
NWO-1001,PLANT_01,DC_SOUTH,2025-03-24,366,28657.8
NWO-1001,PLANT_01,DC_SOUTH,2025-03-31,379,29675.7
NWO-1001,PLANT_01,DC_SOUTH,2025-04-07,351,27483.3
NWO-1001,PLANT_01,DC_SOUTH,2025-04-14,407,31868.1
NWO-1001,PLANT_01,DC_SOUTH,2025-04-21,312,24429.6
NWO-1001,PLANT_01,DC_SOUTH,2025-04-28,384,30067.2
NWO-1001,PLANT_01,DC_SOUTH,2025-05-05,441,34530.3
NWO-1001,PLANT_01,DC_SOUTH,2025-05-12,346,27091.8
NWO-1001,PLANT_01,DC_SOUTH,2025-05-19,370,28971.0
NWO-1001,PLANT_01,DC_SOUTH,2025-05-26,325,25447.5
NWO-1001,PLANT_01,DC_SOUTH,2025-06-02,405,31711.5
NWO-1001,PLANT_01,DC_SOUTH,2025-06-09,391,30615.3
NWO-1001,PLANT_01,DC_SOUTH,2025-06-16,341,26700.3
NWO-1001,PLANT_01,DC_SOUTH,2025-06-23,475,37192.5
NWO-1001,PLANT_01,DC_SOUTH,2025-06-30,519,40637.7
NWO-1001,PLANT_01,DC_SOUTH,2025-07-07,449,35156.7
NWO-1001,PLANT_01,DC_SOUTH,2025-07-14,449,35156.7
NWO-1001,PLANT_01,DC_SOUTH,2025-07-21,334,26152.2
NWO-1001,PLANT_01,DC_SOUTH,2025-07-28,319,24977.7
NWO-1001,PLANT_01,DC_SOUTH,2025-08-04,437,34217.1
NWO-1001,PLANT_01,DC_SOUTH,2025-08-11,448,35078.4
NWO-1001,PLANT_01,DC_SOUTH,2025-08-18,441,34530.3
NWO-1001,PLANT_01,DC_SOUTH,2025-08-25,447,35000.1
NWO-1001,PLANT_01,DC_SOUTH,2025-09-01,320,25056.0
NWO-1001,PLANT_01,DC_SOUTH,2025-09-08,324,25369.2
NWO-1001,PLANT_01,DC_SOUTH,2025-09-15,343,26856.9
NWO-1001,PLANT_01,DC_SOUTH,2025-09-22,421,32964.3
NWO-1001,PLANT_01,DC_SOUTH,2025-09-29,447,35000.1
NWO-1001,PLANT_01,DC_SOUTH,2025-10-06,461,36096.3
NWO-1001,PLANT_01,DC_SOUTH,2025-10-13,424,33199.2
NWO-1001,PLANT_01,DC_SOUTH,2025-10-20,478,37427.4
NWO-1001,PLANT_01,DC_SOUTH,2025-10-27,373,29205.9
NWO-1001,PLANT_01,DC_SOUTH,2025-11-03,537,42047.1
NWO-1001,PLANT_01,DC_SOUTH,2025-11-10,553,43299.9
NWO-1001,PLANT_01,DC_SOUTH,2025-11-17,586,45883.8
NWO-1001,PLANT_01,DC_SOUTH,2025-11-24,612,47919.6
NWO-1001,PLANT_01,DC_SOUTH,2025-12-01,576,45100.8
NWO-1001,PLANT_01,DC_SOUTH,2025-12-08,604,47293.2
NWO-1001,PLANT_01,DC_SOUTH,2025-12-15,696,54496.8
NWO-1001,PLANT_01,DC_SOUTH,2025-12-22,541,42360.3
NWO-1001,PLANT_01,DC_SOUTH,2025-12-29,612,47919.6
NWO-1001,PLANT_01,DC_SOUTH,2026-01-05,278,21767.4
NWO-1001,PLANT_01,DC_SOUTH,2026-01-12,308,24116.4
NWO-1001,PLANT_01,DC_SOUTH,2026-01-19,325,25447.5
NWO-1001,PLANT_01,DC_SOUTH,2026-01-26,312,24429.6
NWO-1001,PLANT_01,DC_SOUTH,2026-02-02,317,24821.1
NWO-1001,PLANT_01,DC_SOUTH,2026-02-09,356,27874.8
NWO-1001,PLANT_01,DC_SOUTH,2026-02-16,346,27091.8
NWO-1001,PLANT_01,DC_SOUTH,2026-02-23,312,24429.6
NWO-1001,PLANT_01,DC_SOUTH,2026-03-02,406,31789.8
NWO-1001,PLANT_01,DC_SOUTH,2026-03-09,481,37662.3
NWO-1001,PLANT_01,DC_SOUTH,2026-03-16,393,30771.9
NWO-1001,PLANT_01,DC_SOUTH,2026-03-23,366,28657.8
NWO-1001,PLANT_01,DC_SOUTH,2026-03-30,370,28971.0
NWO-1001,PLANT_01,DC_SOUTH,2026-04-06,378,29597.4
NWO-1001,PLANT_01,DC_SOUTH,2026-04-13,404,31633.2
NWO-1001,PLANT_01,DC_SOUTH,2026-04-20,512,40089.6
NWO-1001,PLANT_01,DC_SOUTH,2026-04-27,432,33825.6
NWO-1001,PLANT_01,DC_SOUTH,2026-05-04,440,34452.0
NWO-1001,PLANT_01,DC_SOUTH,2026-05-11,420,32886.0
NWO-1001,PLANT_01,DC_SOUTH,2026-05-18,387,30302.1
NWO-1001,PLANT_01,DC_SOUTH,2026-05-25,414,32416.2
NWO-1001,PLANT_01,DC_SOUTH,2026-06-01,494,38680.2
NWO-1001,PLANT_01,DC_WEST,2023-06-05,229,17930.7
NWO-1001,PLANT_01,DC_WEST,2023-06-12,215,16834.5
NWO-1001,PLANT_01,DC_WEST,2023-06-19,253,19809.9
NWO-1001,PLANT_01,DC_WEST,2023-06-26,233,18243.9
NWO-1001,PLANT_01,DC_WEST,2023-07-03,336,26308.8
NWO-1001,PLANT_01,DC_WEST,2023-07-10,261,20436.3
NWO-1001,PLANT_01,DC_WEST,2023-07-17,276,21610.8
NWO-1001,PLANT_01,DC_WEST,2023-07-24,203,15894.9
NWO-1001,PLANT_01,DC_WEST,2023-07-31,252,19731.6
NWO-1001,PLANT_01,DC_WEST,2023-08-07,250,19575.0
NWO-1001,PLANT_01,DC_WEST,2023-08-14,235,18400.5
NWO-1001,PLANT_01,DC_WEST,2023-08-21,270,21141.0
NWO-1001,PLANT_01,DC_WEST,2023-08-28,259,20279.7
NWO-1001,PLANT_01,DC_WEST,2023-09-04,221,17304.3
NWO-1001,PLANT_01,DC_WEST,2023-09-11,241,18870.3
NWO-1001,PLANT_01,DC_WEST,2023-09-18,216,16912.8
NWO-1001,PLANT_01,DC_WEST,2023-09-25,232,18165.6
NWO-1001,PLANT_01,DC_WEST,2023-10-02,216,16912.8
NWO-1001,PLANT_01,DC_WEST,2023-10-09,247,19340.1
NWO-1001,PLANT_01,DC_WEST,2023-10-16,236,18478.8
NWO-1001,PLANT_01,DC_WEST,2023-10-23,256,20044.8
NWO-1001,PLANT_01,DC_WEST,2023-10-30,235,18400.5
NWO-1001,PLANT_01,DC_WEST,2023-11-06,323,25290.9
NWO-1001,PLANT_01,DC_WEST,2023-11-13,316,24742.8
NWO-1001,PLANT_01,DC_WEST,2023-11-20,359,28109.7
NWO-1001,PLANT_01,DC_WEST,2023-11-27,324,25369.2
NWO-1001,PLANT_01,DC_WEST,2023-12-04,279,21845.7
NWO-1001,PLANT_01,DC_WEST,2023-12-11,388,30380.4
NWO-1001,PLANT_01,DC_WEST,2023-12-18,291,22785.3
NWO-1001,PLANT_01,DC_WEST,2023-12-25,367,28736.1
NWO-1001,PLANT_01,DC_WEST,2024-01-01,170,13311.0
NWO-1001,PLANT_01,DC_WEST,2024-01-08,201,15738.3
NWO-1001,PLANT_01,DC_WEST,2024-01-15,172,13467.6
NWO-1001,PLANT_01,DC_WEST,2024-01-22,190,14877.0
NWO-1001,PLANT_01,DC_WEST,2024-01-29,276,21610.8
NWO-1001,PLANT_01,DC_WEST,2024-02-05,255,19966.5
NWO-1001,PLANT_01,DC_WEST,2024-02-12,210,16443.0
NWO-1001,PLANT_01,DC_WEST,2024-02-19,208,16286.4
NWO-1001,PLANT_01,DC_WEST,2024-02-26,216,16912.8
NWO-1001,PLANT_01,DC_WEST,2024-03-04,245,19183.5
NWO-1001,PLANT_01,DC_WEST,2024-03-11,227,17774.1
NWO-1001,PLANT_01,DC_WEST,2024-03-18,268,20984.4
NWO-1001,PLANT_01,DC_WEST,2024-03-25,241,18870.3
NWO-1001,PLANT_01,DC_WEST,2024-04-01,224,17539.2
NWO-1001,PLANT_01,DC_WEST,2024-04-08,228,17852.4
NWO-1001,PLANT_01,DC_WEST,2024-04-15,261,20436.3
NWO-1001,PLANT_01,DC_WEST,2024-04-22,225,17617.5
NWO-1001,PLANT_01,DC_WEST,2024-04-29,258,20201.4
NWO-1001,PLANT_01,DC_WEST,2024-05-06,283,22158.9
NWO-1001,PLANT_01,DC_WEST,2024-05-13,274,21454.2
NWO-1001,PLANT_01,DC_WEST,2024-05-20,253,19809.9
NWO-1001,PLANT_01,DC_WEST,2024-05-27,282,22080.6
NWO-1001,PLANT_01,DC_WEST,2024-06-03,293,22941.9
NWO-1001,PLANT_01,DC_WEST,2024-06-10,294,23020.2
NWO-1001,PLANT_01,DC_WEST,2024-06-17,288,22550.4
NWO-1001,PLANT_01,DC_WEST,2024-06-24,277,21689.1
NWO-1001,PLANT_01,DC_WEST,2024-07-01,259,20279.7
NWO-1001,PLANT_01,DC_WEST,2024-07-08,310,24273.0
NWO-1001,PLANT_01,DC_WEST,2024-07-15,327,25604.1
NWO-1001,PLANT_01,DC_WEST,2024-07-22,299,23411.7
NWO-1001,PLANT_01,DC_WEST,2024-07-29,278,21767.4
NWO-1001,PLANT_01,DC_WEST,2024-08-05,328,25682.4
NWO-1001,PLANT_01,DC_WEST,2024-08-12,258,20201.4
NWO-1001,PLANT_01,DC_WEST,2024-08-19,321,25134.3
NWO-1001,PLANT_01,DC_WEST,2024-08-26,270,21141.0
NWO-1001,PLANT_01,DC_WEST,2024-09-02,276,21610.8
NWO-1001,PLANT_01,DC_WEST,2024-09-09,252,19731.6
NWO-1001,PLANT_01,DC_WEST,2024-09-16,229,17930.7
NWO-1001,PLANT_01,DC_WEST,2024-09-23,249,19496.7
NWO-1001,PLANT_01,DC_WEST,2024-09-30,232,18165.6
NWO-1001,PLANT_01,DC_WEST,2024-10-07,264,20671.2
NWO-1001,PLANT_01,DC_WEST,2024-10-14,331,25917.3
NWO-1001,PLANT_01,DC_WEST,2024-10-21,318,24899.4
NWO-1001,PLANT_01,DC_WEST,2024-10-28,262,20514.6
NWO-1001,PLANT_01,DC_WEST,2024-11-04,364,28501.2
NWO-1001,PLANT_01,DC_WEST,2024-11-11,341,26700.3
NWO-1001,PLANT_01,DC_WEST,2024-11-18,327,25604.1
NWO-1001,PLANT_01,DC_WEST,2024-11-25,374,29284.2
NWO-1001,PLANT_01,DC_WEST,2024-12-02,395,30928.5
NWO-1001,PLANT_01,DC_WEST,2024-12-09,361,28266.3
NWO-1001,PLANT_01,DC_WEST,2024-12-16,377,29519.1
NWO-1001,PLANT_01,DC_WEST,2024-12-23,364,28501.2
NWO-1001,PLANT_01,DC_WEST,2024-12-30,469,36722.7
NWO-1001,PLANT_01,DC_WEST,2025-01-06,212,16599.6
NWO-1001,PLANT_01,DC_WEST,2025-01-13,247,19340.1
NWO-1001,PLANT_01,DC_WEST,2025-01-20,197,15425.1
NWO-1001,PLANT_01,DC_WEST,2025-01-27,208,16286.4
NWO-1001,PLANT_01,DC_WEST,2025-02-03,227,17774.1
NWO-1001,PLANT_01,DC_WEST,2025-02-10,183,14328.9
NWO-1001,PLANT_01,DC_WEST,2025-02-17,252,19731.6
NWO-1001,PLANT_01,DC_WEST,2025-02-24,250,19575.0
NWO-1001,PLANT_01,DC_WEST,2025-03-03,218,17069.4
NWO-1001,PLANT_01,DC_WEST,2025-03-10,238,18635.4
NWO-1001,PLANT_01,DC_WEST,2025-03-17,268,20984.4
NWO-1001,PLANT_01,DC_WEST,2025-03-24,303,23724.9
NWO-1001,PLANT_01,DC_WEST,2025-03-31,281,22002.3
NWO-1001,PLANT_01,DC_WEST,2025-04-07,266,20827.8
NWO-1001,PLANT_01,DC_WEST,2025-04-14,240,18792.0
NWO-1001,PLANT_01,DC_WEST,2025-04-21,317,24821.1
NWO-1001,PLANT_01,DC_WEST,2025-04-28,254,19888.2
NWO-1001,PLANT_01,DC_WEST,2025-05-05,273,21375.9
NWO-1001,PLANT_01,DC_WEST,2025-05-12,267,20906.1
NWO-1001,PLANT_01,DC_WEST,2025-05-19,331,25917.3
NWO-1001,PLANT_01,DC_WEST,2025-05-26,273,21375.9
NWO-1001,PLANT_01,DC_WEST,2025-06-02,319,24977.7
NWO-1001,PLANT_01,DC_WEST,2025-06-09,357,27953.1
NWO-1001,PLANT_01,DC_WEST,2025-06-16,270,21141.0
NWO-1001,PLANT_01,DC_WEST,2025-06-23,283,22158.9
NWO-1001,PLANT_01,DC_WEST,2025-06-30,308,24116.4
NWO-1001,PLANT_01,DC_WEST,2025-07-07,302,23646.6
NWO-1001,PLANT_01,DC_WEST,2025-07-14,339,26543.7
NWO-1001,PLANT_01,DC_WEST,2025-07-21,314,24586.2
NWO-1001,PLANT_01,DC_WEST,2025-07-28,315,24664.5
NWO-1001,PLANT_01,DC_WEST,2025-08-04,261,20436.3
NWO-1001,PLANT_01,DC_WEST,2025-08-11,360,28188.0
NWO-1001,PLANT_01,DC_WEST,2025-08-18,335,26230.5
NWO-1001,PLANT_01,DC_WEST,2025-08-25,263,20592.9
NWO-1001,PLANT_01,DC_WEST,2025-09-01,254,19888.2
NWO-1001,PLANT_01,DC_WEST,2025-09-08,327,25604.1
NWO-1001,PLANT_01,DC_WEST,2025-09-15,308,24116.4
NWO-1001,PLANT_01,DC_WEST,2025-09-22,267,20906.1
NWO-1001,PLANT_01,DC_WEST,2025-09-29,286,22393.8
NWO-1001,PLANT_01,DC_WEST,2025-10-06,365,28579.5
NWO-1001,PLANT_01,DC_WEST,2025-10-13,285,22315.5
NWO-1001,PLANT_01,DC_WEST,2025-10-20,363,28422.9
NWO-1001,PLANT_01,DC_WEST,2025-10-27,343,26856.9
NWO-1001,PLANT_01,DC_WEST,2025-11-03,374,29284.2
NWO-1001,PLANT_01,DC_WEST,2025-11-10,359,28109.7
NWO-1001,PLANT_01,DC_WEST,2025-11-17,493,38601.9
NWO-1001,PLANT_01,DC_WEST,2025-11-24,468,36644.4
NWO-1001,PLANT_01,DC_WEST,2025-12-01,321,25134.3
NWO-1001,PLANT_01,DC_WEST,2025-12-08,449,35156.7
NWO-1001,PLANT_01,DC_WEST,2025-12-15,432,33825.6
NWO-1001,PLANT_01,DC_WEST,2025-12-22,493,38601.9
NWO-1001,PLANT_01,DC_WEST,2025-12-29,434,33982.2
NWO-1001,PLANT_01,DC_WEST,2026-01-05,311,24351.3
NWO-1001,PLANT_01,DC_WEST,2026-01-12,259,20279.7
NWO-1001,PLANT_01,DC_WEST,2026-01-19,256,20044.8
NWO-1001,PLANT_01,DC_WEST,2026-01-26,218,17069.4
NWO-1001,PLANT_01,DC_WEST,2026-02-02,282,22080.6
NWO-1001,PLANT_01,DC_WEST,2026-02-09,261,20436.3
NWO-1001,PLANT_01,DC_WEST,2026-02-16,236,18478.8
NWO-1001,PLANT_01,DC_WEST,2026-02-23,299,23411.7
NWO-1001,PLANT_01,DC_WEST,2026-03-02,345,27013.5
NWO-1001,PLANT_01,DC_WEST,2026-03-09,271,21219.3
NWO-1001,PLANT_01,DC_WEST,2026-03-16,296,23176.8
NWO-1001,PLANT_01,DC_WEST,2026-03-23,275,21532.5
NWO-1001,PLANT_01,DC_WEST,2026-03-30,348,27248.4
NWO-1001,PLANT_01,DC_WEST,2026-04-06,248,19418.4
NWO-1001,PLANT_01,DC_WEST,2026-04-13,318,24899.4
NWO-1001,PLANT_01,DC_WEST,2026-04-20,301,23568.3
NWO-1001,PLANT_01,DC_WEST,2026-04-27,332,25995.6
NWO-1001,PLANT_01,DC_WEST,2026-05-04,375,29362.5
NWO-1001,PLANT_01,DC_WEST,2026-05-11,322,25212.6
NWO-1001,PLANT_01,DC_WEST,2026-05-18,274,21454.2
NWO-1001,PLANT_01,DC_WEST,2026-05-25,318,24899.4
NWO-1001,PLANT_01,DC_WEST,2026-06-01,561,43926.3
NWO-1002,PLANT_01,DC_NORTH,2023-06-05,149,7359.11
NWO-1002,PLANT_01,DC_NORTH,2023-06-12,170,8396.3
NWO-1002,PLANT_01,DC_NORTH,2023-06-19,178,8791.42
NWO-1002,PLANT_01,DC_NORTH,2023-06-26,157,7754.23
NWO-1002,PLANT_01,DC_NORTH,2023-07-03,166,8198.74
NWO-1002,PLANT_01,DC_NORTH,2023-07-10,165,8149.35
NWO-1002,PLANT_01,DC_NORTH,2023-07-17,146,7210.94
NWO-1002,PLANT_01,DC_NORTH,2023-07-24,133,6568.87
NWO-1002,PLANT_01,DC_NORTH,2023-07-31,152,7507.28
NWO-1002,PLANT_01,DC_NORTH,2023-08-07,171,8445.69
NWO-1002,PLANT_01,DC_NORTH,2023-08-14,140,6914.6
NWO-1002,PLANT_01,DC_NORTH,2023-08-21,161,7951.79
NWO-1002,PLANT_01,DC_NORTH,2023-08-28,207,10223.73
NWO-1002,PLANT_01,DC_NORTH,2023-09-04,142,7013.38
NWO-1002,PLANT_01,DC_NORTH,2023-09-11,108,5334.12
NWO-1002,PLANT_01,DC_NORTH,2023-09-18,158,7803.62
NWO-1002,PLANT_01,DC_NORTH,2023-09-25,166,8198.74
NWO-1002,PLANT_01,DC_NORTH,2023-10-02,151,7457.89
NWO-1002,PLANT_01,DC_NORTH,2023-10-09,149,7359.11
NWO-1002,PLANT_01,DC_NORTH,2023-10-16,121,5976.19
NWO-1002,PLANT_01,DC_NORTH,2023-10-23,153,7556.67
NWO-1002,PLANT_01,DC_NORTH,2023-10-30,139,6865.21
NWO-1002,PLANT_01,DC_NORTH,2023-11-06,238,11754.82
NWO-1002,PLANT_01,DC_NORTH,2023-11-13,207,10223.73
NWO-1002,PLANT_01,DC_NORTH,2023-11-20,212,10470.68
NWO-1002,PLANT_01,DC_NORTH,2023-11-27,175,8643.25
NWO-1002,PLANT_01,DC_NORTH,2023-12-04,205,10124.95
NWO-1002,PLANT_01,DC_NORTH,2023-12-11,170,8396.3
NWO-1002,PLANT_01,DC_NORTH,2023-12-18,201,9927.39
NWO-1002,PLANT_01,DC_NORTH,2023-12-25,189,9334.71
NWO-1002,PLANT_01,DC_NORTH,2024-01-01,118,5828.02
NWO-1002,PLANT_01,DC_NORTH,2024-01-08,129,6371.31
NWO-1002,PLANT_01,DC_NORTH,2024-01-15,88,4346.32
NWO-1002,PLANT_01,DC_NORTH,2024-01-22,120,5926.8
NWO-1002,PLANT_01,DC_NORTH,2024-01-29,80,3951.2
NWO-1002,PLANT_01,DC_NORTH,2024-02-05,119,5877.41
NWO-1002,PLANT_01,DC_NORTH,2024-02-12,125,6173.75
NWO-1002,PLANT_01,DC_NORTH,2024-02-19,122,6025.58
NWO-1002,PLANT_01,DC_NORTH,2024-02-26,108,5334.12
NWO-1002,PLANT_01,DC_NORTH,2024-03-04,139,6865.21
NWO-1002,PLANT_01,DC_NORTH,2024-03-11,165,8149.35
NWO-1002,PLANT_01,DC_NORTH,2024-03-18,114,5630.46
NWO-1002,PLANT_01,DC_NORTH,2024-03-25,162,8001.18
NWO-1002,PLANT_01,DC_NORTH,2024-04-01,104,5136.56
NWO-1002,PLANT_01,DC_NORTH,2024-04-08,141,6963.99
NWO-1002,PLANT_01,DC_NORTH,2024-04-15,127,6272.53
NWO-1002,PLANT_01,DC_NORTH,2024-04-22,111,5482.29
NWO-1002,PLANT_01,DC_NORTH,2024-04-29,137,6766.43
NWO-1002,PLANT_01,DC_NORTH,2024-05-06,157,7754.23
NWO-1002,PLANT_01,DC_NORTH,2024-05-13,131,6470.09
NWO-1002,PLANT_01,DC_NORTH,2024-05-20,143,7062.77
NWO-1002,PLANT_01,DC_NORTH,2024-05-27,148,7309.72
NWO-1002,PLANT_01,DC_NORTH,2024-06-03,139,6865.21
NWO-1002,PLANT_01,DC_NORTH,2024-06-10,137,6766.43
NWO-1002,PLANT_01,DC_NORTH,2024-06-17,166,8198.74
NWO-1002,PLANT_01,DC_NORTH,2024-06-24,148,7309.72
NWO-1002,PLANT_01,DC_NORTH,2024-07-01,191,9433.49
NWO-1002,PLANT_01,DC_NORTH,2024-07-08,153,7556.67
NWO-1002,PLANT_01,DC_NORTH,2024-07-15,147,7260.33
NWO-1002,PLANT_01,DC_NORTH,2024-07-22,147,7260.33
NWO-1002,PLANT_01,DC_NORTH,2024-07-29,191,9433.49
NWO-1002,PLANT_01,DC_NORTH,2024-08-05,196,9680.44
NWO-1002,PLANT_01,DC_NORTH,2024-08-12,137,6766.43
NWO-1002,PLANT_01,DC_NORTH,2024-08-19,190,9384.1
NWO-1002,PLANT_01,DC_NORTH,2024-08-26,171,8445.69
NWO-1002,PLANT_01,DC_NORTH,2024-09-02,150,7408.5
NWO-1002,PLANT_01,DC_NORTH,2024-09-09,139,6865.21
NWO-1002,PLANT_01,DC_NORTH,2024-09-16,113,5581.07
NWO-1002,PLANT_01,DC_NORTH,2024-09-23,91,4494.49
NWO-1002,PLANT_01,DC_NORTH,2024-09-30,156,7704.84
NWO-1002,PLANT_01,DC_NORTH,2024-10-07,145,7161.55
NWO-1002,PLANT_01,DC_NORTH,2024-10-14,164,8099.96
NWO-1002,PLANT_01,DC_NORTH,2024-10-21,138,6815.82
NWO-1002,PLANT_01,DC_NORTH,2024-10-28,142,7013.38
NWO-1002,PLANT_01,DC_NORTH,2024-11-04,183,9038.37
NWO-1002,PLANT_01,DC_NORTH,2024-11-11,159,7853.01
NWO-1002,PLANT_01,DC_NORTH,2024-11-18,207,10223.73
NWO-1002,PLANT_01,DC_NORTH,2024-11-25,194,9581.66
NWO-1002,PLANT_01,DC_NORTH,2024-12-02,254,12545.06
NWO-1002,PLANT_01,DC_NORTH,2024-12-09,226,11162.14
NWO-1002,PLANT_01,DC_NORTH,2024-12-16,226,11162.14
NWO-1002,PLANT_01,DC_NORTH,2024-12-23,234,11557.26
NWO-1002,PLANT_01,DC_NORTH,2024-12-30,205,10124.95
NWO-1002,PLANT_01,DC_NORTH,2025-01-06,107,5284.73
NWO-1002,PLANT_01,DC_NORTH,2025-01-13,102,5037.78
NWO-1002,PLANT_01,DC_NORTH,2025-01-20,104,5136.56
NWO-1002,PLANT_01,DC_NORTH,2025-01-27,120,5926.8
NWO-1002,PLANT_01,DC_NORTH,2025-02-03,91,4494.49
NWO-1002,PLANT_01,DC_NORTH,2025-02-10,102,5037.78
NWO-1002,PLANT_01,DC_NORTH,2025-02-17,117,5778.63
NWO-1002,PLANT_01,DC_NORTH,2025-02-24,86,4247.54
NWO-1002,PLANT_01,DC_NORTH,2025-03-03,100,4939.0
NWO-1002,PLANT_01,DC_NORTH,2025-03-10,120,5926.8
NWO-1002,PLANT_01,DC_NORTH,2025-03-17,138,6815.82
NWO-1002,PLANT_01,DC_NORTH,2025-03-24,134,6618.26
NWO-1002,PLANT_01,DC_NORTH,2025-03-31,146,7210.94
NWO-1002,PLANT_01,DC_NORTH,2025-04-07,145,7161.55
NWO-1002,PLANT_01,DC_NORTH,2025-04-14,163,8050.57
NWO-1002,PLANT_01,DC_NORTH,2025-04-21,132,6519.48
NWO-1002,PLANT_01,DC_NORTH,2025-04-28,116,5729.24
NWO-1002,PLANT_01,DC_NORTH,2025-05-05,162,8001.18
NWO-1002,PLANT_01,DC_NORTH,2025-05-12,116,5729.24
NWO-1002,PLANT_01,DC_NORTH,2025-05-19,128,6321.92
NWO-1002,PLANT_01,DC_NORTH,2025-05-26,114,5630.46
NWO-1002,PLANT_01,DC_NORTH,2025-06-02,154,7606.06
NWO-1002,PLANT_01,DC_NORTH,2025-06-09,114,5630.46
NWO-1002,PLANT_01,DC_NORTH,2025-06-16,100,4939.0
NWO-1002,PLANT_01,DC_NORTH,2025-06-23,181,8939.59
NWO-1002,PLANT_01,DC_NORTH,2025-06-30,177,8742.03
NWO-1002,PLANT_01,DC_NORTH,2025-07-07,168,8297.52
NWO-1002,PLANT_01,DC_NORTH,2025-07-14,161,7951.79
NWO-1002,PLANT_01,DC_NORTH,2025-07-21,124,6124.36
NWO-1002,PLANT_01,DC_NORTH,2025-07-28,182,8988.98
NWO-1002,PLANT_01,DC_NORTH,2025-08-04,162,8001.18
NWO-1002,PLANT_01,DC_NORTH,2025-08-11,206,10174.34
NWO-1002,PLANT_01,DC_NORTH,2025-08-18,143,7062.77
NWO-1002,PLANT_01,DC_NORTH,2025-08-25,142,7013.38
NWO-1002,PLANT_01,DC_NORTH,2025-09-01,134,6618.26
NWO-1002,PLANT_01,DC_NORTH,2025-09-08,126,6223.14
NWO-1002,PLANT_01,DC_NORTH,2025-09-15,120,5926.8
NWO-1002,PLANT_01,DC_NORTH,2025-09-22,115,5679.85
NWO-1002,PLANT_01,DC_NORTH,2025-09-29,116,5729.24
NWO-1002,PLANT_01,DC_NORTH,2025-10-06,141,6963.99
NWO-1002,PLANT_01,DC_NORTH,2025-10-13,133,6568.87
NWO-1002,PLANT_01,DC_NORTH,2025-10-20,164,8099.96
NWO-1002,PLANT_01,DC_NORTH,2025-10-27,174,8593.86
NWO-1002,PLANT_01,DC_NORTH,2025-11-03,192,9482.88
NWO-1002,PLANT_01,DC_NORTH,2025-11-10,243,12001.77
NWO-1002,PLANT_01,DC_NORTH,2025-11-17,187,9235.93
NWO-1002,PLANT_01,DC_NORTH,2025-11-24,226,11162.14
NWO-1002,PLANT_01,DC_NORTH,2025-12-01,226,11162.14
NWO-1002,PLANT_01,DC_NORTH,2025-12-08,191,9433.49
NWO-1002,PLANT_01,DC_NORTH,2025-12-15,215,10618.85
NWO-1002,PLANT_01,DC_NORTH,2025-12-22,218,10767.02
NWO-1002,PLANT_01,DC_NORTH,2025-12-29,149,7359.11
NWO-1002,PLANT_01,DC_NORTH,2026-01-05,109,5383.51
NWO-1002,PLANT_01,DC_NORTH,2026-01-12,100,4939.0
NWO-1002,PLANT_01,DC_NORTH,2026-01-19,124,6124.36
NWO-1002,PLANT_01,DC_NORTH,2026-01-26,118,5828.02
NWO-1002,PLANT_01,DC_NORTH,2026-02-02,116,5729.24
NWO-1002,PLANT_01,DC_NORTH,2026-02-09,116,5729.24
NWO-1002,PLANT_01,DC_NORTH,2026-02-16,113,5581.07
NWO-1002,PLANT_01,DC_NORTH,2026-02-23,127,6272.53
NWO-1002,PLANT_01,DC_NORTH,2026-03-02,160,7902.4
NWO-1002,PLANT_01,DC_NORTH,2026-03-09,144,7112.16
NWO-1002,PLANT_01,DC_NORTH,2026-03-16,129,6371.31
NWO-1002,PLANT_01,DC_NORTH,2026-03-23,137,6766.43
NWO-1002,PLANT_01,DC_NORTH,2026-03-30,171,8445.69
NWO-1002,PLANT_01,DC_NORTH,2026-04-06,139,6865.21
NWO-1002,PLANT_01,DC_NORTH,2026-04-13,126,6223.14
NWO-1002,PLANT_01,DC_NORTH,2026-04-20,155,7655.45
NWO-1002,PLANT_01,DC_NORTH,2026-04-27,135,6667.65
NWO-1002,PLANT_01,DC_NORTH,2026-05-04,151,7457.89
NWO-1002,PLANT_01,DC_NORTH,2026-05-11,142,7013.38
NWO-1002,PLANT_01,DC_NORTH,2026-05-18,122,6025.58
NWO-1002,PLANT_01,DC_NORTH,2026-05-25,123,6074.97
NWO-1002,PLANT_01,DC_NORTH,2026-06-01,137,6766.43
NWO-1002,PLANT_01,DC_SOUTH,2023-06-05,368,18175.52
NWO-1002,PLANT_01,DC_SOUTH,2023-06-12,406,20052.34
NWO-1002,PLANT_01,DC_SOUTH,2023-06-19,364,17977.96
NWO-1002,PLANT_01,DC_SOUTH,2023-06-26,482,23805.98
NWO-1002,PLANT_01,DC_SOUTH,2023-07-03,391,19311.49
NWO-1002,PLANT_01,DC_SOUTH,2023-07-10,449,22176.11
NWO-1002,PLANT_01,DC_SOUTH,2023-07-17,378,18669.42
NWO-1002,PLANT_01,DC_SOUTH,2023-07-24,473,23361.47
NWO-1002,PLANT_01,DC_SOUTH,2023-07-31,469,23163.91
NWO-1002,PLANT_01,DC_SOUTH,2023-08-07,505,24941.95
NWO-1002,PLANT_01,DC_SOUTH,2023-08-14,397,19607.83
NWO-1002,PLANT_01,DC_SOUTH,2023-08-21,392,19360.88
NWO-1002,PLANT_01,DC_SOUTH,2023-08-28,380,18768.2
NWO-1002,PLANT_01,DC_SOUTH,2023-09-04,349,17237.11
NWO-1002,PLANT_01,DC_SOUTH,2023-09-11,320,15804.8
NWO-1002,PLANT_01,DC_SOUTH,2023-09-18,410,20249.9
NWO-1002,PLANT_01,DC_SOUTH,2023-09-25,357,17632.23
NWO-1002,PLANT_01,DC_SOUTH,2023-10-02,408,20151.12
NWO-1002,PLANT_01,DC_SOUTH,2023-10-09,362,17879.18
NWO-1002,PLANT_01,DC_SOUTH,2023-10-16,374,18471.86
NWO-1002,PLANT_01,DC_SOUTH,2023-10-23,354,17484.06
NWO-1002,PLANT_01,DC_SOUTH,2023-10-30,415,20496.85
NWO-1002,PLANT_01,DC_SOUTH,2023-11-06,482,23805.98
NWO-1002,PLANT_01,DC_SOUTH,2023-11-13,507,25040.73
NWO-1002,PLANT_01,DC_SOUTH,2023-11-20,580,28646.2
NWO-1002,PLANT_01,DC_SOUTH,2023-11-27,535,26423.65
NWO-1002,PLANT_01,DC_SOUTH,2023-12-04,527,26028.53
NWO-1002,PLANT_01,DC_SOUTH,2023-12-11,813,40154.07
NWO-1002,PLANT_01,DC_SOUTH,2023-12-18,573,28300.47
NWO-1002,PLANT_01,DC_SOUTH,2023-12-25,621,30671.19
NWO-1002,PLANT_01,DC_SOUTH,2024-01-01,279,13779.81
NWO-1002,PLANT_01,DC_SOUTH,2024-01-08,263,12989.57
NWO-1002,PLANT_01,DC_SOUTH,2024-01-15,253,12495.67
NWO-1002,PLANT_01,DC_SOUTH,2024-01-22,331,16348.09
NWO-1002,PLANT_01,DC_SOUTH,2024-01-29,320,15804.8
NWO-1002,PLANT_01,DC_SOUTH,2024-02-05,269,13285.91
NWO-1002,PLANT_01,DC_SOUTH,2024-02-12,294,14520.66
NWO-1002,PLANT_01,DC_SOUTH,2024-02-19,300,14817.0
NWO-1002,PLANT_01,DC_SOUTH,2024-02-26,275,13582.25
NWO-1002,PLANT_01,DC_SOUTH,2024-03-04,430,21237.7
NWO-1002,PLANT_01,DC_SOUTH,2024-03-11,348,17187.72
NWO-1002,PLANT_01,DC_SOUTH,2024-03-18,366,18076.74
NWO-1002,PLANT_01,DC_SOUTH,2024-03-25,370,18274.3
NWO-1002,PLANT_01,DC_SOUTH,2024-04-01,339,16743.21
NWO-1002,PLANT_01,DC_SOUTH,2024-04-08,394,19459.66
NWO-1002,PLANT_01,DC_SOUTH,2024-04-15,469,23163.91
NWO-1002,PLANT_01,DC_SOUTH,2024-04-22,388,19163.32
NWO-1002,PLANT_01,DC_SOUTH,2024-04-29,364,17977.96
NWO-1002,PLANT_01,DC_SOUTH,2024-05-06,421,20793.19
NWO-1002,PLANT_01,DC_SOUTH,2024-05-13,397,19607.83
NWO-1002,PLANT_01,DC_SOUTH,2024-05-20,369,18224.91
NWO-1002,PLANT_01,DC_SOUTH,2024-05-27,255,12594.45
NWO-1002,PLANT_01,DC_SOUTH,2024-06-03,418,20645.02
NWO-1002,PLANT_01,DC_SOUTH,2024-06-10,451,22274.89
NWO-1002,PLANT_01,DC_SOUTH,2024-06-17,382,18866.98
NWO-1002,PLANT_01,DC_SOUTH,2024-06-24,421,20793.19
NWO-1002,PLANT_01,DC_SOUTH,2024-07-01,546,26966.94
NWO-1002,PLANT_01,DC_SOUTH,2024-07-08,339,16743.21
NWO-1002,PLANT_01,DC_SOUTH,2024-07-15,454,22423.06
NWO-1002,PLANT_01,DC_SOUTH,2024-07-22,367,18126.13
NWO-1002,PLANT_01,DC_SOUTH,2024-07-29,422,20842.58
NWO-1002,PLANT_01,DC_SOUTH,2024-08-05,385,19015.15
NWO-1002,PLANT_01,DC_SOUTH,2024-08-12,415,20496.85
NWO-1002,PLANT_01,DC_SOUTH,2024-08-19,394,19459.66
NWO-1002,PLANT_01,DC_SOUTH,2024-08-26,379,18718.81
NWO-1002,PLANT_01,DC_SOUTH,2024-09-02,322,15903.58
NWO-1002,PLANT_01,DC_SOUTH,2024-09-09,342,16891.38
NWO-1002,PLANT_01,DC_SOUTH,2024-09-16,405,20002.95
NWO-1002,PLANT_01,DC_SOUTH,2024-09-23,388,19163.32
NWO-1002,PLANT_01,DC_SOUTH,2024-09-30,397,19607.83
NWO-1002,PLANT_01,DC_SOUTH,2024-10-07,332,16397.48
NWO-1002,PLANT_01,DC_SOUTH,2024-10-14,396,19558.44
NWO-1002,PLANT_01,DC_SOUTH,2024-10-21,440,21731.6
NWO-1002,PLANT_01,DC_SOUTH,2024-10-28,415,20496.85
NWO-1002,PLANT_01,DC_SOUTH,2024-11-04,522,25781.58
NWO-1002,PLANT_01,DC_SOUTH,2024-11-11,521,25732.19
NWO-1002,PLANT_01,DC_SOUTH,2024-11-18,529,26127.31
NWO-1002,PLANT_01,DC_SOUTH,2024-11-25,513,25337.07
NWO-1002,PLANT_01,DC_SOUTH,2024-12-02,627,30967.53
NWO-1002,PLANT_01,DC_SOUTH,2024-12-09,491,24250.49
NWO-1002,PLANT_01,DC_SOUTH,2024-12-16,503,24843.17
NWO-1002,PLANT_01,DC_SOUTH,2024-12-23,540,26670.6
NWO-1002,PLANT_01,DC_SOUTH,2024-12-30,509,25139.51
NWO-1002,PLANT_01,DC_SOUTH,2025-01-06,296,14619.44
NWO-1002,PLANT_01,DC_SOUTH,2025-01-13,334,16496.26
NWO-1002,PLANT_01,DC_SOUTH,2025-01-20,284,14026.76
NWO-1002,PLANT_01,DC_SOUTH,2025-01-27,311,15360.29
NWO-1002,PLANT_01,DC_SOUTH,2025-02-03,306,15113.34
NWO-1002,PLANT_01,DC_SOUTH,2025-02-10,358,17681.62
NWO-1002,PLANT_01,DC_SOUTH,2025-02-17,313,15459.07
NWO-1002,PLANT_01,DC_SOUTH,2025-02-24,285,14076.15
NWO-1002,PLANT_01,DC_SOUTH,2025-03-03,402,19854.78
NWO-1002,PLANT_01,DC_SOUTH,2025-03-10,372,18373.08
NWO-1002,PLANT_01,DC_SOUTH,2025-03-17,338,16693.82
NWO-1002,PLANT_01,DC_SOUTH,2025-03-24,324,16002.36
NWO-1002,PLANT_01,DC_SOUTH,2025-03-31,320,15804.8
NWO-1002,PLANT_01,DC_SOUTH,2025-04-07,329,16249.31
NWO-1002,PLANT_01,DC_SOUTH,2025-04-14,379,18718.81
NWO-1002,PLANT_01,DC_SOUTH,2025-04-21,390,19262.1
NWO-1002,PLANT_01,DC_SOUTH,2025-04-28,350,17286.5
NWO-1002,PLANT_01,DC_SOUTH,2025-05-05,372,18373.08
NWO-1002,PLANT_01,DC_SOUTH,2025-05-12,412,20348.68
NWO-1002,PLANT_01,DC_SOUTH,2025-05-19,331,16348.09
NWO-1002,PLANT_01,DC_SOUTH,2025-05-26,375,18521.25
NWO-1002,PLANT_01,DC_SOUTH,2025-06-02,414,20447.46
NWO-1002,PLANT_01,DC_SOUTH,2025-06-09,411,20299.29
NWO-1002,PLANT_01,DC_SOUTH,2025-06-16,368,18175.52
NWO-1002,PLANT_01,DC_SOUTH,2025-06-23,374,18471.86
NWO-1002,PLANT_01,DC_SOUTH,2025-06-30,414,20447.46
NWO-1002,PLANT_01,DC_SOUTH,2025-07-07,465,22966.35
NWO-1002,PLANT_01,DC_SOUTH,2025-07-14,465,22966.35
NWO-1002,PLANT_01,DC_SOUTH,2025-07-21,416,20546.24
NWO-1002,PLANT_01,DC_SOUTH,2025-07-28,470,23213.3
NWO-1002,PLANT_01,DC_SOUTH,2025-08-04,430,21237.7
NWO-1002,PLANT_01,DC_SOUTH,2025-08-11,425,20990.75
NWO-1002,PLANT_01,DC_SOUTH,2025-08-18,434,21435.26
NWO-1002,PLANT_01,DC_SOUTH,2025-08-25,365,18027.35
NWO-1002,PLANT_01,DC_SOUTH,2025-09-01,387,19113.93
NWO-1002,PLANT_01,DC_SOUTH,2025-09-08,351,17335.89
NWO-1002,PLANT_01,DC_SOUTH,2025-09-15,312,15409.68
NWO-1002,PLANT_01,DC_SOUTH,2025-09-22,412,20348.68
NWO-1002,PLANT_01,DC_SOUTH,2025-09-29,318,15706.02
NWO-1002,PLANT_01,DC_SOUTH,2025-10-06,372,18373.08
NWO-1002,PLANT_01,DC_SOUTH,2025-10-13,475,23460.25
NWO-1002,PLANT_01,DC_SOUTH,2025-10-20,374,18471.86
NWO-1002,PLANT_01,DC_SOUTH,2025-10-27,410,20249.9
NWO-1002,PLANT_01,DC_SOUTH,2025-11-03,602,29732.78
NWO-1002,PLANT_01,DC_SOUTH,2025-11-10,465,22966.35
NWO-1002,PLANT_01,DC_SOUTH,2025-11-17,540,26670.6
NWO-1002,PLANT_01,DC_SOUTH,2025-11-24,575,28399.25
NWO-1002,PLANT_01,DC_SOUTH,2025-12-01,468,23114.52
NWO-1002,PLANT_01,DC_SOUTH,2025-12-08,509,25139.51
NWO-1002,PLANT_01,DC_SOUTH,2025-12-15,471,23262.69
NWO-1002,PLANT_01,DC_SOUTH,2025-12-22,580,28646.2
NWO-1002,PLANT_01,DC_SOUTH,2025-12-29,545,26917.55
NWO-1002,PLANT_01,DC_SOUTH,2026-01-05,280,13829.2
NWO-1002,PLANT_01,DC_SOUTH,2026-01-12,295,14570.05
NWO-1002,PLANT_01,DC_SOUTH,2026-01-19,337,16644.43
NWO-1002,PLANT_01,DC_SOUTH,2026-01-26,259,12792.01
NWO-1002,PLANT_01,DC_SOUTH,2026-02-02,247,12199.33
NWO-1002,PLANT_01,DC_SOUTH,2026-02-09,313,15459.07
NWO-1002,PLANT_01,DC_SOUTH,2026-02-16,303,14965.17
NWO-1002,PLANT_01,DC_SOUTH,2026-02-23,310,15310.9
NWO-1002,PLANT_01,DC_SOUTH,2026-03-02,407,20101.73
NWO-1002,PLANT_01,DC_SOUTH,2026-03-09,304,15014.56
NWO-1002,PLANT_01,DC_SOUTH,2026-03-16,345,17039.55
NWO-1002,PLANT_01,DC_SOUTH,2026-03-23,436,21534.04
NWO-1002,PLANT_01,DC_SOUTH,2026-03-30,407,20101.73
NWO-1002,PLANT_01,DC_SOUTH,2026-04-06,405,20002.95
NWO-1002,PLANT_01,DC_SOUTH,2026-04-13,297,14668.83
NWO-1002,PLANT_01,DC_SOUTH,2026-04-20,394,19459.66
NWO-1002,PLANT_01,DC_SOUTH,2026-04-27,340,16792.6
NWO-1002,PLANT_01,DC_SOUTH,2026-05-04,363,17928.57
NWO-1002,PLANT_01,DC_SOUTH,2026-05-11,380,18768.2
NWO-1002,PLANT_01,DC_SOUTH,2026-05-18,332,16397.48
NWO-1002,PLANT_01,DC_SOUTH,2026-05-25,309,15261.51
NWO-1002,PLANT_01,DC_SOUTH,2026-06-01,367,18126.13
NWO-1002,PLANT_01,DC_WEST,2023-06-05,306,15113.34
NWO-1002,PLANT_01,DC_WEST,2023-06-12,306,15113.34
NWO-1002,PLANT_01,DC_WEST,2023-06-19,292,14421.88
NWO-1002,PLANT_01,DC_WEST,2023-06-26,341,16841.99
NWO-1002,PLANT_01,DC_WEST,2023-07-03,328,16199.92
NWO-1002,PLANT_01,DC_WEST,2023-07-10,303,14965.17
NWO-1002,PLANT_01,DC_WEST,2023-07-17,365,18027.35
NWO-1002,PLANT_01,DC_WEST,2023-07-24,273,13483.47
NWO-1002,PLANT_01,DC_WEST,2023-07-31,264,13038.96
NWO-1002,PLANT_01,DC_WEST,2023-08-07,334,16496.26
NWO-1002,PLANT_01,DC_WEST,2023-08-14,262,12940.18
NWO-1002,PLANT_01,DC_WEST,2023-08-21,283,13977.37
NWO-1002,PLANT_01,DC_WEST,2023-08-28,324,16002.36
NWO-1002,PLANT_01,DC_WEST,2023-09-04,251,12396.89
NWO-1002,PLANT_01,DC_WEST,2023-09-11,272,13434.08
NWO-1002,PLANT_01,DC_WEST,2023-09-18,272,13434.08
NWO-1002,PLANT_01,DC_WEST,2023-09-25,296,14619.44
NWO-1002,PLANT_01,DC_WEST,2023-10-02,288,14224.32
NWO-1002,PLANT_01,DC_WEST,2023-10-09,277,13681.03
NWO-1002,PLANT_01,DC_WEST,2023-10-16,298,14718.22
NWO-1002,PLANT_01,DC_WEST,2023-10-23,251,12396.89
NWO-1002,PLANT_01,DC_WEST,2023-10-30,304,15014.56
NWO-1002,PLANT_01,DC_WEST,2023-11-06,350,17286.5
NWO-1002,PLANT_01,DC_WEST,2023-11-13,415,20496.85
NWO-1002,PLANT_01,DC_WEST,2023-11-20,458,22620.62
NWO-1002,PLANT_01,DC_WEST,2023-11-27,383,18916.37
NWO-1002,PLANT_01,DC_WEST,2023-12-04,440,21731.6
NWO-1002,PLANT_01,DC_WEST,2023-12-11,416,20546.24
NWO-1002,PLANT_01,DC_WEST,2023-12-18,498,24596.22
NWO-1002,PLANT_01,DC_WEST,2023-12-25,448,22126.72
NWO-1002,PLANT_01,DC_WEST,2024-01-01,224,11063.36
NWO-1002,PLANT_01,DC_WEST,2024-01-08,216,10668.24
NWO-1002,PLANT_01,DC_WEST,2024-01-15,204,10075.56
NWO-1002,PLANT_01,DC_WEST,2024-01-22,178,8791.42
NWO-1002,PLANT_01,DC_WEST,2024-01-29,226,11162.14
NWO-1002,PLANT_01,DC_WEST,2024-02-05,224,11063.36
NWO-1002,PLANT_01,DC_WEST,2024-02-12,244,12051.16
NWO-1002,PLANT_01,DC_WEST,2024-02-19,221,10915.19
NWO-1002,PLANT_01,DC_WEST,2024-02-26,201,9927.39
NWO-1002,PLANT_01,DC_WEST,2024-03-04,244,12051.16
NWO-1002,PLANT_01,DC_WEST,2024-03-11,257,12693.23
NWO-1002,PLANT_01,DC_WEST,2024-03-18,263,12989.57
NWO-1002,PLANT_01,DC_WEST,2024-03-25,268,13236.52
NWO-1002,PLANT_01,DC_WEST,2024-04-01,220,10865.8
NWO-1002,PLANT_01,DC_WEST,2024-04-08,222,10964.58
NWO-1002,PLANT_01,DC_WEST,2024-04-15,249,12298.11
NWO-1002,PLANT_01,DC_WEST,2024-04-22,210,10371.9
NWO-1002,PLANT_01,DC_WEST,2024-04-29,283,13977.37
NWO-1002,PLANT_01,DC_WEST,2024-05-06,468,23114.52
NWO-1002,PLANT_01,DC_WEST,2024-05-13,472,23312.08
NWO-1002,PLANT_01,DC_WEST,2024-05-20,295,14570.05
NWO-1002,PLANT_01,DC_WEST,2024-05-27,267,13187.13
NWO-1002,PLANT_01,DC_WEST,2024-06-03,305,15063.95
NWO-1002,PLANT_01,DC_WEST,2024-06-10,353,17434.67
NWO-1002,PLANT_01,DC_WEST,2024-06-17,264,13038.96
NWO-1002,PLANT_01,DC_WEST,2024-06-24,256,12643.84
NWO-1002,PLANT_01,DC_WEST,2024-07-01,369,18224.91
NWO-1002,PLANT_01,DC_WEST,2024-07-08,303,14965.17
NWO-1002,PLANT_01,DC_WEST,2024-07-15,279,13779.81
NWO-1002,PLANT_01,DC_WEST,2024-07-22,320,15804.8
NWO-1002,PLANT_01,DC_WEST,2024-07-29,286,14125.54
NWO-1002,PLANT_01,DC_WEST,2024-08-05,256,12643.84
NWO-1002,PLANT_01,DC_WEST,2024-08-12,305,15063.95
NWO-1002,PLANT_01,DC_WEST,2024-08-19,302,14915.78
NWO-1002,PLANT_01,DC_WEST,2024-08-26,359,17731.01
NWO-1002,PLANT_01,DC_WEST,2024-09-02,332,16397.48
NWO-1002,PLANT_01,DC_WEST,2024-09-09,294,14520.66
NWO-1002,PLANT_01,DC_WEST,2024-09-16,273,13483.47
NWO-1002,PLANT_01,DC_WEST,2024-09-23,283,13977.37
NWO-1002,PLANT_01,DC_WEST,2024-09-30,267,13187.13
NWO-1002,PLANT_01,DC_WEST,2024-10-07,276,13631.64
NWO-1002,PLANT_01,DC_WEST,2024-10-14,257,12693.23
NWO-1002,PLANT_01,DC_WEST,2024-10-21,312,15409.68
NWO-1002,PLANT_01,DC_WEST,2024-10-28,259,12792.01
NWO-1002,PLANT_01,DC_WEST,2024-11-04,379,18718.81
NWO-1002,PLANT_01,DC_WEST,2024-11-11,481,23756.59
NWO-1002,PLANT_01,DC_WEST,2024-11-18,386,19064.54
NWO-1002,PLANT_01,DC_WEST,2024-11-25,363,17928.57
NWO-1002,PLANT_01,DC_WEST,2024-12-02,382,18866.98
NWO-1002,PLANT_01,DC_WEST,2024-12-09,360,17780.4
NWO-1002,PLANT_01,DC_WEST,2024-12-16,378,18669.42
NWO-1002,PLANT_01,DC_WEST,2024-12-23,407,20101.73
NWO-1002,PLANT_01,DC_WEST,2024-12-30,410,20249.9
NWO-1002,PLANT_01,DC_WEST,2025-01-06,225,11112.75
NWO-1002,PLANT_01,DC_WEST,2025-01-13,196,9680.44
NWO-1002,PLANT_01,DC_WEST,2025-01-20,197,9729.83
NWO-1002,PLANT_01,DC_WEST,2025-01-27,255,12594.45
NWO-1002,PLANT_01,DC_WEST,2025-02-03,208,10273.12
NWO-1002,PLANT_01,DC_WEST,2025-02-10,226,11162.14
NWO-1002,PLANT_01,DC_WEST,2025-02-17,207,10223.73
NWO-1002,PLANT_01,DC_WEST,2025-02-24,362,17879.18
NWO-1002,PLANT_01,DC_WEST,2025-03-03,306,15113.34
NWO-1002,PLANT_01,DC_WEST,2025-03-10,286,14125.54
NWO-1002,PLANT_01,DC_WEST,2025-03-17,327,16150.53
NWO-1002,PLANT_01,DC_WEST,2025-03-24,271,13384.69
NWO-1002,PLANT_01,DC_WEST,2025-03-31,278,13730.42
NWO-1002,PLANT_01,DC_WEST,2025-04-07,296,14619.44
NWO-1002,PLANT_01,DC_WEST,2025-04-14,327,16150.53
NWO-1002,PLANT_01,DC_WEST,2025-04-21,252,12446.28
NWO-1002,PLANT_01,DC_WEST,2025-04-28,221,10915.19
NWO-1002,PLANT_01,DC_WEST,2025-05-05,276,13631.64
NWO-1002,PLANT_01,DC_WEST,2025-05-12,222,10964.58
NWO-1002,PLANT_01,DC_WEST,2025-05-19,264,13038.96
NWO-1002,PLANT_01,DC_WEST,2025-05-26,282,13927.98
NWO-1002,PLANT_01,DC_WEST,2025-06-02,256,12643.84
NWO-1002,PLANT_01,DC_WEST,2025-06-09,325,16051.75
NWO-1002,PLANT_01,DC_WEST,2025-06-16,270,13335.3
NWO-1002,PLANT_01,DC_WEST,2025-06-23,282,13927.98
NWO-1002,PLANT_01,DC_WEST,2025-06-30,367,18126.13
NWO-1002,PLANT_01,DC_WEST,2025-07-07,380,18768.2
NWO-1002,PLANT_01,DC_WEST,2025-07-14,364,17977.96
NWO-1002,PLANT_01,DC_WEST,2025-07-21,351,17335.89
NWO-1002,PLANT_01,DC_WEST,2025-07-28,260,12841.4
NWO-1002,PLANT_01,DC_WEST,2025-08-04,374,18471.86
NWO-1002,PLANT_01,DC_WEST,2025-08-11,332,16397.48
NWO-1002,PLANT_01,DC_WEST,2025-08-18,337,16644.43
NWO-1002,PLANT_01,DC_WEST,2025-08-25,342,16891.38
NWO-1002,PLANT_01,DC_WEST,2025-09-01,279,13779.81
NWO-1002,PLANT_01,DC_WEST,2025-09-08,229,11310.31
NWO-1002,PLANT_01,DC_WEST,2025-09-15,290,14323.1
NWO-1002,PLANT_01,DC_WEST,2025-09-22,297,14668.83
NWO-1002,PLANT_01,DC_WEST,2025-09-29,239,11804.21
NWO-1002,PLANT_01,DC_WEST,2025-10-06,261,12890.79
NWO-1002,PLANT_01,DC_WEST,2025-10-13,260,12841.4
NWO-1002,PLANT_01,DC_WEST,2025-10-20,268,13236.52
NWO-1002,PLANT_01,DC_WEST,2025-10-27,339,16743.21
NWO-1002,PLANT_01,DC_WEST,2025-11-03,388,19163.32
NWO-1002,PLANT_01,DC_WEST,2025-11-10,404,19953.56
NWO-1002,PLANT_01,DC_WEST,2025-11-17,388,19163.32
NWO-1002,PLANT_01,DC_WEST,2025-11-24,373,18422.47
NWO-1002,PLANT_01,DC_WEST,2025-12-01,424,20941.36
NWO-1002,PLANT_01,DC_WEST,2025-12-08,376,18570.64
NWO-1002,PLANT_01,DC_WEST,2025-12-15,417,20595.63
NWO-1002,PLANT_01,DC_WEST,2025-12-22,479,23657.81
NWO-1002,PLANT_01,DC_WEST,2025-12-29,401,19805.39
NWO-1002,PLANT_01,DC_WEST,2026-01-05,227,11211.53
NWO-1002,PLANT_01,DC_WEST,2026-01-12,249,12298.11
NWO-1002,PLANT_01,DC_WEST,2026-01-19,248,12248.72
NWO-1002,PLANT_01,DC_WEST,2026-01-26,198,9779.22
NWO-1002,PLANT_01,DC_WEST,2026-02-02,200,9878.0
NWO-1002,PLANT_01,DC_WEST,2026-02-09,229,11310.31
NWO-1002,PLANT_01,DC_WEST,2026-02-16,201,9927.39
NWO-1002,PLANT_01,DC_WEST,2026-02-23,266,13137.74
NWO-1002,PLANT_01,DC_WEST,2026-03-02,283,13977.37
NWO-1002,PLANT_01,DC_WEST,2026-03-09,272,13434.08
NWO-1002,PLANT_01,DC_WEST,2026-03-16,200,9878.0
NWO-1002,PLANT_01,DC_WEST,2026-03-23,282,13927.98
NWO-1002,PLANT_01,DC_WEST,2026-03-30,278,13730.42
NWO-1002,PLANT_01,DC_WEST,2026-04-06,310,15310.9
NWO-1002,PLANT_01,DC_WEST,2026-04-13,295,14570.05
NWO-1002,PLANT_01,DC_WEST,2026-04-20,318,15706.02
NWO-1002,PLANT_01,DC_WEST,2026-04-27,271,13384.69
NWO-1002,PLANT_01,DC_WEST,2026-05-04,210,10371.9
NWO-1002,PLANT_01,DC_WEST,2026-05-11,235,11606.65
NWO-1002,PLANT_01,DC_WEST,2026-05-18,294,14520.66
NWO-1002,PLANT_01,DC_WEST,2026-05-25,270,13335.3
NWO-1002,PLANT_01,DC_WEST,2026-06-01,329,16249.31
NWO-1003,PLANT_01,DC_NORTH,2023-06-05,117,5028.66
NWO-1003,PLANT_01,DC_NORTH,2023-06-12,113,4856.74
NWO-1003,PLANT_01,DC_NORTH,2023-06-19,139,5974.22
NWO-1003,PLANT_01,DC_NORTH,2023-06-26,144,6189.12
NWO-1003,PLANT_01,DC_NORTH,2023-07-03,146,6275.08
NWO-1003,PLANT_01,DC_NORTH,2023-07-10,113,4856.74
NWO-1003,PLANT_01,DC_NORTH,2023-07-17,153,6575.94
NWO-1003,PLANT_01,DC_NORTH,2023-07-24,135,5802.3
NWO-1003,PLANT_01,DC_NORTH,2023-07-31,148,6361.04
NWO-1003,PLANT_01,DC_NORTH,2023-08-07,133,5716.34
NWO-1003,PLANT_01,DC_NORTH,2023-08-14,152,6532.96
NWO-1003,PLANT_01,DC_NORTH,2023-08-21,131,5630.38
NWO-1003,PLANT_01,DC_NORTH,2023-08-28,133,5716.34
NWO-1003,PLANT_01,DC_NORTH,2023-09-04,138,5931.24
NWO-1003,PLANT_01,DC_NORTH,2023-09-11,111,4770.78
NWO-1003,PLANT_01,DC_NORTH,2023-09-18,156,6704.88
NWO-1003,PLANT_01,DC_NORTH,2023-09-25,117,5028.66
NWO-1003,PLANT_01,DC_NORTH,2023-10-02,101,4340.98
NWO-1003,PLANT_01,DC_NORTH,2023-10-09,137,5888.26
NWO-1003,PLANT_01,DC_NORTH,2023-10-16,140,6017.2
NWO-1003,PLANT_01,DC_NORTH,2023-10-23,151,6489.98
NWO-1003,PLANT_01,DC_NORTH,2023-10-30,109,4684.82
NWO-1003,PLANT_01,DC_NORTH,2023-11-06,149,6404.02
NWO-1003,PLANT_01,DC_NORTH,2023-11-13,165,7091.7
NWO-1003,PLANT_01,DC_NORTH,2023-11-20,212,9111.76
NWO-1003,PLANT_01,DC_NORTH,2023-11-27,194,8338.12
NWO-1003,PLANT_01,DC_NORTH,2023-12-04,189,8123.22
NWO-1003,PLANT_01,DC_NORTH,2023-12-11,166,7134.68
NWO-1003,PLANT_01,DC_NORTH,2023-12-18,187,8037.26
NWO-1003,PLANT_01,DC_NORTH,2023-12-25,196,8424.08
NWO-1003,PLANT_01,DC_NORTH,2024-01-01,85,3653.3
NWO-1003,PLANT_01,DC_NORTH,2024-01-08,78,3352.44
NWO-1003,PLANT_01,DC_NORTH,2024-01-15,120,5157.6
NWO-1003,PLANT_01,DC_NORTH,2024-01-22,82,3524.36
NWO-1003,PLANT_01,DC_NORTH,2024-01-29,81,3481.38
NWO-1003,PLANT_01,DC_NORTH,2024-02-05,108,4641.84
NWO-1003,PLANT_01,DC_NORTH,2024-02-12,88,3782.24
NWO-1003,PLANT_01,DC_NORTH,2024-02-19,115,4942.7
NWO-1003,PLANT_01,DC_NORTH,2024-02-26,74,3180.52
NWO-1003,PLANT_01,DC_NORTH,2024-03-04,108,4641.84
NWO-1003,PLANT_01,DC_NORTH,2024-03-11,109,4684.82
NWO-1003,PLANT_01,DC_NORTH,2024-03-18,84,3610.32
NWO-1003,PLANT_01,DC_NORTH,2024-03-25,123,5286.54
NWO-1003,PLANT_01,DC_NORTH,2024-04-01,132,5673.36
NWO-1003,PLANT_01,DC_NORTH,2024-04-08,129,5544.42
NWO-1003,PLANT_01,DC_NORTH,2024-04-15,102,4383.96
NWO-1003,PLANT_01,DC_NORTH,2024-04-22,94,4040.12
NWO-1003,PLANT_01,DC_NORTH,2024-04-29,134,5759.32
NWO-1003,PLANT_01,DC_NORTH,2024-05-06,105,4512.9
NWO-1003,PLANT_01,DC_NORTH,2024-05-13,121,5200.58
NWO-1003,PLANT_01,DC_NORTH,2024-05-20,145,6232.1
NWO-1003,PLANT_01,DC_NORTH,2024-05-27,95,4083.1
NWO-1003,PLANT_01,DC_NORTH,2024-06-03,136,5845.28
NWO-1003,PLANT_01,DC_NORTH,2024-06-10,130,5587.4
NWO-1003,PLANT_01,DC_NORTH,2024-06-17,134,5759.32
NWO-1003,PLANT_01,DC_NORTH,2024-06-24,129,5544.42
NWO-1003,PLANT_01,DC_NORTH,2024-07-01,134,5759.32
NWO-1003,PLANT_01,DC_NORTH,2024-07-08,146,6275.08
NWO-1003,PLANT_01,DC_NORTH,2024-07-15,123,5286.54
NWO-1003,PLANT_01,DC_NORTH,2024-07-22,148,6361.04
NWO-1003,PLANT_01,DC_NORTH,2024-07-29,155,6661.9
NWO-1003,PLANT_01,DC_NORTH,2024-08-05,131,5630.38
NWO-1003,PLANT_01,DC_NORTH,2024-08-12,122,5243.56
NWO-1003,PLANT_01,DC_NORTH,2024-08-19,148,6361.04
NWO-1003,PLANT_01,DC_NORTH,2024-08-26,119,5114.62
NWO-1003,PLANT_01,DC_NORTH,2024-09-02,113,4856.74
NWO-1003,PLANT_01,DC_NORTH,2024-09-09,113,4856.74
NWO-1003,PLANT_01,DC_NORTH,2024-09-16,156,6704.88
NWO-1003,PLANT_01,DC_NORTH,2024-09-23,106,4555.88
NWO-1003,PLANT_01,DC_NORTH,2024-09-30,127,5458.46
NWO-1003,PLANT_01,DC_NORTH,2024-10-07,130,5587.4
NWO-1003,PLANT_01,DC_NORTH,2024-10-14,129,5544.42
NWO-1003,PLANT_01,DC_NORTH,2024-10-21,90,3868.2
NWO-1003,PLANT_01,DC_NORTH,2024-10-28,127,5458.46
NWO-1003,PLANT_01,DC_NORTH,2024-11-04,137,5888.26
NWO-1003,PLANT_01,DC_NORTH,2024-11-11,141,6060.18
NWO-1003,PLANT_01,DC_NORTH,2024-11-18,209,8982.82
NWO-1003,PLANT_01,DC_NORTH,2024-11-25,176,7564.48
NWO-1003,PLANT_01,DC_NORTH,2024-12-02,171,7349.58
NWO-1003,PLANT_01,DC_NORTH,2024-12-09,173,7435.54
NWO-1003,PLANT_01,DC_NORTH,2024-12-16,209,8982.82
NWO-1003,PLANT_01,DC_NORTH,2024-12-23,160,6876.8
NWO-1003,PLANT_01,DC_NORTH,2024-12-30,194,8338.12
NWO-1003,PLANT_01,DC_NORTH,2025-01-06,95,4083.1
NWO-1003,PLANT_01,DC_NORTH,2025-01-13,121,5200.58
NWO-1003,PLANT_01,DC_NORTH,2025-01-20,108,4641.84
NWO-1003,PLANT_01,DC_NORTH,2025-01-27,89,3825.22
NWO-1003,PLANT_01,DC_NORTH,2025-02-03,86,3696.28
NWO-1003,PLANT_01,DC_NORTH,2025-02-10,90,3868.2
NWO-1003,PLANT_01,DC_NORTH,2025-02-17,101,4340.98
NWO-1003,PLANT_01,DC_NORTH,2025-02-24,82,3524.36
NWO-1003,PLANT_01,DC_NORTH,2025-03-03,86,3696.28
NWO-1003,PLANT_01,DC_NORTH,2025-03-10,132,5673.36
NWO-1003,PLANT_01,DC_NORTH,2025-03-17,119,5114.62
NWO-1003,PLANT_01,DC_NORTH,2025-03-24,116,4985.68
NWO-1003,PLANT_01,DC_NORTH,2025-03-31,106,4555.88
NWO-1003,PLANT_01,DC_NORTH,2025-04-07,122,5243.56
NWO-1003,PLANT_01,DC_NORTH,2025-04-14,113,4856.74
NWO-1003,PLANT_01,DC_NORTH,2025-04-21,124,5329.52
NWO-1003,PLANT_01,DC_NORTH,2025-04-28,111,4770.78
NWO-1003,PLANT_01,DC_NORTH,2025-05-05,128,5501.44
NWO-1003,PLANT_01,DC_NORTH,2025-05-12,113,4856.74
NWO-1003,PLANT_01,DC_NORTH,2025-05-19,110,4727.8
NWO-1003,PLANT_01,DC_NORTH,2025-05-26,99,4255.02
NWO-1003,PLANT_01,DC_NORTH,2025-06-02,142,6103.16
NWO-1003,PLANT_01,DC_NORTH,2025-06-09,122,5243.56
NWO-1003,PLANT_01,DC_NORTH,2025-06-16,108,4641.84
NWO-1003,PLANT_01,DC_NORTH,2025-06-23,113,4856.74
NWO-1003,PLANT_01,DC_NORTH,2025-06-30,86,3696.28
NWO-1003,PLANT_01,DC_NORTH,2025-07-07,124,5329.52
NWO-1003,PLANT_01,DC_NORTH,2025-07-14,110,4727.8
NWO-1003,PLANT_01,DC_NORTH,2025-07-21,79,3395.42
NWO-1003,PLANT_01,DC_NORTH,2025-07-28,72,3094.56
NWO-1003,PLANT_01,DC_NORTH,2025-08-04,78,3352.44
NWO-1003,PLANT_01,DC_NORTH,2025-08-11,71,3051.58
NWO-1003,PLANT_01,DC_NORTH,2025-08-18,66,2836.68
NWO-1003,PLANT_01,DC_NORTH,2025-08-25,59,2535.82
NWO-1003,PLANT_01,DC_NORTH,2025-09-01,40,1719.2
NWO-1003,PLANT_01,DC_NORTH,2025-09-08,36,1547.28
NWO-1003,PLANT_01,DC_NORTH,2025-09-15,31,1332.38
NWO-1003,PLANT_01,DC_NORTH,2025-09-22,14,601.72
NWO-1003,PLANT_01,DC_NORTH,2025-09-29,8,343.84
NWO-1003,PLANT_01,DC_SOUTH,2023-06-05,338,14527.24
NWO-1003,PLANT_01,DC_SOUTH,2023-06-12,368,15816.64
NWO-1003,PLANT_01,DC_SOUTH,2023-06-19,359,15429.82
NWO-1003,PLANT_01,DC_SOUTH,2023-06-26,275,11819.5
NWO-1003,PLANT_01,DC_SOUTH,2023-07-03,382,16418.36
NWO-1003,PLANT_01,DC_SOUTH,2023-07-10,417,17922.66
NWO-1003,PLANT_01,DC_SOUTH,2023-07-17,389,16719.22
NWO-1003,PLANT_01,DC_SOUTH,2023-07-24,305,13108.9
NWO-1003,PLANT_01,DC_SOUTH,2023-07-31,441,18954.18
NWO-1003,PLANT_01,DC_SOUTH,2023-08-07,442,18997.16
NWO-1003,PLANT_01,DC_SOUTH,2023-08-14,308,13237.84
NWO-1003,PLANT_01,DC_SOUTH,2023-08-21,335,14398.3
NWO-1003,PLANT_01,DC_SOUTH,2023-08-28,378,16246.44
NWO-1003,PLANT_01,DC_SOUTH,2023-09-04,328,14097.44
NWO-1003,PLANT_01,DC_SOUTH,2023-09-11,362,15558.76
NWO-1003,PLANT_01,DC_SOUTH,2023-09-18,303,13022.94
NWO-1003,PLANT_01,DC_SOUTH,2023-09-25,289,12421.22
NWO-1003,PLANT_01,DC_SOUTH,2023-10-02,365,15687.7
NWO-1003,PLANT_01,DC_SOUTH,2023-10-09,373,16031.54
NWO-1003,PLANT_01,DC_SOUTH,2023-10-16,392,16848.16
NWO-1003,PLANT_01,DC_SOUTH,2023-10-23,379,16289.42
NWO-1003,PLANT_01,DC_SOUTH,2023-10-30,319,13710.62
NWO-1003,PLANT_01,DC_SOUTH,2023-11-06,525,22564.5
NWO-1003,PLANT_01,DC_SOUTH,2023-11-13,418,17965.64
NWO-1003,PLANT_01,DC_SOUTH,2023-11-20,385,16547.3
NWO-1003,PLANT_01,DC_SOUTH,2023-11-27,491,21103.18
NWO-1003,PLANT_01,DC_SOUTH,2023-12-04,489,21017.22
NWO-1003,PLANT_01,DC_SOUTH,2023-12-11,484,20802.32
NWO-1003,PLANT_01,DC_SOUTH,2023-12-18,517,22220.66
NWO-1003,PLANT_01,DC_SOUTH,2023-12-25,486,20888.28
NWO-1003,PLANT_01,DC_SOUTH,2024-01-01,271,11647.58
NWO-1003,PLANT_01,DC_SOUTH,2024-01-08,255,10959.9
NWO-1003,PLANT_01,DC_SOUTH,2024-01-15,254,10916.92
NWO-1003,PLANT_01,DC_SOUTH,2024-01-22,248,10659.04
NWO-1003,PLANT_01,DC_SOUTH,2024-01-29,268,11518.64
NWO-1003,PLANT_01,DC_SOUTH,2024-02-05,262,11260.76
NWO-1003,PLANT_01,DC_SOUTH,2024-02-12,244,10487.12
NWO-1003,PLANT_01,DC_SOUTH,2024-02-19,254,10916.92
NWO-1003,PLANT_01,DC_SOUTH,2024-02-26,257,11045.86
NWO-1003,PLANT_01,DC_SOUTH,2024-03-04,301,12936.98
NWO-1003,PLANT_01,DC_SOUTH,2024-03-11,249,10702.02
NWO-1003,PLANT_01,DC_SOUTH,2024-03-18,287,12335.26
NWO-1003,PLANT_01,DC_SOUTH,2024-03-25,283,12163.34
NWO-1003,PLANT_01,DC_SOUTH,2024-04-01,267,11475.66
NWO-1003,PLANT_01,DC_SOUTH,2024-04-08,271,11647.58
NWO-1003,PLANT_01,DC_SOUTH,2024-04-15,327,14054.46
NWO-1003,PLANT_01,DC_SOUTH,2024-04-22,276,11862.48
NWO-1003,PLANT_01,DC_SOUTH,2024-04-29,324,13925.52
NWO-1003,PLANT_01,DC_SOUTH,2024-05-06,338,14527.24
NWO-1003,PLANT_01,DC_SOUTH,2024-05-13,287,12335.26
NWO-1003,PLANT_01,DC_SOUTH,2024-05-20,365,15687.7
NWO-1003,PLANT_01,DC_SOUTH,2024-05-27,316,13581.68
NWO-1003,PLANT_01,DC_SOUTH,2024-06-03,314,13495.72
NWO-1003,PLANT_01,DC_SOUTH,2024-06-10,346,14871.08
NWO-1003,PLANT_01,DC_SOUTH,2024-06-17,422,18137.56
NWO-1003,PLANT_01,DC_SOUTH,2024-06-24,352,15128.96
NWO-1003,PLANT_01,DC_SOUTH,2024-07-01,374,16074.52
NWO-1003,PLANT_01,DC_SOUTH,2024-07-08,438,18825.24
NWO-1003,PLANT_01,DC_SOUTH,2024-07-15,406,17449.88
NWO-1003,PLANT_01,DC_SOUTH,2024-07-22,382,16418.36
NWO-1003,PLANT_01,DC_SOUTH,2024-07-29,356,15300.88
NWO-1003,PLANT_01,DC_SOUTH,2024-08-05,337,14484.26
NWO-1003,PLANT_01,DC_SOUTH,2024-08-12,307,13194.86
NWO-1003,PLANT_01,DC_SOUTH,2024-08-19,300,12894.0
NWO-1003,PLANT_01,DC_SOUTH,2024-08-26,335,14398.3
NWO-1003,PLANT_01,DC_SOUTH,2024-09-02,303,13022.94
NWO-1003,PLANT_01,DC_SOUTH,2024-09-09,308,13237.84
NWO-1003,PLANT_01,DC_SOUTH,2024-09-16,301,12936.98
NWO-1003,PLANT_01,DC_SOUTH,2024-09-23,347,14914.06
NWO-1003,PLANT_01,DC_SOUTH,2024-09-30,359,15429.82
NWO-1003,PLANT_01,DC_SOUTH,2024-10-07,262,11260.76
NWO-1003,PLANT_01,DC_SOUTH,2024-10-14,296,12722.08
NWO-1003,PLANT_01,DC_SOUTH,2024-10-21,419,18008.62
NWO-1003,PLANT_01,DC_SOUTH,2024-10-28,538,23123.24
NWO-1003,PLANT_01,DC_SOUTH,2024-11-04,529,22736.42
NWO-1003,PLANT_01,DC_SOUTH,2024-11-11,485,20845.3
NWO-1003,PLANT_01,DC_SOUTH,2024-11-18,482,20716.36
NWO-1003,PLANT_01,DC_SOUTH,2024-11-25,524,22521.52
NWO-1003,PLANT_01,DC_SOUTH,2024-12-02,447,19212.06
NWO-1003,PLANT_01,DC_SOUTH,2024-12-09,500,21490.0
NWO-1003,PLANT_01,DC_SOUTH,2024-12-16,474,20372.52
NWO-1003,PLANT_01,DC_SOUTH,2024-12-23,446,19169.08
NWO-1003,PLANT_01,DC_SOUTH,2024-12-30,463,19899.74
NWO-1003,PLANT_01,DC_SOUTH,2025-01-06,249,10702.02
NWO-1003,PLANT_01,DC_SOUTH,2025-01-13,262,11260.76
NWO-1003,PLANT_01,DC_SOUTH,2025-01-20,213,9154.74
NWO-1003,PLANT_01,DC_SOUTH,2025-01-27,242,10401.16
NWO-1003,PLANT_01,DC_SOUTH,2025-02-03,264,11346.72
NWO-1003,PLANT_01,DC_SOUTH,2025-02-10,330,14183.4
NWO-1003,PLANT_01,DC_SOUTH,2025-02-17,267,11475.66
NWO-1003,PLANT_01,DC_SOUTH,2025-02-24,232,9971.36
NWO-1003,PLANT_01,DC_SOUTH,2025-03-03,278,11948.44
NWO-1003,PLANT_01,DC_SOUTH,2025-03-10,288,12378.24
NWO-1003,PLANT_01,DC_SOUTH,2025-03-17,337,14484.26
NWO-1003,PLANT_01,DC_SOUTH,2025-03-24,347,14914.06
NWO-1003,PLANT_01,DC_SOUTH,2025-03-31,361,15515.78
NWO-1003,PLANT_01,DC_SOUTH,2025-04-07,333,14312.34
NWO-1003,PLANT_01,DC_SOUTH,2025-04-14,318,13667.64
NWO-1003,PLANT_01,DC_SOUTH,2025-04-21,262,11260.76
NWO-1003,PLANT_01,DC_SOUTH,2025-04-28,270,11604.6
NWO-1003,PLANT_01,DC_SOUTH,2025-05-05,324,13925.52
NWO-1003,PLANT_01,DC_SOUTH,2025-05-12,293,12593.14
NWO-1003,PLANT_01,DC_SOUTH,2025-05-19,273,11733.54
NWO-1003,PLANT_01,DC_SOUTH,2025-05-26,390,16762.2
NWO-1003,PLANT_01,DC_SOUTH,2025-06-02,243,10444.14
NWO-1003,PLANT_01,DC_SOUTH,2025-06-09,319,13710.62
NWO-1003,PLANT_01,DC_SOUTH,2025-06-16,336,14441.28
NWO-1003,PLANT_01,DC_SOUTH,2025-06-23,328,14097.44
NWO-1003,PLANT_01,DC_SOUTH,2025-06-30,274,11776.52
NWO-1003,PLANT_01,DC_SOUTH,2025-07-07,241,10358.18
NWO-1003,PLANT_01,DC_SOUTH,2025-07-14,218,9369.64
NWO-1003,PLANT_01,DC_SOUTH,2025-07-21,234,10057.32
NWO-1003,PLANT_01,DC_SOUTH,2025-07-28,239,10272.22
NWO-1003,PLANT_01,DC_SOUTH,2025-08-04,172,7392.56
NWO-1003,PLANT_01,DC_SOUTH,2025-08-11,158,6790.84
NWO-1003,PLANT_01,DC_SOUTH,2025-08-18,149,6404.02
NWO-1003,PLANT_01,DC_SOUTH,2025-08-25,127,5458.46
NWO-1003,PLANT_01,DC_SOUTH,2025-09-01,93,3997.14
NWO-1003,PLANT_01,DC_SOUTH,2025-09-08,72,3094.56
NWO-1003,PLANT_01,DC_SOUTH,2025-09-15,60,2578.8
NWO-1003,PLANT_01,DC_SOUTH,2025-09-22,43,1848.14
NWO-1003,PLANT_01,DC_SOUTH,2025-09-29,15,644.7
NWO-1003,PLANT_01,DC_WEST,2023-06-05,247,10616.06
NWO-1003,PLANT_01,DC_WEST,2023-06-12,323,13882.54
NWO-1003,PLANT_01,DC_WEST,2023-06-19,293,12593.14
NWO-1003,PLANT_01,DC_WEST,2023-06-26,313,13452.74
NWO-1003,PLANT_01,DC_WEST,2023-07-03,280,12034.4
NWO-1003,PLANT_01,DC_WEST,2023-07-10,244,10487.12
NWO-1003,PLANT_01,DC_WEST,2023-07-17,259,11131.82
NWO-1003,PLANT_01,DC_WEST,2023-07-24,321,13796.58
NWO-1003,PLANT_01,DC_WEST,2023-07-31,279,11991.42
NWO-1003,PLANT_01,DC_WEST,2023-08-07,264,11346.72
NWO-1003,PLANT_01,DC_WEST,2023-08-14,239,10272.22
NWO-1003,PLANT_01,DC_WEST,2023-08-21,287,12335.26
NWO-1003,PLANT_01,DC_WEST,2023-08-28,274,11776.52
NWO-1003,PLANT_01,DC_WEST,2023-09-04,250,10745.0
NWO-1003,PLANT_01,DC_WEST,2023-09-11,220,9455.6
NWO-1003,PLANT_01,DC_WEST,2023-09-18,237,10186.26
NWO-1003,PLANT_01,DC_WEST,2023-09-25,221,9498.58
NWO-1003,PLANT_01,DC_WEST,2023-10-02,207,8896.86
NWO-1003,PLANT_01,DC_WEST,2023-10-09,216,9283.68
NWO-1003,PLANT_01,DC_WEST,2023-10-16,253,10873.94
NWO-1003,PLANT_01,DC_WEST,2023-10-23,250,10745.0
NWO-1003,PLANT_01,DC_WEST,2023-10-30,213,9154.74
NWO-1003,PLANT_01,DC_WEST,2023-11-06,333,14312.34
NWO-1003,PLANT_01,DC_WEST,2023-11-13,313,13452.74
NWO-1003,PLANT_01,DC_WEST,2023-11-20,387,16633.26
NWO-1003,PLANT_01,DC_WEST,2023-11-27,338,14527.24
NWO-1003,PLANT_01,DC_WEST,2023-12-04,417,17922.66
NWO-1003,PLANT_01,DC_WEST,2023-12-11,260,11174.8
NWO-1003,PLANT_01,DC_WEST,2023-12-18,350,15043.0
NWO-1003,PLANT_01,DC_WEST,2023-12-25,359,15429.82
NWO-1003,PLANT_01,DC_WEST,2024-01-01,183,7865.34
NWO-1003,PLANT_01,DC_WEST,2024-01-08,214,9197.72
NWO-1003,PLANT_01,DC_WEST,2024-01-15,172,7392.56
NWO-1003,PLANT_01,DC_WEST,2024-01-22,214,9197.72
NWO-1003,PLANT_01,DC_WEST,2024-01-29,206,8853.88
NWO-1003,PLANT_01,DC_WEST,2024-02-05,178,7650.44
NWO-1003,PLANT_01,DC_WEST,2024-02-12,213,9154.74
NWO-1003,PLANT_01,DC_WEST,2024-02-19,206,8853.88
NWO-1003,PLANT_01,DC_WEST,2024-02-26,203,8724.94
NWO-1003,PLANT_01,DC_WEST,2024-03-04,202,8681.96
NWO-1003,PLANT_01,DC_WEST,2024-03-11,247,10616.06
NWO-1003,PLANT_01,DC_WEST,2024-03-18,239,10272.22
NWO-1003,PLANT_01,DC_WEST,2024-03-25,219,9412.62
NWO-1003,PLANT_01,DC_WEST,2024-04-01,248,10659.04
NWO-1003,PLANT_01,DC_WEST,2024-04-08,261,11217.78
NWO-1003,PLANT_01,DC_WEST,2024-04-15,246,10573.08
NWO-1003,PLANT_01,DC_WEST,2024-04-22,206,8853.88
NWO-1003,PLANT_01,DC_WEST,2024-04-29,282,12120.36
NWO-1003,PLANT_01,DC_WEST,2024-05-06,266,11432.68
NWO-1003,PLANT_01,DC_WEST,2024-05-13,244,10487.12
NWO-1003,PLANT_01,DC_WEST,2024-05-20,301,12936.98
NWO-1003,PLANT_01,DC_WEST,2024-05-27,258,11088.84
NWO-1003,PLANT_01,DC_WEST,2024-06-03,292,12550.16
NWO-1003,PLANT_01,DC_WEST,2024-06-10,263,11303.74
NWO-1003,PLANT_01,DC_WEST,2024-06-17,256,11002.88
NWO-1003,PLANT_01,DC_WEST,2024-06-24,291,12507.18
NWO-1003,PLANT_01,DC_WEST,2024-07-01,259,11131.82
NWO-1003,PLANT_01,DC_WEST,2024-07-08,289,12421.22
NWO-1003,PLANT_01,DC_WEST,2024-07-15,300,12894.0
NWO-1003,PLANT_01,DC_WEST,2024-07-22,288,12378.24
NWO-1003,PLANT_01,DC_WEST,2024-07-29,252,10830.96
NWO-1003,PLANT_01,DC_WEST,2024-08-05,291,12507.18
NWO-1003,PLANT_01,DC_WEST,2024-08-12,272,11690.56
NWO-1003,PLANT_01,DC_WEST,2024-08-19,292,12550.16
NWO-1003,PLANT_01,DC_WEST,2024-08-26,303,13022.94
NWO-1003,PLANT_01,DC_WEST,2024-09-02,266,11432.68
NWO-1003,PLANT_01,DC_WEST,2024-09-09,261,11217.78
NWO-1003,PLANT_01,DC_WEST,2024-09-16,248,10659.04
NWO-1003,PLANT_01,DC_WEST,2024-09-23,226,9713.48
NWO-1003,PLANT_01,DC_WEST,2024-09-30,244,10487.12
NWO-1003,PLANT_01,DC_WEST,2024-10-07,273,11733.54
NWO-1003,PLANT_01,DC_WEST,2024-10-14,234,10057.32
NWO-1003,PLANT_01,DC_WEST,2024-10-21,253,10873.94
NWO-1003,PLANT_01,DC_WEST,2024-10-28,293,12593.14
NWO-1003,PLANT_01,DC_WEST,2024-11-04,355,15257.9
NWO-1003,PLANT_01,DC_WEST,2024-11-11,350,15043.0
NWO-1003,PLANT_01,DC_WEST,2024-11-18,301,12936.98
NWO-1003,PLANT_01,DC_WEST,2024-11-25,309,13280.82
NWO-1003,PLANT_01,DC_WEST,2024-12-02,345,14828.1
NWO-1003,PLANT_01,DC_WEST,2024-12-09,441,18954.18
NWO-1003,PLANT_01,DC_WEST,2024-12-16,407,17492.86
NWO-1003,PLANT_01,DC_WEST,2024-12-23,355,15257.9
NWO-1003,PLANT_01,DC_WEST,2024-12-30,417,17922.66
NWO-1003,PLANT_01,DC_WEST,2025-01-06,208,8939.84
NWO-1003,PLANT_01,DC_WEST,2025-01-13,210,9025.8
NWO-1003,PLANT_01,DC_WEST,2025-01-20,153,6575.94
NWO-1003,PLANT_01,DC_WEST,2025-01-27,190,8166.2
NWO-1003,PLANT_01,DC_WEST,2025-02-03,200,8596.0
NWO-1003,PLANT_01,DC_WEST,2025-02-10,200,8596.0
NWO-1003,PLANT_01,DC_WEST,2025-02-17,191,8209.18
NWO-1003,PLANT_01,DC_WEST,2025-02-24,218,9369.64
NWO-1003,PLANT_01,DC_WEST,2025-03-03,234,10057.32
NWO-1003,PLANT_01,DC_WEST,2025-03-10,199,8553.02
NWO-1003,PLANT_01,DC_WEST,2025-03-17,216,9283.68
NWO-1003,PLANT_01,DC_WEST,2025-03-24,255,10959.9
NWO-1003,PLANT_01,DC_WEST,2025-03-31,239,10272.22
NWO-1003,PLANT_01,DC_WEST,2025-04-07,174,7478.52
NWO-1003,PLANT_01,DC_WEST,2025-04-14,235,10100.3
NWO-1003,PLANT_01,DC_WEST,2025-04-21,256,11002.88
NWO-1003,PLANT_01,DC_WEST,2025-04-28,232,9971.36
NWO-1003,PLANT_01,DC_WEST,2025-05-05,255,10959.9
NWO-1003,PLANT_01,DC_WEST,2025-05-12,219,9412.62
NWO-1003,PLANT_01,DC_WEST,2025-05-19,230,9885.4
NWO-1003,PLANT_01,DC_WEST,2025-05-26,222,9541.56
NWO-1003,PLANT_01,DC_WEST,2025-06-02,259,11131.82
NWO-1003,PLANT_01,DC_WEST,2025-06-09,242,10401.16
NWO-1003,PLANT_01,DC_WEST,2025-06-16,303,13022.94
NWO-1003,PLANT_01,DC_WEST,2025-06-23,219,9412.62
NWO-1003,PLANT_01,DC_WEST,2025-06-30,218,9369.64
NWO-1003,PLANT_01,DC_WEST,2025-07-07,226,9713.48
NWO-1003,PLANT_01,DC_WEST,2025-07-14,198,8510.04
NWO-1003,PLANT_01,DC_WEST,2025-07-21,202,8681.96
NWO-1003,PLANT_01,DC_WEST,2025-07-28,180,7736.4
NWO-1003,PLANT_01,DC_WEST,2025-08-04,178,7650.44
NWO-1003,PLANT_01,DC_WEST,2025-08-11,117,5028.66
NWO-1003,PLANT_01,DC_WEST,2025-08-18,114,4899.72
NWO-1003,PLANT_01,DC_WEST,2025-08-25,106,4555.88
NWO-1003,PLANT_01,DC_WEST,2025-09-01,76,3266.48
NWO-1003,PLANT_01,DC_WEST,2025-09-08,60,2578.8
NWO-1003,PLANT_01,DC_WEST,2025-09-15,45,1934.1
NWO-1003,PLANT_01,DC_WEST,2025-09-22,32,1375.36
NWO-1003,PLANT_01,DC_WEST,2025-09-29,15,644.7
NWO-1004,PLANT_01,DC_NORTH,2023-06-05,125,2186.25
NWO-1004,PLANT_01,DC_NORTH,2023-06-12,144,2518.56
NWO-1004,PLANT_01,DC_NORTH,2023-06-19,180,3148.2
NWO-1004,PLANT_01,DC_NORTH,2023-06-26,122,2133.78
NWO-1004,PLANT_01,DC_NORTH,2023-07-03,189,3305.61
NWO-1004,PLANT_01,DC_NORTH,2023-07-10,112,1958.88
NWO-1004,PLANT_01,DC_NORTH,2023-07-17,120,2098.8
NWO-1004,PLANT_01,DC_NORTH,2023-07-24,136,2378.64
NWO-1004,PLANT_01,DC_NORTH,2023-07-31,131,2291.19
NWO-1004,PLANT_01,DC_NORTH,2023-08-07,146,2553.54
NWO-1004,PLANT_01,DC_NORTH,2023-08-14,199,3480.51
NWO-1004,PLANT_01,DC_NORTH,2023-08-21,142,2483.58
NWO-1004,PLANT_01,DC_NORTH,2023-08-28,148,2588.52
NWO-1004,PLANT_01,DC_NORTH,2023-09-04,122,2133.78
NWO-1004,PLANT_01,DC_NORTH,2023-09-11,110,1923.9
NWO-1004,PLANT_01,DC_NORTH,2023-09-18,142,2483.58
NWO-1004,PLANT_01,DC_NORTH,2023-09-25,176,3078.24
NWO-1004,PLANT_01,DC_NORTH,2023-10-02,151,2640.99
NWO-1004,PLANT_01,DC_NORTH,2023-10-09,126,2203.74
NWO-1004,PLANT_01,DC_NORTH,2023-10-16,143,2501.07
NWO-1004,PLANT_01,DC_NORTH,2023-10-23,122,2133.78
NWO-1004,PLANT_01,DC_NORTH,2023-10-30,146,2553.54
NWO-1004,PLANT_01,DC_NORTH,2023-11-06,212,3707.88
NWO-1004,PLANT_01,DC_NORTH,2023-11-13,193,3375.57
NWO-1004,PLANT_01,DC_NORTH,2023-11-20,193,3375.57
NWO-1004,PLANT_01,DC_NORTH,2023-11-27,180,3148.2
NWO-1004,PLANT_01,DC_NORTH,2023-12-04,194,3393.06
NWO-1004,PLANT_01,DC_NORTH,2023-12-11,192,3358.08
NWO-1004,PLANT_01,DC_NORTH,2023-12-18,251,4389.99
NWO-1004,PLANT_01,DC_NORTH,2023-12-25,271,4739.79
NWO-1004,PLANT_01,DC_NORTH,2024-01-01,157,2745.93
NWO-1004,PLANT_01,DC_NORTH,2024-01-08,80,1399.2
NWO-1004,PLANT_01,DC_NORTH,2024-01-15,108,1888.92
NWO-1004,PLANT_01,DC_NORTH,2024-01-22,109,1906.41
NWO-1004,PLANT_01,DC_NORTH,2024-01-29,115,2011.35
NWO-1004,PLANT_01,DC_NORTH,2024-02-05,124,2168.76
NWO-1004,PLANT_01,DC_NORTH,2024-02-12,128,2238.72
NWO-1004,PLANT_01,DC_NORTH,2024-02-19,142,2483.58
NWO-1004,PLANT_01,DC_NORTH,2024-02-26,136,2378.64
NWO-1004,PLANT_01,DC_NORTH,2024-03-04,99,1731.51
NWO-1004,PLANT_01,DC_NORTH,2024-03-11,120,2098.8
NWO-1004,PLANT_01,DC_NORTH,2024-03-18,162,2833.38
NWO-1004,PLANT_01,DC_NORTH,2024-03-25,150,2623.5
NWO-1004,PLANT_01,DC_NORTH,2024-04-01,118,2063.82
NWO-1004,PLANT_01,DC_NORTH,2024-04-08,141,2466.09
NWO-1004,PLANT_01,DC_NORTH,2024-04-15,106,1853.94
NWO-1004,PLANT_01,DC_NORTH,2024-04-22,137,2396.13
NWO-1004,PLANT_01,DC_NORTH,2024-04-29,149,2606.01
NWO-1004,PLANT_01,DC_NORTH,2024-05-06,156,2728.44
NWO-1004,PLANT_01,DC_NORTH,2024-05-13,146,2553.54
NWO-1004,PLANT_01,DC_NORTH,2024-05-20,186,3253.14
NWO-1004,PLANT_01,DC_NORTH,2024-05-27,142,2483.58
NWO-1004,PLANT_01,DC_NORTH,2024-06-03,141,2466.09
NWO-1004,PLANT_01,DC_NORTH,2024-06-10,144,2518.56
NWO-1004,PLANT_01,DC_NORTH,2024-06-17,180,3148.2
NWO-1004,PLANT_01,DC_NORTH,2024-06-24,171,2990.79
NWO-1004,PLANT_01,DC_NORTH,2024-07-01,195,3410.55
NWO-1004,PLANT_01,DC_NORTH,2024-07-08,181,3165.69
NWO-1004,PLANT_01,DC_NORTH,2024-07-15,160,2798.4
NWO-1004,PLANT_01,DC_NORTH,2024-07-22,190,3323.1
NWO-1004,PLANT_01,DC_NORTH,2024-07-29,141,2466.09
NWO-1004,PLANT_01,DC_NORTH,2024-08-05,174,3043.26
NWO-1004,PLANT_01,DC_NORTH,2024-08-12,179,3130.71
NWO-1004,PLANT_01,DC_NORTH,2024-08-19,164,2868.36
NWO-1004,PLANT_01,DC_NORTH,2024-08-26,181,3165.69
NWO-1004,PLANT_01,DC_NORTH,2024-09-02,175,3060.75
NWO-1004,PLANT_01,DC_NORTH,2024-09-09,166,2903.34
NWO-1004,PLANT_01,DC_NORTH,2024-09-16,145,2536.05
NWO-1004,PLANT_01,DC_NORTH,2024-09-23,117,2046.33
NWO-1004,PLANT_01,DC_NORTH,2024-09-30,177,3095.73
NWO-1004,PLANT_01,DC_NORTH,2024-10-07,157,2745.93
NWO-1004,PLANT_01,DC_NORTH,2024-10-14,162,2833.38
NWO-1004,PLANT_01,DC_NORTH,2024-10-21,175,3060.75
NWO-1004,PLANT_01,DC_NORTH,2024-10-28,153,2675.97
NWO-1004,PLANT_01,DC_NORTH,2024-11-04,253,4424.97
NWO-1004,PLANT_01,DC_NORTH,2024-11-11,168,2938.32
NWO-1004,PLANT_01,DC_NORTH,2024-11-18,259,4529.91
NWO-1004,PLANT_01,DC_NORTH,2024-11-25,247,4320.03
NWO-1004,PLANT_01,DC_NORTH,2024-12-02,295,5159.55
NWO-1004,PLANT_01,DC_NORTH,2024-12-09,158,2763.42
NWO-1004,PLANT_01,DC_NORTH,2024-12-16,299,5229.51
NWO-1004,PLANT_01,DC_NORTH,2024-12-23,201,3515.49
NWO-1004,PLANT_01,DC_NORTH,2024-12-30,251,4389.99
NWO-1004,PLANT_01,DC_NORTH,2025-01-06,119,2081.31
NWO-1004,PLANT_01,DC_NORTH,2025-01-13,132,2308.68
NWO-1004,PLANT_01,DC_NORTH,2025-01-20,105,1836.45
NWO-1004,PLANT_01,DC_NORTH,2025-01-27,135,2361.15
NWO-1004,PLANT_01,DC_NORTH,2025-02-03,156,2728.44
NWO-1004,PLANT_01,DC_NORTH,2025-02-10,183,3200.67
NWO-1004,PLANT_01,DC_NORTH,2025-02-17,118,2063.82
NWO-1004,PLANT_01,DC_NORTH,2025-02-24,126,2203.74
NWO-1004,PLANT_01,DC_NORTH,2025-03-03,114,1993.86
NWO-1004,PLANT_01,DC_NORTH,2025-03-10,102,1783.98
NWO-1004,PLANT_01,DC_NORTH,2025-03-17,194,3393.06
NWO-1004,PLANT_01,DC_NORTH,2025-03-24,166,2903.34
NWO-1004,PLANT_01,DC_NORTH,2025-03-31,154,2693.46
NWO-1004,PLANT_01,DC_NORTH,2025-04-07,146,2553.54
NWO-1004,PLANT_01,DC_NORTH,2025-04-14,189,3305.61
NWO-1004,PLANT_01,DC_NORTH,2025-04-21,148,2588.52
NWO-1004,PLANT_01,DC_NORTH,2025-04-28,148,2588.52
NWO-1004,PLANT_01,DC_NORTH,2025-05-05,193,3375.57
NWO-1004,PLANT_01,DC_NORTH,2025-05-12,151,2640.99
NWO-1004,PLANT_01,DC_NORTH,2025-05-19,176,3078.24
NWO-1004,PLANT_01,DC_NORTH,2025-05-26,130,2273.7
NWO-1004,PLANT_01,DC_NORTH,2025-06-02,220,3847.8
NWO-1004,PLANT_01,DC_NORTH,2025-06-09,202,3532.98
NWO-1004,PLANT_01,DC_NORTH,2025-06-16,209,3655.41
NWO-1004,PLANT_01,DC_NORTH,2025-06-23,170,2973.3
NWO-1004,PLANT_01,DC_NORTH,2025-06-30,170,2973.3
NWO-1004,PLANT_01,DC_NORTH,2025-07-07,194,3393.06
NWO-1004,PLANT_01,DC_NORTH,2025-07-14,208,3637.92
NWO-1004,PLANT_01,DC_NORTH,2025-07-21,146,2553.54
NWO-1004,PLANT_01,DC_NORTH,2025-07-28,210,3672.9
NWO-1004,PLANT_01,DC_NORTH,2025-08-04,150,2623.5
NWO-1004,PLANT_01,DC_NORTH,2025-08-11,169,2955.81
NWO-1004,PLANT_01,DC_NORTH,2025-08-18,184,3218.16
NWO-1004,PLANT_01,DC_NORTH,2025-08-25,176,3078.24
NWO-1004,PLANT_01,DC_NORTH,2025-09-01,176,3078.24
NWO-1004,PLANT_01,DC_NORTH,2025-09-08,160,2798.4
NWO-1004,PLANT_01,DC_NORTH,2025-09-15,151,2640.99
NWO-1004,PLANT_01,DC_NORTH,2025-09-22,181,3165.69
NWO-1004,PLANT_01,DC_NORTH,2025-09-29,155,2710.95
NWO-1004,PLANT_01,DC_NORTH,2025-10-06,168,2938.32
NWO-1004,PLANT_01,DC_NORTH,2025-10-13,196,3428.04
NWO-1004,PLANT_01,DC_NORTH,2025-10-20,180,3148.2
NWO-1004,PLANT_01,DC_NORTH,2025-10-27,209,3655.41
NWO-1004,PLANT_01,DC_NORTH,2025-11-03,271,4739.79
NWO-1004,PLANT_01,DC_NORTH,2025-11-10,218,3812.82
NWO-1004,PLANT_01,DC_NORTH,2025-11-17,305,5334.45
NWO-1004,PLANT_01,DC_NORTH,2025-11-24,304,5316.96
NWO-1004,PLANT_01,DC_NORTH,2025-12-01,275,4809.75
NWO-1004,PLANT_01,DC_NORTH,2025-12-08,216,3777.84
NWO-1004,PLANT_01,DC_NORTH,2025-12-15,236,4127.64
NWO-1004,PLANT_01,DC_NORTH,2025-12-22,231,4040.19
NWO-1004,PLANT_01,DC_NORTH,2025-12-29,280,4897.2
NWO-1004,PLANT_01,DC_NORTH,2026-01-05,166,2903.34
NWO-1004,PLANT_01,DC_NORTH,2026-01-12,112,1958.88
NWO-1004,PLANT_01,DC_NORTH,2026-01-19,145,2536.05
NWO-1004,PLANT_01,DC_NORTH,2026-01-26,124,2168.76
NWO-1004,PLANT_01,DC_NORTH,2026-02-02,93,1626.57
NWO-1004,PLANT_01,DC_NORTH,2026-02-09,163,2850.87
NWO-1004,PLANT_01,DC_NORTH,2026-02-16,163,2850.87
NWO-1004,PLANT_01,DC_NORTH,2026-02-23,155,2710.95
NWO-1004,PLANT_01,DC_NORTH,2026-03-02,125,2186.25
NWO-1004,PLANT_01,DC_NORTH,2026-03-09,165,2885.85
NWO-1004,PLANT_01,DC_NORTH,2026-03-16,117,2046.33
NWO-1004,PLANT_01,DC_NORTH,2026-03-23,180,3148.2
NWO-1004,PLANT_01,DC_NORTH,2026-03-30,172,3008.28
NWO-1004,PLANT_01,DC_NORTH,2026-04-06,120,2098.8
NWO-1004,PLANT_01,DC_NORTH,2026-04-13,183,3200.67
NWO-1004,PLANT_01,DC_NORTH,2026-04-20,162,2833.38
NWO-1004,PLANT_01,DC_NORTH,2026-04-27,170,2973.3
NWO-1004,PLANT_01,DC_NORTH,2026-05-04,256,4477.44
NWO-1004,PLANT_01,DC_NORTH,2026-05-11,157,2745.93
NWO-1004,PLANT_01,DC_NORTH,2026-05-18,195,3410.55
NWO-1004,PLANT_01,DC_NORTH,2026-05-25,138,2413.62
NWO-1004,PLANT_01,DC_NORTH,2026-06-01,207,3620.43
NWO-1004,PLANT_01,DC_SOUTH,2023-06-05,329,5754.21
NWO-1004,PLANT_01,DC_SOUTH,2023-06-12,344,6016.56
NWO-1004,PLANT_01,DC_SOUTH,2023-06-19,323,5649.27
NWO-1004,PLANT_01,DC_SOUTH,2023-06-26,401,7013.49
NWO-1004,PLANT_01,DC_SOUTH,2023-07-03,432,7555.68
NWO-1004,PLANT_01,DC_SOUTH,2023-07-10,384,6716.16
NWO-1004,PLANT_01,DC_SOUTH,2023-07-17,457,7992.93
NWO-1004,PLANT_01,DC_SOUTH,2023-07-24,326,5701.74
NWO-1004,PLANT_01,DC_SOUTH,2023-07-31,423,7398.27
NWO-1004,PLANT_01,DC_SOUTH,2023-08-07,402,7030.98
NWO-1004,PLANT_01,DC_SOUTH,2023-08-14,369,6453.81
NWO-1004,PLANT_01,DC_SOUTH,2023-08-21,315,5509.35
NWO-1004,PLANT_01,DC_SOUTH,2023-08-28,411,7188.39
NWO-1004,PLANT_01,DC_SOUTH,2023-09-04,364,6366.36
NWO-1004,PLANT_01,DC_SOUTH,2023-09-11,378,6611.22
NWO-1004,PLANT_01,DC_SOUTH,2023-09-18,419,7328.31
NWO-1004,PLANT_01,DC_SOUTH,2023-09-25,332,5806.68
NWO-1004,PLANT_01,DC_SOUTH,2023-10-02,305,5334.45
NWO-1004,PLANT_01,DC_SOUTH,2023-10-09,379,6628.71
NWO-1004,PLANT_01,DC_SOUTH,2023-10-16,359,6278.91
NWO-1004,PLANT_01,DC_SOUTH,2023-10-23,350,6121.5
NWO-1004,PLANT_01,DC_SOUTH,2023-10-30,321,5614.29
NWO-1004,PLANT_01,DC_SOUTH,2023-11-06,575,10056.75
NWO-1004,PLANT_01,DC_SOUTH,2023-11-13,531,9287.19
NWO-1004,PLANT_01,DC_SOUTH,2023-11-20,553,9671.97
NWO-1004,PLANT_01,DC_SOUTH,2023-11-27,484,8465.16
NWO-1004,PLANT_01,DC_SOUTH,2023-12-04,530,9269.7
NWO-1004,PLANT_01,DC_SOUTH,2023-12-11,491,8587.59
NWO-1004,PLANT_01,DC_SOUTH,2023-12-18,605,10581.45
NWO-1004,PLANT_01,DC_SOUTH,2023-12-25,394,6891.06
NWO-1004,PLANT_01,DC_SOUTH,2024-01-01,281,4914.69
NWO-1004,PLANT_01,DC_SOUTH,2024-01-08,279,4879.71
NWO-1004,PLANT_01,DC_SOUTH,2024-01-15,234,4092.66
NWO-1004,PLANT_01,DC_SOUTH,2024-01-22,274,4792.26
NWO-1004,PLANT_01,DC_SOUTH,2024-01-29,344,6016.56
NWO-1004,PLANT_01,DC_SOUTH,2024-02-05,325,5684.25
NWO-1004,PLANT_01,DC_SOUTH,2024-02-12,289,5054.61
NWO-1004,PLANT_01,DC_SOUTH,2024-02-19,232,4057.68
NWO-1004,PLANT_01,DC_SOUTH,2024-02-26,291,5089.59
NWO-1004,PLANT_01,DC_SOUTH,2024-03-04,374,6541.26
NWO-1004,PLANT_01,DC_SOUTH,2024-03-11,419,7328.31
NWO-1004,PLANT_01,DC_SOUTH,2024-03-18,532,9304.68
NWO-1004,PLANT_01,DC_SOUTH,2024-03-25,469,8202.81
NWO-1004,PLANT_01,DC_SOUTH,2024-04-01,343,5999.07
NWO-1004,PLANT_01,DC_SOUTH,2024-04-08,324,5666.76
NWO-1004,PLANT_01,DC_SOUTH,2024-04-15,590,10319.1
NWO-1004,PLANT_01,DC_SOUTH,2024-04-22,669,11700.81
NWO-1004,PLANT_01,DC_SOUTH,2024-04-29,431,7538.19
NWO-1004,PLANT_01,DC_SOUTH,2024-05-06,457,7992.93
NWO-1004,PLANT_01,DC_SOUTH,2024-05-13,339,5929.11
NWO-1004,PLANT_01,DC_SOUTH,2024-05-20,390,6821.1
NWO-1004,PLANT_01,DC_SOUTH,2024-05-27,318,5561.82
NWO-1004,PLANT_01,DC_SOUTH,2024-06-03,390,6821.1
NWO-1004,PLANT_01,DC_SOUTH,2024-06-10,407,7118.43
NWO-1004,PLANT_01,DC_SOUTH,2024-06-17,457,7992.93
NWO-1004,PLANT_01,DC_SOUTH,2024-06-24,471,8237.79
NWO-1004,PLANT_01,DC_SOUTH,2024-07-01,430,7520.7
NWO-1004,PLANT_01,DC_SOUTH,2024-07-08,413,7223.37
NWO-1004,PLANT_01,DC_SOUTH,2024-07-15,406,7100.94
NWO-1004,PLANT_01,DC_SOUTH,2024-07-22,392,6856.08
NWO-1004,PLANT_01,DC_SOUTH,2024-07-29,457,7992.93
NWO-1004,PLANT_01,DC_SOUTH,2024-08-05,436,7625.64
NWO-1004,PLANT_01,DC_SOUTH,2024-08-12,437,7643.13
NWO-1004,PLANT_01,DC_SOUTH,2024-08-19,400,6996.0
NWO-1004,PLANT_01,DC_SOUTH,2024-08-26,534,9339.66
NWO-1004,PLANT_01,DC_SOUTH,2024-09-02,461,8062.89
NWO-1004,PLANT_01,DC_SOUTH,2024-09-09,367,6418.83
NWO-1004,PLANT_01,DC_SOUTH,2024-09-16,351,6138.99
NWO-1004,PLANT_01,DC_SOUTH,2024-09-23,394,6891.06
NWO-1004,PLANT_01,DC_SOUTH,2024-09-30,395,6908.55
NWO-1004,PLANT_01,DC_SOUTH,2024-10-07,454,7940.46
NWO-1004,PLANT_01,DC_SOUTH,2024-10-14,510,8919.9
NWO-1004,PLANT_01,DC_SOUTH,2024-10-21,449,7853.01
NWO-1004,PLANT_01,DC_SOUTH,2024-10-28,437,7643.13
NWO-1004,PLANT_01,DC_SOUTH,2024-11-04,615,10756.35
NWO-1004,PLANT_01,DC_SOUTH,2024-11-11,567,9916.83
NWO-1004,PLANT_01,DC_SOUTH,2024-11-18,698,12208.02
NWO-1004,PLANT_01,DC_SOUTH,2024-11-25,595,10406.55
NWO-1004,PLANT_01,DC_SOUTH,2024-12-02,686,11998.14
NWO-1004,PLANT_01,DC_SOUTH,2024-12-09,515,9007.35
NWO-1004,PLANT_01,DC_SOUTH,2024-12-16,530,9269.7
NWO-1004,PLANT_01,DC_SOUTH,2024-12-23,730,12767.7
NWO-1004,PLANT_01,DC_SOUTH,2024-12-30,537,9392.13
NWO-1004,PLANT_01,DC_SOUTH,2025-01-06,331,5789.19
NWO-1004,PLANT_01,DC_SOUTH,2025-01-13,332,5806.68
NWO-1004,PLANT_01,DC_SOUTH,2025-01-20,302,5281.98
NWO-1004,PLANT_01,DC_SOUTH,2025-01-27,337,5894.13
NWO-1004,PLANT_01,DC_SOUTH,2025-02-03,405,7083.45
NWO-1004,PLANT_01,DC_SOUTH,2025-02-10,322,5631.78
NWO-1004,PLANT_01,DC_SOUTH,2025-02-17,354,6191.46
NWO-1004,PLANT_01,DC_SOUTH,2025-02-24,383,6698.67
NWO-1004,PLANT_01,DC_SOUTH,2025-03-03,325,5684.25
NWO-1004,PLANT_01,DC_SOUTH,2025-03-10,395,6908.55
NWO-1004,PLANT_01,DC_SOUTH,2025-03-17,362,6331.38
NWO-1004,PLANT_01,DC_SOUTH,2025-03-24,384,6716.16
NWO-1004,PLANT_01,DC_SOUTH,2025-03-31,387,6768.63
NWO-1004,PLANT_01,DC_SOUTH,2025-04-07,458,8010.42
NWO-1004,PLANT_01,DC_SOUTH,2025-04-14,494,8640.06
NWO-1004,PLANT_01,DC_SOUTH,2025-04-21,386,6751.14
NWO-1004,PLANT_01,DC_SOUTH,2025-04-28,414,7240.86
NWO-1004,PLANT_01,DC_SOUTH,2025-05-05,446,7800.54
NWO-1004,PLANT_01,DC_SOUTH,2025-05-12,374,6541.26
NWO-1004,PLANT_01,DC_SOUTH,2025-05-19,330,5771.7
NWO-1004,PLANT_01,DC_SOUTH,2025-05-26,515,9007.35
NWO-1004,PLANT_01,DC_SOUTH,2025-06-02,533,9322.17
NWO-1004,PLANT_01,DC_SOUTH,2025-06-09,514,8989.86
NWO-1004,PLANT_01,DC_SOUTH,2025-06-16,513,8972.37
NWO-1004,PLANT_01,DC_SOUTH,2025-06-23,495,8657.55
NWO-1004,PLANT_01,DC_SOUTH,2025-06-30,514,8989.86
NWO-1004,PLANT_01,DC_SOUTH,2025-07-07,553,9671.97
NWO-1004,PLANT_01,DC_SOUTH,2025-07-14,545,9532.05
NWO-1004,PLANT_01,DC_SOUTH,2025-07-21,527,9217.23
NWO-1004,PLANT_01,DC_SOUTH,2025-07-28,451,7887.99
NWO-1004,PLANT_01,DC_SOUTH,2025-08-04,461,8062.89
NWO-1004,PLANT_01,DC_SOUTH,2025-08-11,505,8832.45
NWO-1004,PLANT_01,DC_SOUTH,2025-08-18,506,8849.94
NWO-1004,PLANT_01,DC_SOUTH,2025-08-25,449,7853.01
NWO-1004,PLANT_01,DC_SOUTH,2025-09-01,420,7345.8
NWO-1004,PLANT_01,DC_SOUTH,2025-09-08,436,7625.64
NWO-1004,PLANT_01,DC_SOUTH,2025-09-15,364,6366.36
NWO-1004,PLANT_01,DC_SOUTH,2025-09-22,450,7870.5
NWO-1004,PLANT_01,DC_SOUTH,2025-09-29,471,8237.79
NWO-1004,PLANT_01,DC_SOUTH,2025-10-06,374,6541.26
NWO-1004,PLANT_01,DC_SOUTH,2025-10-13,434,7590.66
NWO-1004,PLANT_01,DC_SOUTH,2025-10-20,509,8902.41
NWO-1004,PLANT_01,DC_SOUTH,2025-10-27,441,7713.09
NWO-1004,PLANT_01,DC_SOUTH,2025-11-03,760,13292.4
NWO-1004,PLANT_01,DC_SOUTH,2025-11-10,711,12435.39
NWO-1004,PLANT_01,DC_SOUTH,2025-11-17,721,12610.29
NWO-1004,PLANT_01,DC_SOUTH,2025-11-24,661,11560.89
NWO-1004,PLANT_01,DC_SOUTH,2025-12-01,526,9199.74
NWO-1004,PLANT_01,DC_SOUTH,2025-12-08,762,13327.38
NWO-1004,PLANT_01,DC_SOUTH,2025-12-15,652,11403.48
NWO-1004,PLANT_01,DC_SOUTH,2025-12-22,577,10091.73
NWO-1004,PLANT_01,DC_SOUTH,2025-12-29,715,12505.35
NWO-1004,PLANT_01,DC_SOUTH,2026-01-05,395,6908.55
NWO-1004,PLANT_01,DC_SOUTH,2026-01-12,317,5544.33
NWO-1004,PLANT_01,DC_SOUTH,2026-01-19,313,5474.37
NWO-1004,PLANT_01,DC_SOUTH,2026-01-26,372,6506.28
NWO-1004,PLANT_01,DC_SOUTH,2026-02-02,344,6016.56
NWO-1004,PLANT_01,DC_SOUTH,2026-02-09,436,7625.64
NWO-1004,PLANT_01,DC_SOUTH,2026-02-16,421,7363.29
NWO-1004,PLANT_01,DC_SOUTH,2026-02-23,336,5876.64
NWO-1004,PLANT_01,DC_SOUTH,2026-03-02,438,7660.62
NWO-1004,PLANT_01,DC_SOUTH,2026-03-09,546,9549.54
NWO-1004,PLANT_01,DC_SOUTH,2026-03-16,399,6978.51
NWO-1004,PLANT_01,DC_SOUTH,2026-03-23,493,8622.57
NWO-1004,PLANT_01,DC_SOUTH,2026-03-30,423,7398.27
NWO-1004,PLANT_01,DC_SOUTH,2026-04-06,471,8237.79
NWO-1004,PLANT_01,DC_SOUTH,2026-04-13,538,9409.62
NWO-1004,PLANT_01,DC_SOUTH,2026-04-20,440,7695.6
NWO-1004,PLANT_01,DC_SOUTH,2026-04-27,505,8832.45
NWO-1004,PLANT_01,DC_SOUTH,2026-05-04,550,9619.5
NWO-1004,PLANT_01,DC_SOUTH,2026-05-11,549,9602.01
NWO-1004,PLANT_01,DC_SOUTH,2026-05-18,475,8307.75
NWO-1004,PLANT_01,DC_SOUTH,2026-05-25,375,6558.75
NWO-1004,PLANT_01,DC_SOUTH,2026-06-01,378,6611.22
NWO-1004,PLANT_01,DC_WEST,2023-06-05,316,5526.84
NWO-1004,PLANT_01,DC_WEST,2023-06-12,345,6034.05
NWO-1004,PLANT_01,DC_WEST,2023-06-19,226,3952.74
NWO-1004,PLANT_01,DC_WEST,2023-06-26,301,5264.49
NWO-1004,PLANT_01,DC_WEST,2023-07-03,261,4564.89
NWO-1004,PLANT_01,DC_WEST,2023-07-10,290,5072.1
NWO-1004,PLANT_01,DC_WEST,2023-07-17,342,5981.58
NWO-1004,PLANT_01,DC_WEST,2023-07-24,298,5212.02
NWO-1004,PLANT_01,DC_WEST,2023-07-31,292,5107.08
NWO-1004,PLANT_01,DC_WEST,2023-08-07,259,4529.91
NWO-1004,PLANT_01,DC_WEST,2023-08-14,339,5929.11
NWO-1004,PLANT_01,DC_WEST,2023-08-21,227,3970.23
NWO-1004,PLANT_01,DC_WEST,2023-08-28,251,4389.99
NWO-1004,PLANT_01,DC_WEST,2023-09-04,275,4809.75
NWO-1004,PLANT_01,DC_WEST,2023-09-11,244,4267.56
NWO-1004,PLANT_01,DC_WEST,2023-09-18,186,3253.14
NWO-1004,PLANT_01,DC_WEST,2023-09-25,274,4792.26
NWO-1004,PLANT_01,DC_WEST,2023-10-02,273,4774.77
NWO-1004,PLANT_01,DC_WEST,2023-10-09,253,4424.97
NWO-1004,PLANT_01,DC_WEST,2023-10-16,286,5002.14
NWO-1004,PLANT_01,DC_WEST,2023-10-23,252,4407.48
NWO-1004,PLANT_01,DC_WEST,2023-10-30,227,3970.23
NWO-1004,PLANT_01,DC_WEST,2023-11-06,479,8377.71
NWO-1004,PLANT_01,DC_WEST,2023-11-13,436,7625.64
NWO-1004,PLANT_01,DC_WEST,2023-11-20,318,5561.82
NWO-1004,PLANT_01,DC_WEST,2023-11-27,439,7678.11
NWO-1004,PLANT_01,DC_WEST,2023-12-04,427,7468.23
NWO-1004,PLANT_01,DC_WEST,2023-12-11,467,8167.83
NWO-1004,PLANT_01,DC_WEST,2023-12-18,476,8325.24
NWO-1004,PLANT_01,DC_WEST,2023-12-25,424,7415.76
NWO-1004,PLANT_01,DC_WEST,2024-01-01,245,4285.05
NWO-1004,PLANT_01,DC_WEST,2024-01-08,211,3690.39
NWO-1004,PLANT_01,DC_WEST,2024-01-15,235,4110.15
NWO-1004,PLANT_01,DC_WEST,2024-01-22,226,3952.74
NWO-1004,PLANT_01,DC_WEST,2024-01-29,208,3637.92
NWO-1004,PLANT_01,DC_WEST,2024-02-05,229,4005.21
NWO-1004,PLANT_01,DC_WEST,2024-02-12,364,6366.36
NWO-1004,PLANT_01,DC_WEST,2024-02-19,439,7678.11
NWO-1004,PLANT_01,DC_WEST,2024-02-26,242,4232.58
NWO-1004,PLANT_01,DC_WEST,2024-03-04,262,4582.38
NWO-1004,PLANT_01,DC_WEST,2024-03-11,311,5439.39
NWO-1004,PLANT_01,DC_WEST,2024-03-18,254,4442.46
NWO-1004,PLANT_01,DC_WEST,2024-03-25,241,4215.09
NWO-1004,PLANT_01,DC_WEST,2024-04-01,280,4897.2
NWO-1004,PLANT_01,DC_WEST,2024-04-08,244,4267.56
NWO-1004,PLANT_01,DC_WEST,2024-04-15,320,5596.8
NWO-1004,PLANT_01,DC_WEST,2024-04-22,286,5002.14
NWO-1004,PLANT_01,DC_WEST,2024-04-29,303,5299.47
NWO-1004,PLANT_01,DC_WEST,2024-05-06,298,5212.02
NWO-1004,PLANT_01,DC_WEST,2024-05-13,304,5316.96
NWO-1004,PLANT_01,DC_WEST,2024-05-20,301,5264.49
NWO-1004,PLANT_01,DC_WEST,2024-05-27,386,6751.14
NWO-1004,PLANT_01,DC_WEST,2024-06-03,482,8430.18
NWO-1004,PLANT_01,DC_WEST,2024-06-10,331,5789.19
NWO-1004,PLANT_01,DC_WEST,2024-06-17,517,9042.33
NWO-1004,PLANT_01,DC_WEST,2024-06-24,556,9724.44
NWO-1004,PLANT_01,DC_WEST,2024-07-01,471,8237.79
NWO-1004,PLANT_01,DC_WEST,2024-07-08,349,6104.01
NWO-1004,PLANT_01,DC_WEST,2024-07-15,338,5911.62
NWO-1004,PLANT_01,DC_WEST,2024-07-22,313,5474.37
NWO-1004,PLANT_01,DC_WEST,2024-07-29,282,4932.18
NWO-1004,PLANT_01,DC_WEST,2024-08-05,332,5806.68
NWO-1004,PLANT_01,DC_WEST,2024-08-12,354,6191.46
NWO-1004,PLANT_01,DC_WEST,2024-08-19,372,6506.28
NWO-1004,PLANT_01,DC_WEST,2024-08-26,285,4984.65
NWO-1004,PLANT_01,DC_WEST,2024-09-02,276,4827.24
NWO-1004,PLANT_01,DC_WEST,2024-09-09,311,5439.39
NWO-1004,PLANT_01,DC_WEST,2024-09-16,298,5212.02
NWO-1004,PLANT_01,DC_WEST,2024-09-23,243,4250.07
NWO-1004,PLANT_01,DC_WEST,2024-09-30,282,4932.18
NWO-1004,PLANT_01,DC_WEST,2024-10-07,313,5474.37
NWO-1004,PLANT_01,DC_WEST,2024-10-14,412,7205.88
NWO-1004,PLANT_01,DC_WEST,2024-10-21,278,4862.22
NWO-1004,PLANT_01,DC_WEST,2024-10-28,309,5404.41
NWO-1004,PLANT_01,DC_WEST,2024-11-04,449,7853.01
NWO-1004,PLANT_01,DC_WEST,2024-11-11,428,7485.72
NWO-1004,PLANT_01,DC_WEST,2024-11-18,396,6926.04
NWO-1004,PLANT_01,DC_WEST,2024-11-25,470,8220.3
NWO-1004,PLANT_01,DC_WEST,2024-12-02,491,8587.59
NWO-1004,PLANT_01,DC_WEST,2024-12-09,483,8447.67
NWO-1004,PLANT_01,DC_WEST,2024-12-16,435,7608.15
NWO-1004,PLANT_01,DC_WEST,2024-12-23,427,7468.23
NWO-1004,PLANT_01,DC_WEST,2024-12-30,483,8447.67
NWO-1004,PLANT_01,DC_WEST,2025-01-06,289,5054.61
NWO-1004,PLANT_01,DC_WEST,2025-01-13,242,4232.58
NWO-1004,PLANT_01,DC_WEST,2025-01-20,374,6541.26
NWO-1004,PLANT_01,DC_WEST,2025-01-27,325,5684.25
NWO-1004,PLANT_01,DC_WEST,2025-02-03,279,4879.71
NWO-1004,PLANT_01,DC_WEST,2025-02-10,283,4949.67
NWO-1004,PLANT_01,DC_WEST,2025-02-17,246,4302.54
NWO-1004,PLANT_01,DC_WEST,2025-02-24,256,4477.44
NWO-1004,PLANT_01,DC_WEST,2025-03-03,289,5054.61
NWO-1004,PLANT_01,DC_WEST,2025-03-10,354,6191.46
NWO-1004,PLANT_01,DC_WEST,2025-03-17,334,5841.66
NWO-1004,PLANT_01,DC_WEST,2025-03-24,275,4809.75
NWO-1004,PLANT_01,DC_WEST,2025-03-31,321,5614.29
NWO-1004,PLANT_01,DC_WEST,2025-04-07,328,5736.72
NWO-1004,PLANT_01,DC_WEST,2025-04-14,340,5946.6
NWO-1004,PLANT_01,DC_WEST,2025-04-21,306,5351.94
NWO-1004,PLANT_01,DC_WEST,2025-04-28,313,5474.37
NWO-1004,PLANT_01,DC_WEST,2025-05-05,322,5631.78
NWO-1004,PLANT_01,DC_WEST,2025-05-12,330,5771.7
NWO-1004,PLANT_01,DC_WEST,2025-05-19,319,5579.31
NWO-1004,PLANT_01,DC_WEST,2025-05-26,312,5456.88
NWO-1004,PLANT_01,DC_WEST,2025-06-02,348,6086.52
NWO-1004,PLANT_01,DC_WEST,2025-06-09,425,7433.25
NWO-1004,PLANT_01,DC_WEST,2025-06-16,354,6191.46
NWO-1004,PLANT_01,DC_WEST,2025-06-23,427,7468.23
NWO-1004,PLANT_01,DC_WEST,2025-06-30,325,5684.25
NWO-1004,PLANT_01,DC_WEST,2025-07-07,368,6436.32
NWO-1004,PLANT_01,DC_WEST,2025-07-14,353,6173.97
NWO-1004,PLANT_01,DC_WEST,2025-07-21,402,7030.98
NWO-1004,PLANT_01,DC_WEST,2025-07-28,390,6821.1
NWO-1004,PLANT_01,DC_WEST,2025-08-04,318,5561.82
NWO-1004,PLANT_01,DC_WEST,2025-08-11,428,7485.72
NWO-1004,PLANT_01,DC_WEST,2025-08-18,391,6838.59
NWO-1004,PLANT_01,DC_WEST,2025-08-25,355,6208.95
NWO-1004,PLANT_01,DC_WEST,2025-09-01,358,6261.42
NWO-1004,PLANT_01,DC_WEST,2025-09-08,364,6366.36
NWO-1004,PLANT_01,DC_WEST,2025-09-15,446,7800.54
NWO-1004,PLANT_01,DC_WEST,2025-09-22,277,4844.73
NWO-1004,PLANT_01,DC_WEST,2025-09-29,306,5351.94
NWO-1004,PLANT_01,DC_WEST,2025-10-06,337,5894.13
NWO-1004,PLANT_01,DC_WEST,2025-10-13,318,5561.82
NWO-1004,PLANT_01,DC_WEST,2025-10-20,391,6838.59
NWO-1004,PLANT_01,DC_WEST,2025-10-27,335,5859.15
NWO-1004,PLANT_01,DC_WEST,2025-11-03,505,8832.45
NWO-1004,PLANT_01,DC_WEST,2025-11-10,464,8115.36
NWO-1004,PLANT_01,DC_WEST,2025-11-17,444,7765.56
NWO-1004,PLANT_01,DC_WEST,2025-11-24,532,9304.68
NWO-1004,PLANT_01,DC_WEST,2025-12-01,482,8430.18
NWO-1004,PLANT_01,DC_WEST,2025-12-08,505,8832.45
NWO-1004,PLANT_01,DC_WEST,2025-12-15,635,11106.15
NWO-1004,PLANT_01,DC_WEST,2025-12-22,469,8202.81
NWO-1004,PLANT_01,DC_WEST,2025-12-29,652,11403.48
NWO-1004,PLANT_01,DC_WEST,2026-01-05,273,4774.77
NWO-1004,PLANT_01,DC_WEST,2026-01-12,258,4512.42
NWO-1004,PLANT_01,DC_WEST,2026-01-19,165,2885.85
NWO-1004,PLANT_01,DC_WEST,2026-01-26,253,4424.97
NWO-1004,PLANT_01,DC_WEST,2026-02-02,279,4879.71
NWO-1004,PLANT_01,DC_WEST,2026-02-09,281,4914.69
NWO-1004,PLANT_01,DC_WEST,2026-02-16,281,4914.69
NWO-1004,PLANT_01,DC_WEST,2026-02-23,244,4267.56
NWO-1004,PLANT_01,DC_WEST,2026-03-02,339,5929.11
NWO-1004,PLANT_01,DC_WEST,2026-03-09,331,5789.19
NWO-1004,PLANT_01,DC_WEST,2026-03-16,366,6401.34
NWO-1004,PLANT_01,DC_WEST,2026-03-23,252,4407.48
NWO-1004,PLANT_01,DC_WEST,2026-03-30,286,5002.14
NWO-1004,PLANT_01,DC_WEST,2026-04-06,381,6663.69
NWO-1004,PLANT_01,DC_WEST,2026-04-13,403,7048.47
NWO-1004,PLANT_01,DC_WEST,2026-04-20,305,5334.45
NWO-1004,PLANT_01,DC_WEST,2026-04-27,400,6996.0
NWO-1004,PLANT_01,DC_WEST,2026-05-04,423,7398.27
NWO-1004,PLANT_01,DC_WEST,2026-05-11,363,6348.87
NWO-1004,PLANT_01,DC_WEST,2026-05-18,340,5946.6
NWO-1004,PLANT_01,DC_WEST,2026-05-25,403,7048.47
NWO-1004,PLANT_01,DC_WEST,2026-06-01,361,6313.89
NWO-1005,PLANT_01,DC_NORTH,2023-06-05,226,5349.42
NWO-1005,PLANT_01,DC_NORTH,2023-06-12,241,5704.47
NWO-1005,PLANT_01,DC_NORTH,2023-06-19,150,3550.5
NWO-1005,PLANT_01,DC_NORTH,2023-06-26,237,5609.79
NWO-1005,PLANT_01,DC_NORTH,2023-07-03,221,5231.07
NWO-1005,PLANT_01,DC_NORTH,2023-07-10,240,5680.8
NWO-1005,PLANT_01,DC_NORTH,2023-07-17,291,6887.97
NWO-1005,PLANT_01,DC_NORTH,2023-07-24,200,4734.0
NWO-1005,PLANT_01,DC_NORTH,2023-07-31,266,6296.22
NWO-1005,PLANT_01,DC_NORTH,2023-08-07,251,5941.17
NWO-1005,PLANT_01,DC_NORTH,2023-08-14,182,4307.94
NWO-1005,PLANT_01,DC_NORTH,2023-08-21,322,7621.74
NWO-1005,PLANT_01,DC_NORTH,2023-08-28,253,5988.51
NWO-1005,PLANT_01,DC_NORTH,2023-09-04,200,4734.0
NWO-1005,PLANT_01,DC_NORTH,2023-09-11,228,5396.76
NWO-1005,PLANT_01,DC_NORTH,2023-09-18,176,4165.92
NWO-1005,PLANT_01,DC_NORTH,2023-09-25,236,5586.12
NWO-1005,PLANT_01,DC_NORTH,2023-10-02,171,4047.57
NWO-1005,PLANT_01,DC_NORTH,2023-10-09,214,5065.38
NWO-1005,PLANT_01,DC_NORTH,2023-10-16,308,7290.36
NWO-1005,PLANT_01,DC_NORTH,2023-10-23,173,4094.91
NWO-1005,PLANT_01,DC_NORTH,2023-10-30,209,4947.03
NWO-1005,PLANT_01,DC_NORTH,2023-11-06,250,5917.5
NWO-1005,PLANT_01,DC_NORTH,2023-11-13,258,6106.86
NWO-1005,PLANT_01,DC_NORTH,2023-11-20,241,5704.47
NWO-1005,PLANT_01,DC_NORTH,2023-11-27,320,7574.4
NWO-1005,PLANT_01,DC_NORTH,2023-12-04,328,7763.76
NWO-1005,PLANT_01,DC_NORTH,2023-12-11,359,8497.53
NWO-1005,PLANT_01,DC_NORTH,2023-12-18,360,8521.2
NWO-1005,PLANT_01,DC_NORTH,2023-12-25,345,8166.15
NWO-1005,PLANT_01,DC_NORTH,2024-01-01,189,4473.63
NWO-1005,PLANT_01,DC_NORTH,2024-01-08,197,4662.99
NWO-1005,PLANT_01,DC_NORTH,2024-01-15,143,3384.81
NWO-1005,PLANT_01,DC_NORTH,2024-01-22,185,4378.95
NWO-1005,PLANT_01,DC_NORTH,2024-01-29,198,4686.66
NWO-1005,PLANT_01,DC_NORTH,2024-02-05,206,4876.02
NWO-1005,PLANT_01,DC_NORTH,2024-02-12,198,4686.66
NWO-1005,PLANT_01,DC_NORTH,2024-02-19,195,4615.65
NWO-1005,PLANT_01,DC_NORTH,2024-02-26,195,4615.65
NWO-1005,PLANT_01,DC_NORTH,2024-03-04,243,5751.81
NWO-1005,PLANT_01,DC_NORTH,2024-03-11,148,3503.16
NWO-1005,PLANT_01,DC_NORTH,2024-03-18,177,4189.59
NWO-1005,PLANT_01,DC_NORTH,2024-03-25,182,4307.94
NWO-1005,PLANT_01,DC_NORTH,2024-04-01,237,5609.79
NWO-1005,PLANT_01,DC_NORTH,2024-04-08,241,5704.47
NWO-1005,PLANT_01,DC_NORTH,2024-04-15,321,7598.07
NWO-1005,PLANT_01,DC_NORTH,2024-04-22,274,6485.58
NWO-1005,PLANT_01,DC_NORTH,2024-04-29,330,7811.1
NWO-1005,PLANT_01,DC_NORTH,2024-05-06,233,5515.11
NWO-1005,PLANT_01,DC_NORTH,2024-05-13,219,5183.73
NWO-1005,PLANT_01,DC_NORTH,2024-05-20,276,6532.92
NWO-1005,PLANT_01,DC_NORTH,2024-05-27,203,4805.01
NWO-1005,PLANT_01,DC_NORTH,2024-06-03,268,6343.56
NWO-1005,PLANT_01,DC_NORTH,2024-06-10,286,6769.62
NWO-1005,PLANT_01,DC_NORTH,2024-06-17,193,4568.31
NWO-1005,PLANT_01,DC_NORTH,2024-06-24,259,6130.53
NWO-1005,PLANT_01,DC_NORTH,2024-07-01,249,5893.83
NWO-1005,PLANT_01,DC_NORTH,2024-07-08,288,6816.96
NWO-1005,PLANT_01,DC_NORTH,2024-07-15,203,4805.01
NWO-1005,PLANT_01,DC_NORTH,2024-07-22,262,6201.54
NWO-1005,PLANT_01,DC_NORTH,2024-07-29,256,6059.52
NWO-1005,PLANT_01,DC_NORTH,2024-08-05,310,7337.7
NWO-1005,PLANT_01,DC_NORTH,2024-08-12,356,8426.52
NWO-1005,PLANT_01,DC_NORTH,2024-08-19,239,5657.13
NWO-1005,PLANT_01,DC_NORTH,2024-08-26,499,11811.33
NWO-1005,PLANT_01,DC_NORTH,2024-09-02,293,6935.31
NWO-1005,PLANT_01,DC_NORTH,2024-09-09,229,5420.43
NWO-1005,PLANT_01,DC_NORTH,2024-09-16,166,3929.22
NWO-1005,PLANT_01,DC_NORTH,2024-09-23,195,4615.65
NWO-1005,PLANT_01,DC_NORTH,2024-09-30,200,4734.0
NWO-1005,PLANT_01,DC_NORTH,2024-10-07,256,6059.52
NWO-1005,PLANT_01,DC_NORTH,2024-10-14,237,5609.79
NWO-1005,PLANT_01,DC_NORTH,2024-10-21,236,5586.12
NWO-1005,PLANT_01,DC_NORTH,2024-10-28,246,5822.82
NWO-1005,PLANT_01,DC_NORTH,2024-11-04,241,5704.47
NWO-1005,PLANT_01,DC_NORTH,2024-11-11,200,4734.0
NWO-1005,PLANT_01,DC_NORTH,2024-11-18,287,6793.29
NWO-1005,PLANT_01,DC_NORTH,2024-11-25,308,7290.36
NWO-1005,PLANT_01,DC_NORTH,2024-12-02,252,5964.84
NWO-1005,PLANT_01,DC_NORTH,2024-12-09,311,7361.37
NWO-1005,PLANT_01,DC_NORTH,2024-12-16,335,7929.45
NWO-1005,PLANT_01,DC_NORTH,2024-12-23,309,7314.03
NWO-1005,PLANT_01,DC_NORTH,2024-12-30,288,6816.96
NWO-1005,PLANT_01,DC_NORTH,2025-01-06,169,4000.23
NWO-1005,PLANT_01,DC_NORTH,2025-01-13,137,3242.79
NWO-1005,PLANT_01,DC_NORTH,2025-01-20,167,3952.89
NWO-1005,PLANT_01,DC_NORTH,2025-01-27,147,3479.49
NWO-1005,PLANT_01,DC_NORTH,2025-02-03,111,2627.37
NWO-1005,PLANT_01,DC_NORTH,2025-02-10,163,3858.21
NWO-1005,PLANT_01,DC_NORTH,2025-02-17,205,4852.35
NWO-1005,PLANT_01,DC_NORTH,2025-02-24,171,4047.57
NWO-1005,PLANT_01,DC_NORTH,2025-03-03,239,5657.13
NWO-1005,PLANT_01,DC_NORTH,2025-03-10,219,5183.73
NWO-1005,PLANT_01,DC_NORTH,2025-03-17,205,4852.35
NWO-1005,PLANT_01,DC_NORTH,2025-03-24,170,4023.9
NWO-1005,PLANT_01,DC_NORTH,2025-03-31,249,5893.83
NWO-1005,PLANT_01,DC_NORTH,2025-04-07,231,5467.77
NWO-1005,PLANT_01,DC_NORTH,2025-04-14,177,4189.59
NWO-1005,PLANT_01,DC_NORTH,2025-04-21,272,6438.24
NWO-1005,PLANT_01,DC_NORTH,2025-04-28,205,4852.35
NWO-1005,PLANT_01,DC_NORTH,2025-05-05,221,5231.07
NWO-1005,PLANT_01,DC_NORTH,2025-05-12,233,5515.11
NWO-1005,PLANT_01,DC_NORTH,2025-05-19,200,4734.0
NWO-1005,PLANT_01,DC_NORTH,2025-05-26,281,6651.27
NWO-1005,PLANT_01,DC_NORTH,2025-06-02,259,6130.53
NWO-1005,PLANT_01,DC_NORTH,2025-06-09,207,4899.69
NWO-1005,PLANT_01,DC_NORTH,2025-06-16,300,7101.0
NWO-1005,PLANT_01,DC_NORTH,2025-06-23,269,6367.23
NWO-1005,PLANT_01,DC_NORTH,2025-06-30,310,7337.7
NWO-1005,PLANT_01,DC_NORTH,2025-07-07,306,7243.02
NWO-1005,PLANT_01,DC_NORTH,2025-07-14,214,5065.38
NWO-1005,PLANT_01,DC_NORTH,2025-07-21,248,5870.16
NWO-1005,PLANT_01,DC_NORTH,2025-07-28,275,6509.25
NWO-1005,PLANT_01,DC_NORTH,2025-08-04,270,6390.9
NWO-1005,PLANT_01,DC_NORTH,2025-08-11,267,6319.89
NWO-1005,PLANT_01,DC_NORTH,2025-08-18,278,6580.26
NWO-1005,PLANT_01,DC_NORTH,2025-08-25,254,6012.18
NWO-1005,PLANT_01,DC_NORTH,2025-09-01,199,4710.33
NWO-1005,PLANT_01,DC_NORTH,2025-09-08,229,5420.43
NWO-1005,PLANT_01,DC_NORTH,2025-09-15,179,4236.93
NWO-1005,PLANT_01,DC_NORTH,2025-09-22,173,4094.91
NWO-1005,PLANT_01,DC_NORTH,2025-09-29,208,4923.36
NWO-1005,PLANT_01,DC_NORTH,2025-10-06,217,5136.39
NWO-1005,PLANT_01,DC_NORTH,2025-10-13,312,7385.04
NWO-1005,PLANT_01,DC_NORTH,2025-10-20,338,8000.46
NWO-1005,PLANT_01,DC_NORTH,2025-10-27,192,4544.64
NWO-1005,PLANT_01,DC_NORTH,2025-11-03,224,5302.08
NWO-1005,PLANT_01,DC_NORTH,2025-11-10,367,8686.89
NWO-1005,PLANT_01,DC_NORTH,2025-11-17,281,6651.27
NWO-1005,PLANT_01,DC_NORTH,2025-11-24,330,7811.1
NWO-1005,PLANT_01,DC_NORTH,2025-12-01,348,8237.16
NWO-1005,PLANT_01,DC_NORTH,2025-12-08,245,5799.15
NWO-1005,PLANT_01,DC_NORTH,2025-12-15,302,7148.34
NWO-1005,PLANT_01,DC_NORTH,2025-12-22,218,5160.06
NWO-1005,PLANT_01,DC_NORTH,2025-12-29,243,5751.81
NWO-1005,PLANT_01,DC_NORTH,2026-01-05,110,2603.7
NWO-1005,PLANT_01,DC_NORTH,2026-01-12,84,1988.28
NWO-1005,PLANT_01,DC_NORTH,2026-01-19,95,2248.65
NWO-1005,PLANT_01,DC_NORTH,2026-01-26,70,1656.9
NWO-1005,PLANT_01,DC_NORTH,2026-02-02,73,1727.91
NWO-1005,PLANT_01,DC_NORTH,2026-02-09,53,1254.51
NWO-1005,PLANT_01,DC_NORTH,2026-02-16,49,1159.83
NWO-1005,PLANT_01,DC_NORTH,2026-02-23,30,710.1
NWO-1005,PLANT_01,DC_NORTH,2026-03-02,28,662.76
NWO-1005,PLANT_01,DC_NORTH,2026-03-09,12,284.04
NWO-1005,PLANT_01,DC_SOUTH,2023-06-05,641,15172.47
NWO-1005,PLANT_01,DC_SOUTH,2023-06-12,590,13965.3
NWO-1005,PLANT_01,DC_SOUTH,2023-06-19,747,17681.49
NWO-1005,PLANT_01,DC_SOUTH,2023-06-26,624,14770.08
NWO-1005,PLANT_01,DC_SOUTH,2023-07-03,657,15551.19
NWO-1005,PLANT_01,DC_SOUTH,2023-07-10,646,15290.82
NWO-1005,PLANT_01,DC_SOUTH,2023-07-17,495,11716.65
NWO-1005,PLANT_01,DC_SOUTH,2023-07-24,687,16261.29
NWO-1005,PLANT_01,DC_SOUTH,2023-07-31,731,17302.77
NWO-1005,PLANT_01,DC_SOUTH,2023-08-07,554,13113.18
NWO-1005,PLANT_01,DC_SOUTH,2023-08-14,545,12900.15
NWO-1005,PLANT_01,DC_SOUTH,2023-08-21,587,13894.29
NWO-1005,PLANT_01,DC_SOUTH,2023-08-28,564,13349.88
NWO-1005,PLANT_01,DC_SOUTH,2023-09-04,525,12426.75
NWO-1005,PLANT_01,DC_SOUTH,2023-09-11,602,14249.34
NWO-1005,PLANT_01,DC_SOUTH,2023-09-18,623,14746.41
NWO-1005,PLANT_01,DC_SOUTH,2023-09-25,479,11337.93
NWO-1005,PLANT_01,DC_SOUTH,2023-10-02,634,15006.78
NWO-1005,PLANT_01,DC_SOUTH,2023-10-09,620,14675.4
NWO-1005,PLANT_01,DC_SOUTH,2023-10-16,626,14817.42
NWO-1005,PLANT_01,DC_SOUTH,2023-10-23,658,15574.86
NWO-1005,PLANT_01,DC_SOUTH,2023-10-30,679,16071.93
NWO-1005,PLANT_01,DC_SOUTH,2023-11-06,843,19953.81
NWO-1005,PLANT_01,DC_SOUTH,2023-11-13,924,21871.08
NWO-1005,PLANT_01,DC_SOUTH,2023-11-20,830,19646.1
NWO-1005,PLANT_01,DC_SOUTH,2023-11-27,915,21658.05
NWO-1005,PLANT_01,DC_SOUTH,2023-12-04,737,17444.79
NWO-1005,PLANT_01,DC_SOUTH,2023-12-11,754,17847.18
NWO-1005,PLANT_01,DC_SOUTH,2023-12-18,780,18462.6
NWO-1005,PLANT_01,DC_SOUTH,2023-12-25,939,22226.13
NWO-1005,PLANT_01,DC_SOUTH,2024-01-01,577,13657.59
NWO-1005,PLANT_01,DC_SOUTH,2024-01-08,450,10651.5
NWO-1005,PLANT_01,DC_SOUTH,2024-01-15,439,10391.13
NWO-1005,PLANT_01,DC_SOUTH,2024-01-22,468,11077.56
NWO-1005,PLANT_01,DC_SOUTH,2024-01-29,462,10935.54
NWO-1005,PLANT_01,DC_SOUTH,2024-02-05,488,11550.96
NWO-1005,PLANT_01,DC_SOUTH,2024-02-12,408,9657.36
NWO-1005,PLANT_01,DC_SOUTH,2024-02-19,448,10604.16
NWO-1005,PLANT_01,DC_SOUTH,2024-02-26,451,10675.17
NWO-1005,PLANT_01,DC_SOUTH,2024-03-04,468,11077.56
NWO-1005,PLANT_01,DC_SOUTH,2024-03-11,443,10485.81
NWO-1005,PLANT_01,DC_SOUTH,2024-03-18,535,12663.45
NWO-1005,PLANT_01,DC_SOUTH,2024-03-25,637,15077.79
NWO-1005,PLANT_01,DC_SOUTH,2024-04-01,526,12450.42
NWO-1005,PLANT_01,DC_SOUTH,2024-04-08,743,17586.81
NWO-1005,PLANT_01,DC_SOUTH,2024-04-15,592,14012.64
NWO-1005,PLANT_01,DC_SOUTH,2024-04-22,528,12497.76
NWO-1005,PLANT_01,DC_SOUTH,2024-04-29,488,11550.96
NWO-1005,PLANT_01,DC_SOUTH,2024-05-06,593,14036.31
NWO-1005,PLANT_01,DC_SOUTH,2024-05-13,566,13397.22
NWO-1005,PLANT_01,DC_SOUTH,2024-05-20,607,14367.69
NWO-1005,PLANT_01,DC_SOUTH,2024-05-27,578,13681.26
NWO-1005,PLANT_01,DC_SOUTH,2024-06-03,681,16119.27
NWO-1005,PLANT_01,DC_SOUTH,2024-06-10,673,15929.91
NWO-1005,PLANT_01,DC_SOUTH,2024-06-17,651,15409.17
NWO-1005,PLANT_01,DC_SOUTH,2024-06-24,637,15077.79
NWO-1005,PLANT_01,DC_SOUTH,2024-07-01,643,15219.81
NWO-1005,PLANT_01,DC_SOUTH,2024-07-08,547,12947.49
NWO-1005,PLANT_01,DC_SOUTH,2024-07-15,649,15361.83
NWO-1005,PLANT_01,DC_SOUTH,2024-07-22,598,14154.66
NWO-1005,PLANT_01,DC_SOUTH,2024-07-29,755,17870.85
NWO-1005,PLANT_01,DC_SOUTH,2024-08-05,609,14415.03
NWO-1005,PLANT_01,DC_SOUTH,2024-08-12,619,14651.73
NWO-1005,PLANT_01,DC_SOUTH,2024-08-19,600,14202.0
NWO-1005,PLANT_01,DC_SOUTH,2024-08-26,636,15054.12
NWO-1005,PLANT_01,DC_SOUTH,2024-09-02,571,13515.57
NWO-1005,PLANT_01,DC_SOUTH,2024-09-09,736,17421.12
NWO-1005,PLANT_01,DC_SOUTH,2024-09-16,718,16995.06
NWO-1005,PLANT_01,DC_SOUTH,2024-09-23,479,11337.93
NWO-1005,PLANT_01,DC_SOUTH,2024-09-30,589,13941.63
NWO-1005,PLANT_01,DC_SOUTH,2024-10-07,700,16569.0
NWO-1005,PLANT_01,DC_SOUTH,2024-10-14,515,12190.05
NWO-1005,PLANT_01,DC_SOUTH,2024-10-21,681,16119.27
NWO-1005,PLANT_01,DC_SOUTH,2024-10-28,581,13752.27
NWO-1005,PLANT_01,DC_SOUTH,2024-11-04,915,21658.05
NWO-1005,PLANT_01,DC_SOUTH,2024-11-11,884,20924.28
NWO-1005,PLANT_01,DC_SOUTH,2024-11-18,999,23646.33
NWO-1005,PLANT_01,DC_SOUTH,2024-11-25,887,20995.29
NWO-1005,PLANT_01,DC_SOUTH,2024-12-02,755,17870.85
NWO-1005,PLANT_01,DC_SOUTH,2024-12-09,930,22013.1
NWO-1005,PLANT_01,DC_SOUTH,2024-12-16,888,21018.96
NWO-1005,PLANT_01,DC_SOUTH,2024-12-23,922,21823.74
NWO-1005,PLANT_01,DC_SOUTH,2024-12-30,745,17634.15
NWO-1005,PLANT_01,DC_SOUTH,2025-01-06,382,9041.94
NWO-1005,PLANT_01,DC_SOUTH,2025-01-13,435,10296.45
NWO-1005,PLANT_01,DC_SOUTH,2025-01-20,505,11953.35
NWO-1005,PLANT_01,DC_SOUTH,2025-01-27,443,10485.81
NWO-1005,PLANT_01,DC_SOUTH,2025-02-03,383,9065.61
NWO-1005,PLANT_01,DC_SOUTH,2025-02-10,594,14059.98
NWO-1005,PLANT_01,DC_SOUTH,2025-02-17,544,12876.48
NWO-1005,PLANT_01,DC_SOUTH,2025-02-24,498,11787.66
NWO-1005,PLANT_01,DC_SOUTH,2025-03-03,564,13349.88
NWO-1005,PLANT_01,DC_SOUTH,2025-03-10,652,15432.84
NWO-1005,PLANT_01,DC_SOUTH,2025-03-17,532,12592.44
NWO-1005,PLANT_01,DC_SOUTH,2025-03-24,655,15503.85
NWO-1005,PLANT_01,DC_SOUTH,2025-03-31,505,11953.35
NWO-1005,PLANT_01,DC_SOUTH,2025-04-07,622,14722.74
NWO-1005,PLANT_01,DC_SOUTH,2025-04-14,520,12308.4
NWO-1005,PLANT_01,DC_SOUTH,2025-04-21,513,12142.71
NWO-1005,PLANT_01,DC_SOUTH,2025-04-28,540,12781.8
NWO-1005,PLANT_01,DC_SOUTH,2025-05-05,583,13799.61
NWO-1005,PLANT_01,DC_SOUTH,2025-05-12,640,15148.8
NWO-1005,PLANT_01,DC_SOUTH,2025-05-19,638,15101.46
NWO-1005,PLANT_01,DC_SOUTH,2025-05-26,624,14770.08
NWO-1005,PLANT_01,DC_SOUTH,2025-06-02,570,13491.9
NWO-1005,PLANT_01,DC_SOUTH,2025-06-09,621,14699.07
NWO-1005,PLANT_01,DC_SOUTH,2025-06-16,479,11337.93
NWO-1005,PLANT_01,DC_SOUTH,2025-06-23,530,12545.1
NWO-1005,PLANT_01,DC_SOUTH,2025-06-30,824,19504.08
NWO-1005,PLANT_01,DC_SOUTH,2025-07-07,683,16166.61
NWO-1005,PLANT_01,DC_SOUTH,2025-07-14,741,17539.47
NWO-1005,PLANT_01,DC_SOUTH,2025-07-21,673,15929.91
NWO-1005,PLANT_01,DC_SOUTH,2025-07-28,605,14320.35
NWO-1005,PLANT_01,DC_SOUTH,2025-08-04,635,15030.45
NWO-1005,PLANT_01,DC_SOUTH,2025-08-11,784,18557.28
NWO-1005,PLANT_01,DC_SOUTH,2025-08-18,588,13917.96
NWO-1005,PLANT_01,DC_SOUTH,2025-08-25,626,14817.42
NWO-1005,PLANT_01,DC_SOUTH,2025-09-01,483,11432.61
NWO-1005,PLANT_01,DC_SOUTH,2025-09-08,496,11740.32
NWO-1005,PLANT_01,DC_SOUTH,2025-09-15,464,10982.88
NWO-1005,PLANT_01,DC_SOUTH,2025-09-22,476,11266.92
NWO-1005,PLANT_01,DC_SOUTH,2025-09-29,420,9941.4
NWO-1005,PLANT_01,DC_SOUTH,2025-10-06,623,14746.41
NWO-1005,PLANT_01,DC_SOUTH,2025-10-13,514,12166.38
NWO-1005,PLANT_01,DC_SOUTH,2025-10-20,507,12000.69
NWO-1005,PLANT_01,DC_SOUTH,2025-10-27,505,11953.35
NWO-1005,PLANT_01,DC_SOUTH,2025-11-03,940,22249.8
NWO-1005,PLANT_01,DC_SOUTH,2025-11-10,619,14651.73
NWO-1005,PLANT_01,DC_SOUTH,2025-11-17,950,22486.5
NWO-1005,PLANT_01,DC_SOUTH,2025-11-24,854,20214.18
NWO-1005,PLANT_01,DC_SOUTH,2025-12-01,718,16995.06
NWO-1005,PLANT_01,DC_SOUTH,2025-12-08,756,17894.52
NWO-1005,PLANT_01,DC_SOUTH,2025-12-15,636,15054.12
NWO-1005,PLANT_01,DC_SOUTH,2025-12-22,528,12497.76
NWO-1005,PLANT_01,DC_SOUTH,2025-12-29,624,14770.08
NWO-1005,PLANT_01,DC_SOUTH,2026-01-05,320,7574.4
NWO-1005,PLANT_01,DC_SOUTH,2026-01-12,302,7148.34
NWO-1005,PLANT_01,DC_SOUTH,2026-01-19,266,6296.22
NWO-1005,PLANT_01,DC_SOUTH,2026-01-26,176,4165.92
NWO-1005,PLANT_01,DC_SOUTH,2026-02-02,152,3597.84
NWO-1005,PLANT_01,DC_SOUTH,2026-02-09,148,3503.16
NWO-1005,PLANT_01,DC_SOUTH,2026-02-16,115,2722.05
NWO-1005,PLANT_01,DC_SOUTH,2026-02-23,77,1822.59
NWO-1005,PLANT_01,DC_SOUTH,2026-03-02,57,1349.19
NWO-1005,PLANT_01,DC_SOUTH,2026-03-09,24,568.08
NWO-1005,PLANT_01,DC_WEST,2023-06-05,598,14154.66
NWO-1005,PLANT_01,DC_WEST,2023-06-12,499,11811.33
NWO-1005,PLANT_01,DC_WEST,2023-06-19,408,9657.36
NWO-1005,PLANT_01,DC_WEST,2023-06-26,499,11811.33
NWO-1005,PLANT_01,DC_WEST,2023-07-03,568,13444.56
NWO-1005,PLANT_01,DC_WEST,2023-07-10,620,14675.4
NWO-1005,PLANT_01,DC_WEST,2023-07-17,500,11835.0
NWO-1005,PLANT_01,DC_WEST,2023-07-24,528,12497.76
NWO-1005,PLANT_01,DC_WEST,2023-07-31,446,10556.82
NWO-1005,PLANT_01,DC_WEST,2023-08-07,510,12071.7
NWO-1005,PLANT_01,DC_WEST,2023-08-14,512,12119.04
NWO-1005,PLANT_01,DC_WEST,2023-08-21,512,12119.04
NWO-1005,PLANT_01,DC_WEST,2023-08-28,548,12971.16
NWO-1005,PLANT_01,DC_WEST,2023-09-04,448,10604.16
NWO-1005,PLANT_01,DC_WEST,2023-09-11,392,9278.64
NWO-1005,PLANT_01,DC_WEST,2023-09-18,406,9610.02
NWO-1005,PLANT_01,DC_WEST,2023-09-25,423,10012.41
NWO-1005,PLANT_01,DC_WEST,2023-10-02,402,9515.34
NWO-1005,PLANT_01,DC_WEST,2023-10-09,571,13515.57
NWO-1005,PLANT_01,DC_WEST,2023-10-16,517,12237.39
NWO-1005,PLANT_01,DC_WEST,2023-10-23,372,8805.24
NWO-1005,PLANT_01,DC_WEST,2023-10-30,384,9089.28
NWO-1005,PLANT_01,DC_WEST,2023-11-06,608,14391.36
NWO-1005,PLANT_01,DC_WEST,2023-11-13,610,14438.7
NWO-1005,PLANT_01,DC_WEST,2023-11-20,646,15290.82
NWO-1005,PLANT_01,DC_WEST,2023-11-27,651,15409.17
NWO-1005,PLANT_01,DC_WEST,2023-12-04,710,16805.7
NWO-1005,PLANT_01,DC_WEST,2023-12-11,719,17018.73
NWO-1005,PLANT_01,DC_WEST,2023-12-18,539,12758.13
NWO-1005,PLANT_01,DC_WEST,2023-12-25,669,15835.23
NWO-1005,PLANT_01,DC_WEST,2024-01-01,382,9041.94
NWO-1005,PLANT_01,DC_WEST,2024-01-08,333,7882.11
NWO-1005,PLANT_01,DC_WEST,2024-01-15,283,6698.61
NWO-1005,PLANT_01,DC_WEST,2024-01-22,331,7834.77
NWO-1005,PLANT_01,DC_WEST,2024-01-29,339,8024.13
NWO-1005,PLANT_01,DC_WEST,2024-02-05,343,8118.81
NWO-1005,PLANT_01,DC_WEST,2024-02-12,355,8402.85
NWO-1005,PLANT_01,DC_WEST,2024-02-19,387,9160.29
NWO-1005,PLANT_01,DC_WEST,2024-02-26,417,9870.39
NWO-1005,PLANT_01,DC_WEST,2024-03-04,407,9633.69
NWO-1005,PLANT_01,DC_WEST,2024-03-11,380,8994.6
NWO-1005,PLANT_01,DC_WEST,2024-03-18,421,9965.07
NWO-1005,PLANT_01,DC_WEST,2024-03-25,369,8734.23
NWO-1005,PLANT_01,DC_WEST,2024-04-01,502,11882.34
NWO-1005,PLANT_01,DC_WEST,2024-04-08,462,10935.54
NWO-1005,PLANT_01,DC_WEST,2024-04-15,465,11006.55
NWO-1005,PLANT_01,DC_WEST,2024-04-22,457,10817.19
NWO-1005,PLANT_01,DC_WEST,2024-04-29,495,11716.65
NWO-1005,PLANT_01,DC_WEST,2024-05-06,390,9231.3
NWO-1005,PLANT_01,DC_WEST,2024-05-13,476,11266.92
NWO-1005,PLANT_01,DC_WEST,2024-05-20,395,9349.65
NWO-1005,PLANT_01,DC_WEST,2024-05-27,441,10438.47
NWO-1005,PLANT_01,DC_WEST,2024-06-03,505,11953.35
NWO-1005,PLANT_01,DC_WEST,2024-06-10,521,12332.07
NWO-1005,PLANT_01,DC_WEST,2024-06-17,489,11574.63
NWO-1005,PLANT_01,DC_WEST,2024-06-24,504,11929.68
NWO-1005,PLANT_01,DC_WEST,2024-07-01,546,12923.82
NWO-1005,PLANT_01,DC_WEST,2024-07-08,521,12332.07
NWO-1005,PLANT_01,DC_WEST,2024-07-15,461,10911.87
NWO-1005,PLANT_01,DC_WEST,2024-07-22,539,12758.13
NWO-1005,PLANT_01,DC_WEST,2024-07-29,523,12379.41
NWO-1005,PLANT_01,DC_WEST,2024-08-05,472,11172.24
NWO-1005,PLANT_01,DC_WEST,2024-08-12,516,12213.72
NWO-1005,PLANT_01,DC_WEST,2024-08-19,393,9302.31
NWO-1005,PLANT_01,DC_WEST,2024-08-26,410,9704.7
NWO-1005,PLANT_01,DC_WEST,2024-09-02,417,9870.39
NWO-1005,PLANT_01,DC_WEST,2024-09-09,490,11598.3
NWO-1005,PLANT_01,DC_WEST,2024-09-16,487,11527.29
NWO-1005,PLANT_01,DC_WEST,2024-09-23,452,10698.84
NWO-1005,PLANT_01,DC_WEST,2024-09-30,417,9870.39
NWO-1005,PLANT_01,DC_WEST,2024-10-07,469,11101.23
NWO-1005,PLANT_01,DC_WEST,2024-10-14,471,11148.57
NWO-1005,PLANT_01,DC_WEST,2024-10-21,453,10722.51
NWO-1005,PLANT_01,DC_WEST,2024-10-28,435,10296.45
NWO-1005,PLANT_01,DC_WEST,2024-11-04,749,17728.83
NWO-1005,PLANT_01,DC_WEST,2024-11-11,634,15006.78
NWO-1005,PLANT_01,DC_WEST,2024-11-18,636,15054.12
NWO-1005,PLANT_01,DC_WEST,2024-11-25,731,17302.77
NWO-1005,PLANT_01,DC_WEST,2024-12-02,688,16284.96
NWO-1005,PLANT_01,DC_WEST,2024-12-09,533,12616.11
NWO-1005,PLANT_01,DC_WEST,2024-12-16,542,12829.14
NWO-1005,PLANT_01,DC_WEST,2024-12-23,509,12048.03
NWO-1005,PLANT_01,DC_WEST,2024-12-30,581,13752.27
NWO-1005,PLANT_01,DC_WEST,2025-01-06,414,9799.38
NWO-1005,PLANT_01,DC_WEST,2025-01-13,355,8402.85
NWO-1005,PLANT_01,DC_WEST,2025-01-20,345,8166.15
NWO-1005,PLANT_01,DC_WEST,2025-01-27,402,9515.34
NWO-1005,PLANT_01,DC_WEST,2025-02-03,331,7834.77
NWO-1005,PLANT_01,DC_WEST,2025-02-10,303,7172.01
NWO-1005,PLANT_01,DC_WEST,2025-02-17,287,6793.29
NWO-1005,PLANT_01,DC_WEST,2025-02-24,397,9396.99
NWO-1005,PLANT_01,DC_WEST,2025-03-03,344,8142.48
NWO-1005,PLANT_01,DC_WEST,2025-03-10,546,12923.82
NWO-1005,PLANT_01,DC_WEST,2025-03-17,408,9657.36
NWO-1005,PLANT_01,DC_WEST,2025-03-24,454,10746.18
NWO-1005,PLANT_01,DC_WEST,2025-03-31,303,7172.01
NWO-1005,PLANT_01,DC_WEST,2025-04-07,494,11692.98
NWO-1005,PLANT_01,DC_WEST,2025-04-14,359,8497.53
NWO-1005,PLANT_01,DC_WEST,2025-04-21,394,9325.98
NWO-1005,PLANT_01,DC_WEST,2025-04-28,375,8876.25
NWO-1005,PLANT_01,DC_WEST,2025-05-05,468,11077.56
NWO-1005,PLANT_01,DC_WEST,2025-05-12,446,10556.82
NWO-1005,PLANT_01,DC_WEST,2025-05-19,430,10178.1
NWO-1005,PLANT_01,DC_WEST,2025-05-26,549,12994.83
NWO-1005,PLANT_01,DC_WEST,2025-06-02,468,11077.56
NWO-1005,PLANT_01,DC_WEST,2025-06-09,447,10580.49
NWO-1005,PLANT_01,DC_WEST,2025-06-16,499,11811.33
NWO-1005,PLANT_01,DC_WEST,2025-06-23,443,10485.81
NWO-1005,PLANT_01,DC_WEST,2025-06-30,409,9681.03
NWO-1005,PLANT_01,DC_WEST,2025-07-07,501,11858.67
NWO-1005,PLANT_01,DC_WEST,2025-07-14,633,14983.11
NWO-1005,PLANT_01,DC_WEST,2025-07-21,601,14225.67
NWO-1005,PLANT_01,DC_WEST,2025-07-28,549,12994.83
NWO-1005,PLANT_01,DC_WEST,2025-08-04,557,13184.19
NWO-1005,PLANT_01,DC_WEST,2025-08-11,481,11385.27
NWO-1005,PLANT_01,DC_WEST,2025-08-18,474,11219.58
NWO-1005,PLANT_01,DC_WEST,2025-08-25,486,11503.62
NWO-1005,PLANT_01,DC_WEST,2025-09-01,450,10651.5
NWO-1005,PLANT_01,DC_WEST,2025-09-08,430,10178.1
NWO-1005,PLANT_01,DC_WEST,2025-09-15,402,9515.34
NWO-1005,PLANT_01,DC_WEST,2025-09-22,386,9136.62
NWO-1005,PLANT_01,DC_WEST,2025-09-29,498,11787.66
NWO-1005,PLANT_01,DC_WEST,2025-10-06,428,10130.76
NWO-1005,PLANT_01,DC_WEST,2025-10-13,491,11621.97
NWO-1005,PLANT_01,DC_WEST,2025-10-20,497,11763.99
NWO-1005,PLANT_01,DC_WEST,2025-10-27,444,10509.48
NWO-1005,PLANT_01,DC_WEST,2025-11-03,658,15574.86
NWO-1005,PLANT_01,DC_WEST,2025-11-10,669,15835.23
NWO-1005,PLANT_01,DC_WEST,2025-11-17,534,12639.78
NWO-1005,PLANT_01,DC_WEST,2025-11-24,716,16947.72
NWO-1005,PLANT_01,DC_WEST,2025-12-01,476,11266.92
NWO-1005,PLANT_01,DC_WEST,2025-12-08,567,13420.89
NWO-1005,PLANT_01,DC_WEST,2025-12-15,560,13255.2
NWO-1005,PLANT_01,DC_WEST,2025-12-22,436,10320.12
NWO-1005,PLANT_01,DC_WEST,2025-12-29,448,10604.16
NWO-1005,PLANT_01,DC_WEST,2026-01-05,201,4757.67
NWO-1005,PLANT_01,DC_WEST,2026-01-12,183,4331.61
NWO-1005,PLANT_01,DC_WEST,2026-01-19,168,3976.56
NWO-1005,PLANT_01,DC_WEST,2026-01-26,161,3810.87
NWO-1005,PLANT_01,DC_WEST,2026-02-02,145,3432.15
NWO-1005,PLANT_01,DC_WEST,2026-02-09,116,2745.72
NWO-1005,PLANT_01,DC_WEST,2026-02-16,76,1798.92
NWO-1005,PLANT_01,DC_WEST,2026-02-23,64,1514.88
NWO-1005,PLANT_01,DC_WEST,2026-03-02,65,1538.55
NWO-1005,PLANT_01,DC_WEST,2026-03-09,28,662.76
NWO-1006,PLANT_01,DC_NORTH,2023-06-05,252,3064.32
NWO-1006,PLANT_01,DC_NORTH,2023-06-12,264,3210.24
NWO-1006,PLANT_01,DC_NORTH,2023-06-19,190,2310.4
NWO-1006,PLANT_01,DC_NORTH,2023-06-26,249,3027.84
NWO-1006,PLANT_01,DC_NORTH,2023-07-03,245,2979.2
NWO-1006,PLANT_01,DC_NORTH,2023-07-10,256,3112.96
NWO-1006,PLANT_01,DC_NORTH,2023-07-17,188,2286.08
NWO-1006,PLANT_01,DC_NORTH,2023-07-24,211,2565.76
NWO-1006,PLANT_01,DC_NORTH,2023-07-31,279,3392.64
NWO-1006,PLANT_01,DC_NORTH,2023-08-07,216,2626.56
NWO-1006,PLANT_01,DC_NORTH,2023-08-14,264,3210.24
NWO-1006,PLANT_01,DC_NORTH,2023-08-21,262,3185.92
NWO-1006,PLANT_01,DC_NORTH,2023-08-28,199,2419.84
NWO-1006,PLANT_01,DC_NORTH,2023-09-04,238,2894.08
NWO-1006,PLANT_01,DC_NORTH,2023-09-11,291,3538.56
NWO-1006,PLANT_01,DC_NORTH,2023-09-18,224,2723.84
NWO-1006,PLANT_01,DC_NORTH,2023-09-25,237,2881.92
NWO-1006,PLANT_01,DC_NORTH,2023-10-02,211,2565.76
NWO-1006,PLANT_01,DC_NORTH,2023-10-09,231,2808.96
NWO-1006,PLANT_01,DC_NORTH,2023-10-16,222,2699.52
NWO-1006,PLANT_01,DC_NORTH,2023-10-23,263,3198.08
NWO-1006,PLANT_01,DC_NORTH,2023-10-30,224,2723.84
NWO-1006,PLANT_01,DC_NORTH,2023-11-06,310,3769.6
NWO-1006,PLANT_01,DC_NORTH,2023-11-13,405,4924.8
NWO-1006,PLANT_01,DC_NORTH,2023-11-20,381,4632.96
NWO-1006,PLANT_01,DC_NORTH,2023-11-27,252,3064.32
NWO-1006,PLANT_01,DC_NORTH,2023-12-04,324,3939.84
NWO-1006,PLANT_01,DC_NORTH,2023-12-11,384,4669.44
NWO-1006,PLANT_01,DC_NORTH,2023-12-18,303,3684.48
NWO-1006,PLANT_01,DC_NORTH,2023-12-25,297,3611.52
NWO-1006,PLANT_01,DC_NORTH,2024-01-01,133,1617.28
NWO-1006,PLANT_01,DC_NORTH,2024-01-08,141,1714.56
NWO-1006,PLANT_01,DC_NORTH,2024-01-15,201,2444.16
NWO-1006,PLANT_01,DC_NORTH,2024-01-22,191,2322.56
NWO-1006,PLANT_01,DC_NORTH,2024-01-29,139,1690.24
NWO-1006,PLANT_01,DC_NORTH,2024-02-05,145,1763.2
NWO-1006,PLANT_01,DC_NORTH,2024-02-12,160,1945.6
NWO-1006,PLANT_01,DC_NORTH,2024-02-19,122,1483.52
NWO-1006,PLANT_01,DC_NORTH,2024-02-26,150,1824.0
NWO-1006,PLANT_01,DC_NORTH,2024-03-04,203,2468.48
NWO-1006,PLANT_01,DC_NORTH,2024-03-11,235,2857.6
NWO-1006,PLANT_01,DC_NORTH,2024-03-18,179,2176.64
NWO-1006,PLANT_01,DC_NORTH,2024-03-25,199,2419.84
NWO-1006,PLANT_01,DC_NORTH,2024-04-01,253,3076.48
NWO-1006,PLANT_01,DC_NORTH,2024-04-08,251,3052.16
NWO-1006,PLANT_01,DC_NORTH,2024-04-15,206,2504.96
NWO-1006,PLANT_01,DC_NORTH,2024-04-22,195,2371.2
NWO-1006,PLANT_01,DC_NORTH,2024-04-29,233,2833.28
NWO-1006,PLANT_01,DC_NORTH,2024-05-06,217,2638.72
NWO-1006,PLANT_01,DC_NORTH,2024-05-13,272,3307.52
NWO-1006,PLANT_01,DC_NORTH,2024-05-20,235,2857.6
NWO-1006,PLANT_01,DC_NORTH,2024-05-27,235,2857.6
NWO-1006,PLANT_01,DC_NORTH,2024-06-03,196,2383.36
NWO-1006,PLANT_01,DC_NORTH,2024-06-10,187,2273.92
NWO-1006,PLANT_01,DC_NORTH,2024-06-17,236,2869.76
NWO-1006,PLANT_01,DC_NORTH,2024-06-24,180,2188.8
NWO-1006,PLANT_01,DC_NORTH,2024-07-01,246,2991.36
NWO-1006,PLANT_01,DC_NORTH,2024-07-08,213,2590.08
NWO-1006,PLANT_01,DC_NORTH,2024-07-15,199,2419.84
NWO-1006,PLANT_01,DC_NORTH,2024-07-22,258,3137.28
NWO-1006,PLANT_01,DC_NORTH,2024-07-29,250,3040.0
NWO-1006,PLANT_01,DC_NORTH,2024-08-05,270,3283.2
NWO-1006,PLANT_01,DC_NORTH,2024-08-12,203,2468.48
NWO-1006,PLANT_01,DC_NORTH,2024-08-19,216,2626.56
NWO-1006,PLANT_01,DC_NORTH,2024-08-26,207,2517.12
NWO-1006,PLANT_01,DC_NORTH,2024-09-02,210,2553.6
NWO-1006,PLANT_01,DC_NORTH,2024-09-09,203,2468.48
NWO-1006,PLANT_01,DC_NORTH,2024-09-16,194,2359.04
NWO-1006,PLANT_01,DC_NORTH,2024-09-23,161,1957.76
NWO-1006,PLANT_01,DC_NORTH,2024-09-30,193,2346.88
NWO-1006,PLANT_01,DC_NORTH,2024-10-07,175,2128.0
NWO-1006,PLANT_01,DC_NORTH,2024-10-14,219,2663.04
NWO-1006,PLANT_01,DC_NORTH,2024-10-21,265,3222.4
NWO-1006,PLANT_01,DC_NORTH,2024-10-28,176,2140.16
NWO-1006,PLANT_01,DC_NORTH,2024-11-04,280,3404.8
NWO-1006,PLANT_01,DC_NORTH,2024-11-11,373,4535.68
NWO-1006,PLANT_01,DC_NORTH,2024-11-18,365,4438.4
NWO-1006,PLANT_01,DC_NORTH,2024-11-25,493,5994.88
NWO-1006,PLANT_01,DC_NORTH,2024-12-02,387,4705.92
NWO-1006,PLANT_01,DC_NORTH,2024-12-09,282,3429.12
NWO-1006,PLANT_01,DC_NORTH,2024-12-16,331,4024.96
NWO-1006,PLANT_01,DC_NORTH,2024-12-23,238,2894.08
NWO-1006,PLANT_01,DC_NORTH,2024-12-30,364,4426.24
NWO-1006,PLANT_01,DC_NORTH,2025-01-06,158,1921.28
NWO-1006,PLANT_01,DC_NORTH,2025-01-13,212,2577.92
NWO-1006,PLANT_01,DC_NORTH,2025-01-20,192,2334.72
NWO-1006,PLANT_01,DC_NORTH,2025-01-27,162,1969.92
NWO-1006,PLANT_01,DC_NORTH,2025-02-03,194,2359.04
NWO-1006,PLANT_01,DC_NORTH,2025-02-10,200,2432.0
NWO-1006,PLANT_01,DC_NORTH,2025-02-17,148,1799.68
NWO-1006,PLANT_01,DC_NORTH,2025-02-24,173,2103.68
NWO-1006,PLANT_01,DC_NORTH,2025-03-03,206,2504.96
NWO-1006,PLANT_01,DC_NORTH,2025-03-10,173,2103.68
NWO-1006,PLANT_01,DC_NORTH,2025-03-17,181,2200.96
NWO-1006,PLANT_01,DC_NORTH,2025-03-24,193,2346.88
NWO-1006,PLANT_01,DC_NORTH,2025-03-31,129,1568.64
NWO-1006,PLANT_01,DC_NORTH,2025-04-07,154,1872.64
NWO-1006,PLANT_01,DC_NORTH,2025-04-14,210,2553.6
NWO-1006,PLANT_01,DC_NORTH,2025-04-21,241,2930.56
NWO-1006,PLANT_01,DC_NORTH,2025-04-28,181,2200.96
NWO-1006,PLANT_01,DC_NORTH,2025-05-05,231,2808.96
NWO-1006,PLANT_01,DC_NORTH,2025-05-12,191,2322.56
NWO-1006,PLANT_01,DC_NORTH,2025-05-19,211,2565.76
NWO-1006,PLANT_01,DC_NORTH,2025-05-26,217,2638.72
NWO-1006,PLANT_01,DC_NORTH,2025-06-02,267,3246.72
NWO-1006,PLANT_01,DC_NORTH,2025-06-09,257,3125.12
NWO-1006,PLANT_01,DC_NORTH,2025-06-16,266,3234.56
NWO-1006,PLANT_01,DC_NORTH,2025-06-23,226,2748.16
NWO-1006,PLANT_01,DC_NORTH,2025-06-30,164,1994.24
NWO-1006,PLANT_01,DC_NORTH,2025-07-07,232,2821.12
NWO-1006,PLANT_01,DC_NORTH,2025-07-14,232,2821.12
NWO-1006,PLANT_01,DC_NORTH,2025-07-21,185,2249.6
NWO-1006,PLANT_01,DC_NORTH,2025-07-28,265,3222.4
NWO-1006,PLANT_01,DC_NORTH,2025-08-04,238,2894.08
NWO-1006,PLANT_01,DC_NORTH,2025-08-11,243,2954.88
NWO-1006,PLANT_01,DC_NORTH,2025-08-18,240,2918.4
NWO-1006,PLANT_01,DC_NORTH,2025-08-25,285,3465.6
NWO-1006,PLANT_01,DC_NORTH,2025-09-01,223,2711.68
NWO-1006,PLANT_01,DC_NORTH,2025-09-08,200,2432.0
NWO-1006,PLANT_01,DC_NORTH,2025-09-15,196,2383.36
NWO-1006,PLANT_01,DC_NORTH,2025-09-22,184,2237.44
NWO-1006,PLANT_01,DC_NORTH,2025-09-29,207,2517.12
NWO-1006,PLANT_01,DC_NORTH,2025-10-06,215,2614.4
NWO-1006,PLANT_01,DC_NORTH,2025-10-13,190,2310.4
NWO-1006,PLANT_01,DC_NORTH,2025-10-20,236,2869.76
NWO-1006,PLANT_01,DC_NORTH,2025-10-27,198,2407.68
NWO-1006,PLANT_01,DC_NORTH,2025-11-03,344,4183.04
NWO-1006,PLANT_01,DC_NORTH,2025-11-10,238,2894.08
NWO-1006,PLANT_01,DC_NORTH,2025-11-17,271,3295.36
NWO-1006,PLANT_01,DC_NORTH,2025-11-24,351,4268.16
NWO-1006,PLANT_01,DC_NORTH,2025-12-01,333,4049.28
NWO-1006,PLANT_01,DC_NORTH,2025-12-08,258,3137.28
NWO-1006,PLANT_01,DC_NORTH,2025-12-15,283,3441.28
NWO-1006,PLANT_01,DC_NORTH,2025-12-22,339,4122.24
NWO-1006,PLANT_01,DC_NORTH,2025-12-29,298,3623.68
NWO-1006,PLANT_01,DC_NORTH,2026-01-05,133,1617.28
NWO-1006,PLANT_01,DC_NORTH,2026-01-12,219,2663.04
NWO-1006,PLANT_01,DC_NORTH,2026-01-19,217,2638.72
NWO-1006,PLANT_01,DC_NORTH,2026-01-26,172,2091.52
NWO-1006,PLANT_01,DC_NORTH,2026-02-02,179,2176.64
NWO-1006,PLANT_01,DC_NORTH,2026-02-09,147,1787.52
NWO-1006,PLANT_01,DC_NORTH,2026-02-16,193,2346.88
NWO-1006,PLANT_01,DC_NORTH,2026-02-23,126,1532.16
NWO-1006,PLANT_01,DC_NORTH,2026-03-02,197,2395.52
NWO-1006,PLANT_01,DC_NORTH,2026-03-09,202,2456.32
NWO-1006,PLANT_01,DC_NORTH,2026-03-16,157,1909.12
NWO-1006,PLANT_01,DC_NORTH,2026-03-23,260,3161.6
NWO-1006,PLANT_01,DC_NORTH,2026-03-30,186,2261.76
NWO-1006,PLANT_01,DC_NORTH,2026-04-06,219,2663.04
NWO-1006,PLANT_01,DC_NORTH,2026-04-13,236,2869.76
NWO-1006,PLANT_01,DC_NORTH,2026-04-20,191,2322.56
NWO-1006,PLANT_01,DC_NORTH,2026-04-27,163,1982.08
NWO-1006,PLANT_01,DC_NORTH,2026-05-04,253,3076.48
NWO-1006,PLANT_01,DC_NORTH,2026-05-11,182,2213.12
NWO-1006,PLANT_01,DC_NORTH,2026-05-18,190,2310.4
NWO-1006,PLANT_01,DC_NORTH,2026-05-25,175,2128.0
NWO-1006,PLANT_01,DC_NORTH,2026-06-01,203,2468.48
NWO-1006,PLANT_01,DC_SOUTH,2023-06-05,683,8305.28
NWO-1006,PLANT_01,DC_SOUTH,2023-06-12,914,11114.24
NWO-1006,PLANT_01,DC_SOUTH,2023-06-19,571,6943.36
NWO-1006,PLANT_01,DC_SOUTH,2023-06-26,629,7648.64
NWO-1006,PLANT_01,DC_SOUTH,2023-07-03,589,7162.24
NWO-1006,PLANT_01,DC_SOUTH,2023-07-10,741,9010.56
NWO-1006,PLANT_01,DC_SOUTH,2023-07-17,582,7077.12
NWO-1006,PLANT_01,DC_SOUTH,2023-07-24,647,7867.52
NWO-1006,PLANT_01,DC_SOUTH,2023-07-31,575,6992.0
NWO-1006,PLANT_01,DC_SOUTH,2023-08-07,668,8122.88
NWO-1006,PLANT_01,DC_SOUTH,2023-08-14,651,7916.16
NWO-1006,PLANT_01,DC_SOUTH,2023-08-21,529,6432.64
NWO-1006,PLANT_01,DC_SOUTH,2023-08-28,649,7891.84
NWO-1006,PLANT_01,DC_SOUTH,2023-09-04,524,6371.84
NWO-1006,PLANT_01,DC_SOUTH,2023-09-11,560,6809.6
NWO-1006,PLANT_01,DC_SOUTH,2023-09-18,532,6469.12
NWO-1006,PLANT_01,DC_SOUTH,2023-09-25,580,7052.8
NWO-1006,PLANT_01,DC_SOUTH,2023-10-02,587,7137.92
NWO-1006,PLANT_01,DC_SOUTH,2023-10-09,604,7344.64
NWO-1006,PLANT_01,DC_SOUTH,2023-10-16,524,6371.84
NWO-1006,PLANT_01,DC_SOUTH,2023-10-23,647,7867.52
NWO-1006,PLANT_01,DC_SOUTH,2023-10-30,524,6371.84
NWO-1006,PLANT_01,DC_SOUTH,2023-11-06,926,11260.16
NWO-1006,PLANT_01,DC_SOUTH,2023-11-13,777,9448.32
NWO-1006,PLANT_01,DC_SOUTH,2023-11-20,805,9788.8
NWO-1006,PLANT_01,DC_SOUTH,2023-11-27,916,11138.56
NWO-1006,PLANT_01,DC_SOUTH,2023-12-04,861,10469.76
NWO-1006,PLANT_01,DC_SOUTH,2023-12-11,904,10992.64
NWO-1006,PLANT_01,DC_SOUTH,2023-12-18,887,10785.92
NWO-1006,PLANT_01,DC_SOUTH,2023-12-25,840,10214.4
NWO-1006,PLANT_01,DC_SOUTH,2024-01-01,369,4487.04
NWO-1006,PLANT_01,DC_SOUTH,2024-01-08,437,5313.92
NWO-1006,PLANT_01,DC_SOUTH,2024-01-15,500,6080.0
NWO-1006,PLANT_01,DC_SOUTH,2024-01-22,484,5885.44
NWO-1006,PLANT_01,DC_SOUTH,2024-01-29,423,5143.68
NWO-1006,PLANT_01,DC_SOUTH,2024-02-05,428,5204.48
NWO-1006,PLANT_01,DC_SOUTH,2024-02-12,403,4900.48
NWO-1006,PLANT_01,DC_SOUTH,2024-02-19,391,4754.56
NWO-1006,PLANT_01,DC_SOUTH,2024-02-26,398,4839.68
NWO-1006,PLANT_01,DC_SOUTH,2024-03-04,455,5532.8
NWO-1006,PLANT_01,DC_SOUTH,2024-03-11,532,6469.12
NWO-1006,PLANT_01,DC_SOUTH,2024-03-18,539,6554.24
NWO-1006,PLANT_01,DC_SOUTH,2024-03-25,526,6396.16
NWO-1006,PLANT_01,DC_SOUTH,2024-04-01,490,5958.4
NWO-1006,PLANT_01,DC_SOUTH,2024-04-08,545,6627.2
NWO-1006,PLANT_01,DC_SOUTH,2024-04-15,549,6675.84
NWO-1006,PLANT_01,DC_SOUTH,2024-04-22,597,7259.52
NWO-1006,PLANT_01,DC_SOUTH,2024-04-29,493,5994.88
NWO-1006,PLANT_01,DC_SOUTH,2024-05-06,571,6943.36
NWO-1006,PLANT_01,DC_SOUTH,2024-05-13,630,7660.8
NWO-1006,PLANT_01,DC_SOUTH,2024-05-20,624,7587.84
NWO-1006,PLANT_01,DC_SOUTH,2024-05-27,461,5605.76
NWO-1006,PLANT_01,DC_SOUTH,2024-06-03,599,7283.84
NWO-1006,PLANT_01,DC_SOUTH,2024-06-10,572,6955.52
NWO-1006,PLANT_01,DC_SOUTH,2024-06-17,648,7879.68
NWO-1006,PLANT_01,DC_SOUTH,2024-06-24,639,7770.24
NWO-1006,PLANT_01,DC_SOUTH,2024-07-01,613,7454.08
NWO-1006,PLANT_01,DC_SOUTH,2024-07-08,727,8840.32
NWO-1006,PLANT_01,DC_SOUTH,2024-07-15,714,8682.24
NWO-1006,PLANT_01,DC_SOUTH,2024-07-22,635,7721.6
NWO-1006,PLANT_01,DC_SOUTH,2024-07-29,661,8037.76
NWO-1006,PLANT_01,DC_SOUTH,2024-08-05,815,9910.4
NWO-1006,PLANT_01,DC_SOUTH,2024-08-12,732,8901.12
NWO-1006,PLANT_01,DC_SOUTH,2024-08-19,732,8901.12
NWO-1006,PLANT_01,DC_SOUTH,2024-08-26,476,5788.16
NWO-1006,PLANT_01,DC_SOUTH,2024-09-02,590,7174.4
NWO-1006,PLANT_01,DC_SOUTH,2024-09-09,625,7600.0
NWO-1006,PLANT_01,DC_SOUTH,2024-09-16,532,6469.12
NWO-1006,PLANT_01,DC_SOUTH,2024-09-23,495,6019.2
NWO-1006,PLANT_01,DC_SOUTH,2024-09-30,674,8195.84
NWO-1006,PLANT_01,DC_SOUTH,2024-10-07,556,6760.96
NWO-1006,PLANT_01,DC_SOUTH,2024-10-14,489,5946.24
NWO-1006,PLANT_01,DC_SOUTH,2024-10-21,531,6456.96
NWO-1006,PLANT_01,DC_SOUTH,2024-10-28,560,6809.6
NWO-1006,PLANT_01,DC_SOUTH,2024-11-04,716,8706.56
NWO-1006,PLANT_01,DC_SOUTH,2024-11-11,851,10348.16
NWO-1006,PLANT_01,DC_SOUTH,2024-11-18,744,9047.04
NWO-1006,PLANT_01,DC_SOUTH,2024-11-25,730,8876.8
NWO-1006,PLANT_01,DC_SOUTH,2024-12-02,1033,12561.28
NWO-1006,PLANT_01,DC_SOUTH,2024-12-09,1054,12816.64
NWO-1006,PLANT_01,DC_SOUTH,2024-12-16,837,10177.92
NWO-1006,PLANT_01,DC_SOUTH,2024-12-23,841,10226.56
NWO-1006,PLANT_01,DC_SOUTH,2024-12-30,910,11065.6
NWO-1006,PLANT_01,DC_SOUTH,2025-01-06,402,4888.32
NWO-1006,PLANT_01,DC_SOUTH,2025-01-13,442,5374.72
NWO-1006,PLANT_01,DC_SOUTH,2025-01-20,438,5326.08
NWO-1006,PLANT_01,DC_SOUTH,2025-01-27,646,7855.36
NWO-1006,PLANT_01,DC_SOUTH,2025-02-03,647,7867.52
NWO-1006,PLANT_01,DC_SOUTH,2025-02-10,644,7831.04
NWO-1006,PLANT_01,DC_SOUTH,2025-02-17,500,6080.0
NWO-1006,PLANT_01,DC_SOUTH,2025-02-24,468,5690.88
NWO-1006,PLANT_01,DC_SOUTH,2025-03-03,598,7271.68
NWO-1006,PLANT_01,DC_SOUTH,2025-03-10,520,6323.2
NWO-1006,PLANT_01,DC_SOUTH,2025-03-17,626,7612.16
NWO-1006,PLANT_01,DC_SOUTH,2025-03-24,539,6554.24
NWO-1006,PLANT_01,DC_SOUTH,2025-03-31,541,6578.56
NWO-1006,PLANT_01,DC_SOUTH,2025-04-07,561,6821.76
NWO-1006,PLANT_01,DC_SOUTH,2025-04-14,535,6505.6
NWO-1006,PLANT_01,DC_SOUTH,2025-04-21,526,6396.16
NWO-1006,PLANT_01,DC_SOUTH,2025-04-28,500,6080.0
NWO-1006,PLANT_01,DC_SOUTH,2025-05-05,471,5727.36
NWO-1006,PLANT_01,DC_SOUTH,2025-05-12,682,8293.12
NWO-1006,PLANT_01,DC_SOUTH,2025-05-19,530,6444.8
NWO-1006,PLANT_01,DC_SOUTH,2025-05-26,523,6359.68
NWO-1006,PLANT_01,DC_SOUTH,2025-06-02,580,7052.8
NWO-1006,PLANT_01,DC_SOUTH,2025-06-09,574,6979.84
NWO-1006,PLANT_01,DC_SOUTH,2025-06-16,550,6688.0
NWO-1006,PLANT_01,DC_SOUTH,2025-06-23,738,8974.08
NWO-1006,PLANT_01,DC_SOUTH,2025-06-30,629,7648.64
NWO-1006,PLANT_01,DC_SOUTH,2025-07-07,700,8512.0
NWO-1006,PLANT_01,DC_SOUTH,2025-07-14,665,8086.4
NWO-1006,PLANT_01,DC_SOUTH,2025-07-21,703,8548.48
NWO-1006,PLANT_01,DC_SOUTH,2025-07-28,586,7125.76
NWO-1006,PLANT_01,DC_SOUTH,2025-08-04,553,6724.48
NWO-1006,PLANT_01,DC_SOUTH,2025-08-11,492,5982.72
NWO-1006,PLANT_01,DC_SOUTH,2025-08-18,591,7186.56
NWO-1006,PLANT_01,DC_SOUTH,2025-08-25,633,7697.28
NWO-1006,PLANT_01,DC_SOUTH,2025-09-01,555,6748.8
NWO-1006,PLANT_01,DC_SOUTH,2025-09-08,497,6043.52
NWO-1006,PLANT_01,DC_SOUTH,2025-09-15,605,7356.8
NWO-1006,PLANT_01,DC_SOUTH,2025-09-22,430,5228.8
NWO-1006,PLANT_01,DC_SOUTH,2025-09-29,567,6894.72
NWO-1006,PLANT_01,DC_SOUTH,2025-10-06,581,7064.96
NWO-1006,PLANT_01,DC_SOUTH,2025-10-13,579,7040.64
NWO-1006,PLANT_01,DC_SOUTH,2025-10-20,643,7818.88
NWO-1006,PLANT_01,DC_SOUTH,2025-10-27,631,7672.96
NWO-1006,PLANT_01,DC_SOUTH,2025-11-03,844,10263.04
NWO-1006,PLANT_01,DC_SOUTH,2025-11-10,707,8597.12
NWO-1006,PLANT_01,DC_SOUTH,2025-11-17,745,9059.2
NWO-1006,PLANT_01,DC_SOUTH,2025-11-24,818,9946.88
NWO-1006,PLANT_01,DC_SOUTH,2025-12-01,840,10214.4
NWO-1006,PLANT_01,DC_SOUTH,2025-12-08,685,8329.6
NWO-1006,PLANT_01,DC_SOUTH,2025-12-15,834,10141.44
NWO-1006,PLANT_01,DC_SOUTH,2025-12-22,817,9934.72
NWO-1006,PLANT_01,DC_SOUTH,2025-12-29,1023,12439.68
NWO-1006,PLANT_01,DC_SOUTH,2026-01-05,476,5788.16
NWO-1006,PLANT_01,DC_SOUTH,2026-01-12,460,5593.6
NWO-1006,PLANT_01,DC_SOUTH,2026-01-19,421,5119.36
NWO-1006,PLANT_01,DC_SOUTH,2026-01-26,434,5277.44
NWO-1006,PLANT_01,DC_SOUTH,2026-02-02,408,4961.28
NWO-1006,PLANT_01,DC_SOUTH,2026-02-09,400,4864.0
NWO-1006,PLANT_01,DC_SOUTH,2026-02-16,460,5593.6
NWO-1006,PLANT_01,DC_SOUTH,2026-02-23,552,6712.32
NWO-1006,PLANT_01,DC_SOUTH,2026-03-02,576,7004.16
NWO-1006,PLANT_01,DC_SOUTH,2026-03-09,524,6371.84
NWO-1006,PLANT_01,DC_SOUTH,2026-03-16,517,6286.72
NWO-1006,PLANT_01,DC_SOUTH,2026-03-23,473,5751.68
NWO-1006,PLANT_01,DC_SOUTH,2026-03-30,490,5958.4
NWO-1006,PLANT_01,DC_SOUTH,2026-04-06,558,6785.28
NWO-1006,PLANT_01,DC_SOUTH,2026-04-13,543,6602.88
NWO-1006,PLANT_01,DC_SOUTH,2026-04-20,550,6688.0
NWO-1006,PLANT_01,DC_SOUTH,2026-04-27,494,6007.04
NWO-1006,PLANT_01,DC_SOUTH,2026-05-04,655,7964.8
NWO-1006,PLANT_01,DC_SOUTH,2026-05-11,584,7101.44
NWO-1006,PLANT_01,DC_SOUTH,2026-05-18,634,7709.44
NWO-1006,PLANT_01,DC_SOUTH,2026-05-25,593,7210.88
NWO-1006,PLANT_01,DC_SOUTH,2026-06-01,690,8390.4
NWO-1006,PLANT_01,DC_WEST,2023-06-05,426,5180.16
NWO-1006,PLANT_01,DC_WEST,2023-06-12,400,4864.0
NWO-1006,PLANT_01,DC_WEST,2023-06-19,482,5861.12
NWO-1006,PLANT_01,DC_WEST,2023-06-26,494,6007.04
NWO-1006,PLANT_01,DC_WEST,2023-07-03,512,6225.92
NWO-1006,PLANT_01,DC_WEST,2023-07-10,513,6238.08
NWO-1006,PLANT_01,DC_WEST,2023-07-17,449,5459.84
NWO-1006,PLANT_01,DC_WEST,2023-07-24,545,6627.2
NWO-1006,PLANT_01,DC_WEST,2023-07-31,467,5678.72
NWO-1006,PLANT_01,DC_WEST,2023-08-07,440,5350.4
NWO-1006,PLANT_01,DC_WEST,2023-08-14,431,5240.96
NWO-1006,PLANT_01,DC_WEST,2023-08-21,480,5836.8
NWO-1006,PLANT_01,DC_WEST,2023-08-28,407,4949.12
NWO-1006,PLANT_01,DC_WEST,2023-09-04,382,4645.12
NWO-1006,PLANT_01,DC_WEST,2023-09-11,383,4657.28
NWO-1006,PLANT_01,DC_WEST,2023-09-18,388,4718.08
NWO-1006,PLANT_01,DC_WEST,2023-09-25,435,5289.6
NWO-1006,PLANT_01,DC_WEST,2023-10-02,489,5946.24
NWO-1006,PLANT_01,DC_WEST,2023-10-09,432,5253.12
NWO-1006,PLANT_01,DC_WEST,2023-10-16,463,5630.08
NWO-1006,PLANT_01,DC_WEST,2023-10-23,447,5435.52
NWO-1006,PLANT_01,DC_WEST,2023-10-30,446,5423.36
NWO-1006,PLANT_01,DC_WEST,2023-11-06,562,6833.92
NWO-1006,PLANT_01,DC_WEST,2023-11-13,981,11928.96
NWO-1006,PLANT_01,DC_WEST,2023-11-20,897,10907.52
NWO-1006,PLANT_01,DC_WEST,2023-11-27,537,6529.92
NWO-1006,PLANT_01,DC_WEST,2023-12-04,723,8791.68
NWO-1006,PLANT_01,DC_WEST,2023-12-11,675,8208.0
NWO-1006,PLANT_01,DC_WEST,2023-12-18,581,7064.96
NWO-1006,PLANT_01,DC_WEST,2023-12-25,475,5776.0
NWO-1006,PLANT_01,DC_WEST,2024-01-01,321,3903.36
NWO-1006,PLANT_01,DC_WEST,2024-01-08,307,3733.12
NWO-1006,PLANT_01,DC_WEST,2024-01-15,339,4122.24
NWO-1006,PLANT_01,DC_WEST,2024-01-22,278,3380.48
NWO-1006,PLANT_01,DC_WEST,2024-01-29,329,4000.64
NWO-1006,PLANT_01,DC_WEST,2024-02-05,310,3769.6
NWO-1006,PLANT_01,DC_WEST,2024-02-12,275,3344.0
NWO-1006,PLANT_01,DC_WEST,2024-02-19,340,4134.4
NWO-1006,PLANT_01,DC_WEST,2024-02-26,318,3866.88
NWO-1006,PLANT_01,DC_WEST,2024-03-04,322,3915.52
NWO-1006,PLANT_01,DC_WEST,2024-03-11,371,4511.36
NWO-1006,PLANT_01,DC_WEST,2024-03-18,405,4924.8
NWO-1006,PLANT_01,DC_WEST,2024-03-25,415,5046.4
NWO-1006,PLANT_01,DC_WEST,2024-04-01,408,4961.28
NWO-1006,PLANT_01,DC_WEST,2024-04-08,535,6505.6
NWO-1006,PLANT_01,DC_WEST,2024-04-15,417,5070.72
NWO-1006,PLANT_01,DC_WEST,2024-04-22,360,4377.6
NWO-1006,PLANT_01,DC_WEST,2024-04-29,411,4997.76
NWO-1006,PLANT_01,DC_WEST,2024-05-06,334,4061.44
NWO-1006,PLANT_01,DC_WEST,2024-05-13,440,5350.4
NWO-1006,PLANT_01,DC_WEST,2024-05-20,452,5496.32
NWO-1006,PLANT_01,DC_WEST,2024-05-27,397,4827.52
NWO-1006,PLANT_01,DC_WEST,2024-06-03,502,6104.32
NWO-1006,PLANT_01,DC_WEST,2024-06-10,480,5836.8
NWO-1006,PLANT_01,DC_WEST,2024-06-17,416,5058.56
NWO-1006,PLANT_01,DC_WEST,2024-06-24,399,4851.84
NWO-1006,PLANT_01,DC_WEST,2024-07-01,421,5119.36
NWO-1006,PLANT_01,DC_WEST,2024-07-08,393,4778.88
NWO-1006,PLANT_01,DC_WEST,2024-07-15,531,6456.96
NWO-1006,PLANT_01,DC_WEST,2024-07-22,516,6274.56
NWO-1006,PLANT_01,DC_WEST,2024-07-29,512,6225.92
NWO-1006,PLANT_01,DC_WEST,2024-08-05,405,4924.8
NWO-1006,PLANT_01,DC_WEST,2024-08-12,514,6250.24
NWO-1006,PLANT_01,DC_WEST,2024-08-19,488,5934.08
NWO-1006,PLANT_01,DC_WEST,2024-08-26,407,4949.12
NWO-1006,PLANT_01,DC_WEST,2024-09-02,386,4693.76
NWO-1006,PLANT_01,DC_WEST,2024-09-09,332,4037.12
NWO-1006,PLANT_01,DC_WEST,2024-09-16,429,5216.64
NWO-1006,PLANT_01,DC_WEST,2024-09-23,407,4949.12
NWO-1006,PLANT_01,DC_WEST,2024-09-30,388,4718.08
NWO-1006,PLANT_01,DC_WEST,2024-10-07,420,5107.2
NWO-1006,PLANT_01,DC_WEST,2024-10-14,445,5411.2
NWO-1006,PLANT_01,DC_WEST,2024-10-21,396,4815.36
NWO-1006,PLANT_01,DC_WEST,2024-10-28,461,5605.76
NWO-1006,PLANT_01,DC_WEST,2024-11-04,610,7417.6
NWO-1006,PLANT_01,DC_WEST,2024-11-11,684,8317.44
NWO-1006,PLANT_01,DC_WEST,2024-11-18,700,8512.0
NWO-1006,PLANT_01,DC_WEST,2024-11-25,599,7283.84
NWO-1006,PLANT_01,DC_WEST,2024-12-02,628,7636.48
NWO-1006,PLANT_01,DC_WEST,2024-12-09,689,8378.24
NWO-1006,PLANT_01,DC_WEST,2024-12-16,670,8147.2
NWO-1006,PLANT_01,DC_WEST,2024-12-23,607,7381.12
NWO-1006,PLANT_01,DC_WEST,2024-12-30,722,8779.52
NWO-1006,PLANT_01,DC_WEST,2025-01-06,402,4888.32
NWO-1006,PLANT_01,DC_WEST,2025-01-13,340,4134.4
NWO-1006,PLANT_01,DC_WEST,2025-01-20,393,4778.88
NWO-1006,PLANT_01,DC_WEST,2025-01-27,375,4560.0
NWO-1006,PLANT_01,DC_WEST,2025-02-03,412,5009.92
NWO-1006,PLANT_01,DC_WEST,2025-02-10,428,5204.48
NWO-1006,PLANT_01,DC_WEST,2025-02-17,305,3708.8
NWO-1006,PLANT_01,DC_WEST,2025-02-24,406,4936.96
NWO-1006,PLANT_01,DC_WEST,2025-03-03,421,5119.36
NWO-1006,PLANT_01,DC_WEST,2025-03-10,418,5082.88
NWO-1006,PLANT_01,DC_WEST,2025-03-17,388,4718.08
NWO-1006,PLANT_01,DC_WEST,2025-03-24,375,4560.0
NWO-1006,PLANT_01,DC_WEST,2025-03-31,378,4596.48
NWO-1006,PLANT_01,DC_WEST,2025-04-07,413,5022.08
NWO-1006,PLANT_01,DC_WEST,2025-04-14,441,5362.56
NWO-1006,PLANT_01,DC_WEST,2025-04-21,397,4827.52
NWO-1006,PLANT_01,DC_WEST,2025-04-28,395,4803.2
NWO-1006,PLANT_01,DC_WEST,2025-05-05,368,4474.88
NWO-1006,PLANT_01,DC_WEST,2025-05-12,452,5496.32
NWO-1006,PLANT_01,DC_WEST,2025-05-19,415,5046.4
NWO-1006,PLANT_01,DC_WEST,2025-05-26,471,5727.36
NWO-1006,PLANT_01,DC_WEST,2025-06-02,534,6493.44
NWO-1006,PLANT_01,DC_WEST,2025-06-09,411,4997.76
NWO-1006,PLANT_01,DC_WEST,2025-06-16,446,5423.36
NWO-1006,PLANT_01,DC_WEST,2025-06-23,493,5994.88
NWO-1006,PLANT_01,DC_WEST,2025-06-30,450,5472.0
NWO-1006,PLANT_01,DC_WEST,2025-07-07,482,5861.12
NWO-1006,PLANT_01,DC_WEST,2025-07-14,487,5921.92
NWO-1006,PLANT_01,DC_WEST,2025-07-21,502,6104.32
NWO-1006,PLANT_01,DC_WEST,2025-07-28,565,6870.4
NWO-1006,PLANT_01,DC_WEST,2025-08-04,506,6152.96
NWO-1006,PLANT_01,DC_WEST,2025-08-11,495,6019.2
NWO-1006,PLANT_01,DC_WEST,2025-08-18,470,5715.2
NWO-1006,PLANT_01,DC_WEST,2025-08-25,499,6067.84
NWO-1006,PLANT_01,DC_WEST,2025-09-01,388,4718.08
NWO-1006,PLANT_01,DC_WEST,2025-09-08,425,5168.0
NWO-1006,PLANT_01,DC_WEST,2025-09-15,350,4256.0
NWO-1006,PLANT_01,DC_WEST,2025-09-22,408,4961.28
NWO-1006,PLANT_01,DC_WEST,2025-09-29,437,5313.92
NWO-1006,PLANT_01,DC_WEST,2025-10-06,495,6019.2
NWO-1006,PLANT_01,DC_WEST,2025-10-13,518,6298.88
NWO-1006,PLANT_01,DC_WEST,2025-10-20,416,5058.56
NWO-1006,PLANT_01,DC_WEST,2025-10-27,454,5520.64
NWO-1006,PLANT_01,DC_WEST,2025-11-03,502,6104.32
NWO-1006,PLANT_01,DC_WEST,2025-11-10,580,7052.8
NWO-1006,PLANT_01,DC_WEST,2025-11-17,478,5812.48
NWO-1006,PLANT_01,DC_WEST,2025-11-24,586,7125.76
NWO-1006,PLANT_01,DC_WEST,2025-12-01,685,8329.6
NWO-1006,PLANT_01,DC_WEST,2025-12-08,550,6688.0
NWO-1006,PLANT_01,DC_WEST,2025-12-15,590,7174.4
NWO-1006,PLANT_01,DC_WEST,2025-12-22,661,8037.76
NWO-1006,PLANT_01,DC_WEST,2025-12-29,771,9375.36
NWO-1006,PLANT_01,DC_WEST,2026-01-05,368,4474.88
NWO-1006,PLANT_01,DC_WEST,2026-01-12,279,3392.64
NWO-1006,PLANT_01,DC_WEST,2026-01-19,339,4122.24
NWO-1006,PLANT_01,DC_WEST,2026-01-26,308,3745.28
NWO-1006,PLANT_01,DC_WEST,2026-02-02,337,4097.92
NWO-1006,PLANT_01,DC_WEST,2026-02-09,404,4912.64
NWO-1006,PLANT_01,DC_WEST,2026-02-16,347,4219.52
NWO-1006,PLANT_01,DC_WEST,2026-02-23,400,4864.0
NWO-1006,PLANT_01,DC_WEST,2026-03-02,480,5836.8
NWO-1006,PLANT_01,DC_WEST,2026-03-09,327,3976.32
NWO-1006,PLANT_01,DC_WEST,2026-03-16,376,4572.16
NWO-1006,PLANT_01,DC_WEST,2026-03-23,370,4499.2
NWO-1006,PLANT_01,DC_WEST,2026-03-30,446,5423.36
NWO-1006,PLANT_01,DC_WEST,2026-04-06,426,5180.16
NWO-1006,PLANT_01,DC_WEST,2026-04-13,428,5204.48
NWO-1006,PLANT_01,DC_WEST,2026-04-20,407,4949.12
NWO-1006,PLANT_01,DC_WEST,2026-04-27,449,5459.84
NWO-1006,PLANT_01,DC_WEST,2026-05-04,388,4718.08
NWO-1006,PLANT_01,DC_WEST,2026-05-11,434,5277.44
NWO-1006,PLANT_01,DC_WEST,2026-05-18,422,5131.52
NWO-1006,PLANT_01,DC_WEST,2026-05-25,442,5374.72
NWO-1006,PLANT_01,DC_WEST,2026-06-01,455,5532.8
NWO-1007,PLANT_01,DC_NORTH,2025-12-01,7,234.5
NWO-1007,PLANT_01,DC_NORTH,2025-12-08,11,368.5
NWO-1007,PLANT_01,DC_NORTH,2025-12-15,15,502.5
NWO-1007,PLANT_01,DC_NORTH,2025-12-22,23,770.5
NWO-1007,PLANT_01,DC_NORTH,2025-12-29,41,1373.5
NWO-1007,PLANT_01,DC_NORTH,2026-01-05,23,770.5
NWO-1007,PLANT_01,DC_NORTH,2026-01-12,28,938.0
NWO-1007,PLANT_01,DC_NORTH,2026-01-19,35,1172.5
NWO-1007,PLANT_01,DC_NORTH,2026-01-26,37,1239.5
NWO-1007,PLANT_01,DC_NORTH,2026-02-02,51,1708.5
NWO-1007,PLANT_01,DC_NORTH,2026-02-09,42,1407.0
NWO-1007,PLANT_01,DC_NORTH,2026-02-16,42,1407.0
NWO-1007,PLANT_01,DC_NORTH,2026-02-23,60,2010.0
NWO-1007,PLANT_01,DC_NORTH,2026-03-02,56,1876.0
NWO-1007,PLANT_01,DC_NORTH,2026-03-09,77,2579.5
NWO-1007,PLANT_01,DC_NORTH,2026-03-16,81,2713.5
NWO-1007,PLANT_01,DC_NORTH,2026-03-23,57,1909.5
NWO-1007,PLANT_01,DC_NORTH,2026-03-30,86,2881.0
NWO-1007,PLANT_01,DC_NORTH,2026-04-06,76,2546.0
NWO-1007,PLANT_01,DC_NORTH,2026-04-13,99,3316.5
NWO-1007,PLANT_01,DC_NORTH,2026-04-20,68,2278.0
NWO-1007,PLANT_01,DC_NORTH,2026-04-27,67,2244.5
NWO-1007,PLANT_01,DC_NORTH,2026-05-04,88,2948.0
NWO-1007,PLANT_01,DC_NORTH,2026-05-11,76,2546.0
NWO-1007,PLANT_01,DC_NORTH,2026-05-18,66,2211.0
NWO-1007,PLANT_01,DC_NORTH,2026-05-25,62,2077.0
NWO-1007,PLANT_01,DC_NORTH,2026-06-01,91,3048.5
NWO-1007,PLANT_01,DC_SOUTH,2025-12-01,15,502.5
NWO-1007,PLANT_01,DC_SOUTH,2025-12-08,23,770.5
NWO-1007,PLANT_01,DC_SOUTH,2025-12-15,48,1608.0
NWO-1007,PLANT_01,DC_SOUTH,2025-12-22,56,1876.0
NWO-1007,PLANT_01,DC_SOUTH,2025-12-29,100,3350.0
NWO-1007,PLANT_01,DC_SOUTH,2026-01-05,69,2311.5
NWO-1007,PLANT_01,DC_SOUTH,2026-01-12,81,2713.5
NWO-1007,PLANT_01,DC_SOUTH,2026-01-19,96,3216.0
NWO-1007,PLANT_01,DC_SOUTH,2026-01-26,111,3718.5
NWO-1007,PLANT_01,DC_SOUTH,2026-02-02,122,4087.0
NWO-1007,PLANT_01,DC_SOUTH,2026-02-09,175,5862.5
NWO-1007,PLANT_01,DC_SOUTH,2026-02-16,205,6867.5
NWO-1007,PLANT_01,DC_SOUTH,2026-02-23,142,4757.0
NWO-1007,PLANT_01,DC_SOUTH,2026-03-02,196,6566.0
NWO-1007,PLANT_01,DC_SOUTH,2026-03-09,152,5092.0
NWO-1007,PLANT_01,DC_SOUTH,2026-03-16,170,5695.0
NWO-1007,PLANT_01,DC_SOUTH,2026-03-23,180,6030.0
NWO-1007,PLANT_01,DC_SOUTH,2026-03-30,212,7102.0
NWO-1007,PLANT_01,DC_SOUTH,2026-04-06,173,5795.5
NWO-1007,PLANT_01,DC_SOUTH,2026-04-13,176,5896.0
NWO-1007,PLANT_01,DC_SOUTH,2026-04-20,210,7035.0
NWO-1007,PLANT_01,DC_SOUTH,2026-04-27,229,7671.5
NWO-1007,PLANT_01,DC_SOUTH,2026-05-04,227,7604.5
NWO-1007,PLANT_01,DC_SOUTH,2026-05-11,215,7202.5
NWO-1007,PLANT_01,DC_SOUTH,2026-05-18,201,6733.5
NWO-1007,PLANT_01,DC_SOUTH,2026-05-25,174,5829.0
NWO-1007,PLANT_01,DC_SOUTH,2026-06-01,198,6633.0
NWO-1007,PLANT_01,DC_WEST,2025-12-01,9,301.5
NWO-1007,PLANT_01,DC_WEST,2025-12-08,17,569.5
NWO-1007,PLANT_01,DC_WEST,2025-12-15,34,1139.0
NWO-1007,PLANT_01,DC_WEST,2025-12-22,58,1943.0
NWO-1007,PLANT_01,DC_WEST,2025-12-29,64,2144.0
NWO-1007,PLANT_01,DC_WEST,2026-01-05,38,1273.0
NWO-1007,PLANT_01,DC_WEST,2026-01-12,66,2211.0
NWO-1007,PLANT_01,DC_WEST,2026-01-19,71,2378.5
NWO-1007,PLANT_01,DC_WEST,2026-01-26,78,2613.0
NWO-1007,PLANT_01,DC_WEST,2026-02-02,82,2747.0
NWO-1007,PLANT_01,DC_WEST,2026-02-09,116,3886.0
NWO-1007,PLANT_01,DC_WEST,2026-02-16,96,3216.0
NWO-1007,PLANT_01,DC_WEST,2026-02-23,110,3685.0
NWO-1007,PLANT_01,DC_WEST,2026-03-02,141,4723.5
NWO-1007,PLANT_01,DC_WEST,2026-03-09,156,5226.0
NWO-1007,PLANT_01,DC_WEST,2026-03-16,163,5460.5
NWO-1007,PLANT_01,DC_WEST,2026-03-23,162,5427.0
NWO-1007,PLANT_01,DC_WEST,2026-03-30,142,4757.0
NWO-1007,PLANT_01,DC_WEST,2026-04-06,145,4857.5
NWO-1007,PLANT_01,DC_WEST,2026-04-13,154,5159.0
NWO-1007,PLANT_01,DC_WEST,2026-04-20,167,5594.5
NWO-1007,PLANT_01,DC_WEST,2026-04-27,174,5829.0
NWO-1007,PLANT_01,DC_WEST,2026-05-04,158,5293.0
NWO-1007,PLANT_01,DC_WEST,2026-05-11,125,4187.5
NWO-1007,PLANT_01,DC_WEST,2026-05-18,182,6097.0
NWO-1007,PLANT_01,DC_WEST,2026-05-25,154,5159.0
NWO-1007,PLANT_01,DC_WEST,2026-06-01,150,5025.0
NWO-1008,PLANT_01,DC_NORTH,2023-06-05,49,8866.55
NWO-1008,PLANT_01,DC_NORTH,2023-06-12,43,7780.85
NWO-1008,PLANT_01,DC_NORTH,2023-06-19,48,8685.6
NWO-1008,PLANT_01,DC_NORTH,2023-06-26,50,9047.5
NWO-1008,PLANT_01,DC_NORTH,2023-07-03,53,9590.35
NWO-1008,PLANT_01,DC_NORTH,2023-07-10,51,9228.45
NWO-1008,PLANT_01,DC_NORTH,2023-07-17,46,8323.7
NWO-1008,PLANT_01,DC_NORTH,2023-07-24,41,7418.95
NWO-1008,PLANT_01,DC_NORTH,2023-07-31,46,8323.7
NWO-1008,PLANT_01,DC_NORTH,2023-08-07,43,7780.85
NWO-1008,PLANT_01,DC_NORTH,2023-08-14,44,7961.8
NWO-1008,PLANT_01,DC_NORTH,2023-08-21,55,9952.25
NWO-1008,PLANT_01,DC_NORTH,2023-08-28,46,8323.7
NWO-1008,PLANT_01,DC_NORTH,2023-09-04,45,8142.75
NWO-1008,PLANT_01,DC_NORTH,2023-09-11,47,8504.65
NWO-1008,PLANT_01,DC_NORTH,2023-09-18,46,8323.7
NWO-1008,PLANT_01,DC_NORTH,2023-09-25,53,9590.35
NWO-1008,PLANT_01,DC_NORTH,2023-10-02,44,7961.8
NWO-1008,PLANT_01,DC_NORTH,2023-10-09,57,10314.15
NWO-1008,PLANT_01,DC_NORTH,2023-10-16,38,6876.1
NWO-1008,PLANT_01,DC_NORTH,2023-10-23,54,9771.3
NWO-1008,PLANT_01,DC_NORTH,2023-10-30,34,6152.3
NWO-1008,PLANT_01,DC_NORTH,2023-11-06,64,11580.8
NWO-1008,PLANT_01,DC_NORTH,2023-11-13,69,12485.55
NWO-1008,PLANT_01,DC_NORTH,2023-11-20,63,11399.85
NWO-1008,PLANT_01,DC_NORTH,2023-11-27,53,9590.35
NWO-1008,PLANT_01,DC_NORTH,2023-12-04,61,11037.95
NWO-1008,PLANT_01,DC_NORTH,2023-12-11,71,12847.45
NWO-1008,PLANT_01,DC_NORTH,2023-12-18,92,16647.4
NWO-1008,PLANT_01,DC_NORTH,2023-12-25,68,12304.6
NWO-1008,PLANT_01,DC_NORTH,2024-01-01,34,6152.3
NWO-1008,PLANT_01,DC_NORTH,2024-01-08,31,5609.45
NWO-1008,PLANT_01,DC_NORTH,2024-01-15,35,6333.25
NWO-1008,PLANT_01,DC_NORTH,2024-01-22,38,6876.1
NWO-1008,PLANT_01,DC_NORTH,2024-01-29,35,6333.25
NWO-1008,PLANT_01,DC_NORTH,2024-02-05,34,6152.3
NWO-1008,PLANT_01,DC_NORTH,2024-02-12,38,6876.1
NWO-1008,PLANT_01,DC_NORTH,2024-02-19,39,7057.05
NWO-1008,PLANT_01,DC_NORTH,2024-02-26,44,7961.8
NWO-1008,PLANT_01,DC_NORTH,2024-03-04,31,5609.45
NWO-1008,PLANT_01,DC_NORTH,2024-03-11,34,6152.3
NWO-1008,PLANT_01,DC_NORTH,2024-03-18,40,7238.0
NWO-1008,PLANT_01,DC_NORTH,2024-03-25,32,5790.4
NWO-1008,PLANT_01,DC_NORTH,2024-04-01,60,10857.0
NWO-1008,PLANT_01,DC_NORTH,2024-04-08,48,8685.6
NWO-1008,PLANT_01,DC_NORTH,2024-04-15,37,6695.15
NWO-1008,PLANT_01,DC_NORTH,2024-04-22,42,7599.9
NWO-1008,PLANT_01,DC_NORTH,2024-04-29,48,8685.6
NWO-1008,PLANT_01,DC_NORTH,2024-05-06,56,10133.2
NWO-1008,PLANT_01,DC_NORTH,2024-05-13,42,7599.9
NWO-1008,PLANT_01,DC_NORTH,2024-05-20,46,8323.7
NWO-1008,PLANT_01,DC_NORTH,2024-05-27,41,7418.95
NWO-1008,PLANT_01,DC_NORTH,2024-06-03,54,9771.3
NWO-1008,PLANT_01,DC_NORTH,2024-06-10,51,9228.45
NWO-1008,PLANT_01,DC_NORTH,2024-06-17,55,9952.25
NWO-1008,PLANT_01,DC_NORTH,2024-06-24,58,10495.1
NWO-1008,PLANT_01,DC_NORTH,2024-07-01,36,6514.2
NWO-1008,PLANT_01,DC_NORTH,2024-07-08,45,8142.75
NWO-1008,PLANT_01,DC_NORTH,2024-07-15,54,9771.3
NWO-1008,PLANT_01,DC_NORTH,2024-07-22,47,8504.65
NWO-1008,PLANT_01,DC_NORTH,2024-07-29,59,10676.05
NWO-1008,PLANT_01,DC_NORTH,2024-08-05,58,10495.1
NWO-1008,PLANT_01,DC_NORTH,2024-08-12,50,9047.5
NWO-1008,PLANT_01,DC_NORTH,2024-08-19,53,9590.35
NWO-1008,PLANT_01,DC_NORTH,2024-08-26,39,7057.05
NWO-1008,PLANT_01,DC_NORTH,2024-09-02,52,9409.4
NWO-1008,PLANT_01,DC_NORTH,2024-09-09,57,10314.15
NWO-1008,PLANT_01,DC_NORTH,2024-09-16,50,9047.5
NWO-1008,PLANT_01,DC_NORTH,2024-09-23,47,8504.65
NWO-1008,PLANT_01,DC_NORTH,2024-09-30,35,6333.25
NWO-1008,PLANT_01,DC_NORTH,2024-10-07,54,9771.3
NWO-1008,PLANT_01,DC_NORTH,2024-10-14,39,7057.05
NWO-1008,PLANT_01,DC_NORTH,2024-10-21,36,6514.2
NWO-1008,PLANT_01,DC_NORTH,2024-10-28,48,8685.6
NWO-1008,PLANT_01,DC_NORTH,2024-11-04,78,14114.1
NWO-1008,PLANT_01,DC_NORTH,2024-11-11,63,11399.85
NWO-1008,PLANT_01,DC_NORTH,2024-11-18,80,14476.0
NWO-1008,PLANT_01,DC_NORTH,2024-11-25,77,13933.15
NWO-1008,PLANT_01,DC_NORTH,2024-12-02,79,14295.05
NWO-1008,PLANT_01,DC_NORTH,2024-12-09,104,18818.8
NWO-1008,PLANT_01,DC_NORTH,2024-12-16,62,11218.9
NWO-1008,PLANT_01,DC_NORTH,2024-12-23,78,14114.1
NWO-1008,PLANT_01,DC_NORTH,2024-12-30,68,12304.6
NWO-1008,PLANT_01,DC_NORTH,2025-01-06,42,7599.9
NWO-1008,PLANT_01,DC_NORTH,2025-01-13,29,5247.55
NWO-1008,PLANT_01,DC_NORTH,2025-01-20,41,7418.95
NWO-1008,PLANT_01,DC_NORTH,2025-01-27,50,9047.5
NWO-1008,PLANT_01,DC_NORTH,2025-02-03,37,6695.15
NWO-1008,PLANT_01,DC_NORTH,2025-02-10,35,6333.25
NWO-1008,PLANT_01,DC_NORTH,2025-02-17,46,8323.7
NWO-1008,PLANT_01,DC_NORTH,2025-02-24,44,7961.8
NWO-1008,PLANT_01,DC_NORTH,2025-03-03,50,9047.5
NWO-1008,PLANT_01,DC_NORTH,2025-03-10,52,9409.4
NWO-1008,PLANT_01,DC_NORTH,2025-03-17,54,9771.3
NWO-1008,PLANT_01,DC_NORTH,2025-03-24,48,8685.6
NWO-1008,PLANT_01,DC_NORTH,2025-03-31,46,8323.7
NWO-1008,PLANT_01,DC_NORTH,2025-04-07,54,9771.3
NWO-1008,PLANT_01,DC_NORTH,2025-04-14,43,7780.85
NWO-1008,PLANT_01,DC_NORTH,2025-04-21,61,11037.95
NWO-1008,PLANT_01,DC_NORTH,2025-04-28,45,8142.75
NWO-1008,PLANT_01,DC_NORTH,2025-05-05,52,9409.4
NWO-1008,PLANT_01,DC_NORTH,2025-05-12,48,8685.6
NWO-1008,PLANT_01,DC_NORTH,2025-05-19,60,10857.0
NWO-1008,PLANT_01,DC_NORTH,2025-05-26,55,9952.25
NWO-1008,PLANT_01,DC_NORTH,2025-06-02,68,12304.6
NWO-1008,PLANT_01,DC_NORTH,2025-06-09,74,13390.3
NWO-1008,PLANT_01,DC_NORTH,2025-06-16,60,10857.0
NWO-1008,PLANT_01,DC_NORTH,2025-06-23,62,11218.9
NWO-1008,PLANT_01,DC_NORTH,2025-06-30,62,11218.9
NWO-1008,PLANT_01,DC_NORTH,2025-07-07,51,9228.45
NWO-1008,PLANT_01,DC_NORTH,2025-07-14,77,13933.15
NWO-1008,PLANT_01,DC_NORTH,2025-07-21,50,9047.5
NWO-1008,PLANT_01,DC_NORTH,2025-07-28,53,9590.35
NWO-1008,PLANT_01,DC_NORTH,2025-08-04,52,9409.4
NWO-1008,PLANT_01,DC_NORTH,2025-08-11,58,10495.1
NWO-1008,PLANT_01,DC_NORTH,2025-08-18,72,13028.4
NWO-1008,PLANT_01,DC_NORTH,2025-08-25,55,9952.25
NWO-1008,PLANT_01,DC_NORTH,2025-09-01,43,7780.85
NWO-1008,PLANT_01,DC_NORTH,2025-09-08,65,11761.75
NWO-1008,PLANT_01,DC_NORTH,2025-09-15,66,11942.7
NWO-1008,PLANT_01,DC_NORTH,2025-09-22,50,9047.5
NWO-1008,PLANT_01,DC_NORTH,2025-09-29,64,11580.8
NWO-1008,PLANT_01,DC_NORTH,2025-10-06,53,9590.35
NWO-1008,PLANT_01,DC_NORTH,2025-10-13,51,9228.45
NWO-1008,PLANT_01,DC_NORTH,2025-10-20,47,8504.65
NWO-1008,PLANT_01,DC_NORTH,2025-10-27,55,9952.25
NWO-1008,PLANT_01,DC_NORTH,2025-11-03,74,13390.3
NWO-1008,PLANT_01,DC_NORTH,2025-11-10,90,16285.5
NWO-1008,PLANT_01,DC_NORTH,2025-11-17,69,12485.55
NWO-1008,PLANT_01,DC_NORTH,2025-11-24,94,17009.3
NWO-1008,PLANT_01,DC_NORTH,2025-12-01,84,15199.8
NWO-1008,PLANT_01,DC_NORTH,2025-12-08,80,14476.0
NWO-1008,PLANT_01,DC_NORTH,2025-12-15,88,15923.6
NWO-1008,PLANT_01,DC_NORTH,2025-12-22,73,13209.35
NWO-1008,PLANT_01,DC_NORTH,2025-12-29,68,12304.6
NWO-1008,PLANT_01,DC_NORTH,2026-01-05,45,8142.75
NWO-1008,PLANT_01,DC_NORTH,2026-01-12,52,9409.4
NWO-1008,PLANT_01,DC_NORTH,2026-01-19,45,8142.75
NWO-1008,PLANT_01,DC_NORTH,2026-01-26,44,7961.8
NWO-1008,PLANT_01,DC_NORTH,2026-02-02,42,7599.9
NWO-1008,PLANT_01,DC_NORTH,2026-02-09,43,7780.85
NWO-1008,PLANT_01,DC_NORTH,2026-02-16,59,10676.05
NWO-1008,PLANT_01,DC_NORTH,2026-02-23,46,8323.7
NWO-1008,PLANT_01,DC_NORTH,2026-03-02,52,9409.4
NWO-1008,PLANT_01,DC_NORTH,2026-03-09,48,8685.6
NWO-1008,PLANT_01,DC_NORTH,2026-03-16,58,10495.1
NWO-1008,PLANT_01,DC_NORTH,2026-03-23,47,8504.65
NWO-1008,PLANT_01,DC_NORTH,2026-03-30,64,11580.8
NWO-1008,PLANT_01,DC_NORTH,2026-04-06,63,11399.85
NWO-1008,PLANT_01,DC_NORTH,2026-04-13,54,9771.3
NWO-1008,PLANT_01,DC_NORTH,2026-04-20,61,11037.95
NWO-1008,PLANT_01,DC_NORTH,2026-04-27,60,10857.0
NWO-1008,PLANT_01,DC_NORTH,2026-05-04,60,10857.0
NWO-1008,PLANT_01,DC_NORTH,2026-05-11,54,9771.3
NWO-1008,PLANT_01,DC_NORTH,2026-05-18,44,7961.8
NWO-1008,PLANT_01,DC_NORTH,2026-05-25,60,10857.0
NWO-1008,PLANT_01,DC_NORTH,2026-06-01,70,12666.5
NWO-1008,PLANT_01,DC_SOUTH,2023-06-05,126,22799.7
NWO-1008,PLANT_01,DC_SOUTH,2023-06-12,102,18456.9
NWO-1008,PLANT_01,DC_SOUTH,2023-06-19,125,22618.75
NWO-1008,PLANT_01,DC_SOUTH,2023-06-26,115,20809.25
NWO-1008,PLANT_01,DC_SOUTH,2023-07-03,110,19904.5
NWO-1008,PLANT_01,DC_SOUTH,2023-07-10,105,18999.75
NWO-1008,PLANT_01,DC_SOUTH,2023-07-17,100,18095.0
NWO-1008,PLANT_01,DC_SOUTH,2023-07-24,97,17552.15
NWO-1008,PLANT_01,DC_SOUTH,2023-07-31,102,18456.9
NWO-1008,PLANT_01,DC_SOUTH,2023-08-07,122,22075.9
NWO-1008,PLANT_01,DC_SOUTH,2023-08-14,112,20266.4
NWO-1008,PLANT_01,DC_SOUTH,2023-08-21,117,21171.15
NWO-1008,PLANT_01,DC_SOUTH,2023-08-28,136,24609.2
NWO-1008,PLANT_01,DC_SOUTH,2023-09-04,110,19904.5
NWO-1008,PLANT_01,DC_SOUTH,2023-09-11,114,20628.3
NWO-1008,PLANT_01,DC_SOUTH,2023-09-18,119,21533.05
NWO-1008,PLANT_01,DC_SOUTH,2023-09-25,109,19723.55
NWO-1008,PLANT_01,DC_SOUTH,2023-10-02,100,18095.0
NWO-1008,PLANT_01,DC_SOUTH,2023-10-09,117,21171.15
NWO-1008,PLANT_01,DC_SOUTH,2023-10-16,135,24428.25
NWO-1008,PLANT_01,DC_SOUTH,2023-10-23,132,23885.4
NWO-1008,PLANT_01,DC_SOUTH,2023-10-30,136,24609.2
NWO-1008,PLANT_01,DC_SOUTH,2023-11-06,173,31304.35
NWO-1008,PLANT_01,DC_SOUTH,2023-11-13,153,27685.35
NWO-1008,PLANT_01,DC_SOUTH,2023-11-20,170,30761.5
NWO-1008,PLANT_01,DC_SOUTH,2023-11-27,138,24971.1
NWO-1008,PLANT_01,DC_SOUTH,2023-12-04,159,28771.05
NWO-1008,PLANT_01,DC_SOUTH,2023-12-11,160,28952.0
NWO-1008,PLANT_01,DC_SOUTH,2023-12-18,187,33837.65
NWO-1008,PLANT_01,DC_SOUTH,2023-12-25,150,27142.5
NWO-1008,PLANT_01,DC_SOUTH,2024-01-01,94,17009.3
NWO-1008,PLANT_01,DC_SOUTH,2024-01-08,103,18637.85
NWO-1008,PLANT_01,DC_SOUTH,2024-01-15,101,18275.95
NWO-1008,PLANT_01,DC_SOUTH,2024-01-22,105,18999.75
NWO-1008,PLANT_01,DC_SOUTH,2024-01-29,103,18637.85
NWO-1008,PLANT_01,DC_SOUTH,2024-02-05,84,15199.8
NWO-1008,PLANT_01,DC_SOUTH,2024-02-12,81,14656.95
NWO-1008,PLANT_01,DC_SOUTH,2024-02-19,97,17552.15
NWO-1008,PLANT_01,DC_SOUTH,2024-02-26,99,17914.05
NWO-1008,PLANT_01,DC_SOUTH,2024-03-04,119,21533.05
NWO-1008,PLANT_01,DC_SOUTH,2024-03-11,110,19904.5
NWO-1008,PLANT_01,DC_SOUTH,2024-03-18,104,18818.8
NWO-1008,PLANT_01,DC_SOUTH,2024-03-25,124,22437.8
NWO-1008,PLANT_01,DC_SOUTH,2024-04-01,134,24247.3
NWO-1008,PLANT_01,DC_SOUTH,2024-04-08,111,20085.45
NWO-1008,PLANT_01,DC_SOUTH,2024-04-15,145,26237.75
NWO-1008,PLANT_01,DC_SOUTH,2024-04-22,139,25152.05
NWO-1008,PLANT_01,DC_SOUTH,2024-04-29,130,23523.5
NWO-1008,PLANT_01,DC_SOUTH,2024-05-06,113,20447.35
NWO-1008,PLANT_01,DC_SOUTH,2024-05-13,140,25333.0
NWO-1008,PLANT_01,DC_SOUTH,2024-05-20,134,24247.3
NWO-1008,PLANT_01,DC_SOUTH,2024-05-27,129,23342.55
NWO-1008,PLANT_01,DC_SOUTH,2024-06-03,113,20447.35
NWO-1008,PLANT_01,DC_SOUTH,2024-06-10,132,23885.4
NWO-1008,PLANT_01,DC_SOUTH,2024-06-17,146,26418.7
NWO-1008,PLANT_01,DC_SOUTH,2024-06-24,139,25152.05
NWO-1008,PLANT_01,DC_SOUTH,2024-07-01,127,22980.65
NWO-1008,PLANT_01,DC_SOUTH,2024-07-08,137,24790.15
NWO-1008,PLANT_01,DC_SOUTH,2024-07-15,134,24247.3
NWO-1008,PLANT_01,DC_SOUTH,2024-07-22,122,22075.9
NWO-1008,PLANT_01,DC_SOUTH,2024-07-29,148,26780.6
NWO-1008,PLANT_01,DC_SOUTH,2024-08-05,161,29132.95
NWO-1008,PLANT_01,DC_SOUTH,2024-08-12,132,23885.4
NWO-1008,PLANT_01,DC_SOUTH,2024-08-19,176,31847.2
NWO-1008,PLANT_01,DC_SOUTH,2024-08-26,146,26418.7
NWO-1008,PLANT_01,DC_SOUTH,2024-09-02,122,22075.9
NWO-1008,PLANT_01,DC_SOUTH,2024-09-09,120,21714.0
NWO-1008,PLANT_01,DC_SOUTH,2024-09-16,130,23523.5
NWO-1008,PLANT_01,DC_SOUTH,2024-09-23,132,23885.4
NWO-1008,PLANT_01,DC_SOUTH,2024-09-30,130,23523.5
NWO-1008,PLANT_01,DC_SOUTH,2024-10-07,129,23342.55
NWO-1008,PLANT_01,DC_SOUTH,2024-10-14,133,24066.35
NWO-1008,PLANT_01,DC_SOUTH,2024-10-21,135,24428.25
NWO-1008,PLANT_01,DC_SOUTH,2024-10-28,133,24066.35
NWO-1008,PLANT_01,DC_SOUTH,2024-11-04,225,40713.75
NWO-1008,PLANT_01,DC_SOUTH,2024-11-11,184,33294.8
NWO-1008,PLANT_01,DC_SOUTH,2024-11-18,208,37637.6
NWO-1008,PLANT_01,DC_SOUTH,2024-11-25,217,39266.15
NWO-1008,PLANT_01,DC_SOUTH,2024-12-02,195,35285.25
NWO-1008,PLANT_01,DC_SOUTH,2024-12-09,185,33475.75
NWO-1008,PLANT_01,DC_SOUTH,2024-12-16,171,30942.45
NWO-1008,PLANT_01,DC_SOUTH,2024-12-23,209,37818.55
NWO-1008,PLANT_01,DC_SOUTH,2024-12-30,199,36009.05
NWO-1008,PLANT_01,DC_SOUTH,2025-01-06,83,15018.85
NWO-1008,PLANT_01,DC_SOUTH,2025-01-13,105,18999.75
NWO-1008,PLANT_01,DC_SOUTH,2025-01-20,120,21714.0
NWO-1008,PLANT_01,DC_SOUTH,2025-01-27,98,17733.1
NWO-1008,PLANT_01,DC_SOUTH,2025-02-03,114,20628.3
NWO-1008,PLANT_01,DC_SOUTH,2025-02-10,95,17190.25
NWO-1008,PLANT_01,DC_SOUTH,2025-02-17,99,17914.05
NWO-1008,PLANT_01,DC_SOUTH,2025-02-24,101,18275.95
NWO-1008,PLANT_01,DC_SOUTH,2025-03-03,97,17552.15
NWO-1008,PLANT_01,DC_SOUTH,2025-03-10,130,23523.5
NWO-1008,PLANT_01,DC_SOUTH,2025-03-17,122,22075.9
NWO-1008,PLANT_01,DC_SOUTH,2025-03-24,102,18456.9
NWO-1008,PLANT_01,DC_SOUTH,2025-03-31,135,24428.25
NWO-1008,PLANT_01,DC_SOUTH,2025-04-07,149,26961.55
NWO-1008,PLANT_01,DC_SOUTH,2025-04-14,136,24609.2
NWO-1008,PLANT_01,DC_SOUTH,2025-04-21,132,23885.4
NWO-1008,PLANT_01,DC_SOUTH,2025-04-28,138,24971.1
NWO-1008,PLANT_01,DC_SOUTH,2025-05-05,139,25152.05
NWO-1008,PLANT_01,DC_SOUTH,2025-05-12,158,28590.1
NWO-1008,PLANT_01,DC_SOUTH,2025-05-19,149,26961.55
NWO-1008,PLANT_01,DC_SOUTH,2025-05-26,122,22075.9
NWO-1008,PLANT_01,DC_SOUTH,2025-06-02,118,21352.1
NWO-1008,PLANT_01,DC_SOUTH,2025-06-09,132,23885.4
NWO-1008,PLANT_01,DC_SOUTH,2025-06-16,150,27142.5
NWO-1008,PLANT_01,DC_SOUTH,2025-06-23,152,27504.4
NWO-1008,PLANT_01,DC_SOUTH,2025-06-30,143,25875.85
NWO-1008,PLANT_01,DC_SOUTH,2025-07-07,162,29313.9
NWO-1008,PLANT_01,DC_SOUTH,2025-07-14,135,24428.25
NWO-1008,PLANT_01,DC_SOUTH,2025-07-21,148,26780.6
NWO-1008,PLANT_01,DC_SOUTH,2025-07-28,141,25513.95
NWO-1008,PLANT_01,DC_SOUTH,2025-08-04,141,25513.95
NWO-1008,PLANT_01,DC_SOUTH,2025-08-11,188,34018.6
NWO-1008,PLANT_01,DC_SOUTH,2025-08-18,163,29494.85
NWO-1008,PLANT_01,DC_SOUTH,2025-08-25,138,24971.1
NWO-1008,PLANT_01,DC_SOUTH,2025-09-01,178,32209.1
NWO-1008,PLANT_01,DC_SOUTH,2025-09-08,116,20990.2
NWO-1008,PLANT_01,DC_SOUTH,2025-09-15,119,21533.05
NWO-1008,PLANT_01,DC_SOUTH,2025-09-22,159,28771.05
NWO-1008,PLANT_01,DC_SOUTH,2025-09-29,163,29494.85
NWO-1008,PLANT_01,DC_SOUTH,2025-10-06,119,21533.05
NWO-1008,PLANT_01,DC_SOUTH,2025-10-13,129,23342.55
NWO-1008,PLANT_01,DC_SOUTH,2025-10-20,149,26961.55
NWO-1008,PLANT_01,DC_SOUTH,2025-10-27,155,28047.25
NWO-1008,PLANT_01,DC_SOUTH,2025-11-03,231,41799.45
NWO-1008,PLANT_01,DC_SOUTH,2025-11-10,223,40351.85
NWO-1008,PLANT_01,DC_SOUTH,2025-11-17,235,42523.25
NWO-1008,PLANT_01,DC_SOUTH,2025-11-24,183,33113.85
NWO-1008,PLANT_01,DC_SOUTH,2025-12-01,245,44332.75
NWO-1008,PLANT_01,DC_SOUTH,2025-12-08,213,38542.35
NWO-1008,PLANT_01,DC_SOUTH,2025-12-15,231,41799.45
NWO-1008,PLANT_01,DC_SOUTH,2025-12-22,211,38180.45
NWO-1008,PLANT_01,DC_SOUTH,2025-12-29,216,39085.2
NWO-1008,PLANT_01,DC_SOUTH,2026-01-05,115,20809.25
NWO-1008,PLANT_01,DC_SOUTH,2026-01-12,96,17371.2
NWO-1008,PLANT_01,DC_SOUTH,2026-01-19,99,17914.05
NWO-1008,PLANT_01,DC_SOUTH,2026-01-26,107,19361.65
NWO-1008,PLANT_01,DC_SOUTH,2026-02-02,144,26056.8
NWO-1008,PLANT_01,DC_SOUTH,2026-02-09,128,23161.6
NWO-1008,PLANT_01,DC_SOUTH,2026-02-16,131,23704.45
NWO-1008,PLANT_01,DC_SOUTH,2026-02-23,123,22256.85
NWO-1008,PLANT_01,DC_SOUTH,2026-03-02,114,20628.3
NWO-1008,PLANT_01,DC_SOUTH,2026-03-09,132,23885.4
NWO-1008,PLANT_01,DC_SOUTH,2026-03-16,146,26418.7
NWO-1008,PLANT_01,DC_SOUTH,2026-03-23,160,28952.0
NWO-1008,PLANT_01,DC_SOUTH,2026-03-30,163,29494.85
NWO-1008,PLANT_01,DC_SOUTH,2026-04-06,134,24247.3
NWO-1008,PLANT_01,DC_SOUTH,2026-04-13,142,25694.9
NWO-1008,PLANT_01,DC_SOUTH,2026-04-20,129,23342.55
NWO-1008,PLANT_01,DC_SOUTH,2026-04-27,150,27142.5
NWO-1008,PLANT_01,DC_SOUTH,2026-05-04,171,30942.45
NWO-1008,PLANT_01,DC_SOUTH,2026-05-11,182,32932.9
NWO-1008,PLANT_01,DC_SOUTH,2026-05-18,148,26780.6
NWO-1008,PLANT_01,DC_SOUTH,2026-05-25,180,32571.0
NWO-1008,PLANT_01,DC_SOUTH,2026-06-01,156,28228.2
NWO-1008,PLANT_01,DC_WEST,2023-06-05,82,14837.9
NWO-1008,PLANT_01,DC_WEST,2023-06-12,89,16104.55
NWO-1008,PLANT_01,DC_WEST,2023-06-19,87,15742.65
NWO-1008,PLANT_01,DC_WEST,2023-06-26,100,18095.0
NWO-1008,PLANT_01,DC_WEST,2023-07-03,97,17552.15
NWO-1008,PLANT_01,DC_WEST,2023-07-10,80,14476.0
NWO-1008,PLANT_01,DC_WEST,2023-07-17,100,18095.0
NWO-1008,PLANT_01,DC_WEST,2023-07-24,80,14476.0
NWO-1008,PLANT_01,DC_WEST,2023-07-31,111,20085.45
NWO-1008,PLANT_01,DC_WEST,2023-08-07,95,17190.25
NWO-1008,PLANT_01,DC_WEST,2023-08-14,106,19180.7
NWO-1008,PLANT_01,DC_WEST,2023-08-21,91,16466.45
NWO-1008,PLANT_01,DC_WEST,2023-08-28,75,13571.25
NWO-1008,PLANT_01,DC_WEST,2023-09-04,81,14656.95
NWO-1008,PLANT_01,DC_WEST,2023-09-11,102,18456.9
NWO-1008,PLANT_01,DC_WEST,2023-09-18,95,17190.25
NWO-1008,PLANT_01,DC_WEST,2023-09-25,82,14837.9
NWO-1008,PLANT_01,DC_WEST,2023-10-02,86,15561.7
NWO-1008,PLANT_01,DC_WEST,2023-10-09,80,14476.0
NWO-1008,PLANT_01,DC_WEST,2023-10-16,104,18818.8
NWO-1008,PLANT_01,DC_WEST,2023-10-23,91,16466.45
NWO-1008,PLANT_01,DC_WEST,2023-10-30,87,15742.65
NWO-1008,PLANT_01,DC_WEST,2023-11-06,132,23885.4
NWO-1008,PLANT_01,DC_WEST,2023-11-13,136,24609.2
NWO-1008,PLANT_01,DC_WEST,2023-11-20,114,20628.3
NWO-1008,PLANT_01,DC_WEST,2023-11-27,105,18999.75
NWO-1008,PLANT_01,DC_WEST,2023-12-04,129,23342.55
NWO-1008,PLANT_01,DC_WEST,2023-12-11,133,24066.35
NWO-1008,PLANT_01,DC_WEST,2023-12-18,163,29494.85
NWO-1008,PLANT_01,DC_WEST,2023-12-25,127,22980.65
NWO-1008,PLANT_01,DC_WEST,2024-01-01,65,11761.75
NWO-1008,PLANT_01,DC_WEST,2024-01-08,64,11580.8
NWO-1008,PLANT_01,DC_WEST,2024-01-15,70,12666.5
NWO-1008,PLANT_01,DC_WEST,2024-01-22,61,11037.95
NWO-1008,PLANT_01,DC_WEST,2024-01-29,75,13571.25
NWO-1008,PLANT_01,DC_WEST,2024-02-05,66,11942.7
NWO-1008,PLANT_01,DC_WEST,2024-02-12,98,17733.1
NWO-1008,PLANT_01,DC_WEST,2024-02-19,68,12304.6
NWO-1008,PLANT_01,DC_WEST,2024-02-26,71,12847.45
NWO-1008,PLANT_01,DC_WEST,2024-03-04,84,15199.8
NWO-1008,PLANT_01,DC_WEST,2024-03-11,80,14476.0
NWO-1008,PLANT_01,DC_WEST,2024-03-18,70,12666.5
NWO-1008,PLANT_01,DC_WEST,2024-03-25,85,15380.75
NWO-1008,PLANT_01,DC_WEST,2024-04-01,103,18637.85
NWO-1008,PLANT_01,DC_WEST,2024-04-08,103,18637.85
NWO-1008,PLANT_01,DC_WEST,2024-04-15,82,14837.9
NWO-1008,PLANT_01,DC_WEST,2024-04-22,73,13209.35
NWO-1008,PLANT_01,DC_WEST,2024-04-29,93,16828.35
NWO-1008,PLANT_01,DC_WEST,2024-05-06,80,14476.0
NWO-1008,PLANT_01,DC_WEST,2024-05-13,89,16104.55
NWO-1008,PLANT_01,DC_WEST,2024-05-20,90,16285.5
NWO-1008,PLANT_01,DC_WEST,2024-05-27,67,12123.65
NWO-1008,PLANT_01,DC_WEST,2024-06-03,99,17914.05
NWO-1008,PLANT_01,DC_WEST,2024-06-10,103,18637.85
NWO-1008,PLANT_01,DC_WEST,2024-06-17,105,18999.75
NWO-1008,PLANT_01,DC_WEST,2024-06-24,117,21171.15
NWO-1008,PLANT_01,DC_WEST,2024-07-01,102,18456.9
NWO-1008,PLANT_01,DC_WEST,2024-07-08,100,18095.0
NWO-1008,PLANT_01,DC_WEST,2024-07-15,97,17552.15
NWO-1008,PLANT_01,DC_WEST,2024-07-22,112,20266.4
NWO-1008,PLANT_01,DC_WEST,2024-07-29,103,18637.85
NWO-1008,PLANT_01,DC_WEST,2024-08-05,128,23161.6
NWO-1008,PLANT_01,DC_WEST,2024-08-12,100,18095.0
NWO-1008,PLANT_01,DC_WEST,2024-08-19,85,15380.75
NWO-1008,PLANT_01,DC_WEST,2024-08-26,110,19904.5
NWO-1008,PLANT_01,DC_WEST,2024-09-02,90,16285.5
NWO-1008,PLANT_01,DC_WEST,2024-09-09,83,15018.85
NWO-1008,PLANT_01,DC_WEST,2024-09-16,96,17371.2
NWO-1008,PLANT_01,DC_WEST,2024-09-23,103,18637.85
NWO-1008,PLANT_01,DC_WEST,2024-09-30,119,21533.05
NWO-1008,PLANT_01,DC_WEST,2024-10-07,92,16647.4
NWO-1008,PLANT_01,DC_WEST,2024-10-14,107,19361.65
NWO-1008,PLANT_01,DC_WEST,2024-10-21,107,19361.65
NWO-1008,PLANT_01,DC_WEST,2024-10-28,105,18999.75
NWO-1008,PLANT_01,DC_WEST,2024-11-04,129,23342.55
NWO-1008,PLANT_01,DC_WEST,2024-11-11,171,30942.45
NWO-1008,PLANT_01,DC_WEST,2024-11-18,153,27685.35
NWO-1008,PLANT_01,DC_WEST,2024-11-25,136,24609.2
NWO-1008,PLANT_01,DC_WEST,2024-12-02,143,25875.85
NWO-1008,PLANT_01,DC_WEST,2024-12-09,147,26599.65
NWO-1008,PLANT_01,DC_WEST,2024-12-16,137,24790.15
NWO-1008,PLANT_01,DC_WEST,2024-12-23,143,25875.85
NWO-1008,PLANT_01,DC_WEST,2024-12-30,155,28047.25
NWO-1008,PLANT_01,DC_WEST,2025-01-06,83,15018.85
NWO-1008,PLANT_01,DC_WEST,2025-01-13,62,11218.9
NWO-1008,PLANT_01,DC_WEST,2025-01-20,70,12666.5
NWO-1008,PLANT_01,DC_WEST,2025-01-27,85,15380.75
NWO-1008,PLANT_01,DC_WEST,2025-02-03,87,15742.65
NWO-1008,PLANT_01,DC_WEST,2025-02-10,77,13933.15
NWO-1008,PLANT_01,DC_WEST,2025-02-17,65,11761.75
NWO-1008,PLANT_01,DC_WEST,2025-02-24,89,16104.55
NWO-1008,PLANT_01,DC_WEST,2025-03-03,104,18818.8
NWO-1008,PLANT_01,DC_WEST,2025-03-10,132,23885.4
NWO-1008,PLANT_01,DC_WEST,2025-03-17,94,17009.3
NWO-1008,PLANT_01,DC_WEST,2025-03-24,81,14656.95
NWO-1008,PLANT_01,DC_WEST,2025-03-31,83,15018.85
NWO-1008,PLANT_01,DC_WEST,2025-04-07,109,19723.55
NWO-1008,PLANT_01,DC_WEST,2025-04-14,91,16466.45
NWO-1008,PLANT_01,DC_WEST,2025-04-21,96,17371.2
NWO-1008,PLANT_01,DC_WEST,2025-04-28,113,20447.35
NWO-1008,PLANT_01,DC_WEST,2025-05-05,110,19904.5
NWO-1008,PLANT_01,DC_WEST,2025-05-12,113,20447.35
NWO-1008,PLANT_01,DC_WEST,2025-05-19,100,18095.0
NWO-1008,PLANT_01,DC_WEST,2025-05-26,104,18818.8
NWO-1008,PLANT_01,DC_WEST,2025-06-02,112,20266.4
NWO-1008,PLANT_01,DC_WEST,2025-06-09,116,20990.2
NWO-1008,PLANT_01,DC_WEST,2025-06-16,129,23342.55
NWO-1008,PLANT_01,DC_WEST,2025-06-23,126,22799.7
NWO-1008,PLANT_01,DC_WEST,2025-06-30,110,19904.5
NWO-1008,PLANT_01,DC_WEST,2025-07-07,119,21533.05
NWO-1008,PLANT_01,DC_WEST,2025-07-14,120,21714.0
NWO-1008,PLANT_01,DC_WEST,2025-07-21,101,18275.95
NWO-1008,PLANT_01,DC_WEST,2025-07-28,127,22980.65
NWO-1008,PLANT_01,DC_WEST,2025-08-04,104,18818.8
NWO-1008,PLANT_01,DC_WEST,2025-08-11,123,22256.85
NWO-1008,PLANT_01,DC_WEST,2025-08-18,126,22799.7
NWO-1008,PLANT_01,DC_WEST,2025-08-25,105,18999.75
NWO-1008,PLANT_01,DC_WEST,2025-09-01,102,18456.9
NWO-1008,PLANT_01,DC_WEST,2025-09-08,84,15199.8
NWO-1008,PLANT_01,DC_WEST,2025-09-15,115,20809.25
NWO-1008,PLANT_01,DC_WEST,2025-09-22,134,24247.3
NWO-1008,PLANT_01,DC_WEST,2025-09-29,118,21352.1
NWO-1008,PLANT_01,DC_WEST,2025-10-06,159,28771.05
NWO-1008,PLANT_01,DC_WEST,2025-10-13,127,22980.65
NWO-1008,PLANT_01,DC_WEST,2025-10-20,118,21352.1
NWO-1008,PLANT_01,DC_WEST,2025-10-27,101,18275.95
NWO-1008,PLANT_01,DC_WEST,2025-11-03,164,29675.8
NWO-1008,PLANT_01,DC_WEST,2025-11-10,130,23523.5
NWO-1008,PLANT_01,DC_WEST,2025-11-17,154,27866.3
NWO-1008,PLANT_01,DC_WEST,2025-11-24,160,28952.0
NWO-1008,PLANT_01,DC_WEST,2025-12-01,182,32932.9
NWO-1008,PLANT_01,DC_WEST,2025-12-08,150,27142.5
NWO-1008,PLANT_01,DC_WEST,2025-12-15,156,28228.2
NWO-1008,PLANT_01,DC_WEST,2025-12-22,222,40170.9
NWO-1008,PLANT_01,DC_WEST,2025-12-29,149,26961.55
NWO-1008,PLANT_01,DC_WEST,2026-01-05,80,14476.0
NWO-1008,PLANT_01,DC_WEST,2026-01-12,86,15561.7
NWO-1008,PLANT_01,DC_WEST,2026-01-19,90,16285.5
NWO-1008,PLANT_01,DC_WEST,2026-01-26,79,14295.05
NWO-1008,PLANT_01,DC_WEST,2026-02-02,83,15018.85
NWO-1008,PLANT_01,DC_WEST,2026-02-09,84,15199.8
NWO-1008,PLANT_01,DC_WEST,2026-02-16,104,18818.8
NWO-1008,PLANT_01,DC_WEST,2026-02-23,92,16647.4
NWO-1008,PLANT_01,DC_WEST,2026-03-02,130,23523.5
NWO-1008,PLANT_01,DC_WEST,2026-03-09,110,19904.5
NWO-1008,PLANT_01,DC_WEST,2026-03-16,108,19542.6
NWO-1008,PLANT_01,DC_WEST,2026-03-23,100,18095.0
NWO-1008,PLANT_01,DC_WEST,2026-03-30,108,19542.6
NWO-1008,PLANT_01,DC_WEST,2026-04-06,111,20085.45
NWO-1008,PLANT_01,DC_WEST,2026-04-13,112,20266.4
NWO-1008,PLANT_01,DC_WEST,2026-04-20,140,25333.0
NWO-1008,PLANT_01,DC_WEST,2026-04-27,218,39447.1
NWO-1008,PLANT_01,DC_WEST,2026-05-04,239,43247.05
NWO-1008,PLANT_01,DC_WEST,2026-05-11,193,34923.35
NWO-1008,PLANT_01,DC_WEST,2026-05-18,121,21894.95
NWO-1008,PLANT_01,DC_WEST,2026-05-25,116,20990.2
NWO-1008,PLANT_01,DC_WEST,2026-06-01,128,23161.6
NWO-1009,PLANT_01,DC_NORTH,2023-06-05,62,11524.56
NWO-1009,PLANT_01,DC_NORTH,2023-06-12,57,10595.16
NWO-1009,PLANT_01,DC_NORTH,2023-06-19,40,7435.2
NWO-1009,PLANT_01,DC_NORTH,2023-06-26,52,9665.76
NWO-1009,PLANT_01,DC_NORTH,2023-07-03,65,12082.2
NWO-1009,PLANT_01,DC_NORTH,2023-07-10,62,11524.56
NWO-1009,PLANT_01,DC_NORTH,2023-07-17,70,13011.6
NWO-1009,PLANT_01,DC_NORTH,2023-07-24,61,11338.68
NWO-1009,PLANT_01,DC_NORTH,2023-07-31,56,10409.28
NWO-1009,PLANT_01,DC_NORTH,2023-08-07,58,10781.04
NWO-1009,PLANT_01,DC_NORTH,2023-08-14,78,14498.64
NWO-1009,PLANT_01,DC_NORTH,2023-08-21,75,13941.0
NWO-1009,PLANT_01,DC_NORTH,2023-08-28,47,8736.36
NWO-1009,PLANT_01,DC_NORTH,2023-09-04,63,11710.44
NWO-1009,PLANT_01,DC_NORTH,2023-09-11,70,13011.6
NWO-1009,PLANT_01,DC_NORTH,2023-09-18,61,11338.68
NWO-1009,PLANT_01,DC_NORTH,2023-09-25,44,8178.72
NWO-1009,PLANT_01,DC_NORTH,2023-10-02,55,10223.4
NWO-1009,PLANT_01,DC_NORTH,2023-10-09,60,11152.8
NWO-1009,PLANT_01,DC_NORTH,2023-10-16,54,10037.52
NWO-1009,PLANT_01,DC_NORTH,2023-10-23,62,11524.56
NWO-1009,PLANT_01,DC_NORTH,2023-10-30,66,12268.08
NWO-1009,PLANT_01,DC_NORTH,2023-11-06,69,12825.72
NWO-1009,PLANT_01,DC_NORTH,2023-11-13,75,13941.0
NWO-1009,PLANT_01,DC_NORTH,2023-11-20,74,13755.12
NWO-1009,PLANT_01,DC_NORTH,2023-11-27,79,14684.52
NWO-1009,PLANT_01,DC_NORTH,2023-12-04,97,18030.36
NWO-1009,PLANT_01,DC_NORTH,2023-12-11,81,15056.28
NWO-1009,PLANT_01,DC_NORTH,2023-12-18,83,15428.04
NWO-1009,PLANT_01,DC_NORTH,2023-12-25,74,13755.12
NWO-1009,PLANT_01,DC_NORTH,2024-01-01,36,6691.68
NWO-1009,PLANT_01,DC_NORTH,2024-01-08,53,9851.64
NWO-1009,PLANT_01,DC_NORTH,2024-01-15,48,8922.24
NWO-1009,PLANT_01,DC_NORTH,2024-01-22,48,8922.24
NWO-1009,PLANT_01,DC_NORTH,2024-01-29,36,6691.68
NWO-1009,PLANT_01,DC_NORTH,2024-02-05,52,9665.76
NWO-1009,PLANT_01,DC_NORTH,2024-02-12,50,9294.0
NWO-1009,PLANT_01,DC_NORTH,2024-02-19,46,8550.48
NWO-1009,PLANT_01,DC_NORTH,2024-02-26,50,9294.0
NWO-1009,PLANT_01,DC_NORTH,2024-03-04,74,13755.12
NWO-1009,PLANT_01,DC_NORTH,2024-03-11,48,8922.24
NWO-1009,PLANT_01,DC_NORTH,2024-03-18,53,9851.64
NWO-1009,PLANT_01,DC_NORTH,2024-03-25,61,11338.68
NWO-1009,PLANT_01,DC_NORTH,2024-04-01,45,8364.6
NWO-1009,PLANT_01,DC_NORTH,2024-04-08,52,9665.76
NWO-1009,PLANT_01,DC_NORTH,2024-04-15,63,11710.44
NWO-1009,PLANT_01,DC_NORTH,2024-04-22,61,11338.68
NWO-1009,PLANT_01,DC_NORTH,2024-04-29,63,11710.44
NWO-1009,PLANT_01,DC_NORTH,2024-05-06,42,7806.96
NWO-1009,PLANT_01,DC_NORTH,2024-05-13,77,14312.76
NWO-1009,PLANT_01,DC_NORTH,2024-05-20,53,9851.64
NWO-1009,PLANT_01,DC_NORTH,2024-05-27,55,10223.4
NWO-1009,PLANT_01,DC_NORTH,2024-06-03,82,15242.16
NWO-1009,PLANT_01,DC_NORTH,2024-06-10,80,14870.4
NWO-1009,PLANT_01,DC_NORTH,2024-06-17,64,11896.32
NWO-1009,PLANT_01,DC_NORTH,2024-06-24,91,16915.08
NWO-1009,PLANT_01,DC_NORTH,2024-07-01,69,12825.72
NWO-1009,PLANT_01,DC_NORTH,2024-07-08,69,12825.72
NWO-1009,PLANT_01,DC_NORTH,2024-07-15,78,14498.64
NWO-1009,PLANT_01,DC_NORTH,2024-07-22,79,14684.52
NWO-1009,PLANT_01,DC_NORTH,2024-07-29,61,11338.68
NWO-1009,PLANT_01,DC_NORTH,2024-08-05,80,14870.4
NWO-1009,PLANT_01,DC_NORTH,2024-08-12,72,13383.36
NWO-1009,PLANT_01,DC_NORTH,2024-08-19,62,11524.56
NWO-1009,PLANT_01,DC_NORTH,2024-08-26,37,6877.56
NWO-1009,PLANT_01,DC_NORTH,2024-09-02,63,11710.44
NWO-1009,PLANT_01,DC_NORTH,2024-09-09,57,10595.16
NWO-1009,PLANT_01,DC_NORTH,2024-09-16,74,13755.12
NWO-1009,PLANT_01,DC_NORTH,2024-09-23,70,13011.6
NWO-1009,PLANT_01,DC_NORTH,2024-09-30,52,9665.76
NWO-1009,PLANT_01,DC_NORTH,2024-10-07,66,12268.08
NWO-1009,PLANT_01,DC_NORTH,2024-10-14,67,12453.96
NWO-1009,PLANT_01,DC_NORTH,2024-10-21,69,12825.72
NWO-1009,PLANT_01,DC_NORTH,2024-10-28,68,12639.84
NWO-1009,PLANT_01,DC_NORTH,2024-11-04,81,15056.28
NWO-1009,PLANT_01,DC_NORTH,2024-11-11,90,16729.2
NWO-1009,PLANT_01,DC_NORTH,2024-11-18,89,16543.32
NWO-1009,PLANT_01,DC_NORTH,2024-11-25,95,17658.6
NWO-1009,PLANT_01,DC_NORTH,2024-12-02,98,18216.24
NWO-1009,PLANT_01,DC_NORTH,2024-12-09,106,19703.28
NWO-1009,PLANT_01,DC_NORTH,2024-12-16,137,25465.56
NWO-1009,PLANT_01,DC_NORTH,2024-12-23,99,18402.12
NWO-1009,PLANT_01,DC_NORTH,2024-12-30,98,18216.24
NWO-1009,PLANT_01,DC_NORTH,2025-01-06,43,7992.84
NWO-1009,PLANT_01,DC_NORTH,2025-01-13,51,9479.88
NWO-1009,PLANT_01,DC_NORTH,2025-01-20,60,11152.8
NWO-1009,PLANT_01,DC_NORTH,2025-01-27,59,10966.92
NWO-1009,PLANT_01,DC_NORTH,2025-02-03,50,9294.0
NWO-1009,PLANT_01,DC_NORTH,2025-02-10,64,11896.32
NWO-1009,PLANT_01,DC_NORTH,2025-02-17,39,7249.32
NWO-1009,PLANT_01,DC_NORTH,2025-02-24,73,13569.24
NWO-1009,PLANT_01,DC_NORTH,2025-03-03,61,11338.68
NWO-1009,PLANT_01,DC_NORTH,2025-03-10,49,9108.12
NWO-1009,PLANT_01,DC_NORTH,2025-03-17,70,13011.6
NWO-1009,PLANT_01,DC_NORTH,2025-03-24,76,14126.88
NWO-1009,PLANT_01,DC_NORTH,2025-03-31,64,11896.32
NWO-1009,PLANT_01,DC_NORTH,2025-04-07,65,12082.2
NWO-1009,PLANT_01,DC_NORTH,2025-04-14,64,11896.32
NWO-1009,PLANT_01,DC_NORTH,2025-04-21,70,13011.6
NWO-1009,PLANT_01,DC_NORTH,2025-04-28,68,12639.84
NWO-1009,PLANT_01,DC_NORTH,2025-05-05,51,9479.88
NWO-1009,PLANT_01,DC_NORTH,2025-05-12,67,12453.96
NWO-1009,PLANT_01,DC_NORTH,2025-05-19,69,12825.72
NWO-1009,PLANT_01,DC_NORTH,2025-05-26,70,13011.6
NWO-1009,PLANT_01,DC_NORTH,2025-06-02,78,14498.64
NWO-1009,PLANT_01,DC_NORTH,2025-06-09,79,14684.52
NWO-1009,PLANT_01,DC_NORTH,2025-06-16,82,15242.16
NWO-1009,PLANT_01,DC_NORTH,2025-06-23,70,13011.6
NWO-1009,PLANT_01,DC_NORTH,2025-06-30,80,14870.4
NWO-1009,PLANT_01,DC_NORTH,2025-07-07,94,17472.72
NWO-1009,PLANT_01,DC_NORTH,2025-07-14,106,19703.28
NWO-1009,PLANT_01,DC_NORTH,2025-07-21,79,14684.52
NWO-1009,PLANT_01,DC_NORTH,2025-07-28,87,16171.56
NWO-1009,PLANT_01,DC_NORTH,2025-08-04,81,15056.28
NWO-1009,PLANT_01,DC_NORTH,2025-08-11,81,15056.28
NWO-1009,PLANT_01,DC_NORTH,2025-08-18,69,12825.72
NWO-1009,PLANT_01,DC_NORTH,2025-08-25,65,12082.2
NWO-1009,PLANT_01,DC_NORTH,2025-09-01,65,12082.2
NWO-1009,PLANT_01,DC_NORTH,2025-09-08,85,15799.8
NWO-1009,PLANT_01,DC_NORTH,2025-09-15,70,13011.6
NWO-1009,PLANT_01,DC_NORTH,2025-09-22,78,14498.64
NWO-1009,PLANT_01,DC_NORTH,2025-09-29,105,19517.4
NWO-1009,PLANT_01,DC_NORTH,2025-10-06,62,11524.56
NWO-1009,PLANT_01,DC_NORTH,2025-10-13,81,15056.28
NWO-1009,PLANT_01,DC_NORTH,2025-10-20,77,14312.76
NWO-1009,PLANT_01,DC_NORTH,2025-10-27,88,16357.44
NWO-1009,PLANT_01,DC_NORTH,2025-11-03,137,25465.56
NWO-1009,PLANT_01,DC_NORTH,2025-11-10,97,18030.36
NWO-1009,PLANT_01,DC_NORTH,2025-11-17,123,22863.24
NWO-1009,PLANT_01,DC_NORTH,2025-11-24,97,18030.36
NWO-1009,PLANT_01,DC_NORTH,2025-12-01,116,21562.08
NWO-1009,PLANT_01,DC_NORTH,2025-12-08,100,18588.0
NWO-1009,PLANT_01,DC_NORTH,2025-12-15,118,21933.84
NWO-1009,PLANT_01,DC_NORTH,2025-12-22,119,22119.72
NWO-1009,PLANT_01,DC_NORTH,2025-12-29,107,19889.16
NWO-1009,PLANT_01,DC_NORTH,2026-01-05,59,10966.92
NWO-1009,PLANT_01,DC_NORTH,2026-01-12,61,11338.68
NWO-1009,PLANT_01,DC_NORTH,2026-01-19,64,11896.32
NWO-1009,PLANT_01,DC_NORTH,2026-01-26,66,12268.08
NWO-1009,PLANT_01,DC_NORTH,2026-02-02,68,12639.84
NWO-1009,PLANT_01,DC_NORTH,2026-02-09,64,11896.32
NWO-1009,PLANT_01,DC_NORTH,2026-02-16,58,10781.04
NWO-1009,PLANT_01,DC_NORTH,2026-02-23,82,15242.16
NWO-1009,PLANT_01,DC_NORTH,2026-03-02,91,16915.08
NWO-1009,PLANT_01,DC_NORTH,2026-03-09,73,13569.24
NWO-1009,PLANT_01,DC_NORTH,2026-03-16,80,14870.4
NWO-1009,PLANT_01,DC_NORTH,2026-03-23,48,8922.24
NWO-1009,PLANT_01,DC_NORTH,2026-03-30,59,10966.92
NWO-1009,PLANT_01,DC_NORTH,2026-04-06,79,14684.52
NWO-1009,PLANT_01,DC_NORTH,2026-04-13,52,9665.76
NWO-1009,PLANT_01,DC_NORTH,2026-04-20,78,14498.64
NWO-1009,PLANT_01,DC_NORTH,2026-04-27,71,13197.48
NWO-1009,PLANT_01,DC_NORTH,2026-05-04,101,18773.88
NWO-1009,PLANT_01,DC_NORTH,2026-05-11,98,18216.24
NWO-1009,PLANT_01,DC_NORTH,2026-05-18,61,11338.68
NWO-1009,PLANT_01,DC_NORTH,2026-05-25,53,9851.64
NWO-1009,PLANT_01,DC_NORTH,2026-06-01,83,15428.04
NWO-1009,PLANT_01,DC_SOUTH,2023-06-05,142,26394.96
NWO-1009,PLANT_01,DC_SOUTH,2023-06-12,172,31971.36
NWO-1009,PLANT_01,DC_SOUTH,2023-06-19,165,30670.2
NWO-1009,PLANT_01,DC_SOUTH,2023-06-26,208,38663.04
NWO-1009,PLANT_01,DC_SOUTH,2023-07-03,160,29740.8
NWO-1009,PLANT_01,DC_SOUTH,2023-07-10,201,37361.88
NWO-1009,PLANT_01,DC_SOUTH,2023-07-17,139,25837.32
NWO-1009,PLANT_01,DC_SOUTH,2023-07-24,158,29369.04
NWO-1009,PLANT_01,DC_SOUTH,2023-07-31,177,32900.76
NWO-1009,PLANT_01,DC_SOUTH,2023-08-07,161,29926.68
NWO-1009,PLANT_01,DC_SOUTH,2023-08-14,182,33830.16
NWO-1009,PLANT_01,DC_SOUTH,2023-08-21,143,26580.84
NWO-1009,PLANT_01,DC_SOUTH,2023-08-28,163,30298.44
NWO-1009,PLANT_01,DC_SOUTH,2023-09-04,156,28997.28
NWO-1009,PLANT_01,DC_SOUTH,2023-09-11,137,25465.56
NWO-1009,PLANT_01,DC_SOUTH,2023-09-18,183,34016.04
NWO-1009,PLANT_01,DC_SOUTH,2023-09-25,172,31971.36
NWO-1009,PLANT_01,DC_SOUTH,2023-10-02,164,30484.32
NWO-1009,PLANT_01,DC_SOUTH,2023-10-09,132,24536.16
NWO-1009,PLANT_01,DC_SOUTH,2023-10-16,168,31227.84
NWO-1009,PLANT_01,DC_SOUTH,2023-10-23,159,29554.92
NWO-1009,PLANT_01,DC_SOUTH,2023-10-30,171,31785.48
NWO-1009,PLANT_01,DC_SOUTH,2023-11-06,157,29183.16
NWO-1009,PLANT_01,DC_SOUTH,2023-11-13,201,37361.88
NWO-1009,PLANT_01,DC_SOUTH,2023-11-20,242,44982.96
NWO-1009,PLANT_01,DC_SOUTH,2023-11-27,248,46098.24
NWO-1009,PLANT_01,DC_SOUTH,2023-12-04,203,37733.64
NWO-1009,PLANT_01,DC_SOUTH,2023-12-11,201,37361.88
NWO-1009,PLANT_01,DC_SOUTH,2023-12-18,278,51674.64
NWO-1009,PLANT_01,DC_SOUTH,2023-12-25,222,41265.36
NWO-1009,PLANT_01,DC_SOUTH,2024-01-01,140,26023.2
NWO-1009,PLANT_01,DC_SOUTH,2024-01-08,129,23978.52
NWO-1009,PLANT_01,DC_SOUTH,2024-01-15,143,26580.84
NWO-1009,PLANT_01,DC_SOUTH,2024-01-22,124,23049.12
NWO-1009,PLANT_01,DC_SOUTH,2024-01-29,114,21190.32
NWO-1009,PLANT_01,DC_SOUTH,2024-02-05,123,22863.24
NWO-1009,PLANT_01,DC_SOUTH,2024-02-12,110,20446.8
NWO-1009,PLANT_01,DC_SOUTH,2024-02-19,115,21376.2
NWO-1009,PLANT_01,DC_SOUTH,2024-02-26,104,19331.52
NWO-1009,PLANT_01,DC_SOUTH,2024-03-04,144,26766.72
NWO-1009,PLANT_01,DC_SOUTH,2024-03-11,171,31785.48
NWO-1009,PLANT_01,DC_SOUTH,2024-03-18,153,28439.64
NWO-1009,PLANT_01,DC_SOUTH,2024-03-25,149,27696.12
NWO-1009,PLANT_01,DC_SOUTH,2024-04-01,157,29183.16
NWO-1009,PLANT_01,DC_SOUTH,2024-04-08,138,25651.44
NWO-1009,PLANT_01,DC_SOUTH,2024-04-15,161,29926.68
NWO-1009,PLANT_01,DC_SOUTH,2024-04-22,182,33830.16
NWO-1009,PLANT_01,DC_SOUTH,2024-04-29,159,29554.92
NWO-1009,PLANT_01,DC_SOUTH,2024-05-06,146,27138.48
NWO-1009,PLANT_01,DC_SOUTH,2024-05-13,202,37547.76
NWO-1009,PLANT_01,DC_SOUTH,2024-05-20,150,27882.0
NWO-1009,PLANT_01,DC_SOUTH,2024-05-27,165,30670.2
NWO-1009,PLANT_01,DC_SOUTH,2024-06-03,193,35874.84
NWO-1009,PLANT_01,DC_SOUTH,2024-06-10,176,32714.88
NWO-1009,PLANT_01,DC_SOUTH,2024-06-17,211,39220.68
NWO-1009,PLANT_01,DC_SOUTH,2024-06-24,202,37547.76
NWO-1009,PLANT_01,DC_SOUTH,2024-07-01,184,34201.92
NWO-1009,PLANT_01,DC_SOUTH,2024-07-08,175,32529.0
NWO-1009,PLANT_01,DC_SOUTH,2024-07-15,161,29926.68
NWO-1009,PLANT_01,DC_SOUTH,2024-07-22,170,31599.6
NWO-1009,PLANT_01,DC_SOUTH,2024-07-29,218,40521.84
NWO-1009,PLANT_01,DC_SOUTH,2024-08-05,169,31413.72
NWO-1009,PLANT_01,DC_SOUTH,2024-08-12,203,37733.64
NWO-1009,PLANT_01,DC_SOUTH,2024-08-19,187,34759.56
NWO-1009,PLANT_01,DC_SOUTH,2024-08-26,200,37176.0
NWO-1009,PLANT_01,DC_SOUTH,2024-09-02,166,30856.08
NWO-1009,PLANT_01,DC_SOUTH,2024-09-09,146,27138.48
NWO-1009,PLANT_01,DC_SOUTH,2024-09-16,135,25093.8
NWO-1009,PLANT_01,DC_SOUTH,2024-09-23,184,34201.92
NWO-1009,PLANT_01,DC_SOUTH,2024-09-30,177,32900.76
NWO-1009,PLANT_01,DC_SOUTH,2024-10-07,164,30484.32
NWO-1009,PLANT_01,DC_SOUTH,2024-10-14,232,43124.16
NWO-1009,PLANT_01,DC_SOUTH,2024-10-21,196,36432.48
NWO-1009,PLANT_01,DC_SOUTH,2024-10-28,149,27696.12
NWO-1009,PLANT_01,DC_SOUTH,2024-11-04,241,44797.08
NWO-1009,PLANT_01,DC_SOUTH,2024-11-11,215,39964.2
NWO-1009,PLANT_01,DC_SOUTH,2024-11-18,269,50001.72
NWO-1009,PLANT_01,DC_SOUTH,2024-11-25,244,45354.72
NWO-1009,PLANT_01,DC_SOUTH,2024-12-02,227,42194.76
NWO-1009,PLANT_01,DC_SOUTH,2024-12-09,276,51302.88
NWO-1009,PLANT_01,DC_SOUTH,2024-12-16,337,62641.56
NWO-1009,PLANT_01,DC_SOUTH,2024-12-23,251,46655.88
NWO-1009,PLANT_01,DC_SOUTH,2024-12-30,213,39592.44
NWO-1009,PLANT_01,DC_SOUTH,2025-01-06,141,26209.08
NWO-1009,PLANT_01,DC_SOUTH,2025-01-13,160,29740.8
NWO-1009,PLANT_01,DC_SOUTH,2025-01-20,168,31227.84
NWO-1009,PLANT_01,DC_SOUTH,2025-01-27,129,23978.52
NWO-1009,PLANT_01,DC_SOUTH,2025-02-03,128,23792.64
NWO-1009,PLANT_01,DC_SOUTH,2025-02-10,137,25465.56
NWO-1009,PLANT_01,DC_SOUTH,2025-02-17,183,34016.04
NWO-1009,PLANT_01,DC_SOUTH,2025-02-24,145,26952.6
NWO-1009,PLANT_01,DC_SOUTH,2025-03-03,193,35874.84
NWO-1009,PLANT_01,DC_SOUTH,2025-03-10,151,28067.88
NWO-1009,PLANT_01,DC_SOUTH,2025-03-17,171,31785.48
NWO-1009,PLANT_01,DC_SOUTH,2025-03-24,158,29369.04
NWO-1009,PLANT_01,DC_SOUTH,2025-03-31,196,36432.48
NWO-1009,PLANT_01,DC_SOUTH,2025-04-07,173,32157.24
NWO-1009,PLANT_01,DC_SOUTH,2025-04-14,195,36246.6
NWO-1009,PLANT_01,DC_SOUTH,2025-04-21,199,36990.12
NWO-1009,PLANT_01,DC_SOUTH,2025-04-28,182,33830.16
NWO-1009,PLANT_01,DC_SOUTH,2025-05-05,154,28625.52
NWO-1009,PLANT_01,DC_SOUTH,2025-05-12,199,36990.12
NWO-1009,PLANT_01,DC_SOUTH,2025-05-19,212,39406.56
NWO-1009,PLANT_01,DC_SOUTH,2025-05-26,205,38105.4
NWO-1009,PLANT_01,DC_SOUTH,2025-06-02,218,40521.84
NWO-1009,PLANT_01,DC_SOUTH,2025-06-09,217,40335.96
NWO-1009,PLANT_01,DC_SOUTH,2025-06-16,218,40521.84
NWO-1009,PLANT_01,DC_SOUTH,2025-06-23,196,36432.48
NWO-1009,PLANT_01,DC_SOUTH,2025-06-30,194,36060.72
NWO-1009,PLANT_01,DC_SOUTH,2025-07-07,239,44425.32
NWO-1009,PLANT_01,DC_SOUTH,2025-07-14,219,40707.72
NWO-1009,PLANT_01,DC_SOUTH,2025-07-21,176,32714.88
NWO-1009,PLANT_01,DC_SOUTH,2025-07-28,174,32343.12
NWO-1009,PLANT_01,DC_SOUTH,2025-08-04,173,32157.24
NWO-1009,PLANT_01,DC_SOUTH,2025-08-11,204,37919.52
NWO-1009,PLANT_01,DC_SOUTH,2025-08-18,203,37733.64
NWO-1009,PLANT_01,DC_SOUTH,2025-08-25,222,41265.36
NWO-1009,PLANT_01,DC_SOUTH,2025-09-01,221,41079.48
NWO-1009,PLANT_01,DC_SOUTH,2025-09-08,198,36804.24
NWO-1009,PLANT_01,DC_SOUTH,2025-09-15,179,33272.52
NWO-1009,PLANT_01,DC_SOUTH,2025-09-22,186,34573.68
NWO-1009,PLANT_01,DC_SOUTH,2025-09-29,183,34016.04
NWO-1009,PLANT_01,DC_SOUTH,2025-10-06,198,36804.24
NWO-1009,PLANT_01,DC_SOUTH,2025-10-13,211,39220.68
NWO-1009,PLANT_01,DC_SOUTH,2025-10-20,209,38848.92
NWO-1009,PLANT_01,DC_SOUTH,2025-10-27,192,35688.96
NWO-1009,PLANT_01,DC_SOUTH,2025-11-03,244,45354.72
NWO-1009,PLANT_01,DC_SOUTH,2025-11-10,289,53719.32
NWO-1009,PLANT_01,DC_SOUTH,2025-11-17,300,55764.0
NWO-1009,PLANT_01,DC_SOUTH,2025-11-24,269,50001.72
NWO-1009,PLANT_01,DC_SOUTH,2025-12-01,291,54091.08
NWO-1009,PLANT_01,DC_SOUTH,2025-12-08,334,62083.92
NWO-1009,PLANT_01,DC_SOUTH,2025-12-15,352,65429.76
NWO-1009,PLANT_01,DC_SOUTH,2025-12-22,315,58552.2
NWO-1009,PLANT_01,DC_SOUTH,2025-12-29,269,50001.72
NWO-1009,PLANT_01,DC_SOUTH,2026-01-05,121,22491.48
NWO-1009,PLANT_01,DC_SOUTH,2026-01-12,177,32900.76
NWO-1009,PLANT_01,DC_SOUTH,2026-01-19,186,34573.68
NWO-1009,PLANT_01,DC_SOUTH,2026-01-26,161,29926.68
NWO-1009,PLANT_01,DC_SOUTH,2026-02-02,179,33272.52
NWO-1009,PLANT_01,DC_SOUTH,2026-02-09,162,30112.56
NWO-1009,PLANT_01,DC_SOUTH,2026-02-16,180,33458.4
NWO-1009,PLANT_01,DC_SOUTH,2026-02-23,171,31785.48
NWO-1009,PLANT_01,DC_SOUTH,2026-03-02,215,39964.2
NWO-1009,PLANT_01,DC_SOUTH,2026-03-09,147,27324.36
NWO-1009,PLANT_01,DC_SOUTH,2026-03-16,220,40893.6
NWO-1009,PLANT_01,DC_SOUTH,2026-03-23,179,33272.52
NWO-1009,PLANT_01,DC_SOUTH,2026-03-30,226,42008.88
NWO-1009,PLANT_01,DC_SOUTH,2026-04-06,211,39220.68
NWO-1009,PLANT_01,DC_SOUTH,2026-04-13,162,30112.56
NWO-1009,PLANT_01,DC_SOUTH,2026-04-20,195,36246.6
NWO-1009,PLANT_01,DC_SOUTH,2026-04-27,204,37919.52
NWO-1009,PLANT_01,DC_SOUTH,2026-05-04,271,50373.48
NWO-1009,PLANT_01,DC_SOUTH,2026-05-11,218,40521.84
NWO-1009,PLANT_01,DC_SOUTH,2026-05-18,202,37547.76
NWO-1009,PLANT_01,DC_SOUTH,2026-05-25,243,45168.84
NWO-1009,PLANT_01,DC_SOUTH,2026-06-01,216,40150.08
NWO-1009,PLANT_01,DC_WEST,2023-06-05,122,22677.36
NWO-1009,PLANT_01,DC_WEST,2023-06-12,117,21747.96
NWO-1009,PLANT_01,DC_WEST,2023-06-19,124,23049.12
NWO-1009,PLANT_01,DC_WEST,2023-06-26,122,22677.36
NWO-1009,PLANT_01,DC_WEST,2023-07-03,134,24907.92
NWO-1009,PLANT_01,DC_WEST,2023-07-10,133,24722.04
NWO-1009,PLANT_01,DC_WEST,2023-07-17,154,28625.52
NWO-1009,PLANT_01,DC_WEST,2023-07-24,110,20446.8
NWO-1009,PLANT_01,DC_WEST,2023-07-31,143,26580.84
NWO-1009,PLANT_01,DC_WEST,2023-08-07,101,18773.88
NWO-1009,PLANT_01,DC_WEST,2023-08-14,135,25093.8
NWO-1009,PLANT_01,DC_WEST,2023-08-21,137,25465.56
NWO-1009,PLANT_01,DC_WEST,2023-08-28,119,22119.72
NWO-1009,PLANT_01,DC_WEST,2023-09-04,129,23978.52
NWO-1009,PLANT_01,DC_WEST,2023-09-11,112,20818.56
NWO-1009,PLANT_01,DC_WEST,2023-09-18,112,20818.56
NWO-1009,PLANT_01,DC_WEST,2023-09-25,120,22305.6
NWO-1009,PLANT_01,DC_WEST,2023-10-02,116,21562.08
NWO-1009,PLANT_01,DC_WEST,2023-10-09,122,22677.36
NWO-1009,PLANT_01,DC_WEST,2023-10-16,113,21004.44
NWO-1009,PLANT_01,DC_WEST,2023-10-23,107,19889.16
NWO-1009,PLANT_01,DC_WEST,2023-10-30,105,19517.4
NWO-1009,PLANT_01,DC_WEST,2023-11-06,161,29926.68
NWO-1009,PLANT_01,DC_WEST,2023-11-13,172,31971.36
NWO-1009,PLANT_01,DC_WEST,2023-11-20,202,37547.76
NWO-1009,PLANT_01,DC_WEST,2023-11-27,181,33644.28
NWO-1009,PLANT_01,DC_WEST,2023-12-04,175,32529.0
NWO-1009,PLANT_01,DC_WEST,2023-12-11,204,37919.52
NWO-1009,PLANT_01,DC_WEST,2023-12-18,170,31599.6
NWO-1009,PLANT_01,DC_WEST,2023-12-25,199,36990.12
NWO-1009,PLANT_01,DC_WEST,2024-01-01,91,16915.08
NWO-1009,PLANT_01,DC_WEST,2024-01-08,93,17286.84
NWO-1009,PLANT_01,DC_WEST,2024-01-15,84,15613.92
NWO-1009,PLANT_01,DC_WEST,2024-01-22,94,17472.72
NWO-1009,PLANT_01,DC_WEST,2024-01-29,103,19145.64
NWO-1009,PLANT_01,DC_WEST,2024-02-05,93,17286.84
NWO-1009,PLANT_01,DC_WEST,2024-02-12,80,14870.4
NWO-1009,PLANT_01,DC_WEST,2024-02-19,110,20446.8
NWO-1009,PLANT_01,DC_WEST,2024-02-26,104,19331.52
NWO-1009,PLANT_01,DC_WEST,2024-03-04,113,21004.44
NWO-1009,PLANT_01,DC_WEST,2024-03-11,124,23049.12
NWO-1009,PLANT_01,DC_WEST,2024-03-18,105,19517.4
NWO-1009,PLANT_01,DC_WEST,2024-03-25,133,24722.04
NWO-1009,PLANT_01,DC_WEST,2024-04-01,120,22305.6
NWO-1009,PLANT_01,DC_WEST,2024-04-08,126,23420.88
NWO-1009,PLANT_01,DC_WEST,2024-04-15,105,19517.4
NWO-1009,PLANT_01,DC_WEST,2024-04-22,121,22491.48
NWO-1009,PLANT_01,DC_WEST,2024-04-29,133,24722.04
NWO-1009,PLANT_01,DC_WEST,2024-05-06,116,21562.08
NWO-1009,PLANT_01,DC_WEST,2024-05-13,131,24350.28
NWO-1009,PLANT_01,DC_WEST,2024-05-20,105,19517.4
NWO-1009,PLANT_01,DC_WEST,2024-05-27,116,21562.08
NWO-1009,PLANT_01,DC_WEST,2024-06-03,130,24164.4
NWO-1009,PLANT_01,DC_WEST,2024-06-10,152,28253.76
NWO-1009,PLANT_01,DC_WEST,2024-06-17,128,23792.64
NWO-1009,PLANT_01,DC_WEST,2024-06-24,102,18959.76
NWO-1009,PLANT_01,DC_WEST,2024-07-01,145,26952.6
NWO-1009,PLANT_01,DC_WEST,2024-07-08,127,23606.76
NWO-1009,PLANT_01,DC_WEST,2024-07-15,136,25279.68
NWO-1009,PLANT_01,DC_WEST,2024-07-22,122,22677.36
NWO-1009,PLANT_01,DC_WEST,2024-07-29,172,31971.36
NWO-1009,PLANT_01,DC_WEST,2024-08-05,131,24350.28
NWO-1009,PLANT_01,DC_WEST,2024-08-12,159,29554.92
NWO-1009,PLANT_01,DC_WEST,2024-08-19,145,26952.6
NWO-1009,PLANT_01,DC_WEST,2024-08-26,127,23606.76
NWO-1009,PLANT_01,DC_WEST,2024-09-02,107,19889.16
NWO-1009,PLANT_01,DC_WEST,2024-09-09,100,18588.0
NWO-1009,PLANT_01,DC_WEST,2024-09-16,126,23420.88
NWO-1009,PLANT_01,DC_WEST,2024-09-23,134,24907.92
NWO-1009,PLANT_01,DC_WEST,2024-09-30,115,21376.2
NWO-1009,PLANT_01,DC_WEST,2024-10-07,127,23606.76
NWO-1009,PLANT_01,DC_WEST,2024-10-14,125,23235.0
NWO-1009,PLANT_01,DC_WEST,2024-10-21,121,22491.48
NWO-1009,PLANT_01,DC_WEST,2024-10-28,122,22677.36
NWO-1009,PLANT_01,DC_WEST,2024-11-04,170,31599.6
NWO-1009,PLANT_01,DC_WEST,2024-11-11,208,38663.04
NWO-1009,PLANT_01,DC_WEST,2024-11-18,216,40150.08
NWO-1009,PLANT_01,DC_WEST,2024-11-25,294,54648.72
NWO-1009,PLANT_01,DC_WEST,2024-12-02,196,36432.48
NWO-1009,PLANT_01,DC_WEST,2024-12-09,210,39034.8
NWO-1009,PLANT_01,DC_WEST,2024-12-16,199,36990.12
NWO-1009,PLANT_01,DC_WEST,2024-12-23,193,35874.84
NWO-1009,PLANT_01,DC_WEST,2024-12-30,195,36246.6
NWO-1009,PLANT_01,DC_WEST,2025-01-06,129,23978.52
NWO-1009,PLANT_01,DC_WEST,2025-01-13,90,16729.2
NWO-1009,PLANT_01,DC_WEST,2025-01-20,135,25093.8
NWO-1009,PLANT_01,DC_WEST,2025-01-27,110,20446.8
NWO-1009,PLANT_01,DC_WEST,2025-02-03,93,17286.84
NWO-1009,PLANT_01,DC_WEST,2025-02-10,117,21747.96
NWO-1009,PLANT_01,DC_WEST,2025-02-17,73,13569.24
NWO-1009,PLANT_01,DC_WEST,2025-02-24,115,21376.2
NWO-1009,PLANT_01,DC_WEST,2025-03-03,110,20446.8
NWO-1009,PLANT_01,DC_WEST,2025-03-10,132,24536.16
NWO-1009,PLANT_01,DC_WEST,2025-03-17,127,23606.76
NWO-1009,PLANT_01,DC_WEST,2025-03-24,156,28997.28
NWO-1009,PLANT_01,DC_WEST,2025-03-31,119,22119.72
NWO-1009,PLANT_01,DC_WEST,2025-04-07,129,23978.52
NWO-1009,PLANT_01,DC_WEST,2025-04-14,151,28067.88
NWO-1009,PLANT_01,DC_WEST,2025-04-21,138,25651.44
NWO-1009,PLANT_01,DC_WEST,2025-04-28,137,25465.56
NWO-1009,PLANT_01,DC_WEST,2025-05-05,125,23235.0
NWO-1009,PLANT_01,DC_WEST,2025-05-12,125,23235.0
NWO-1009,PLANT_01,DC_WEST,2025-05-19,147,27324.36
NWO-1009,PLANT_01,DC_WEST,2025-05-26,140,26023.2
NWO-1009,PLANT_01,DC_WEST,2025-06-02,148,27510.24
NWO-1009,PLANT_01,DC_WEST,2025-06-09,150,27882.0
NWO-1009,PLANT_01,DC_WEST,2025-06-16,160,29740.8
NWO-1009,PLANT_01,DC_WEST,2025-06-23,150,27882.0
NWO-1009,PLANT_01,DC_WEST,2025-06-30,172,31971.36
NWO-1009,PLANT_01,DC_WEST,2025-07-07,163,30298.44
NWO-1009,PLANT_01,DC_WEST,2025-07-14,180,33458.4
NWO-1009,PLANT_01,DC_WEST,2025-07-21,144,26766.72
NWO-1009,PLANT_01,DC_WEST,2025-07-28,136,25279.68
NWO-1009,PLANT_01,DC_WEST,2025-08-04,177,32900.76
NWO-1009,PLANT_01,DC_WEST,2025-08-11,158,29369.04
NWO-1009,PLANT_01,DC_WEST,2025-08-18,158,29369.04
NWO-1009,PLANT_01,DC_WEST,2025-08-25,147,27324.36
NWO-1009,PLANT_01,DC_WEST,2025-09-01,150,27882.0
NWO-1009,PLANT_01,DC_WEST,2025-09-08,176,32714.88
NWO-1009,PLANT_01,DC_WEST,2025-09-15,146,27138.48
NWO-1009,PLANT_01,DC_WEST,2025-09-22,121,22491.48
NWO-1009,PLANT_01,DC_WEST,2025-09-29,150,27882.0
NWO-1009,PLANT_01,DC_WEST,2025-10-06,130,24164.4
NWO-1009,PLANT_01,DC_WEST,2025-10-13,153,28439.64
NWO-1009,PLANT_01,DC_WEST,2025-10-20,164,30484.32
NWO-1009,PLANT_01,DC_WEST,2025-10-27,181,33644.28
NWO-1009,PLANT_01,DC_WEST,2025-11-03,268,49815.84
NWO-1009,PLANT_01,DC_WEST,2025-11-10,240,44611.2
NWO-1009,PLANT_01,DC_WEST,2025-11-17,188,34945.44
NWO-1009,PLANT_01,DC_WEST,2025-11-24,175,32529.0
NWO-1009,PLANT_01,DC_WEST,2025-12-01,216,40150.08
NWO-1009,PLANT_01,DC_WEST,2025-12-08,209,38848.92
NWO-1009,PLANT_01,DC_WEST,2025-12-15,209,38848.92
NWO-1009,PLANT_01,DC_WEST,2025-12-22,155,28811.4
NWO-1009,PLANT_01,DC_WEST,2025-12-29,234,43495.92
NWO-1009,PLANT_01,DC_WEST,2026-01-05,116,21562.08
NWO-1009,PLANT_01,DC_WEST,2026-01-12,93,17286.84
NWO-1009,PLANT_01,DC_WEST,2026-01-19,89,16543.32
NWO-1009,PLANT_01,DC_WEST,2026-01-26,108,20075.04
NWO-1009,PLANT_01,DC_WEST,2026-02-02,123,22863.24
NWO-1009,PLANT_01,DC_WEST,2026-02-09,117,21747.96
NWO-1009,PLANT_01,DC_WEST,2026-02-16,141,26209.08
NWO-1009,PLANT_01,DC_WEST,2026-02-23,104,19331.52
NWO-1009,PLANT_01,DC_WEST,2026-03-02,140,26023.2
NWO-1009,PLANT_01,DC_WEST,2026-03-09,125,23235.0
NWO-1009,PLANT_01,DC_WEST,2026-03-16,148,27510.24
NWO-1009,PLANT_01,DC_WEST,2026-03-23,149,27696.12
NWO-1009,PLANT_01,DC_WEST,2026-03-30,135,25093.8
NWO-1009,PLANT_01,DC_WEST,2026-04-06,155,28811.4
NWO-1009,PLANT_01,DC_WEST,2026-04-13,156,28997.28
NWO-1009,PLANT_01,DC_WEST,2026-04-20,160,29740.8
NWO-1009,PLANT_01,DC_WEST,2026-04-27,129,23978.52
NWO-1009,PLANT_01,DC_WEST,2026-05-04,199,36990.12
NWO-1009,PLANT_01,DC_WEST,2026-05-11,159,29554.92
NWO-1009,PLANT_01,DC_WEST,2026-05-18,154,28625.52
NWO-1009,PLANT_01,DC_WEST,2026-05-25,173,32157.24
NWO-1009,PLANT_01,DC_WEST,2026-06-01,158,29369.04
NWO-1010,PLANT_01,DC_NORTH,2023-06-05,143,5449.73
NWO-1010,PLANT_01,DC_NORTH,2023-06-12,148,5640.28
NWO-1010,PLANT_01,DC_NORTH,2023-06-19,153,5830.83
NWO-1010,PLANT_01,DC_NORTH,2023-06-26,152,5792.72
NWO-1010,PLANT_01,DC_NORTH,2023-07-03,150,5716.5
NWO-1010,PLANT_01,DC_NORTH,2023-07-10,162,6173.82
NWO-1010,PLANT_01,DC_NORTH,2023-07-17,129,4916.19
NWO-1010,PLANT_01,DC_NORTH,2023-07-24,125,4763.75
NWO-1010,PLANT_01,DC_NORTH,2023-07-31,162,6173.82
NWO-1010,PLANT_01,DC_NORTH,2023-08-07,135,5144.85
NWO-1010,PLANT_01,DC_NORTH,2023-08-14,166,6326.26
NWO-1010,PLANT_01,DC_NORTH,2023-08-21,111,4230.21
NWO-1010,PLANT_01,DC_NORTH,2023-08-28,120,4573.2
NWO-1010,PLANT_01,DC_NORTH,2023-09-04,174,6631.14
NWO-1010,PLANT_01,DC_NORTH,2023-09-11,148,5640.28
NWO-1010,PLANT_01,DC_NORTH,2023-09-18,146,5564.06
NWO-1010,PLANT_01,DC_NORTH,2023-09-25,161,6135.71
NWO-1010,PLANT_01,DC_NORTH,2023-10-02,156,5945.16
NWO-1010,PLANT_01,DC_NORTH,2023-10-09,124,4725.64
NWO-1010,PLANT_01,DC_NORTH,2023-10-16,148,5640.28
NWO-1010,PLANT_01,DC_NORTH,2023-10-23,154,5868.94
NWO-1010,PLANT_01,DC_NORTH,2023-10-30,122,4649.42
NWO-1010,PLANT_01,DC_NORTH,2023-11-06,190,7240.9
NWO-1010,PLANT_01,DC_NORTH,2023-11-13,231,8803.41
NWO-1010,PLANT_01,DC_NORTH,2023-11-20,167,6364.37
NWO-1010,PLANT_01,DC_NORTH,2023-11-27,145,5525.95
NWO-1010,PLANT_01,DC_NORTH,2023-12-04,237,9032.07
NWO-1010,PLANT_01,DC_NORTH,2023-12-11,231,8803.41
NWO-1010,PLANT_01,DC_NORTH,2023-12-18,215,8193.65
NWO-1010,PLANT_01,DC_NORTH,2023-12-25,181,6897.91
NWO-1010,PLANT_01,DC_NORTH,2024-01-01,102,3887.22
NWO-1010,PLANT_01,DC_NORTH,2024-01-08,114,4344.54
NWO-1010,PLANT_01,DC_NORTH,2024-01-15,111,4230.21
NWO-1010,PLANT_01,DC_NORTH,2024-01-22,90,3429.9
NWO-1010,PLANT_01,DC_NORTH,2024-01-29,99,3772.89
NWO-1010,PLANT_01,DC_NORTH,2024-02-05,115,4382.65
NWO-1010,PLANT_01,DC_NORTH,2024-02-12,87,3315.57
NWO-1010,PLANT_01,DC_NORTH,2024-02-19,124,4725.64
NWO-1010,PLANT_01,DC_NORTH,2024-02-26,93,3544.23
NWO-1010,PLANT_01,DC_NORTH,2024-03-04,118,4496.98
NWO-1010,PLANT_01,DC_NORTH,2024-03-11,120,4573.2
NWO-1010,PLANT_01,DC_NORTH,2024-03-18,142,5411.62
NWO-1010,PLANT_01,DC_NORTH,2024-03-25,141,5373.51
NWO-1010,PLANT_01,DC_NORTH,2024-04-01,182,6936.02
NWO-1010,PLANT_01,DC_NORTH,2024-04-08,152,5792.72
NWO-1010,PLANT_01,DC_NORTH,2024-04-15,138,5259.18
NWO-1010,PLANT_01,DC_NORTH,2024-04-22,140,5335.4
NWO-1010,PLANT_01,DC_NORTH,2024-04-29,146,5564.06
NWO-1010,PLANT_01,DC_NORTH,2024-05-06,155,5907.05
NWO-1010,PLANT_01,DC_NORTH,2024-05-13,128,4878.08
NWO-1010,PLANT_01,DC_NORTH,2024-05-20,155,5907.05
NWO-1010,PLANT_01,DC_NORTH,2024-05-27,128,4878.08
NWO-1010,PLANT_01,DC_NORTH,2024-06-03,146,5564.06
NWO-1010,PLANT_01,DC_NORTH,2024-06-10,150,5716.5
NWO-1010,PLANT_01,DC_NORTH,2024-06-17,139,5297.29
NWO-1010,PLANT_01,DC_NORTH,2024-06-24,156,5945.16
NWO-1010,PLANT_01,DC_NORTH,2024-07-01,141,5373.51
NWO-1010,PLANT_01,DC_NORTH,2024-07-08,194,7393.34
NWO-1010,PLANT_01,DC_NORTH,2024-07-15,186,7088.46
NWO-1010,PLANT_01,DC_NORTH,2024-07-22,168,6402.48
NWO-1010,PLANT_01,DC_NORTH,2024-07-29,165,6288.15
NWO-1010,PLANT_01,DC_NORTH,2024-08-05,166,6326.26
NWO-1010,PLANT_01,DC_NORTH,2024-08-12,178,6783.58
NWO-1010,PLANT_01,DC_NORTH,2024-08-19,149,5678.39
NWO-1010,PLANT_01,DC_NORTH,2024-08-26,178,6783.58
NWO-1010,PLANT_01,DC_NORTH,2024-09-02,131,4992.41
NWO-1010,PLANT_01,DC_NORTH,2024-09-09,130,4954.3
NWO-1010,PLANT_01,DC_NORTH,2024-09-16,126,4801.86
NWO-1010,PLANT_01,DC_NORTH,2024-09-23,197,7507.67
NWO-1010,PLANT_01,DC_NORTH,2024-09-30,177,6745.47
NWO-1010,PLANT_01,DC_NORTH,2024-10-07,123,4687.53
NWO-1010,PLANT_01,DC_NORTH,2024-10-14,151,5754.61
NWO-1010,PLANT_01,DC_NORTH,2024-10-21,159,6059.49
NWO-1010,PLANT_01,DC_NORTH,2024-10-28,179,6821.69
NWO-1010,PLANT_01,DC_NORTH,2024-11-04,211,8041.21
NWO-1010,PLANT_01,DC_NORTH,2024-11-11,182,6936.02
NWO-1010,PLANT_01,DC_NORTH,2024-11-18,179,6821.69
NWO-1010,PLANT_01,DC_NORTH,2024-11-25,185,7050.35
NWO-1010,PLANT_01,DC_NORTH,2024-12-02,192,7317.12
NWO-1010,PLANT_01,DC_NORTH,2024-12-09,245,9336.95
NWO-1010,PLANT_01,DC_NORTH,2024-12-16,215,8193.65
NWO-1010,PLANT_01,DC_NORTH,2024-12-23,205,7812.55
NWO-1010,PLANT_01,DC_NORTH,2024-12-30,178,6783.58
NWO-1010,PLANT_01,DC_NORTH,2025-01-06,135,5144.85
NWO-1010,PLANT_01,DC_NORTH,2025-01-13,123,4687.53
NWO-1010,PLANT_01,DC_NORTH,2025-01-20,99,3772.89
NWO-1010,PLANT_01,DC_NORTH,2025-01-27,121,4611.31
NWO-1010,PLANT_01,DC_NORTH,2025-02-03,157,5983.27
NWO-1010,PLANT_01,DC_NORTH,2025-02-10,109,4153.99
NWO-1010,PLANT_01,DC_NORTH,2025-02-17,134,5106.74
NWO-1010,PLANT_01,DC_NORTH,2025-02-24,101,3849.11
NWO-1010,PLANT_01,DC_NORTH,2025-03-03,198,7545.78
NWO-1010,PLANT_01,DC_NORTH,2025-03-10,141,5373.51
NWO-1010,PLANT_01,DC_NORTH,2025-03-17,125,4763.75
NWO-1010,PLANT_01,DC_NORTH,2025-03-24,144,5487.84
NWO-1010,PLANT_01,DC_NORTH,2025-03-31,116,4420.76
NWO-1010,PLANT_01,DC_NORTH,2025-04-07,127,4839.97
NWO-1010,PLANT_01,DC_NORTH,2025-04-14,140,5335.4
NWO-1010,PLANT_01,DC_NORTH,2025-04-21,154,5868.94
NWO-1010,PLANT_01,DC_NORTH,2025-04-28,189,7202.79
NWO-1010,PLANT_01,DC_NORTH,2025-05-05,145,5525.95
NWO-1010,PLANT_01,DC_NORTH,2025-05-12,147,5602.17
NWO-1010,PLANT_01,DC_NORTH,2025-05-19,167,6364.37
NWO-1010,PLANT_01,DC_NORTH,2025-05-26,198,7545.78
NWO-1010,PLANT_01,DC_NORTH,2025-06-02,175,6669.25
NWO-1010,PLANT_01,DC_NORTH,2025-06-09,188,7164.68
NWO-1010,PLANT_01,DC_NORTH,2025-06-16,191,7279.01
NWO-1010,PLANT_01,DC_NORTH,2025-06-23,156,5945.16
NWO-1010,PLANT_01,DC_NORTH,2025-06-30,136,5182.96
NWO-1010,PLANT_01,DC_NORTH,2025-07-07,190,7240.9
NWO-1010,PLANT_01,DC_NORTH,2025-07-14,203,7736.33
NWO-1010,PLANT_01,DC_NORTH,2025-07-21,196,7469.56
NWO-1010,PLANT_01,DC_NORTH,2025-07-28,201,7660.11
NWO-1010,PLANT_01,DC_NORTH,2025-08-04,135,5144.85
NWO-1010,PLANT_01,DC_NORTH,2025-08-11,202,7698.22
NWO-1010,PLANT_01,DC_NORTH,2025-08-18,165,6288.15
NWO-1010,PLANT_01,DC_NORTH,2025-08-25,118,4496.98
NWO-1010,PLANT_01,DC_NORTH,2025-09-01,168,6402.48
NWO-1010,PLANT_01,DC_NORTH,2025-09-08,142,5411.62
NWO-1010,PLANT_01,DC_NORTH,2025-09-15,104,3963.44
NWO-1010,PLANT_01,DC_NORTH,2025-09-22,147,5602.17
NWO-1010,PLANT_01,DC_NORTH,2025-09-29,162,6173.82
NWO-1010,PLANT_01,DC_NORTH,2025-10-06,190,7240.9
NWO-1010,PLANT_01,DC_NORTH,2025-10-13,156,5945.16
NWO-1010,PLANT_01,DC_NORTH,2025-10-20,160,6097.6
NWO-1010,PLANT_01,DC_NORTH,2025-10-27,162,6173.82
NWO-1010,PLANT_01,DC_NORTH,2025-11-03,336,12804.96
NWO-1010,PLANT_01,DC_NORTH,2025-11-10,199,7583.89
NWO-1010,PLANT_01,DC_NORTH,2025-11-17,185,7050.35
NWO-1010,PLANT_01,DC_NORTH,2025-11-24,269,10251.59
NWO-1010,PLANT_01,DC_NORTH,2025-12-01,197,7507.67
NWO-1010,PLANT_01,DC_NORTH,2025-12-08,279,10632.69
NWO-1010,PLANT_01,DC_NORTH,2025-12-15,235,8955.85
NWO-1010,PLANT_01,DC_NORTH,2025-12-22,226,8612.86
NWO-1010,PLANT_01,DC_NORTH,2025-12-29,249,9489.39
NWO-1010,PLANT_01,DC_NORTH,2026-01-05,120,4573.2
NWO-1010,PLANT_01,DC_NORTH,2026-01-12,133,5068.63
NWO-1010,PLANT_01,DC_NORTH,2026-01-19,85,3239.35
NWO-1010,PLANT_01,DC_NORTH,2026-01-26,101,3849.11
NWO-1010,PLANT_01,DC_NORTH,2026-02-02,128,4878.08
NWO-1010,PLANT_01,DC_NORTH,2026-02-09,145,5525.95
NWO-1010,PLANT_01,DC_NORTH,2026-02-16,114,4344.54
NWO-1010,PLANT_01,DC_NORTH,2026-02-23,167,6364.37
NWO-1010,PLANT_01,DC_NORTH,2026-03-02,409,15586.99
NWO-1010,PLANT_01,DC_NORTH,2026-03-09,402,15320.22
NWO-1010,PLANT_01,DC_NORTH,2026-03-16,142,5411.62
NWO-1010,PLANT_01,DC_NORTH,2026-03-23,163,6211.93
NWO-1010,PLANT_01,DC_NORTH,2026-03-30,183,6974.13
NWO-1010,PLANT_01,DC_NORTH,2026-04-06,215,8193.65
NWO-1010,PLANT_01,DC_NORTH,2026-04-13,198,7545.78
NWO-1010,PLANT_01,DC_NORTH,2026-04-20,229,8727.19
NWO-1010,PLANT_01,DC_NORTH,2026-04-27,158,6021.38
NWO-1010,PLANT_01,DC_NORTH,2026-05-04,222,8460.42
NWO-1010,PLANT_01,DC_NORTH,2026-05-11,208,7926.88
NWO-1010,PLANT_01,DC_NORTH,2026-05-18,165,6288.15
NWO-1010,PLANT_01,DC_NORTH,2026-05-25,200,7622.0
NWO-1010,PLANT_01,DC_NORTH,2026-06-01,180,6859.8
NWO-1010,PLANT_01,DC_SOUTH,2023-06-05,370,14100.7
NWO-1010,PLANT_01,DC_SOUTH,2023-06-12,374,14253.14
NWO-1010,PLANT_01,DC_SOUTH,2023-06-19,359,13681.49
NWO-1010,PLANT_01,DC_SOUTH,2023-06-26,367,13986.37
NWO-1010,PLANT_01,DC_SOUTH,2023-07-03,407,15510.77
NWO-1010,PLANT_01,DC_SOUTH,2023-07-10,403,15358.33
NWO-1010,PLANT_01,DC_SOUTH,2023-07-17,451,17187.61
NWO-1010,PLANT_01,DC_SOUTH,2023-07-24,442,16844.62
NWO-1010,PLANT_01,DC_SOUTH,2023-07-31,484,18445.24
NWO-1010,PLANT_01,DC_SOUTH,2023-08-07,406,15472.66
NWO-1010,PLANT_01,DC_SOUTH,2023-08-14,398,15167.78
NWO-1010,PLANT_01,DC_SOUTH,2023-08-21,407,15510.77
NWO-1010,PLANT_01,DC_SOUTH,2023-08-28,427,16272.97
NWO-1010,PLANT_01,DC_SOUTH,2023-09-04,418,15929.98
NWO-1010,PLANT_01,DC_SOUTH,2023-09-11,235,8955.85
NWO-1010,PLANT_01,DC_SOUTH,2023-09-18,379,14443.69
NWO-1010,PLANT_01,DC_SOUTH,2023-09-25,328,12500.08
NWO-1010,PLANT_01,DC_SOUTH,2023-10-02,446,16997.06
NWO-1010,PLANT_01,DC_SOUTH,2023-10-09,421,16044.31
NWO-1010,PLANT_01,DC_SOUTH,2023-10-16,452,17225.72
NWO-1010,PLANT_01,DC_SOUTH,2023-10-23,403,15358.33
NWO-1010,PLANT_01,DC_SOUTH,2023-10-30,389,14824.79
NWO-1010,PLANT_01,DC_SOUTH,2023-11-06,530,20198.3
NWO-1010,PLANT_01,DC_SOUTH,2023-11-13,554,21112.94
NWO-1010,PLANT_01,DC_SOUTH,2023-11-20,507,19321.77
NWO-1010,PLANT_01,DC_SOUTH,2023-11-27,462,17606.82
NWO-1010,PLANT_01,DC_SOUTH,2023-12-04,519,19779.09
NWO-1010,PLANT_01,DC_SOUTH,2023-12-11,638,24314.18
NWO-1010,PLANT_01,DC_SOUTH,2023-12-18,610,23247.1
NWO-1010,PLANT_01,DC_SOUTH,2023-12-25,560,21341.6
NWO-1010,PLANT_01,DC_SOUTH,2024-01-01,318,12118.98
NWO-1010,PLANT_01,DC_SOUTH,2024-01-08,297,11318.67
NWO-1010,PLANT_01,DC_SOUTH,2024-01-15,298,11356.78
NWO-1010,PLANT_01,DC_SOUTH,2024-01-22,298,11356.78
NWO-1010,PLANT_01,DC_SOUTH,2024-01-29,303,11547.33
NWO-1010,PLANT_01,DC_SOUTH,2024-02-05,246,9375.06
NWO-1010,PLANT_01,DC_SOUTH,2024-02-12,340,12957.4
NWO-1010,PLANT_01,DC_SOUTH,2024-02-19,352,13414.72
NWO-1010,PLANT_01,DC_SOUTH,2024-02-26,330,12576.3
NWO-1010,PLANT_01,DC_SOUTH,2024-03-04,413,15739.43
NWO-1010,PLANT_01,DC_SOUTH,2024-03-11,441,16806.51
NWO-1010,PLANT_01,DC_SOUTH,2024-03-18,384,14634.24
NWO-1010,PLANT_01,DC_SOUTH,2024-03-25,414,15777.54
NWO-1010,PLANT_01,DC_SOUTH,2024-04-01,355,13529.05
NWO-1010,PLANT_01,DC_SOUTH,2024-04-08,402,15320.22
NWO-1010,PLANT_01,DC_SOUTH,2024-04-15,389,14824.79
NWO-1010,PLANT_01,DC_SOUTH,2024-04-22,396,15091.56
NWO-1010,PLANT_01,DC_SOUTH,2024-04-29,432,16463.52
NWO-1010,PLANT_01,DC_SOUTH,2024-05-06,375,14291.25
NWO-1010,PLANT_01,DC_SOUTH,2024-05-13,468,17835.48
NWO-1010,PLANT_01,DC_SOUTH,2024-05-20,433,16501.63
NWO-1010,PLANT_01,DC_SOUTH,2024-05-27,423,16120.53
NWO-1010,PLANT_01,DC_SOUTH,2024-06-03,388,14786.68
NWO-1010,PLANT_01,DC_SOUTH,2024-06-10,378,14405.58
NWO-1010,PLANT_01,DC_SOUTH,2024-06-17,438,16692.18
NWO-1010,PLANT_01,DC_SOUTH,2024-06-24,483,18407.13
NWO-1010,PLANT_01,DC_SOUTH,2024-07-01,447,17035.17
NWO-1010,PLANT_01,DC_SOUTH,2024-07-08,421,16044.31
NWO-1010,PLANT_01,DC_SOUTH,2024-07-15,424,16158.64
NWO-1010,PLANT_01,DC_SOUTH,2024-07-22,497,18940.67
NWO-1010,PLANT_01,DC_SOUTH,2024-07-29,497,18940.67
NWO-1010,PLANT_01,DC_SOUTH,2024-08-05,509,19397.99
NWO-1010,PLANT_01,DC_SOUTH,2024-08-12,517,19702.87
NWO-1010,PLANT_01,DC_SOUTH,2024-08-19,480,18292.8
NWO-1010,PLANT_01,DC_SOUTH,2024-08-26,381,14519.91
NWO-1010,PLANT_01,DC_SOUTH,2024-09-02,401,15282.11
NWO-1010,PLANT_01,DC_SOUTH,2024-09-09,405,15434.55
NWO-1010,PLANT_01,DC_SOUTH,2024-09-16,412,15701.32
NWO-1010,PLANT_01,DC_SOUTH,2024-09-23,422,16082.42
NWO-1010,PLANT_01,DC_SOUTH,2024-09-30,407,15510.77
NWO-1010,PLANT_01,DC_SOUTH,2024-10-07,458,17454.38
NWO-1010,PLANT_01,DC_SOUTH,2024-10-14,389,14824.79
NWO-1010,PLANT_01,DC_SOUTH,2024-10-21,462,17606.82
NWO-1010,PLANT_01,DC_SOUTH,2024-10-28,499,19016.89
NWO-1010,PLANT_01,DC_SOUTH,2024-11-04,707,26943.77
NWO-1010,PLANT_01,DC_SOUTH,2024-11-11,539,20541.29
NWO-1010,PLANT_01,DC_SOUTH,2024-11-18,625,23818.75
NWO-1010,PLANT_01,DC_SOUTH,2024-11-25,571,21760.81
NWO-1010,PLANT_01,DC_SOUTH,2024-12-02,658,25076.38
NWO-1010,PLANT_01,DC_SOUTH,2024-12-09,562,21417.82
NWO-1010,PLANT_01,DC_SOUTH,2024-12-16,550,20960.5
NWO-1010,PLANT_01,DC_SOUTH,2024-12-23,618,23551.98
NWO-1010,PLANT_01,DC_SOUTH,2024-12-30,551,20998.61
NWO-1010,PLANT_01,DC_SOUTH,2025-01-06,358,13643.38
NWO-1010,PLANT_01,DC_SOUTH,2025-01-13,331,12614.41
NWO-1010,PLANT_01,DC_SOUTH,2025-01-20,338,12881.18
NWO-1010,PLANT_01,DC_SOUTH,2025-01-27,310,11814.1
NWO-1010,PLANT_01,DC_SOUTH,2025-02-03,364,13872.04
NWO-1010,PLANT_01,DC_SOUTH,2025-02-10,321,12233.31
NWO-1010,PLANT_01,DC_SOUTH,2025-02-17,323,12309.53
NWO-1010,PLANT_01,DC_SOUTH,2025-02-24,280,10670.8
NWO-1010,PLANT_01,DC_SOUTH,2025-03-03,383,14596.13
NWO-1010,PLANT_01,DC_SOUTH,2025-03-10,333,12690.63
NWO-1010,PLANT_01,DC_SOUTH,2025-03-17,378,14405.58
NWO-1010,PLANT_01,DC_SOUTH,2025-03-24,395,15053.45
NWO-1010,PLANT_01,DC_SOUTH,2025-03-31,462,17606.82
NWO-1010,PLANT_01,DC_SOUTH,2025-04-07,481,18330.91
NWO-1010,PLANT_01,DC_SOUTH,2025-04-14,461,17568.71
NWO-1010,PLANT_01,DC_SOUTH,2025-04-21,414,15777.54
NWO-1010,PLANT_01,DC_SOUTH,2025-04-28,392,14939.12
NWO-1010,PLANT_01,DC_SOUTH,2025-05-05,403,15358.33
NWO-1010,PLANT_01,DC_SOUTH,2025-05-12,427,16272.97
NWO-1010,PLANT_01,DC_SOUTH,2025-05-19,415,15815.65
NWO-1010,PLANT_01,DC_SOUTH,2025-05-26,351,13376.61
NWO-1010,PLANT_01,DC_SOUTH,2025-06-02,513,19550.43
NWO-1010,PLANT_01,DC_SOUTH,2025-06-09,557,21227.27
NWO-1010,PLANT_01,DC_SOUTH,2025-06-16,469,17873.59
NWO-1010,PLANT_01,DC_SOUTH,2025-06-23,544,20731.84
NWO-1010,PLANT_01,DC_SOUTH,2025-06-30,563,21455.93
NWO-1010,PLANT_01,DC_SOUTH,2025-07-07,496,18902.56
NWO-1010,PLANT_01,DC_SOUTH,2025-07-14,468,17835.48
NWO-1010,PLANT_01,DC_SOUTH,2025-07-21,462,17606.82
NWO-1010,PLANT_01,DC_SOUTH,2025-07-28,458,17454.38
NWO-1010,PLANT_01,DC_SOUTH,2025-08-04,457,17416.27
NWO-1010,PLANT_01,DC_SOUTH,2025-08-11,528,20122.08
NWO-1010,PLANT_01,DC_SOUTH,2025-08-18,436,16615.96
NWO-1010,PLANT_01,DC_SOUTH,2025-08-25,466,17759.26
NWO-1010,PLANT_01,DC_SOUTH,2025-09-01,496,18902.56
NWO-1010,PLANT_01,DC_SOUTH,2025-09-08,471,17949.81
NWO-1010,PLANT_01,DC_SOUTH,2025-09-15,470,17911.7
NWO-1010,PLANT_01,DC_SOUTH,2025-09-22,507,19321.77
NWO-1010,PLANT_01,DC_SOUTH,2025-09-29,454,17301.94
NWO-1010,PLANT_01,DC_SOUTH,2025-10-06,408,15548.88
NWO-1010,PLANT_01,DC_SOUTH,2025-10-13,524,19969.64
NWO-1010,PLANT_01,DC_SOUTH,2025-10-20,466,17759.26
NWO-1010,PLANT_01,DC_SOUTH,2025-10-27,554,21112.94
NWO-1010,PLANT_01,DC_SOUTH,2025-11-03,611,23285.21
NWO-1010,PLANT_01,DC_SOUTH,2025-11-10,664,25305.04
NWO-1010,PLANT_01,DC_SOUTH,2025-11-17,703,26791.33
NWO-1010,PLANT_01,DC_SOUTH,2025-11-24,589,22446.79
NWO-1010,PLANT_01,DC_SOUTH,2025-12-01,624,23780.64
NWO-1010,PLANT_01,DC_SOUTH,2025-12-08,663,25266.93
NWO-1010,PLANT_01,DC_SOUTH,2025-12-15,642,24466.62
NWO-1010,PLANT_01,DC_SOUTH,2025-12-22,655,24962.05
NWO-1010,PLANT_01,DC_SOUTH,2025-12-29,747,28468.17
NWO-1010,PLANT_01,DC_SOUTH,2026-01-05,340,12957.4
NWO-1010,PLANT_01,DC_SOUTH,2026-01-12,407,15510.77
NWO-1010,PLANT_01,DC_SOUTH,2026-01-19,420,16006.2
NWO-1010,PLANT_01,DC_SOUTH,2026-01-26,379,14443.69
NWO-1010,PLANT_01,DC_SOUTH,2026-02-02,329,12538.19
NWO-1010,PLANT_01,DC_SOUTH,2026-02-09,399,15205.89
NWO-1010,PLANT_01,DC_SOUTH,2026-02-16,384,14634.24
NWO-1010,PLANT_01,DC_SOUTH,2026-02-23,392,14939.12
NWO-1010,PLANT_01,DC_SOUTH,2026-03-02,421,16044.31
NWO-1010,PLANT_01,DC_SOUTH,2026-03-09,433,16501.63
NWO-1010,PLANT_01,DC_SOUTH,2026-03-16,504,19207.44
NWO-1010,PLANT_01,DC_SOUTH,2026-03-23,342,13033.62
NWO-1010,PLANT_01,DC_SOUTH,2026-03-30,451,17187.61
NWO-1010,PLANT_01,DC_SOUTH,2026-04-06,506,19283.66
NWO-1010,PLANT_01,DC_SOUTH,2026-04-13,559,21303.49
NWO-1010,PLANT_01,DC_SOUTH,2026-04-20,564,21494.04
NWO-1010,PLANT_01,DC_SOUTH,2026-04-27,428,16311.08
NWO-1010,PLANT_01,DC_SOUTH,2026-05-04,386,14710.46
NWO-1010,PLANT_01,DC_SOUTH,2026-05-11,397,15129.67
NWO-1010,PLANT_01,DC_SOUTH,2026-05-18,471,17949.81
NWO-1010,PLANT_01,DC_SOUTH,2026-05-25,457,17416.27
NWO-1010,PLANT_01,DC_SOUTH,2026-06-01,414,15777.54
NWO-1010,PLANT_01,DC_WEST,2023-06-05,346,13186.06
NWO-1010,PLANT_01,DC_WEST,2023-06-12,268,10213.48
NWO-1010,PLANT_01,DC_WEST,2023-06-19,273,10404.03
NWO-1010,PLANT_01,DC_WEST,2023-06-26,244,9298.84
NWO-1010,PLANT_01,DC_WEST,2023-07-03,292,11128.12
NWO-1010,PLANT_01,DC_WEST,2023-07-10,271,10327.81
NWO-1010,PLANT_01,DC_WEST,2023-07-17,344,13109.84
NWO-1010,PLANT_01,DC_WEST,2023-07-24,291,11090.01
NWO-1010,PLANT_01,DC_WEST,2023-07-31,278,10594.58
NWO-1010,PLANT_01,DC_WEST,2023-08-07,350,13338.5
NWO-1010,PLANT_01,DC_WEST,2023-08-14,409,15586.99
NWO-1010,PLANT_01,DC_WEST,2023-08-21,266,10137.26
NWO-1010,PLANT_01,DC_WEST,2023-08-28,322,12271.42
NWO-1010,PLANT_01,DC_WEST,2023-09-04,272,10365.92
NWO-1010,PLANT_01,DC_WEST,2023-09-11,305,11623.55
NWO-1010,PLANT_01,DC_WEST,2023-09-18,245,9336.95
NWO-1010,PLANT_01,DC_WEST,2023-09-25,258,9832.38
NWO-1010,PLANT_01,DC_WEST,2023-10-02,256,9756.16
NWO-1010,PLANT_01,DC_WEST,2023-10-09,302,11509.22
NWO-1010,PLANT_01,DC_WEST,2023-10-16,247,9413.17
NWO-1010,PLANT_01,DC_WEST,2023-10-23,237,9032.07
NWO-1010,PLANT_01,DC_WEST,2023-10-30,307,11699.77
NWO-1010,PLANT_01,DC_WEST,2023-11-06,363,13833.93
NWO-1010,PLANT_01,DC_WEST,2023-11-13,326,12423.86
NWO-1010,PLANT_01,DC_WEST,2023-11-20,400,15244.0
NWO-1010,PLANT_01,DC_WEST,2023-11-27,357,13605.27
NWO-1010,PLANT_01,DC_WEST,2023-12-04,414,15777.54
NWO-1010,PLANT_01,DC_WEST,2023-12-11,480,18292.8
NWO-1010,PLANT_01,DC_WEST,2023-12-18,345,13147.95
NWO-1010,PLANT_01,DC_WEST,2023-12-25,428,16311.08
NWO-1010,PLANT_01,DC_WEST,2024-01-01,208,7926.88
NWO-1010,PLANT_01,DC_WEST,2024-01-08,201,7660.11
NWO-1010,PLANT_01,DC_WEST,2024-01-15,259,9870.49
NWO-1010,PLANT_01,DC_WEST,2024-01-22,208,7926.88
NWO-1010,PLANT_01,DC_WEST,2024-01-29,188,7164.68
NWO-1010,PLANT_01,DC_WEST,2024-02-05,244,9298.84
NWO-1010,PLANT_01,DC_WEST,2024-02-12,252,9603.72
NWO-1010,PLANT_01,DC_WEST,2024-02-19,182,6936.02
NWO-1010,PLANT_01,DC_WEST,2024-02-26,223,8498.53
NWO-1010,PLANT_01,DC_WEST,2024-03-04,287,10937.57
NWO-1010,PLANT_01,DC_WEST,2024-03-11,316,12042.76
NWO-1010,PLANT_01,DC_WEST,2024-03-18,298,11356.78
NWO-1010,PLANT_01,DC_WEST,2024-03-25,270,10289.7
NWO-1010,PLANT_01,DC_WEST,2024-04-01,301,11471.11
NWO-1010,PLANT_01,DC_WEST,2024-04-08,247,9413.17
NWO-1010,PLANT_01,DC_WEST,2024-04-15,256,9756.16
NWO-1010,PLANT_01,DC_WEST,2024-04-22,255,9718.05
NWO-1010,PLANT_01,DC_WEST,2024-04-29,248,9451.28
NWO-1010,PLANT_01,DC_WEST,2024-05-06,295,11242.45
NWO-1010,PLANT_01,DC_WEST,2024-05-13,252,9603.72
NWO-1010,PLANT_01,DC_WEST,2024-05-20,314,11966.54
NWO-1010,PLANT_01,DC_WEST,2024-05-27,334,12728.74
NWO-1010,PLANT_01,DC_WEST,2024-06-03,301,11471.11
NWO-1010,PLANT_01,DC_WEST,2024-06-10,298,11356.78
NWO-1010,PLANT_01,DC_WEST,2024-06-17,354,13490.94
NWO-1010,PLANT_01,DC_WEST,2024-06-24,315,12004.65
NWO-1010,PLANT_01,DC_WEST,2024-07-01,349,13300.39
NWO-1010,PLANT_01,DC_WEST,2024-07-08,360,13719.6
NWO-1010,PLANT_01,DC_WEST,2024-07-15,344,13109.84
NWO-1010,PLANT_01,DC_WEST,2024-07-22,300,11433.0
NWO-1010,PLANT_01,DC_WEST,2024-07-29,345,13147.95
NWO-1010,PLANT_01,DC_WEST,2024-08-05,316,12042.76
NWO-1010,PLANT_01,DC_WEST,2024-08-12,343,13071.73
NWO-1010,PLANT_01,DC_WEST,2024-08-19,346,13186.06
NWO-1010,PLANT_01,DC_WEST,2024-08-26,341,12995.51
NWO-1010,PLANT_01,DC_WEST,2024-09-02,294,11204.34
NWO-1010,PLANT_01,DC_WEST,2024-09-09,361,13757.71
NWO-1010,PLANT_01,DC_WEST,2024-09-16,300,11433.0
NWO-1010,PLANT_01,DC_WEST,2024-09-23,329,12538.19
NWO-1010,PLANT_01,DC_WEST,2024-09-30,210,8003.1
NWO-1010,PLANT_01,DC_WEST,2024-10-07,301,11471.11
NWO-1010,PLANT_01,DC_WEST,2024-10-14,224,8536.64
NWO-1010,PLANT_01,DC_WEST,2024-10-21,389,14824.79
NWO-1010,PLANT_01,DC_WEST,2024-10-28,289,11013.79
NWO-1010,PLANT_01,DC_WEST,2024-11-04,443,16882.73
NWO-1010,PLANT_01,DC_WEST,2024-11-11,385,14672.35
NWO-1010,PLANT_01,DC_WEST,2024-11-18,463,17644.93
NWO-1010,PLANT_01,DC_WEST,2024-11-25,448,17073.28
NWO-1010,PLANT_01,DC_WEST,2024-12-02,465,17721.15
NWO-1010,PLANT_01,DC_WEST,2024-12-09,439,16730.29
NWO-1010,PLANT_01,DC_WEST,2024-12-16,599,22827.89
NWO-1010,PLANT_01,DC_WEST,2024-12-23,434,16539.74
NWO-1010,PLANT_01,DC_WEST,2024-12-30,493,18788.23
NWO-1010,PLANT_01,DC_WEST,2025-01-06,234,8917.74
NWO-1010,PLANT_01,DC_WEST,2025-01-13,253,9641.83
NWO-1010,PLANT_01,DC_WEST,2025-01-20,216,8231.76
NWO-1010,PLANT_01,DC_WEST,2025-01-27,329,12538.19
NWO-1010,PLANT_01,DC_WEST,2025-02-03,259,9870.49
NWO-1010,PLANT_01,DC_WEST,2025-02-10,278,10594.58
NWO-1010,PLANT_01,DC_WEST,2025-02-17,212,8079.32
NWO-1010,PLANT_01,DC_WEST,2025-02-24,296,11280.56
NWO-1010,PLANT_01,DC_WEST,2025-03-03,249,9489.39
NWO-1010,PLANT_01,DC_WEST,2025-03-10,285,10861.35
NWO-1010,PLANT_01,DC_WEST,2025-03-17,308,11737.88
NWO-1010,PLANT_01,DC_WEST,2025-03-24,296,11280.56
NWO-1010,PLANT_01,DC_WEST,2025-03-31,255,9718.05
NWO-1010,PLANT_01,DC_WEST,2025-04-07,288,10975.68
NWO-1010,PLANT_01,DC_WEST,2025-04-14,333,12690.63
NWO-1010,PLANT_01,DC_WEST,2025-04-21,324,12347.64
NWO-1010,PLANT_01,DC_WEST,2025-04-28,348,13262.28
NWO-1010,PLANT_01,DC_WEST,2025-05-05,321,12233.31
NWO-1010,PLANT_01,DC_WEST,2025-05-12,338,12881.18
NWO-1010,PLANT_01,DC_WEST,2025-05-19,407,15510.77
NWO-1010,PLANT_01,DC_WEST,2025-05-26,388,14786.68
NWO-1010,PLANT_01,DC_WEST,2025-06-02,410,15625.1
NWO-1010,PLANT_01,DC_WEST,2025-06-09,349,13300.39
NWO-1010,PLANT_01,DC_WEST,2025-06-16,420,16006.2
NWO-1010,PLANT_01,DC_WEST,2025-06-23,468,17835.48
NWO-1010,PLANT_01,DC_WEST,2025-06-30,378,14405.58
NWO-1010,PLANT_01,DC_WEST,2025-07-07,337,12843.07
NWO-1010,PLANT_01,DC_WEST,2025-07-14,437,16654.07
NWO-1010,PLANT_01,DC_WEST,2025-07-21,395,15053.45
NWO-1010,PLANT_01,DC_WEST,2025-07-28,410,15625.1
NWO-1010,PLANT_01,DC_WEST,2025-08-04,405,15434.55
NWO-1010,PLANT_01,DC_WEST,2025-08-11,350,13338.5
NWO-1010,PLANT_01,DC_WEST,2025-08-18,386,14710.46
NWO-1010,PLANT_01,DC_WEST,2025-08-25,380,14481.8
NWO-1010,PLANT_01,DC_WEST,2025-09-01,349,13300.39
NWO-1010,PLANT_01,DC_WEST,2025-09-08,365,13910.15
NWO-1010,PLANT_01,DC_WEST,2025-09-15,316,12042.76
NWO-1010,PLANT_01,DC_WEST,2025-09-22,334,12728.74
NWO-1010,PLANT_01,DC_WEST,2025-09-29,370,14100.7
NWO-1010,PLANT_01,DC_WEST,2025-10-06,335,12766.85
NWO-1010,PLANT_01,DC_WEST,2025-10-13,363,13833.93
NWO-1010,PLANT_01,DC_WEST,2025-10-20,363,13833.93
NWO-1010,PLANT_01,DC_WEST,2025-10-27,334,12728.74
NWO-1010,PLANT_01,DC_WEST,2025-11-03,421,16044.31
NWO-1010,PLANT_01,DC_WEST,2025-11-10,417,15891.87
NWO-1010,PLANT_01,DC_WEST,2025-11-17,403,15358.33
NWO-1010,PLANT_01,DC_WEST,2025-11-24,472,17987.92
NWO-1010,PLANT_01,DC_WEST,2025-12-01,447,17035.17
NWO-1010,PLANT_01,DC_WEST,2025-12-08,565,21532.15
NWO-1010,PLANT_01,DC_WEST,2025-12-15,639,24352.29
NWO-1010,PLANT_01,DC_WEST,2025-12-22,409,15586.99
NWO-1010,PLANT_01,DC_WEST,2025-12-29,504,19207.44
NWO-1010,PLANT_01,DC_WEST,2026-01-05,293,11166.23
NWO-1010,PLANT_01,DC_WEST,2026-01-12,278,10594.58
NWO-1010,PLANT_01,DC_WEST,2026-01-19,280,10670.8
NWO-1010,PLANT_01,DC_WEST,2026-01-26,252,9603.72
NWO-1010,PLANT_01,DC_WEST,2026-02-02,290,11051.9
NWO-1010,PLANT_01,DC_WEST,2026-02-09,288,10975.68
NWO-1010,PLANT_01,DC_WEST,2026-02-16,242,9222.62
NWO-1010,PLANT_01,DC_WEST,2026-02-23,264,10061.04
NWO-1010,PLANT_01,DC_WEST,2026-03-02,390,14862.9
NWO-1010,PLANT_01,DC_WEST,2026-03-09,337,12843.07
NWO-1010,PLANT_01,DC_WEST,2026-03-16,297,11318.67
NWO-1010,PLANT_01,DC_WEST,2026-03-23,330,12576.3
NWO-1010,PLANT_01,DC_WEST,2026-03-30,295,11242.45
NWO-1010,PLANT_01,DC_WEST,2026-04-06,490,18673.9
NWO-1010,PLANT_01,DC_WEST,2026-04-13,332,12652.52
NWO-1010,PLANT_01,DC_WEST,2026-04-20,412,15701.32
NWO-1010,PLANT_01,DC_WEST,2026-04-27,360,13719.6
NWO-1010,PLANT_01,DC_WEST,2026-05-04,337,12843.07
NWO-1010,PLANT_01,DC_WEST,2026-05-11,364,13872.04
NWO-1010,PLANT_01,DC_WEST,2026-05-18,332,12652.52
NWO-1010,PLANT_01,DC_WEST,2026-05-25,351,13376.61
NWO-1010,PLANT_01,DC_WEST,2026-06-01,367,13986.37
NWO-1011,PLANT_01,DC_NORTH,2023-06-05,252,7255.08
NWO-1011,PLANT_01,DC_NORTH,2023-06-12,151,4347.29
NWO-1011,PLANT_01,DC_NORTH,2023-06-19,230,6621.7
NWO-1011,PLANT_01,DC_NORTH,2023-06-26,227,6535.33
NWO-1011,PLANT_01,DC_NORTH,2023-07-03,210,6045.9
NWO-1011,PLANT_01,DC_NORTH,2023-07-10,213,6132.27
NWO-1011,PLANT_01,DC_NORTH,2023-07-17,191,5498.89
NWO-1011,PLANT_01,DC_NORTH,2023-07-24,176,5067.04
NWO-1011,PLANT_01,DC_NORTH,2023-07-31,229,6592.91
NWO-1011,PLANT_01,DC_NORTH,2023-08-07,208,5988.32
NWO-1011,PLANT_01,DC_NORTH,2023-08-14,193,5556.47
NWO-1011,PLANT_01,DC_NORTH,2023-08-21,203,5844.37
NWO-1011,PLANT_01,DC_NORTH,2023-08-28,203,5844.37
NWO-1011,PLANT_01,DC_NORTH,2023-09-04,213,6132.27
NWO-1011,PLANT_01,DC_NORTH,2023-09-11,231,6650.49
NWO-1011,PLANT_01,DC_NORTH,2023-09-18,151,4347.29
NWO-1011,PLANT_01,DC_NORTH,2023-09-25,178,5124.62
NWO-1011,PLANT_01,DC_NORTH,2023-10-02,181,5210.99
NWO-1011,PLANT_01,DC_NORTH,2023-10-09,170,4894.3
NWO-1011,PLANT_01,DC_NORTH,2023-10-16,186,5354.94
NWO-1011,PLANT_01,DC_NORTH,2023-10-23,202,5815.58
NWO-1011,PLANT_01,DC_NORTH,2023-10-30,146,4203.34
NWO-1011,PLANT_01,DC_NORTH,2023-11-06,278,8003.62
NWO-1011,PLANT_01,DC_NORTH,2023-11-13,294,8464.26
NWO-1011,PLANT_01,DC_NORTH,2023-11-20,276,7946.04
NWO-1011,PLANT_01,DC_NORTH,2023-11-27,304,8752.16
NWO-1011,PLANT_01,DC_NORTH,2023-12-04,303,8723.37
NWO-1011,PLANT_01,DC_NORTH,2023-12-11,261,7514.19
NWO-1011,PLANT_01,DC_NORTH,2023-12-18,284,8176.36
NWO-1011,PLANT_01,DC_NORTH,2023-12-25,226,6506.54
NWO-1011,PLANT_01,DC_NORTH,2024-01-01,148,4260.92
NWO-1011,PLANT_01,DC_NORTH,2024-01-08,132,3800.28
NWO-1011,PLANT_01,DC_NORTH,2024-01-15,120,3454.8
NWO-1011,PLANT_01,DC_NORTH,2024-01-22,160,4606.4
NWO-1011,PLANT_01,DC_NORTH,2024-01-29,138,3973.02
NWO-1011,PLANT_01,DC_NORTH,2024-02-05,153,4404.87
NWO-1011,PLANT_01,DC_NORTH,2024-02-12,143,4116.97
NWO-1011,PLANT_01,DC_NORTH,2024-02-19,136,3915.44
NWO-1011,PLANT_01,DC_NORTH,2024-02-26,109,3138.11
NWO-1011,PLANT_01,DC_NORTH,2024-03-04,167,4807.93
NWO-1011,PLANT_01,DC_NORTH,2024-03-11,175,5038.25
NWO-1011,PLANT_01,DC_NORTH,2024-03-18,200,5758.0
NWO-1011,PLANT_01,DC_NORTH,2024-03-25,170,4894.3
NWO-1011,PLANT_01,DC_NORTH,2024-04-01,308,8867.32
NWO-1011,PLANT_01,DC_NORTH,2024-04-08,226,6506.54
NWO-1011,PLANT_01,DC_NORTH,2024-04-15,136,3915.44
NWO-1011,PLANT_01,DC_NORTH,2024-04-22,190,5470.1
NWO-1011,PLANT_01,DC_NORTH,2024-04-29,181,5210.99
NWO-1011,PLANT_01,DC_NORTH,2024-05-06,206,5930.74
NWO-1011,PLANT_01,DC_NORTH,2024-05-13,266,7658.14
NWO-1011,PLANT_01,DC_NORTH,2024-05-20,166,4779.14
NWO-1011,PLANT_01,DC_NORTH,2024-05-27,175,5038.25
NWO-1011,PLANT_01,DC_NORTH,2024-06-03,146,4203.34
NWO-1011,PLANT_01,DC_NORTH,2024-06-10,198,5700.42
NWO-1011,PLANT_01,DC_NORTH,2024-06-17,184,5297.36
NWO-1011,PLANT_01,DC_NORTH,2024-06-24,216,6218.64
NWO-1011,PLANT_01,DC_NORTH,2024-07-01,193,5556.47
NWO-1011,PLANT_01,DC_NORTH,2024-07-08,205,5901.95
NWO-1011,PLANT_01,DC_NORTH,2024-07-15,214,6161.06
NWO-1011,PLANT_01,DC_NORTH,2024-07-22,193,5556.47
NWO-1011,PLANT_01,DC_NORTH,2024-07-29,201,5786.79
NWO-1011,PLANT_01,DC_NORTH,2024-08-05,173,4980.67
NWO-1011,PLANT_01,DC_NORTH,2024-08-12,152,4376.08
NWO-1011,PLANT_01,DC_NORTH,2024-08-19,186,5354.94
NWO-1011,PLANT_01,DC_NORTH,2024-08-26,217,6247.43
NWO-1011,PLANT_01,DC_NORTH,2024-09-02,135,3886.65
NWO-1011,PLANT_01,DC_NORTH,2024-09-09,336,9673.44
NWO-1011,PLANT_01,DC_NORTH,2024-09-16,361,10393.19
NWO-1011,PLANT_01,DC_NORTH,2024-09-23,187,5383.73
NWO-1011,PLANT_01,DC_NORTH,2024-09-30,210,6045.9
NWO-1011,PLANT_01,DC_NORTH,2024-10-07,155,4462.45
NWO-1011,PLANT_01,DC_NORTH,2024-10-14,209,6017.11
NWO-1011,PLANT_01,DC_NORTH,2024-10-21,151,4347.29
NWO-1011,PLANT_01,DC_NORTH,2024-10-28,155,4462.45
NWO-1011,PLANT_01,DC_NORTH,2024-11-04,278,8003.62
NWO-1011,PLANT_01,DC_NORTH,2024-11-11,640,18425.6
NWO-1011,PLANT_01,DC_NORTH,2024-11-18,473,13617.67
NWO-1011,PLANT_01,DC_NORTH,2024-11-25,250,7197.5
NWO-1011,PLANT_01,DC_NORTH,2024-12-02,245,7053.55
NWO-1011,PLANT_01,DC_NORTH,2024-12-09,258,7427.82
NWO-1011,PLANT_01,DC_NORTH,2024-12-16,257,7399.03
NWO-1011,PLANT_01,DC_NORTH,2024-12-23,277,7974.83
NWO-1011,PLANT_01,DC_NORTH,2024-12-30,340,9788.6
NWO-1011,PLANT_01,DC_NORTH,2025-01-06,128,3685.12
NWO-1011,PLANT_01,DC_NORTH,2025-01-13,145,4174.55
NWO-1011,PLANT_01,DC_NORTH,2025-01-20,92,2648.68
NWO-1011,PLANT_01,DC_NORTH,2025-01-27,164,4721.56
NWO-1011,PLANT_01,DC_NORTH,2025-02-03,161,4635.19
NWO-1011,PLANT_01,DC_NORTH,2025-02-10,144,4145.76
NWO-1011,PLANT_01,DC_NORTH,2025-02-17,140,4030.6
NWO-1011,PLANT_01,DC_NORTH,2025-02-24,113,3253.27
NWO-1011,PLANT_01,DC_NORTH,2025-03-03,158,4548.82
NWO-1011,PLANT_01,DC_NORTH,2025-03-10,159,4577.61
NWO-1011,PLANT_01,DC_NORTH,2025-03-17,167,4807.93
NWO-1011,PLANT_01,DC_NORTH,2025-03-24,181,5210.99
NWO-1011,PLANT_01,DC_NORTH,2025-03-31,138,3973.02
NWO-1011,PLANT_01,DC_NORTH,2025-04-07,224,6448.96
NWO-1011,PLANT_01,DC_NORTH,2025-04-14,196,5642.84
NWO-1011,PLANT_01,DC_NORTH,2025-04-21,162,4663.98
NWO-1011,PLANT_01,DC_NORTH,2025-04-28,219,6305.01
NWO-1011,PLANT_01,DC_NORTH,2025-05-05,173,4980.67
NWO-1011,PLANT_01,DC_NORTH,2025-05-12,176,5067.04
NWO-1011,PLANT_01,DC_NORTH,2025-05-19,218,6276.22
NWO-1011,PLANT_01,DC_NORTH,2025-05-26,211,6074.69
NWO-1011,PLANT_01,DC_NORTH,2025-06-02,176,5067.04
NWO-1011,PLANT_01,DC_NORTH,2025-06-09,200,5758.0
NWO-1011,PLANT_01,DC_NORTH,2025-06-16,180,5182.2
NWO-1011,PLANT_01,DC_NORTH,2025-06-23,192,5527.68
NWO-1011,PLANT_01,DC_NORTH,2025-06-30,243,6995.97
NWO-1011,PLANT_01,DC_NORTH,2025-07-07,164,4721.56
NWO-1011,PLANT_01,DC_NORTH,2025-07-14,221,6362.59
NWO-1011,PLANT_01,DC_NORTH,2025-07-21,191,5498.89
NWO-1011,PLANT_01,DC_NORTH,2025-07-28,193,5556.47
NWO-1011,PLANT_01,DC_NORTH,2025-08-04,139,4001.81
NWO-1011,PLANT_01,DC_NORTH,2025-08-11,146,4203.34
NWO-1011,PLANT_01,DC_NORTH,2025-08-18,204,5873.16
NWO-1011,PLANT_01,DC_NORTH,2025-08-25,199,5729.21
NWO-1011,PLANT_01,DC_NORTH,2025-09-01,161,4635.19
NWO-1011,PLANT_01,DC_NORTH,2025-09-08,164,4721.56
NWO-1011,PLANT_01,DC_NORTH,2025-09-15,169,4865.51
NWO-1011,PLANT_01,DC_NORTH,2025-09-22,163,4692.77
NWO-1011,PLANT_01,DC_NORTH,2025-09-29,151,4347.29
NWO-1011,PLANT_01,DC_NORTH,2025-10-06,196,5642.84
NWO-1011,PLANT_01,DC_NORTH,2025-10-13,174,5009.46
NWO-1011,PLANT_01,DC_NORTH,2025-10-20,179,5153.41
NWO-1011,PLANT_01,DC_NORTH,2025-10-27,188,5412.52
NWO-1011,PLANT_01,DC_NORTH,2025-11-03,290,8349.1
NWO-1011,PLANT_01,DC_NORTH,2025-11-10,213,6132.27
NWO-1011,PLANT_01,DC_NORTH,2025-11-17,252,7255.08
NWO-1011,PLANT_01,DC_NORTH,2025-11-24,251,7226.29
NWO-1011,PLANT_01,DC_NORTH,2025-12-01,244,7024.76
NWO-1011,PLANT_01,DC_NORTH,2025-12-08,328,9443.12
NWO-1011,PLANT_01,DC_NORTH,2025-12-15,214,6161.06
NWO-1011,PLANT_01,DC_NORTH,2025-12-22,273,7859.67
NWO-1011,PLANT_01,DC_NORTH,2025-12-29,264,7600.56
NWO-1011,PLANT_01,DC_NORTH,2026-01-05,138,3973.02
NWO-1011,PLANT_01,DC_NORTH,2026-01-12,118,3397.22
NWO-1011,PLANT_01,DC_NORTH,2026-01-19,102,2936.58
NWO-1011,PLANT_01,DC_NORTH,2026-01-26,121,3483.59
NWO-1011,PLANT_01,DC_NORTH,2026-02-02,162,4663.98
NWO-1011,PLANT_01,DC_NORTH,2026-02-09,125,3598.75
NWO-1011,PLANT_01,DC_NORTH,2026-02-16,148,4260.92
NWO-1011,PLANT_01,DC_NORTH,2026-02-23,163,4692.77
NWO-1011,PLANT_01,DC_NORTH,2026-03-02,157,4520.03
NWO-1011,PLANT_01,DC_NORTH,2026-03-09,178,5124.62
NWO-1011,PLANT_01,DC_NORTH,2026-03-16,195,5614.05
NWO-1011,PLANT_01,DC_NORTH,2026-03-23,165,4750.35
NWO-1011,PLANT_01,DC_NORTH,2026-03-30,183,5268.57
NWO-1011,PLANT_01,DC_NORTH,2026-04-06,182,5239.78
NWO-1011,PLANT_01,DC_NORTH,2026-04-13,209,6017.11
NWO-1011,PLANT_01,DC_NORTH,2026-04-20,154,4433.66
NWO-1011,PLANT_01,DC_NORTH,2026-04-27,116,3339.64
NWO-1011,PLANT_01,DC_NORTH,2026-05-04,142,4088.18
NWO-1011,PLANT_01,DC_NORTH,2026-05-11,161,4635.19
NWO-1011,PLANT_01,DC_NORTH,2026-05-18,190,5470.1
NWO-1011,PLANT_01,DC_NORTH,2026-05-25,202,5815.58
NWO-1011,PLANT_01,DC_NORTH,2026-06-01,193,5556.47
NWO-1011,PLANT_01,DC_SOUTH,2023-06-05,488,14049.52
NWO-1011,PLANT_01,DC_SOUTH,2023-06-12,521,14999.59
NWO-1011,PLANT_01,DC_SOUTH,2023-06-19,467,13444.93
NWO-1011,PLANT_01,DC_SOUTH,2023-06-26,497,14308.63
NWO-1011,PLANT_01,DC_SOUTH,2023-07-03,545,15690.55
NWO-1011,PLANT_01,DC_SOUTH,2023-07-10,441,12696.39
NWO-1011,PLANT_01,DC_SOUTH,2023-07-17,564,16237.56
NWO-1011,PLANT_01,DC_SOUTH,2023-07-24,598,17216.42
NWO-1011,PLANT_01,DC_SOUTH,2023-07-31,520,14970.8
NWO-1011,PLANT_01,DC_SOUTH,2023-08-07,486,13991.94
NWO-1011,PLANT_01,DC_SOUTH,2023-08-14,527,15172.33
NWO-1011,PLANT_01,DC_SOUTH,2023-08-21,532,15316.28
NWO-1011,PLANT_01,DC_SOUTH,2023-08-28,507,14596.53
NWO-1011,PLANT_01,DC_SOUTH,2023-09-04,630,18137.7
NWO-1011,PLANT_01,DC_SOUTH,2023-09-11,505,14538.95
NWO-1011,PLANT_01,DC_SOUTH,2023-09-18,455,13099.45
NWO-1011,PLANT_01,DC_SOUTH,2023-09-25,471,13560.09
NWO-1011,PLANT_01,DC_SOUTH,2023-10-02,467,13444.93
NWO-1011,PLANT_01,DC_SOUTH,2023-10-09,439,12638.81
NWO-1011,PLANT_01,DC_SOUTH,2023-10-16,472,13588.88
NWO-1011,PLANT_01,DC_SOUTH,2023-10-23,529,15229.91
NWO-1011,PLANT_01,DC_SOUTH,2023-10-30,458,13185.82
NWO-1011,PLANT_01,DC_SOUTH,2023-11-06,753,21678.87
NWO-1011,PLANT_01,DC_SOUTH,2023-11-13,667,19202.93
NWO-1011,PLANT_01,DC_SOUTH,2023-11-20,766,22053.14
NWO-1011,PLANT_01,DC_SOUTH,2023-11-27,635,18281.65
NWO-1011,PLANT_01,DC_SOUTH,2023-12-04,682,19634.78
NWO-1011,PLANT_01,DC_SOUTH,2023-12-11,482,13876.78
NWO-1011,PLANT_01,DC_SOUTH,2023-12-18,705,20296.95
NWO-1011,PLANT_01,DC_SOUTH,2023-12-25,698,20095.42
NWO-1011,PLANT_01,DC_SOUTH,2024-01-01,349,10047.71
NWO-1011,PLANT_01,DC_SOUTH,2024-01-08,334,9615.86
NWO-1011,PLANT_01,DC_SOUTH,2024-01-15,417,12005.43
NWO-1011,PLANT_01,DC_SOUTH,2024-01-22,384,11055.36
NWO-1011,PLANT_01,DC_SOUTH,2024-01-29,350,10076.5
NWO-1011,PLANT_01,DC_SOUTH,2024-02-05,340,9788.6
NWO-1011,PLANT_01,DC_SOUTH,2024-02-12,325,9356.75
NWO-1011,PLANT_01,DC_SOUTH,2024-02-19,413,11890.27
NWO-1011,PLANT_01,DC_SOUTH,2024-02-26,334,9615.86
NWO-1011,PLANT_01,DC_SOUTH,2024-03-04,464,13358.56
NWO-1011,PLANT_01,DC_SOUTH,2024-03-11,432,12437.28
NWO-1011,PLANT_01,DC_SOUTH,2024-03-18,465,13387.35
NWO-1011,PLANT_01,DC_SOUTH,2024-03-25,444,12782.76
NWO-1011,PLANT_01,DC_SOUTH,2024-04-01,528,15201.12
NWO-1011,PLANT_01,DC_SOUTH,2024-04-08,510,14682.9
NWO-1011,PLANT_01,DC_SOUTH,2024-04-15,599,17245.21
NWO-1011,PLANT_01,DC_SOUTH,2024-04-22,375,10796.25
NWO-1011,PLANT_01,DC_SOUTH,2024-04-29,503,14481.37
NWO-1011,PLANT_01,DC_SOUTH,2024-05-06,491,14135.89
NWO-1011,PLANT_01,DC_SOUTH,2024-05-13,454,13070.66
NWO-1011,PLANT_01,DC_SOUTH,2024-05-20,453,13041.87
NWO-1011,PLANT_01,DC_SOUTH,2024-05-27,408,11746.32
NWO-1011,PLANT_01,DC_SOUTH,2024-06-03,541,15575.39
NWO-1011,PLANT_01,DC_SOUTH,2024-06-10,482,13876.78
NWO-1011,PLANT_01,DC_SOUTH,2024-06-17,694,19980.26
NWO-1011,PLANT_01,DC_SOUTH,2024-06-24,441,12696.39
NWO-1011,PLANT_01,DC_SOUTH,2024-07-01,546,15719.34
NWO-1011,PLANT_01,DC_SOUTH,2024-07-08,658,18943.82
NWO-1011,PLANT_01,DC_SOUTH,2024-07-15,528,15201.12
NWO-1011,PLANT_01,DC_SOUTH,2024-07-22,580,16698.2
NWO-1011,PLANT_01,DC_SOUTH,2024-07-29,517,14884.43
NWO-1011,PLANT_01,DC_SOUTH,2024-08-05,450,12955.5
NWO-1011,PLANT_01,DC_SOUTH,2024-08-12,530,15258.7
NWO-1011,PLANT_01,DC_SOUTH,2024-08-19,622,17907.38
NWO-1011,PLANT_01,DC_SOUTH,2024-08-26,555,15978.45
NWO-1011,PLANT_01,DC_SOUTH,2024-09-02,480,13819.2
NWO-1011,PLANT_01,DC_SOUTH,2024-09-09,516,14855.64
NWO-1011,PLANT_01,DC_SOUTH,2024-09-16,458,13185.82
NWO-1011,PLANT_01,DC_SOUTH,2024-09-23,461,13272.19
NWO-1011,PLANT_01,DC_SOUTH,2024-09-30,377,10853.83
NWO-1011,PLANT_01,DC_SOUTH,2024-10-07,515,14826.85
NWO-1011,PLANT_01,DC_SOUTH,2024-10-14,575,16554.25
NWO-1011,PLANT_01,DC_SOUTH,2024-10-21,505,14538.95
NWO-1011,PLANT_01,DC_SOUTH,2024-10-28,523,15057.17
NWO-1011,PLANT_01,DC_SOUTH,2024-11-04,633,18224.07
NWO-1011,PLANT_01,DC_SOUTH,2024-11-11,689,19836.31
NWO-1011,PLANT_01,DC_SOUTH,2024-11-18,652,18771.08
NWO-1011,PLANT_01,DC_SOUTH,2024-11-25,626,18022.54
NWO-1011,PLANT_01,DC_SOUTH,2024-12-02,674,19404.46
NWO-1011,PLANT_01,DC_SOUTH,2024-12-09,692,19922.68
NWO-1011,PLANT_01,DC_SOUTH,2024-12-16,700,20153.0
NWO-1011,PLANT_01,DC_SOUTH,2024-12-23,710,20440.9
NWO-1011,PLANT_01,DC_SOUTH,2024-12-30,620,17849.8
NWO-1011,PLANT_01,DC_SOUTH,2025-01-06,361,10393.19
NWO-1011,PLANT_01,DC_SOUTH,2025-01-13,476,13704.04
NWO-1011,PLANT_01,DC_SOUTH,2025-01-20,390,11228.1
NWO-1011,PLANT_01,DC_SOUTH,2025-01-27,398,11458.42
NWO-1011,PLANT_01,DC_SOUTH,2025-02-03,409,11775.11
NWO-1011,PLANT_01,DC_SOUTH,2025-02-10,413,11890.27
NWO-1011,PLANT_01,DC_SOUTH,2025-02-17,336,9673.44
NWO-1011,PLANT_01,DC_SOUTH,2025-02-24,424,12206.96
NWO-1011,PLANT_01,DC_SOUTH,2025-03-03,508,14625.32
NWO-1011,PLANT_01,DC_SOUTH,2025-03-10,450,12955.5
NWO-1011,PLANT_01,DC_SOUTH,2025-03-17,340,9788.6
NWO-1011,PLANT_01,DC_SOUTH,2025-03-24,393,11314.47
NWO-1011,PLANT_01,DC_SOUTH,2025-03-31,430,12379.7
NWO-1011,PLANT_01,DC_SOUTH,2025-04-07,447,12869.13
NWO-1011,PLANT_01,DC_SOUTH,2025-04-14,400,11516.0
NWO-1011,PLANT_01,DC_SOUTH,2025-04-21,406,11688.74
NWO-1011,PLANT_01,DC_SOUTH,2025-04-28,479,13790.41
NWO-1011,PLANT_01,DC_SOUTH,2025-05-05,472,13588.88
NWO-1011,PLANT_01,DC_SOUTH,2025-05-12,492,14164.68
NWO-1011,PLANT_01,DC_SOUTH,2025-05-19,498,14337.42
NWO-1011,PLANT_01,DC_SOUTH,2025-05-26,372,10709.88
NWO-1011,PLANT_01,DC_SOUTH,2025-06-02,487,14020.73
NWO-1011,PLANT_01,DC_SOUTH,2025-06-09,549,15805.71
NWO-1011,PLANT_01,DC_SOUTH,2025-06-16,462,13300.98
NWO-1011,PLANT_01,DC_SOUTH,2025-06-23,567,16323.93
NWO-1011,PLANT_01,DC_SOUTH,2025-06-30,513,14769.27
NWO-1011,PLANT_01,DC_SOUTH,2025-07-07,539,15517.81
NWO-1011,PLANT_01,DC_SOUTH,2025-07-14,630,18137.7
NWO-1011,PLANT_01,DC_SOUTH,2025-07-21,559,16093.61
NWO-1011,PLANT_01,DC_SOUTH,2025-07-28,514,14798.06
NWO-1011,PLANT_01,DC_SOUTH,2025-08-04,464,13358.56
NWO-1011,PLANT_01,DC_SOUTH,2025-08-11,562,16179.98
NWO-1011,PLANT_01,DC_SOUTH,2025-08-18,477,13732.83
NWO-1011,PLANT_01,DC_SOUTH,2025-08-25,501,14423.79
NWO-1011,PLANT_01,DC_SOUTH,2025-09-01,528,15201.12
NWO-1011,PLANT_01,DC_SOUTH,2025-09-08,400,11516.0
NWO-1011,PLANT_01,DC_SOUTH,2025-09-15,447,12869.13
NWO-1011,PLANT_01,DC_SOUTH,2025-09-22,512,14740.48
NWO-1011,PLANT_01,DC_SOUTH,2025-09-29,380,10940.2
NWO-1011,PLANT_01,DC_SOUTH,2025-10-06,458,13185.82
NWO-1011,PLANT_01,DC_SOUTH,2025-10-13,599,17245.21
NWO-1011,PLANT_01,DC_SOUTH,2025-10-20,460,13243.4
NWO-1011,PLANT_01,DC_SOUTH,2025-10-27,559,16093.61
NWO-1011,PLANT_01,DC_SOUTH,2025-11-03,687,19778.73
NWO-1011,PLANT_01,DC_SOUTH,2025-11-10,738,21247.02
NWO-1011,PLANT_01,DC_SOUTH,2025-11-17,709,20412.11
NWO-1011,PLANT_01,DC_SOUTH,2025-11-24,670,19289.3
NWO-1011,PLANT_01,DC_SOUTH,2025-12-01,892,25680.68
NWO-1011,PLANT_01,DC_SOUTH,2025-12-08,619,17821.01
NWO-1011,PLANT_01,DC_SOUTH,2025-12-15,639,18396.81
NWO-1011,PLANT_01,DC_SOUTH,2025-12-22,669,19260.51
NWO-1011,PLANT_01,DC_SOUTH,2025-12-29,799,23003.21
NWO-1011,PLANT_01,DC_SOUTH,2026-01-05,441,12696.39
NWO-1011,PLANT_01,DC_SOUTH,2026-01-12,352,10134.08
NWO-1011,PLANT_01,DC_SOUTH,2026-01-19,344,9903.76
NWO-1011,PLANT_01,DC_SOUTH,2026-01-26,353,10162.87
NWO-1011,PLANT_01,DC_SOUTH,2026-02-02,369,10623.51
NWO-1011,PLANT_01,DC_SOUTH,2026-02-09,414,11919.06
NWO-1011,PLANT_01,DC_SOUTH,2026-02-16,307,8838.53
NWO-1011,PLANT_01,DC_SOUTH,2026-02-23,337,9702.23
NWO-1011,PLANT_01,DC_SOUTH,2026-03-02,481,13847.99
NWO-1011,PLANT_01,DC_SOUTH,2026-03-09,375,10796.25
NWO-1011,PLANT_01,DC_SOUTH,2026-03-16,425,12235.75
NWO-1011,PLANT_01,DC_SOUTH,2026-03-23,439,12638.81
NWO-1011,PLANT_01,DC_SOUTH,2026-03-30,444,12782.76
NWO-1011,PLANT_01,DC_SOUTH,2026-04-06,412,11861.48
NWO-1011,PLANT_01,DC_SOUTH,2026-04-13,416,11976.64
NWO-1011,PLANT_01,DC_SOUTH,2026-04-20,356,10249.24
NWO-1011,PLANT_01,DC_SOUTH,2026-04-27,511,14711.69
NWO-1011,PLANT_01,DC_SOUTH,2026-05-04,459,13214.61
NWO-1011,PLANT_01,DC_SOUTH,2026-05-11,471,13560.09
NWO-1011,PLANT_01,DC_SOUTH,2026-05-18,479,13790.41
NWO-1011,PLANT_01,DC_SOUTH,2026-05-25,421,12120.59
NWO-1011,PLANT_01,DC_SOUTH,2026-06-01,528,15201.12
NWO-1011,PLANT_01,DC_WEST,2023-06-05,448,12897.92
NWO-1011,PLANT_01,DC_WEST,2023-06-12,342,9846.18
NWO-1011,PLANT_01,DC_WEST,2023-06-19,346,9961.34
NWO-1011,PLANT_01,DC_WEST,2023-06-26,307,8838.53
NWO-1011,PLANT_01,DC_WEST,2023-07-03,443,12753.97
NWO-1011,PLANT_01,DC_WEST,2023-07-10,345,9932.55
NWO-1011,PLANT_01,DC_WEST,2023-07-17,413,11890.27
NWO-1011,PLANT_01,DC_WEST,2023-07-24,412,11861.48
NWO-1011,PLANT_01,DC_WEST,2023-07-31,427,12293.33
NWO-1011,PLANT_01,DC_WEST,2023-08-07,362,10421.98
NWO-1011,PLANT_01,DC_WEST,2023-08-14,319,9184.01
NWO-1011,PLANT_01,DC_WEST,2023-08-21,378,10882.62
NWO-1011,PLANT_01,DC_WEST,2023-08-28,344,9903.76
NWO-1011,PLANT_01,DC_WEST,2023-09-04,381,10968.99
NWO-1011,PLANT_01,DC_WEST,2023-09-11,326,9385.54
NWO-1011,PLANT_01,DC_WEST,2023-09-18,388,11170.52
NWO-1011,PLANT_01,DC_WEST,2023-09-25,328,9443.12
NWO-1011,PLANT_01,DC_WEST,2023-10-02,325,9356.75
NWO-1011,PLANT_01,DC_WEST,2023-10-09,356,10249.24
NWO-1011,PLANT_01,DC_WEST,2023-10-16,422,12149.38
NWO-1011,PLANT_01,DC_WEST,2023-10-23,351,10105.29
NWO-1011,PLANT_01,DC_WEST,2023-10-30,458,13185.82
NWO-1011,PLANT_01,DC_WEST,2023-11-06,583,16784.57
NWO-1011,PLANT_01,DC_WEST,2023-11-13,507,14596.53
NWO-1011,PLANT_01,DC_WEST,2023-11-20,437,12581.23
NWO-1011,PLANT_01,DC_WEST,2023-11-27,504,14510.16
NWO-1011,PLANT_01,DC_WEST,2023-12-04,502,14452.58
NWO-1011,PLANT_01,DC_WEST,2023-12-11,520,14970.8
NWO-1011,PLANT_01,DC_WEST,2023-12-18,433,12466.07
NWO-1011,PLANT_01,DC_WEST,2023-12-25,583,16784.57
NWO-1011,PLANT_01,DC_WEST,2024-01-01,255,7341.45
NWO-1011,PLANT_01,DC_WEST,2024-01-08,226,6506.54
NWO-1011,PLANT_01,DC_WEST,2024-01-15,286,8233.94
NWO-1011,PLANT_01,DC_WEST,2024-01-22,291,8377.89
NWO-1011,PLANT_01,DC_WEST,2024-01-29,239,6880.81
NWO-1011,PLANT_01,DC_WEST,2024-02-05,262,7542.98
NWO-1011,PLANT_01,DC_WEST,2024-02-12,322,9270.38
NWO-1011,PLANT_01,DC_WEST,2024-02-19,260,7485.4
NWO-1011,PLANT_01,DC_WEST,2024-02-26,308,8867.32
NWO-1011,PLANT_01,DC_WEST,2024-03-04,289,8320.31
NWO-1011,PLANT_01,DC_WEST,2024-03-11,337,9702.23
NWO-1011,PLANT_01,DC_WEST,2024-03-18,348,10018.92
NWO-1011,PLANT_01,DC_WEST,2024-03-25,304,8752.16
NWO-1011,PLANT_01,DC_WEST,2024-04-01,386,11112.94
NWO-1011,PLANT_01,DC_WEST,2024-04-08,394,11343.26
NWO-1011,PLANT_01,DC_WEST,2024-04-15,316,9097.64
NWO-1011,PLANT_01,DC_WEST,2024-04-22,360,10364.4
NWO-1011,PLANT_01,DC_WEST,2024-04-29,559,16093.61
NWO-1011,PLANT_01,DC_WEST,2024-05-06,586,16870.94
NWO-1011,PLANT_01,DC_WEST,2024-05-13,353,10162.87
NWO-1011,PLANT_01,DC_WEST,2024-05-20,346,9961.34
NWO-1011,PLANT_01,DC_WEST,2024-05-27,444,12782.76
NWO-1011,PLANT_01,DC_WEST,2024-06-03,348,10018.92
NWO-1011,PLANT_01,DC_WEST,2024-06-10,397,11429.63
NWO-1011,PLANT_01,DC_WEST,2024-06-17,439,12638.81
NWO-1011,PLANT_01,DC_WEST,2024-06-24,418,12034.22
NWO-1011,PLANT_01,DC_WEST,2024-07-01,440,12667.6
NWO-1011,PLANT_01,DC_WEST,2024-07-08,369,10623.51
NWO-1011,PLANT_01,DC_WEST,2024-07-15,412,11861.48
NWO-1011,PLANT_01,DC_WEST,2024-07-22,481,13847.99
NWO-1011,PLANT_01,DC_WEST,2024-07-29,401,11544.79
NWO-1011,PLANT_01,DC_WEST,2024-08-05,290,8349.1
NWO-1011,PLANT_01,DC_WEST,2024-08-12,402,11573.58
NWO-1011,PLANT_01,DC_WEST,2024-08-19,410,11803.9
NWO-1011,PLANT_01,DC_WEST,2024-08-26,403,11602.37
NWO-1011,PLANT_01,DC_WEST,2024-09-02,395,11372.05
NWO-1011,PLANT_01,DC_WEST,2024-09-09,316,9097.64
NWO-1011,PLANT_01,DC_WEST,2024-09-16,367,10565.93
NWO-1011,PLANT_01,DC_WEST,2024-09-23,414,11919.06
NWO-1011,PLANT_01,DC_WEST,2024-09-30,376,10825.04
NWO-1011,PLANT_01,DC_WEST,2024-10-07,289,8320.31
NWO-1011,PLANT_01,DC_WEST,2024-10-14,330,9500.7
NWO-1011,PLANT_01,DC_WEST,2024-10-21,423,12178.17
NWO-1011,PLANT_01,DC_WEST,2024-10-28,472,13588.88
NWO-1011,PLANT_01,DC_WEST,2024-11-04,466,13416.14
NWO-1011,PLANT_01,DC_WEST,2024-11-11,487,14020.73
NWO-1011,PLANT_01,DC_WEST,2024-11-18,471,13560.09
NWO-1011,PLANT_01,DC_WEST,2024-11-25,500,14395.0
NWO-1011,PLANT_01,DC_WEST,2024-12-02,494,14222.26
NWO-1011,PLANT_01,DC_WEST,2024-12-09,625,17993.75
NWO-1011,PLANT_01,DC_WEST,2024-12-16,555,15978.45
NWO-1011,PLANT_01,DC_WEST,2024-12-23,483,13905.57
NWO-1011,PLANT_01,DC_WEST,2024-12-30,528,15201.12
NWO-1011,PLANT_01,DC_WEST,2025-01-06,282,8118.78
NWO-1011,PLANT_01,DC_WEST,2025-01-13,312,8982.48
NWO-1011,PLANT_01,DC_WEST,2025-01-20,331,9529.49
NWO-1011,PLANT_01,DC_WEST,2025-01-27,287,8262.73
NWO-1011,PLANT_01,DC_WEST,2025-02-03,330,9500.7
NWO-1011,PLANT_01,DC_WEST,2025-02-10,302,8694.58
NWO-1011,PLANT_01,DC_WEST,2025-02-17,324,9327.96
NWO-1011,PLANT_01,DC_WEST,2025-02-24,268,7715.72
NWO-1011,PLANT_01,DC_WEST,2025-03-03,302,8694.58
NWO-1011,PLANT_01,DC_WEST,2025-03-10,367,10565.93
NWO-1011,PLANT_01,DC_WEST,2025-03-17,312,8982.48
NWO-1011,PLANT_01,DC_WEST,2025-03-24,268,7715.72
NWO-1011,PLANT_01,DC_WEST,2025-03-31,314,9040.06
NWO-1011,PLANT_01,DC_WEST,2025-04-07,363,10450.77
NWO-1011,PLANT_01,DC_WEST,2025-04-14,377,10853.83
NWO-1011,PLANT_01,DC_WEST,2025-04-21,296,8521.84
NWO-1011,PLANT_01,DC_WEST,2025-04-28,446,12840.34
NWO-1011,PLANT_01,DC_WEST,2025-05-05,270,7773.3
NWO-1011,PLANT_01,DC_WEST,2025-05-12,354,10191.66
NWO-1011,PLANT_01,DC_WEST,2025-05-19,317,9126.43
NWO-1011,PLANT_01,DC_WEST,2025-05-26,313,9011.27
NWO-1011,PLANT_01,DC_WEST,2025-06-02,336,9673.44
NWO-1011,PLANT_01,DC_WEST,2025-06-09,434,12494.86
NWO-1011,PLANT_01,DC_WEST,2025-06-16,359,10335.61
NWO-1011,PLANT_01,DC_WEST,2025-06-23,312,8982.48
NWO-1011,PLANT_01,DC_WEST,2025-06-30,414,11919.06
NWO-1011,PLANT_01,DC_WEST,2025-07-07,451,12984.29
NWO-1011,PLANT_01,DC_WEST,2025-07-14,428,12322.12
NWO-1011,PLANT_01,DC_WEST,2025-07-21,390,11228.1
NWO-1011,PLANT_01,DC_WEST,2025-07-28,459,13214.61
NWO-1011,PLANT_01,DC_WEST,2025-08-04,421,12120.59
NWO-1011,PLANT_01,DC_WEST,2025-08-11,342,9846.18
NWO-1011,PLANT_01,DC_WEST,2025-08-18,370,10652.3
NWO-1011,PLANT_01,DC_WEST,2025-08-25,356,10249.24
NWO-1011,PLANT_01,DC_WEST,2025-09-01,373,10738.67
NWO-1011,PLANT_01,DC_WEST,2025-09-08,324,9327.96
NWO-1011,PLANT_01,DC_WEST,2025-09-15,402,11573.58
NWO-1011,PLANT_01,DC_WEST,2025-09-22,406,11688.74
NWO-1011,PLANT_01,DC_WEST,2025-09-29,340,9788.6
NWO-1011,PLANT_01,DC_WEST,2025-10-06,409,11775.11
NWO-1011,PLANT_01,DC_WEST,2025-10-13,355,10220.45
NWO-1011,PLANT_01,DC_WEST,2025-10-20,327,9414.33
NWO-1011,PLANT_01,DC_WEST,2025-10-27,385,11084.15
NWO-1011,PLANT_01,DC_WEST,2025-11-03,506,14567.74
NWO-1011,PLANT_01,DC_WEST,2025-11-10,525,15114.75
NWO-1011,PLANT_01,DC_WEST,2025-11-17,480,13819.2
NWO-1011,PLANT_01,DC_WEST,2025-11-24,567,16323.93
NWO-1011,PLANT_01,DC_WEST,2025-12-01,582,16755.78
NWO-1011,PLANT_01,DC_WEST,2025-12-08,610,17561.9
NWO-1011,PLANT_01,DC_WEST,2025-12-15,555,15978.45
NWO-1011,PLANT_01,DC_WEST,2025-12-22,531,15287.49
NWO-1011,PLANT_01,DC_WEST,2025-12-29,595,17130.05
NWO-1011,PLANT_01,DC_WEST,2026-01-05,290,8349.1
NWO-1011,PLANT_01,DC_WEST,2026-01-12,318,9155.22
NWO-1011,PLANT_01,DC_WEST,2026-01-19,340,9788.6
NWO-1011,PLANT_01,DC_WEST,2026-01-26,294,8464.26
NWO-1011,PLANT_01,DC_WEST,2026-02-02,356,10249.24
NWO-1011,PLANT_01,DC_WEST,2026-02-09,331,9529.49
NWO-1011,PLANT_01,DC_WEST,2026-02-16,265,7629.35
NWO-1011,PLANT_01,DC_WEST,2026-02-23,230,6621.7
NWO-1011,PLANT_01,DC_WEST,2026-03-02,316,9097.64
NWO-1011,PLANT_01,DC_WEST,2026-03-09,292,8406.68
NWO-1011,PLANT_01,DC_WEST,2026-03-16,278,8003.62
NWO-1011,PLANT_01,DC_WEST,2026-03-23,366,10537.14
NWO-1011,PLANT_01,DC_WEST,2026-03-30,375,10796.25
NWO-1011,PLANT_01,DC_WEST,2026-04-06,472,13588.88
NWO-1011,PLANT_01,DC_WEST,2026-04-13,313,9011.27
NWO-1011,PLANT_01,DC_WEST,2026-04-20,338,9731.02
NWO-1011,PLANT_01,DC_WEST,2026-04-27,367,10565.93
NWO-1011,PLANT_01,DC_WEST,2026-05-04,405,11659.95
NWO-1011,PLANT_01,DC_WEST,2026-05-11,353,10162.87
NWO-1011,PLANT_01,DC_WEST,2026-05-18,339,9759.81
NWO-1011,PLANT_01,DC_WEST,2026-05-25,356,10249.24
NWO-1011,PLANT_01,DC_WEST,2026-06-01,443,12753.97
NWO-1012,PLANT_01,DC_NORTH,2023-06-05,232,4111.04
NWO-1012,PLANT_01,DC_NORTH,2023-06-12,232,4111.04
NWO-1012,PLANT_01,DC_NORTH,2023-06-19,246,4359.12
NWO-1012,PLANT_01,DC_NORTH,2023-06-26,280,4961.6
NWO-1012,PLANT_01,DC_NORTH,2023-07-03,218,3862.96
NWO-1012,PLANT_01,DC_NORTH,2023-07-10,224,3969.28
NWO-1012,PLANT_01,DC_NORTH,2023-07-17,309,5475.48
NWO-1012,PLANT_01,DC_NORTH,2023-07-24,276,4890.72
NWO-1012,PLANT_01,DC_NORTH,2023-07-31,278,4926.16
NWO-1012,PLANT_01,DC_NORTH,2023-08-07,264,4678.08
NWO-1012,PLANT_01,DC_NORTH,2023-08-14,291,5156.52
NWO-1012,PLANT_01,DC_NORTH,2023-08-21,247,4376.84
NWO-1012,PLANT_01,DC_NORTH,2023-08-28,185,3278.2
NWO-1012,PLANT_01,DC_NORTH,2023-09-04,205,3632.6
NWO-1012,PLANT_01,DC_NORTH,2023-09-11,214,3792.08
NWO-1012,PLANT_01,DC_NORTH,2023-09-18,199,3526.28
NWO-1012,PLANT_01,DC_NORTH,2023-09-25,305,5404.6
NWO-1012,PLANT_01,DC_NORTH,2023-10-02,250,4430.0
NWO-1012,PLANT_01,DC_NORTH,2023-10-09,231,4093.32
NWO-1012,PLANT_01,DC_NORTH,2023-10-16,228,4040.16
NWO-1012,PLANT_01,DC_NORTH,2023-10-23,219,3880.68
NWO-1012,PLANT_01,DC_NORTH,2023-10-30,244,4323.68
NWO-1012,PLANT_01,DC_NORTH,2023-11-06,323,5723.56
NWO-1012,PLANT_01,DC_NORTH,2023-11-13,296,5245.12
NWO-1012,PLANT_01,DC_NORTH,2023-11-20,245,4341.4
NWO-1012,PLANT_01,DC_NORTH,2023-11-27,256,4536.32
NWO-1012,PLANT_01,DC_NORTH,2023-12-04,349,6184.28
NWO-1012,PLANT_01,DC_NORTH,2023-12-11,306,5422.32
NWO-1012,PLANT_01,DC_NORTH,2023-12-18,358,6343.76
NWO-1012,PLANT_01,DC_NORTH,2023-12-25,381,6751.32
NWO-1012,PLANT_01,DC_NORTH,2024-01-01,177,3136.44
NWO-1012,PLANT_01,DC_NORTH,2024-01-08,187,3313.64
NWO-1012,PLANT_01,DC_NORTH,2024-01-15,196,3473.12
NWO-1012,PLANT_01,DC_NORTH,2024-01-22,217,3845.24
NWO-1012,PLANT_01,DC_NORTH,2024-01-29,182,3225.04
NWO-1012,PLANT_01,DC_NORTH,2024-02-05,179,3171.88
NWO-1012,PLANT_01,DC_NORTH,2024-02-12,187,3313.64
NWO-1012,PLANT_01,DC_NORTH,2024-02-19,192,3402.24
NWO-1012,PLANT_01,DC_NORTH,2024-02-26,215,3809.8
NWO-1012,PLANT_01,DC_NORTH,2024-03-04,194,3437.68
NWO-1012,PLANT_01,DC_NORTH,2024-03-11,216,3827.52
NWO-1012,PLANT_01,DC_NORTH,2024-03-18,198,3508.56
NWO-1012,PLANT_01,DC_NORTH,2024-03-25,184,3260.48
NWO-1012,PLANT_01,DC_NORTH,2024-04-01,241,4270.52
NWO-1012,PLANT_01,DC_NORTH,2024-04-08,268,4748.96
NWO-1012,PLANT_01,DC_NORTH,2024-04-15,238,4217.36
NWO-1012,PLANT_01,DC_NORTH,2024-04-22,234,4146.48
NWO-1012,PLANT_01,DC_NORTH,2024-04-29,239,4235.08
NWO-1012,PLANT_01,DC_NORTH,2024-05-06,274,4855.28
NWO-1012,PLANT_01,DC_NORTH,2024-05-13,218,3862.96
NWO-1012,PLANT_01,DC_NORTH,2024-05-20,260,4607.2
NWO-1012,PLANT_01,DC_NORTH,2024-05-27,226,4004.72
NWO-1012,PLANT_01,DC_NORTH,2024-06-03,268,4748.96
NWO-1012,PLANT_01,DC_NORTH,2024-06-10,270,4784.4
NWO-1012,PLANT_01,DC_NORTH,2024-06-17,248,4394.56
NWO-1012,PLANT_01,DC_NORTH,2024-06-24,323,5723.56
NWO-1012,PLANT_01,DC_NORTH,2024-07-01,342,6060.24
NWO-1012,PLANT_01,DC_NORTH,2024-07-08,337,5971.64
NWO-1012,PLANT_01,DC_NORTH,2024-07-15,352,6237.44
NWO-1012,PLANT_01,DC_NORTH,2024-07-22,295,5227.4
NWO-1012,PLANT_01,DC_NORTH,2024-07-29,272,4819.84
NWO-1012,PLANT_01,DC_NORTH,2024-08-05,199,3526.28
NWO-1012,PLANT_01,DC_NORTH,2024-08-12,214,3792.08
NWO-1012,PLANT_01,DC_NORTH,2024-08-19,232,4111.04
NWO-1012,PLANT_01,DC_NORTH,2024-08-26,204,3614.88
NWO-1012,PLANT_01,DC_NORTH,2024-09-02,252,4465.44
NWO-1012,PLANT_01,DC_NORTH,2024-09-09,273,4837.56
NWO-1012,PLANT_01,DC_NORTH,2024-09-16,232,4111.04
NWO-1012,PLANT_01,DC_NORTH,2024-09-23,284,5032.48
NWO-1012,PLANT_01,DC_NORTH,2024-09-30,208,3685.76
NWO-1012,PLANT_01,DC_NORTH,2024-10-07,200,3544.0
NWO-1012,PLANT_01,DC_NORTH,2024-10-14,297,5262.84
NWO-1012,PLANT_01,DC_NORTH,2024-10-21,176,3118.72
NWO-1012,PLANT_01,DC_NORTH,2024-10-28,274,4855.28
NWO-1012,PLANT_01,DC_NORTH,2024-11-04,312,5528.64
NWO-1012,PLANT_01,DC_NORTH,2024-11-11,335,5936.2
NWO-1012,PLANT_01,DC_NORTH,2024-11-18,337,5971.64
NWO-1012,PLANT_01,DC_NORTH,2024-11-25,367,6503.24
NWO-1012,PLANT_01,DC_NORTH,2024-12-02,352,6237.44
NWO-1012,PLANT_01,DC_NORTH,2024-12-09,411,7282.92
NWO-1012,PLANT_01,DC_NORTH,2024-12-16,295,5227.4
NWO-1012,PLANT_01,DC_NORTH,2024-12-23,433,7672.76
NWO-1012,PLANT_01,DC_NORTH,2024-12-30,470,8328.4
NWO-1012,PLANT_01,DC_NORTH,2025-01-06,157,2782.04
NWO-1012,PLANT_01,DC_NORTH,2025-01-13,215,3809.8
NWO-1012,PLANT_01,DC_NORTH,2025-01-20,226,4004.72
NWO-1012,PLANT_01,DC_NORTH,2025-01-27,237,4199.64
NWO-1012,PLANT_01,DC_NORTH,2025-02-03,195,3455.4
NWO-1012,PLANT_01,DC_NORTH,2025-02-10,248,4394.56
NWO-1012,PLANT_01,DC_NORTH,2025-02-17,168,2976.96
NWO-1012,PLANT_01,DC_NORTH,2025-02-24,245,4341.4
NWO-1012,PLANT_01,DC_NORTH,2025-03-03,218,3862.96
NWO-1012,PLANT_01,DC_NORTH,2025-03-10,273,4837.56
NWO-1012,PLANT_01,DC_NORTH,2025-03-17,211,3738.92
NWO-1012,PLANT_01,DC_NORTH,2025-03-24,255,4518.6
NWO-1012,PLANT_01,DC_NORTH,2025-03-31,239,4235.08
NWO-1012,PLANT_01,DC_NORTH,2025-04-07,216,3827.52
NWO-1012,PLANT_01,DC_NORTH,2025-04-14,308,5457.76
NWO-1012,PLANT_01,DC_NORTH,2025-04-21,216,3827.52
NWO-1012,PLANT_01,DC_NORTH,2025-04-28,240,4252.8
NWO-1012,PLANT_01,DC_NORTH,2025-05-05,252,4465.44
NWO-1012,PLANT_01,DC_NORTH,2025-05-12,289,5121.08
NWO-1012,PLANT_01,DC_NORTH,2025-05-19,275,4873.0
NWO-1012,PLANT_01,DC_NORTH,2025-05-26,231,4093.32
NWO-1012,PLANT_01,DC_NORTH,2025-06-02,344,6095.68
NWO-1012,PLANT_01,DC_NORTH,2025-06-09,333,5900.76
NWO-1012,PLANT_01,DC_NORTH,2025-06-16,327,5794.44
NWO-1012,PLANT_01,DC_NORTH,2025-06-23,237,4199.64
NWO-1012,PLANT_01,DC_NORTH,2025-06-30,333,5900.76
NWO-1012,PLANT_01,DC_NORTH,2025-07-07,314,5564.08
NWO-1012,PLANT_01,DC_NORTH,2025-07-14,301,5333.72
NWO-1012,PLANT_01,DC_NORTH,2025-07-21,364,6450.08
NWO-1012,PLANT_01,DC_NORTH,2025-07-28,298,5280.56
NWO-1012,PLANT_01,DC_NORTH,2025-08-04,279,4943.88
NWO-1012,PLANT_01,DC_NORTH,2025-08-11,290,5138.8
NWO-1012,PLANT_01,DC_NORTH,2025-08-18,317,5617.24
NWO-1012,PLANT_01,DC_NORTH,2025-08-25,286,5067.92
NWO-1012,PLANT_01,DC_NORTH,2025-09-01,213,3774.36
NWO-1012,PLANT_01,DC_NORTH,2025-09-08,236,4181.92
NWO-1012,PLANT_01,DC_NORTH,2025-09-15,263,4660.36
NWO-1012,PLANT_01,DC_NORTH,2025-09-22,239,4235.08
NWO-1012,PLANT_01,DC_NORTH,2025-09-29,264,4678.08
NWO-1012,PLANT_01,DC_NORTH,2025-10-06,278,4926.16
NWO-1012,PLANT_01,DC_NORTH,2025-10-13,315,5581.8
NWO-1012,PLANT_01,DC_NORTH,2025-10-20,315,5581.8
NWO-1012,PLANT_01,DC_NORTH,2025-10-27,264,4678.08
NWO-1012,PLANT_01,DC_NORTH,2025-11-03,399,7070.28
NWO-1012,PLANT_01,DC_NORTH,2025-11-10,346,6131.12
NWO-1012,PLANT_01,DC_NORTH,2025-11-17,451,7991.72
NWO-1012,PLANT_01,DC_NORTH,2025-11-24,432,7655.04
NWO-1012,PLANT_01,DC_NORTH,2025-12-01,450,7974.0
NWO-1012,PLANT_01,DC_NORTH,2025-12-08,382,6769.04
NWO-1012,PLANT_01,DC_NORTH,2025-12-15,373,6609.56
NWO-1012,PLANT_01,DC_NORTH,2025-12-22,354,6272.88
NWO-1012,PLANT_01,DC_NORTH,2025-12-29,382,6769.04
NWO-1012,PLANT_01,DC_NORTH,2026-01-05,230,4075.6
NWO-1012,PLANT_01,DC_NORTH,2026-01-12,292,5174.24
NWO-1012,PLANT_01,DC_NORTH,2026-01-19,231,4093.32
NWO-1012,PLANT_01,DC_NORTH,2026-01-26,220,3898.4
NWO-1012,PLANT_01,DC_NORTH,2026-02-02,253,4483.16
NWO-1012,PLANT_01,DC_NORTH,2026-02-09,204,3614.88
NWO-1012,PLANT_01,DC_NORTH,2026-02-16,247,4376.84
NWO-1012,PLANT_01,DC_NORTH,2026-02-23,249,4412.28
NWO-1012,PLANT_01,DC_NORTH,2026-03-02,357,6326.04
NWO-1012,PLANT_01,DC_NORTH,2026-03-09,271,4802.12
NWO-1012,PLANT_01,DC_NORTH,2026-03-16,272,4819.84
NWO-1012,PLANT_01,DC_NORTH,2026-03-23,350,6202.0
NWO-1012,PLANT_01,DC_NORTH,2026-03-30,299,5298.28
NWO-1012,PLANT_01,DC_NORTH,2026-04-06,244,4323.68
NWO-1012,PLANT_01,DC_NORTH,2026-04-13,261,4624.92
NWO-1012,PLANT_01,DC_NORTH,2026-04-20,224,3969.28
NWO-1012,PLANT_01,DC_NORTH,2026-04-27,240,4252.8
NWO-1012,PLANT_01,DC_NORTH,2026-05-04,272,4819.84
NWO-1012,PLANT_01,DC_NORTH,2026-05-11,332,5883.04
NWO-1012,PLANT_01,DC_NORTH,2026-05-18,286,5067.92
NWO-1012,PLANT_01,DC_NORTH,2026-05-25,344,6095.68
NWO-1012,PLANT_01,DC_NORTH,2026-06-01,333,5900.76
NWO-1012,PLANT_01,DC_SOUTH,2023-06-05,590,10454.8
NWO-1012,PLANT_01,DC_SOUTH,2023-06-12,642,11376.24
NWO-1012,PLANT_01,DC_SOUTH,2023-06-19,458,8115.76
NWO-1012,PLANT_01,DC_SOUTH,2023-06-26,571,10118.12
NWO-1012,PLANT_01,DC_SOUTH,2023-07-03,533,9444.76
NWO-1012,PLANT_01,DC_SOUTH,2023-07-10,721,12776.12
NWO-1012,PLANT_01,DC_SOUTH,2023-07-17,655,11606.6
NWO-1012,PLANT_01,DC_SOUTH,2023-07-24,607,10756.04
NWO-1012,PLANT_01,DC_SOUTH,2023-07-31,709,12563.48
NWO-1012,PLANT_01,DC_SOUTH,2023-08-07,663,11748.36
NWO-1012,PLANT_01,DC_SOUTH,2023-08-14,589,10437.08
NWO-1012,PLANT_01,DC_SOUTH,2023-08-21,588,10419.36
NWO-1012,PLANT_01,DC_SOUTH,2023-08-28,548,9710.56
NWO-1012,PLANT_01,DC_SOUTH,2023-09-04,581,10295.32
NWO-1012,PLANT_01,DC_SOUTH,2023-09-11,623,11039.56
NWO-1012,PLANT_01,DC_SOUTH,2023-09-18,615,10897.8
NWO-1012,PLANT_01,DC_SOUTH,2023-09-25,543,9621.96
NWO-1012,PLANT_01,DC_SOUTH,2023-10-02,447,7920.84
NWO-1012,PLANT_01,DC_SOUTH,2023-10-09,620,10986.4
NWO-1012,PLANT_01,DC_SOUTH,2023-10-16,575,10189.0
NWO-1012,PLANT_01,DC_SOUTH,2023-10-23,641,11358.52
NWO-1012,PLANT_01,DC_SOUTH,2023-10-30,554,9816.88
NWO-1012,PLANT_01,DC_SOUTH,2023-11-06,781,13839.32
NWO-1012,PLANT_01,DC_SOUTH,2023-11-13,940,16656.8
NWO-1012,PLANT_01,DC_SOUTH,2023-11-20,931,16497.32
NWO-1012,PLANT_01,DC_SOUTH,2023-11-27,764,13538.08
NWO-1012,PLANT_01,DC_SOUTH,2023-12-04,861,15256.92
NWO-1012,PLANT_01,DC_SOUTH,2023-12-11,1038,18393.36
NWO-1012,PLANT_01,DC_SOUTH,2023-12-18,842,14920.24
NWO-1012,PLANT_01,DC_SOUTH,2023-12-25,846,14991.12
NWO-1012,PLANT_01,DC_SOUTH,2024-01-01,529,9373.88
NWO-1012,PLANT_01,DC_SOUTH,2024-01-08,450,7974.0
NWO-1012,PLANT_01,DC_SOUTH,2024-01-15,511,9054.92
NWO-1012,PLANT_01,DC_SOUTH,2024-01-22,529,9373.88
NWO-1012,PLANT_01,DC_SOUTH,2024-01-29,616,10915.52
NWO-1012,PLANT_01,DC_SOUTH,2024-02-05,595,10543.4
NWO-1012,PLANT_01,DC_SOUTH,2024-02-12,476,8434.72
NWO-1012,PLANT_01,DC_SOUTH,2024-02-19,520,9214.4
NWO-1012,PLANT_01,DC_SOUTH,2024-02-26,552,9781.44
NWO-1012,PLANT_01,DC_SOUTH,2024-03-04,553,9799.16
NWO-1012,PLANT_01,DC_SOUTH,2024-03-11,546,9675.12
NWO-1012,PLANT_01,DC_SOUTH,2024-03-18,652,11553.44
NWO-1012,PLANT_01,DC_SOUTH,2024-03-25,492,8718.24
NWO-1012,PLANT_01,DC_SOUTH,2024-04-01,468,8292.96
NWO-1012,PLANT_01,DC_SOUTH,2024-04-08,620,10986.4
NWO-1012,PLANT_01,DC_SOUTH,2024-04-15,700,12404.0
NWO-1012,PLANT_01,DC_SOUTH,2024-04-22,765,13555.8
NWO-1012,PLANT_01,DC_SOUTH,2024-04-29,542,9604.24
NWO-1012,PLANT_01,DC_SOUTH,2024-05-06,564,9994.08
NWO-1012,PLANT_01,DC_SOUTH,2024-05-13,596,10561.12
NWO-1012,PLANT_01,DC_SOUTH,2024-05-20,616,10915.52
NWO-1012,PLANT_01,DC_SOUTH,2024-05-27,598,10596.56
NWO-1012,PLANT_01,DC_SOUTH,2024-06-03,725,12847.0
NWO-1012,PLANT_01,DC_SOUTH,2024-06-10,715,12669.8
NWO-1012,PLANT_01,DC_SOUTH,2024-06-17,739,13095.08
NWO-1012,PLANT_01,DC_SOUTH,2024-06-24,696,12333.12
NWO-1012,PLANT_01,DC_SOUTH,2024-07-01,677,11996.44
NWO-1012,PLANT_01,DC_SOUTH,2024-07-08,629,11145.88
NWO-1012,PLANT_01,DC_SOUTH,2024-07-15,796,14105.12
NWO-1012,PLANT_01,DC_SOUTH,2024-07-22,639,11323.08
NWO-1012,PLANT_01,DC_SOUTH,2024-07-29,766,13573.52
NWO-1012,PLANT_01,DC_SOUTH,2024-08-05,746,13219.12
NWO-1012,PLANT_01,DC_SOUTH,2024-08-12,698,12368.56
NWO-1012,PLANT_01,DC_SOUTH,2024-08-19,701,12421.72
NWO-1012,PLANT_01,DC_SOUTH,2024-08-26,669,11854.68
NWO-1012,PLANT_01,DC_SOUTH,2024-09-02,677,11996.44
NWO-1012,PLANT_01,DC_SOUTH,2024-09-09,653,11571.16
NWO-1012,PLANT_01,DC_SOUTH,2024-09-16,642,11376.24
NWO-1012,PLANT_01,DC_SOUTH,2024-09-23,631,11181.32
NWO-1012,PLANT_01,DC_SOUTH,2024-09-30,582,10313.04
NWO-1012,PLANT_01,DC_SOUTH,2024-10-07,739,13095.08
NWO-1012,PLANT_01,DC_SOUTH,2024-10-14,757,13414.04
NWO-1012,PLANT_01,DC_SOUTH,2024-10-21,774,13715.28
NWO-1012,PLANT_01,DC_SOUTH,2024-10-28,929,16461.88
NWO-1012,PLANT_01,DC_SOUTH,2024-11-04,1144,20271.68
NWO-1012,PLANT_01,DC_SOUTH,2024-11-11,955,16922.6
NWO-1012,PLANT_01,DC_SOUTH,2024-11-18,993,17595.96
NWO-1012,PLANT_01,DC_SOUTH,2024-11-25,911,16142.92
NWO-1012,PLANT_01,DC_SOUTH,2024-12-02,906,16054.32
NWO-1012,PLANT_01,DC_SOUTH,2024-12-09,1059,18765.48
NWO-1012,PLANT_01,DC_SOUTH,2024-12-16,912,16160.64
NWO-1012,PLANT_01,DC_SOUTH,2024-12-23,948,16798.56
NWO-1012,PLANT_01,DC_SOUTH,2024-12-30,1076,19066.72
NWO-1012,PLANT_01,DC_SOUTH,2025-01-06,566,10029.52
NWO-1012,PLANT_01,DC_SOUTH,2025-01-13,623,11039.56
NWO-1012,PLANT_01,DC_SOUTH,2025-01-20,557,9870.04
NWO-1012,PLANT_01,DC_SOUTH,2025-01-27,560,9923.2
NWO-1012,PLANT_01,DC_SOUTH,2025-02-03,604,10702.88
NWO-1012,PLANT_01,DC_SOUTH,2025-02-10,661,11712.92
NWO-1012,PLANT_01,DC_SOUTH,2025-02-17,478,8470.16
NWO-1012,PLANT_01,DC_SOUTH,2025-02-24,597,10578.84
NWO-1012,PLANT_01,DC_SOUTH,2025-03-03,609,10791.48
NWO-1012,PLANT_01,DC_SOUTH,2025-03-10,607,10756.04
NWO-1012,PLANT_01,DC_SOUTH,2025-03-17,601,10649.72
NWO-1012,PLANT_01,DC_SOUTH,2025-03-24,495,8771.4
NWO-1012,PLANT_01,DC_SOUTH,2025-03-31,639,11323.08
NWO-1012,PLANT_01,DC_SOUTH,2025-04-07,614,10880.08
NWO-1012,PLANT_01,DC_SOUTH,2025-04-14,633,11216.76
NWO-1012,PLANT_01,DC_SOUTH,2025-04-21,693,12279.96
NWO-1012,PLANT_01,DC_SOUTH,2025-04-28,740,13112.8
NWO-1012,PLANT_01,DC_SOUTH,2025-05-05,719,12740.68
NWO-1012,PLANT_01,DC_SOUTH,2025-05-12,721,12776.12
NWO-1012,PLANT_01,DC_SOUTH,2025-05-19,806,14282.32
NWO-1012,PLANT_01,DC_SOUTH,2025-05-26,440,7796.8
NWO-1012,PLANT_01,DC_SOUTH,2025-06-02,712,12616.64
NWO-1012,PLANT_01,DC_SOUTH,2025-06-09,741,13130.52
NWO-1012,PLANT_01,DC_SOUTH,2025-06-16,726,12864.72
NWO-1012,PLANT_01,DC_SOUTH,2025-06-23,761,13484.92
NWO-1012,PLANT_01,DC_SOUTH,2025-06-30,882,15629.04
NWO-1012,PLANT_01,DC_SOUTH,2025-07-07,951,16851.72
NWO-1012,PLANT_01,DC_SOUTH,2025-07-14,1064,18854.08
NWO-1012,PLANT_01,DC_SOUTH,2025-07-21,686,12155.92
NWO-1012,PLANT_01,DC_SOUTH,2025-07-28,978,17330.16
NWO-1012,PLANT_01,DC_SOUTH,2025-08-04,782,13857.04
NWO-1012,PLANT_01,DC_SOUTH,2025-08-11,775,13733.0
NWO-1012,PLANT_01,DC_SOUTH,2025-08-18,717,12705.24
NWO-1012,PLANT_01,DC_SOUTH,2025-08-25,800,14176.0
NWO-1012,PLANT_01,DC_SOUTH,2025-09-01,579,10259.88
NWO-1012,PLANT_01,DC_SOUTH,2025-09-08,744,13183.68
NWO-1012,PLANT_01,DC_SOUTH,2025-09-15,1230,21795.6
NWO-1012,PLANT_01,DC_SOUTH,2025-09-22,909,16107.48
NWO-1012,PLANT_01,DC_SOUTH,2025-09-29,814,14424.08
NWO-1012,PLANT_01,DC_SOUTH,2025-10-06,864,15310.08
NWO-1012,PLANT_01,DC_SOUTH,2025-10-13,657,11642.04
NWO-1012,PLANT_01,DC_SOUTH,2025-10-20,756,13396.32
NWO-1012,PLANT_01,DC_SOUTH,2025-10-27,722,12793.84
NWO-1012,PLANT_01,DC_SOUTH,2025-11-03,1061,18800.92
NWO-1012,PLANT_01,DC_SOUTH,2025-11-10,1097,19438.84
NWO-1012,PLANT_01,DC_SOUTH,2025-11-17,1190,21086.8
NWO-1012,PLANT_01,DC_SOUTH,2025-11-24,884,15664.48
NWO-1012,PLANT_01,DC_SOUTH,2025-12-01,1014,17968.08
NWO-1012,PLANT_01,DC_SOUTH,2025-12-08,1079,19119.88
NWO-1012,PLANT_01,DC_SOUTH,2025-12-15,1308,23177.76
NWO-1012,PLANT_01,DC_SOUTH,2025-12-22,1104,19562.88
NWO-1012,PLANT_01,DC_SOUTH,2025-12-29,1031,18269.32
NWO-1012,PLANT_01,DC_SOUTH,2026-01-05,597,10578.84
NWO-1012,PLANT_01,DC_SOUTH,2026-01-12,663,11748.36
NWO-1012,PLANT_01,DC_SOUTH,2026-01-19,606,10738.32
NWO-1012,PLANT_01,DC_SOUTH,2026-01-26,662,11730.64
NWO-1012,PLANT_01,DC_SOUTH,2026-02-02,598,10596.56
NWO-1012,PLANT_01,DC_SOUTH,2026-02-09,542,9604.24
NWO-1012,PLANT_01,DC_SOUTH,2026-02-16,667,11819.24
NWO-1012,PLANT_01,DC_SOUTH,2026-02-23,611,10826.92
NWO-1012,PLANT_01,DC_SOUTH,2026-03-02,724,12829.28
NWO-1012,PLANT_01,DC_SOUTH,2026-03-09,667,11819.24
NWO-1012,PLANT_01,DC_SOUTH,2026-03-16,586,10383.92
NWO-1012,PLANT_01,DC_SOUTH,2026-03-23,718,12722.96
NWO-1012,PLANT_01,DC_SOUTH,2026-03-30,781,13839.32
NWO-1012,PLANT_01,DC_SOUTH,2026-04-06,842,14920.24
NWO-1012,PLANT_01,DC_SOUTH,2026-04-13,629,11145.88
NWO-1012,PLANT_01,DC_SOUTH,2026-04-20,795,14087.4
NWO-1012,PLANT_01,DC_SOUTH,2026-04-27,717,12705.24
NWO-1012,PLANT_01,DC_SOUTH,2026-05-04,751,13307.72
NWO-1012,PLANT_01,DC_SOUTH,2026-05-11,920,16302.4
NWO-1012,PLANT_01,DC_SOUTH,2026-05-18,700,12404.0
NWO-1012,PLANT_01,DC_SOUTH,2026-05-25,1029,18233.88
NWO-1012,PLANT_01,DC_SOUTH,2026-06-01,1242,22008.24
NWO-1012,PLANT_01,DC_WEST,2023-06-05,441,7814.52
NWO-1012,PLANT_01,DC_WEST,2023-06-12,362,6414.64
NWO-1012,PLANT_01,DC_WEST,2023-06-19,456,8080.32
NWO-1012,PLANT_01,DC_WEST,2023-06-26,369,6538.68
NWO-1012,PLANT_01,DC_WEST,2023-07-03,504,8930.88
NWO-1012,PLANT_01,DC_WEST,2023-07-10,502,8895.44
NWO-1012,PLANT_01,DC_WEST,2023-07-17,462,8186.64
NWO-1012,PLANT_01,DC_WEST,2023-07-24,546,9675.12
NWO-1012,PLANT_01,DC_WEST,2023-07-31,529,9373.88
NWO-1012,PLANT_01,DC_WEST,2023-08-07,406,7194.32
NWO-1012,PLANT_01,DC_WEST,2023-08-14,481,8523.32
NWO-1012,PLANT_01,DC_WEST,2023-08-21,491,8700.52
NWO-1012,PLANT_01,DC_WEST,2023-08-28,355,6290.6
NWO-1012,PLANT_01,DC_WEST,2023-09-04,325,5759.0
NWO-1012,PLANT_01,DC_WEST,2023-09-11,366,6485.52
NWO-1012,PLANT_01,DC_WEST,2023-09-18,396,7017.12
NWO-1012,PLANT_01,DC_WEST,2023-09-25,542,9604.24
NWO-1012,PLANT_01,DC_WEST,2023-10-02,505,8948.6
NWO-1012,PLANT_01,DC_WEST,2023-10-09,505,8948.6
NWO-1012,PLANT_01,DC_WEST,2023-10-16,487,8629.64
NWO-1012,PLANT_01,DC_WEST,2023-10-23,411,7282.92
NWO-1012,PLANT_01,DC_WEST,2023-10-30,350,6202.0
NWO-1012,PLANT_01,DC_WEST,2023-11-06,701,12421.72
NWO-1012,PLANT_01,DC_WEST,2023-11-13,657,11642.04
NWO-1012,PLANT_01,DC_WEST,2023-11-20,605,10720.6
NWO-1012,PLANT_01,DC_WEST,2023-11-27,573,10153.56
NWO-1012,PLANT_01,DC_WEST,2023-12-04,638,11305.36
NWO-1012,PLANT_01,DC_WEST,2023-12-11,619,10968.68
NWO-1012,PLANT_01,DC_WEST,2023-12-18,787,13945.64
NWO-1012,PLANT_01,DC_WEST,2023-12-25,785,13910.2
NWO-1012,PLANT_01,DC_WEST,2024-01-01,406,7194.32
NWO-1012,PLANT_01,DC_WEST,2024-01-08,305,5404.6
NWO-1012,PLANT_01,DC_WEST,2024-01-15,355,6290.6
NWO-1012,PLANT_01,DC_WEST,2024-01-22,396,7017.12
NWO-1012,PLANT_01,DC_WEST,2024-01-29,342,6060.24
NWO-1012,PLANT_01,DC_WEST,2024-02-05,398,7052.56
NWO-1012,PLANT_01,DC_WEST,2024-02-12,351,6219.72
NWO-1012,PLANT_01,DC_WEST,2024-02-19,341,6042.52
NWO-1012,PLANT_01,DC_WEST,2024-02-26,382,6769.04
NWO-1012,PLANT_01,DC_WEST,2024-03-04,452,8009.44
NWO-1012,PLANT_01,DC_WEST,2024-03-11,432,7655.04
NWO-1012,PLANT_01,DC_WEST,2024-03-18,432,7655.04
NWO-1012,PLANT_01,DC_WEST,2024-03-25,427,7566.44
NWO-1012,PLANT_01,DC_WEST,2024-04-01,467,8275.24
NWO-1012,PLANT_01,DC_WEST,2024-04-08,467,8275.24
NWO-1012,PLANT_01,DC_WEST,2024-04-15,475,8417.0
NWO-1012,PLANT_01,DC_WEST,2024-04-22,483,8558.76
NWO-1012,PLANT_01,DC_WEST,2024-04-29,522,9249.84
NWO-1012,PLANT_01,DC_WEST,2024-05-06,569,10082.68
NWO-1012,PLANT_01,DC_WEST,2024-05-13,499,8842.28
NWO-1012,PLANT_01,DC_WEST,2024-05-20,462,8186.64
NWO-1012,PLANT_01,DC_WEST,2024-05-27,463,8204.36
NWO-1012,PLANT_01,DC_WEST,2024-06-03,555,9834.6
NWO-1012,PLANT_01,DC_WEST,2024-06-10,608,10773.76
NWO-1012,PLANT_01,DC_WEST,2024-06-17,558,9887.76
NWO-1012,PLANT_01,DC_WEST,2024-06-24,613,10862.36
NWO-1012,PLANT_01,DC_WEST,2024-07-01,527,9338.44
NWO-1012,PLANT_01,DC_WEST,2024-07-08,571,10118.12
NWO-1012,PLANT_01,DC_WEST,2024-07-15,580,10277.6
NWO-1012,PLANT_01,DC_WEST,2024-07-22,694,12297.68
NWO-1012,PLANT_01,DC_WEST,2024-07-29,809,14335.48
NWO-1012,PLANT_01,DC_WEST,2024-08-05,696,12333.12
NWO-1012,PLANT_01,DC_WEST,2024-08-12,486,8611.92
NWO-1012,PLANT_01,DC_WEST,2024-08-19,492,8718.24
NWO-1012,PLANT_01,DC_WEST,2024-08-26,506,8966.32
NWO-1012,PLANT_01,DC_WEST,2024-09-02,463,8204.36
NWO-1012,PLANT_01,DC_WEST,2024-09-09,482,8541.04
NWO-1012,PLANT_01,DC_WEST,2024-09-16,554,9816.88
NWO-1012,PLANT_01,DC_WEST,2024-09-23,534,9462.48
NWO-1012,PLANT_01,DC_WEST,2024-09-30,488,8647.36
NWO-1012,PLANT_01,DC_WEST,2024-10-07,478,8470.16
NWO-1012,PLANT_01,DC_WEST,2024-10-14,477,8452.44
NWO-1012,PLANT_01,DC_WEST,2024-10-21,559,9905.48
NWO-1012,PLANT_01,DC_WEST,2024-10-28,551,9763.72
NWO-1012,PLANT_01,DC_WEST,2024-11-04,755,13378.6
NWO-1012,PLANT_01,DC_WEST,2024-11-11,731,12953.32
NWO-1012,PLANT_01,DC_WEST,2024-11-18,649,11500.28
NWO-1012,PLANT_01,DC_WEST,2024-11-25,732,12971.04
NWO-1012,PLANT_01,DC_WEST,2024-12-02,785,13910.2
NWO-1012,PLANT_01,DC_WEST,2024-12-09,734,13006.48
NWO-1012,PLANT_01,DC_WEST,2024-12-16,719,12740.68
NWO-1012,PLANT_01,DC_WEST,2024-12-23,742,13148.24
NWO-1012,PLANT_01,DC_WEST,2024-12-30,729,12917.88
NWO-1012,PLANT_01,DC_WEST,2025-01-06,472,8363.84
NWO-1012,PLANT_01,DC_WEST,2025-01-13,388,6875.36
NWO-1012,PLANT_01,DC_WEST,2025-01-20,419,7424.68
NWO-1012,PLANT_01,DC_WEST,2025-01-27,430,7619.6
NWO-1012,PLANT_01,DC_WEST,2025-02-03,368,6520.96
NWO-1012,PLANT_01,DC_WEST,2025-02-10,401,7105.72
NWO-1012,PLANT_01,DC_WEST,2025-02-17,383,6786.76
NWO-1012,PLANT_01,DC_WEST,2025-02-24,483,8558.76
NWO-1012,PLANT_01,DC_WEST,2025-03-03,491,8700.52
NWO-1012,PLANT_01,DC_WEST,2025-03-10,476,8434.72
NWO-1012,PLANT_01,DC_WEST,2025-03-17,410,7265.2
NWO-1012,PLANT_01,DC_WEST,2025-03-24,420,7442.4
NWO-1012,PLANT_01,DC_WEST,2025-03-31,597,10578.84
NWO-1012,PLANT_01,DC_WEST,2025-04-07,570,10100.4
NWO-1012,PLANT_01,DC_WEST,2025-04-14,481,8523.32
NWO-1012,PLANT_01,DC_WEST,2025-04-21,472,8363.84
NWO-1012,PLANT_01,DC_WEST,2025-04-28,605,10720.6
NWO-1012,PLANT_01,DC_WEST,2025-05-05,511,9054.92
NWO-1012,PLANT_01,DC_WEST,2025-05-12,646,11447.12
NWO-1012,PLANT_01,DC_WEST,2025-05-19,509,9019.48
NWO-1012,PLANT_01,DC_WEST,2025-05-26,574,10171.28
NWO-1012,PLANT_01,DC_WEST,2025-06-02,622,11021.84
NWO-1012,PLANT_01,DC_WEST,2025-06-09,670,11872.4
NWO-1012,PLANT_01,DC_WEST,2025-06-16,555,9834.6
NWO-1012,PLANT_01,DC_WEST,2025-06-23,659,11677.48
NWO-1012,PLANT_01,DC_WEST,2025-06-30,687,12173.64
NWO-1012,PLANT_01,DC_WEST,2025-07-07,557,9870.04
NWO-1012,PLANT_01,DC_WEST,2025-07-14,580,10277.6
NWO-1012,PLANT_01,DC_WEST,2025-07-21,652,11553.44
NWO-1012,PLANT_01,DC_WEST,2025-07-28,650,11518.0
NWO-1012,PLANT_01,DC_WEST,2025-08-04,664,11766.08
NWO-1012,PLANT_01,DC_WEST,2025-08-11,592,10490.24
NWO-1012,PLANT_01,DC_WEST,2025-08-18,572,10135.84
NWO-1012,PLANT_01,DC_WEST,2025-08-25,640,11340.8
NWO-1012,PLANT_01,DC_WEST,2025-09-01,488,8647.36
NWO-1012,PLANT_01,DC_WEST,2025-09-08,543,9621.96
NWO-1012,PLANT_01,DC_WEST,2025-09-15,595,10543.4
NWO-1012,PLANT_01,DC_WEST,2025-09-22,603,10685.16
NWO-1012,PLANT_01,DC_WEST,2025-09-29,590,10454.8
NWO-1012,PLANT_01,DC_WEST,2025-10-06,505,8948.6
NWO-1012,PLANT_01,DC_WEST,2025-10-13,525,9303.0
NWO-1012,PLANT_01,DC_WEST,2025-10-20,700,12404.0
NWO-1012,PLANT_01,DC_WEST,2025-10-27,730,12935.6
NWO-1012,PLANT_01,DC_WEST,2025-11-03,796,14105.12
NWO-1012,PLANT_01,DC_WEST,2025-11-10,751,13307.72
NWO-1012,PLANT_01,DC_WEST,2025-11-17,749,13272.28
NWO-1012,PLANT_01,DC_WEST,2025-11-24,927,16426.44
NWO-1012,PLANT_01,DC_WEST,2025-12-01,842,14920.24
NWO-1012,PLANT_01,DC_WEST,2025-12-08,683,12102.76
NWO-1012,PLANT_01,DC_WEST,2025-12-15,873,15469.56
NWO-1012,PLANT_01,DC_WEST,2025-12-22,784,13892.48
NWO-1012,PLANT_01,DC_WEST,2025-12-29,783,13874.76
NWO-1012,PLANT_01,DC_WEST,2026-01-05,506,8966.32
NWO-1012,PLANT_01,DC_WEST,2026-01-12,452,8009.44
NWO-1012,PLANT_01,DC_WEST,2026-01-19,461,8168.92
NWO-1012,PLANT_01,DC_WEST,2026-01-26,353,6255.16
NWO-1012,PLANT_01,DC_WEST,2026-02-02,507,8984.04
NWO-1012,PLANT_01,DC_WEST,2026-02-09,571,10118.12
NWO-1012,PLANT_01,DC_WEST,2026-02-16,578,10242.16
NWO-1012,PLANT_01,DC_WEST,2026-02-23,531,9409.32
NWO-1012,PLANT_01,DC_WEST,2026-03-02,360,6379.2
NWO-1012,PLANT_01,DC_WEST,2026-03-09,564,9994.08
NWO-1012,PLANT_01,DC_WEST,2026-03-16,585,10366.2
NWO-1012,PLANT_01,DC_WEST,2026-03-23,509,9019.48
NWO-1012,PLANT_01,DC_WEST,2026-03-30,671,11890.12
NWO-1012,PLANT_01,DC_WEST,2026-04-06,475,8417.0
NWO-1012,PLANT_01,DC_WEST,2026-04-13,472,8363.84
NWO-1012,PLANT_01,DC_WEST,2026-04-20,532,9427.04
NWO-1012,PLANT_01,DC_WEST,2026-04-27,596,10561.12
NWO-1012,PLANT_01,DC_WEST,2026-05-04,739,13095.08
NWO-1012,PLANT_01,DC_WEST,2026-05-11,706,12510.32
NWO-1012,PLANT_01,DC_WEST,2026-05-18,863,15292.36
NWO-1012,PLANT_01,DC_WEST,2026-05-25,674,11943.28
NWO-1012,PLANT_01,DC_WEST,2026-06-01,649,11500.28
NWO-1013,PLANT_01,DC_NORTH,2023-06-05,500,3065.0
NWO-1013,PLANT_01,DC_NORTH,2023-06-12,355,2176.15
NWO-1013,PLANT_01,DC_NORTH,2023-06-19,353,2163.89
NWO-1013,PLANT_01,DC_NORTH,2023-06-26,330,2022.9
NWO-1013,PLANT_01,DC_NORTH,2023-07-03,389,2384.57
NWO-1013,PLANT_01,DC_NORTH,2023-07-10,392,2402.96
NWO-1013,PLANT_01,DC_NORTH,2023-07-17,289,1771.57
NWO-1013,PLANT_01,DC_NORTH,2023-07-24,433,2654.29
NWO-1013,PLANT_01,DC_NORTH,2023-07-31,347,2127.11
NWO-1013,PLANT_01,DC_NORTH,2023-08-07,388,2378.44
NWO-1013,PLANT_01,DC_NORTH,2023-08-14,425,2605.25
NWO-1013,PLANT_01,DC_NORTH,2023-08-21,408,2501.04
NWO-1013,PLANT_01,DC_NORTH,2023-08-28,320,1961.6
NWO-1013,PLANT_01,DC_NORTH,2023-09-04,351,2151.63
NWO-1013,PLANT_01,DC_NORTH,2023-09-11,339,2078.07
NWO-1013,PLANT_01,DC_NORTH,2023-09-18,393,2409.09
NWO-1013,PLANT_01,DC_NORTH,2023-09-25,257,1575.41
NWO-1013,PLANT_01,DC_NORTH,2023-10-02,409,2507.17
NWO-1013,PLANT_01,DC_NORTH,2023-10-09,325,1992.25
NWO-1013,PLANT_01,DC_NORTH,2023-10-16,327,2004.51
NWO-1013,PLANT_01,DC_NORTH,2023-10-23,379,2323.27
NWO-1013,PLANT_01,DC_NORTH,2023-10-30,456,2795.28
NWO-1013,PLANT_01,DC_NORTH,2023-11-06,459,2813.67
NWO-1013,PLANT_01,DC_NORTH,2023-11-13,429,2629.77
NWO-1013,PLANT_01,DC_NORTH,2023-11-20,642,3935.46
NWO-1013,PLANT_01,DC_NORTH,2023-11-27,553,3389.89
NWO-1013,PLANT_01,DC_NORTH,2023-12-04,632,3874.16
NWO-1013,PLANT_01,DC_NORTH,2023-12-11,617,3782.21
NWO-1013,PLANT_01,DC_NORTH,2023-12-18,493,3022.09
NWO-1013,PLANT_01,DC_NORTH,2023-12-25,516,3163.08
NWO-1013,PLANT_01,DC_NORTH,2024-01-01,284,1740.92
NWO-1013,PLANT_01,DC_NORTH,2024-01-08,248,1520.24
NWO-1013,PLANT_01,DC_NORTH,2024-01-15,268,1642.84
NWO-1013,PLANT_01,DC_NORTH,2024-01-22,287,1759.31
NWO-1013,PLANT_01,DC_NORTH,2024-01-29,286,1753.18
NWO-1013,PLANT_01,DC_NORTH,2024-02-05,223,1366.99
NWO-1013,PLANT_01,DC_NORTH,2024-02-12,269,1648.97
NWO-1013,PLANT_01,DC_NORTH,2024-02-19,307,1881.91
NWO-1013,PLANT_01,DC_NORTH,2024-02-26,320,1961.6
NWO-1013,PLANT_01,DC_NORTH,2024-03-04,337,2065.81
NWO-1013,PLANT_01,DC_NORTH,2024-03-11,346,2120.98
NWO-1013,PLANT_01,DC_NORTH,2024-03-18,389,2384.57
NWO-1013,PLANT_01,DC_NORTH,2024-03-25,318,1949.34
NWO-1013,PLANT_01,DC_NORTH,2024-04-01,283,1734.79
NWO-1013,PLANT_01,DC_NORTH,2024-04-08,270,1655.1
NWO-1013,PLANT_01,DC_NORTH,2024-04-15,360,2206.8
NWO-1013,PLANT_01,DC_NORTH,2024-04-22,413,2531.69
NWO-1013,PLANT_01,DC_NORTH,2024-04-29,346,2120.98
NWO-1013,PLANT_01,DC_NORTH,2024-05-06,464,2844.32
NWO-1013,PLANT_01,DC_NORTH,2024-05-13,440,2697.2
NWO-1013,PLANT_01,DC_NORTH,2024-05-20,303,1857.39
NWO-1013,PLANT_01,DC_NORTH,2024-05-27,372,2280.36
NWO-1013,PLANT_01,DC_NORTH,2024-06-03,429,2629.77
NWO-1013,PLANT_01,DC_NORTH,2024-06-10,365,2237.45
NWO-1013,PLANT_01,DC_NORTH,2024-06-17,350,2145.5
NWO-1013,PLANT_01,DC_NORTH,2024-06-24,304,1863.52
NWO-1013,PLANT_01,DC_NORTH,2024-07-01,381,2335.53
NWO-1013,PLANT_01,DC_NORTH,2024-07-08,422,2586.86
NWO-1013,PLANT_01,DC_NORTH,2024-07-15,380,2329.4
NWO-1013,PLANT_01,DC_NORTH,2024-07-22,380,2329.4
NWO-1013,PLANT_01,DC_NORTH,2024-07-29,423,2592.99
NWO-1013,PLANT_01,DC_NORTH,2024-08-05,368,2255.84
NWO-1013,PLANT_01,DC_NORTH,2024-08-12,503,3083.39
NWO-1013,PLANT_01,DC_NORTH,2024-08-19,475,2911.75
NWO-1013,PLANT_01,DC_NORTH,2024-08-26,462,2832.06
NWO-1013,PLANT_01,DC_NORTH,2024-09-02,386,2366.18
NWO-1013,PLANT_01,DC_NORTH,2024-09-09,460,2819.8
NWO-1013,PLANT_01,DC_NORTH,2024-09-16,328,2010.64
NWO-1013,PLANT_01,DC_NORTH,2024-09-23,341,2090.33
NWO-1013,PLANT_01,DC_NORTH,2024-09-30,250,1532.5
NWO-1013,PLANT_01,DC_NORTH,2024-10-07,377,2311.01
NWO-1013,PLANT_01,DC_NORTH,2024-10-14,458,2807.54
NWO-1013,PLANT_01,DC_NORTH,2024-10-21,410,2513.3
NWO-1013,PLANT_01,DC_NORTH,2024-10-28,444,2721.72
NWO-1013,PLANT_01,DC_NORTH,2024-11-04,517,3169.21
NWO-1013,PLANT_01,DC_NORTH,2024-11-11,531,3255.03
NWO-1013,PLANT_01,DC_NORTH,2024-11-18,434,2660.42
NWO-1013,PLANT_01,DC_NORTH,2024-11-25,571,3500.23
NWO-1013,PLANT_01,DC_NORTH,2024-12-02,376,2304.88
NWO-1013,PLANT_01,DC_NORTH,2024-12-09,513,3144.69
NWO-1013,PLANT_01,DC_NORTH,2024-12-16,479,2936.27
NWO-1013,PLANT_01,DC_NORTH,2024-12-23,627,3843.51
NWO-1013,PLANT_01,DC_NORTH,2024-12-30,384,2353.92
NWO-1013,PLANT_01,DC_NORTH,2025-01-06,242,1483.46
NWO-1013,PLANT_01,DC_NORTH,2025-01-13,276,1691.88
NWO-1013,PLANT_01,DC_NORTH,2025-01-20,238,1458.94
NWO-1013,PLANT_01,DC_NORTH,2025-01-27,350,2145.5
NWO-1013,PLANT_01,DC_NORTH,2025-02-03,360,2206.8
NWO-1013,PLANT_01,DC_NORTH,2025-02-10,293,1796.09
NWO-1013,PLANT_01,DC_NORTH,2025-02-17,280,1716.4
NWO-1013,PLANT_01,DC_NORTH,2025-02-24,261,1599.93
NWO-1013,PLANT_01,DC_NORTH,2025-03-03,323,1979.99
NWO-1013,PLANT_01,DC_NORTH,2025-03-10,341,2090.33
NWO-1013,PLANT_01,DC_NORTH,2025-03-17,444,2721.72
NWO-1013,PLANT_01,DC_NORTH,2025-03-24,277,1698.01
NWO-1013,PLANT_01,DC_NORTH,2025-03-31,263,1612.19
NWO-1013,PLANT_01,DC_NORTH,2025-04-07,345,2114.85
NWO-1013,PLANT_01,DC_NORTH,2025-04-14,319,1955.47
NWO-1013,PLANT_01,DC_NORTH,2025-04-21,386,2366.18
NWO-1013,PLANT_01,DC_NORTH,2025-04-28,376,2304.88
NWO-1013,PLANT_01,DC_NORTH,2025-05-05,359,2200.67
NWO-1013,PLANT_01,DC_NORTH,2025-05-12,276,1691.88
NWO-1013,PLANT_01,DC_NORTH,2025-05-19,332,2035.16
NWO-1013,PLANT_01,DC_NORTH,2025-05-26,347,2127.11
NWO-1013,PLANT_01,DC_NORTH,2025-06-02,332,2035.16
NWO-1013,PLANT_01,DC_NORTH,2025-06-09,396,2427.48
NWO-1013,PLANT_01,DC_NORTH,2025-06-16,456,2795.28
NWO-1013,PLANT_01,DC_NORTH,2025-06-23,291,1783.83
NWO-1013,PLANT_01,DC_NORTH,2025-06-30,359,2200.67
NWO-1013,PLANT_01,DC_NORTH,2025-07-07,498,3052.74
NWO-1013,PLANT_01,DC_NORTH,2025-07-14,468,2868.84
NWO-1013,PLANT_01,DC_NORTH,2025-07-21,413,2531.69
NWO-1013,PLANT_01,DC_NORTH,2025-07-28,359,2200.67
NWO-1013,PLANT_01,DC_NORTH,2025-08-04,353,2163.89
NWO-1013,PLANT_01,DC_NORTH,2025-08-11,446,2733.98
NWO-1013,PLANT_01,DC_NORTH,2025-08-18,413,2531.69
NWO-1013,PLANT_01,DC_NORTH,2025-08-25,327,2004.51
NWO-1013,PLANT_01,DC_NORTH,2025-09-01,434,2660.42
NWO-1013,PLANT_01,DC_NORTH,2025-09-08,346,2120.98
NWO-1013,PLANT_01,DC_NORTH,2025-09-15,313,1918.69
NWO-1013,PLANT_01,DC_NORTH,2025-09-22,330,2022.9
NWO-1013,PLANT_01,DC_NORTH,2025-09-29,282,1728.66
NWO-1013,PLANT_01,DC_NORTH,2025-10-06,431,2642.03
NWO-1013,PLANT_01,DC_NORTH,2025-10-13,365,2237.45
NWO-1013,PLANT_01,DC_NORTH,2025-10-20,403,2470.39
NWO-1013,PLANT_01,DC_NORTH,2025-10-27,269,1648.97
NWO-1013,PLANT_01,DC_NORTH,2025-11-03,548,3359.24
NWO-1013,PLANT_01,DC_NORTH,2025-11-10,571,3500.23
NWO-1013,PLANT_01,DC_NORTH,2025-11-17,596,3653.48
NWO-1013,PLANT_01,DC_NORTH,2025-11-24,469,2874.97
NWO-1013,PLANT_01,DC_NORTH,2025-12-01,473,2899.49
NWO-1013,PLANT_01,DC_NORTH,2025-12-08,553,3389.89
NWO-1013,PLANT_01,DC_NORTH,2025-12-15,568,3481.84
NWO-1013,PLANT_01,DC_NORTH,2025-12-22,551,3377.63
NWO-1013,PLANT_01,DC_NORTH,2025-12-29,551,3377.63
NWO-1013,PLANT_01,DC_NORTH,2026-01-05,327,2004.51
NWO-1013,PLANT_01,DC_NORTH,2026-01-12,303,1857.39
NWO-1013,PLANT_01,DC_NORTH,2026-01-19,257,1575.41
NWO-1013,PLANT_01,DC_NORTH,2026-01-26,330,2022.9
NWO-1013,PLANT_01,DC_NORTH,2026-02-02,310,1900.3
NWO-1013,PLANT_01,DC_NORTH,2026-02-09,260,1593.8
NWO-1013,PLANT_01,DC_NORTH,2026-02-16,306,1875.78
NWO-1013,PLANT_01,DC_NORTH,2026-02-23,298,1826.74
NWO-1013,PLANT_01,DC_NORTH,2026-03-02,390,2390.7
NWO-1013,PLANT_01,DC_NORTH,2026-03-09,316,1937.08
NWO-1013,PLANT_01,DC_NORTH,2026-03-16,357,2188.41
NWO-1013,PLANT_01,DC_NORTH,2026-03-23,362,2219.06
NWO-1013,PLANT_01,DC_NORTH,2026-03-30,259,1587.67
NWO-1013,PLANT_01,DC_NORTH,2026-04-06,424,2599.12
NWO-1013,PLANT_01,DC_NORTH,2026-04-13,345,2114.85
NWO-1013,PLANT_01,DC_NORTH,2026-04-20,343,2102.59
NWO-1013,PLANT_01,DC_NORTH,2026-04-27,364,2231.32
NWO-1013,PLANT_01,DC_NORTH,2026-05-04,426,2611.38
NWO-1013,PLANT_01,DC_NORTH,2026-05-11,325,1992.25
NWO-1013,PLANT_01,DC_NORTH,2026-05-18,322,1973.86
NWO-1013,PLANT_01,DC_NORTH,2026-05-25,379,2323.27
NWO-1013,PLANT_01,DC_NORTH,2026-06-01,382,2341.66
NWO-1013,PLANT_01,DC_SOUTH,2023-06-05,1048,6424.24
NWO-1013,PLANT_01,DC_SOUTH,2023-06-12,1047,6418.11
NWO-1013,PLANT_01,DC_SOUTH,2023-06-19,859,5265.67
NWO-1013,PLANT_01,DC_SOUTH,2023-06-26,935,5731.55
NWO-1013,PLANT_01,DC_SOUTH,2023-07-03,1727,10586.51
NWO-1013,PLANT_01,DC_SOUTH,2023-07-10,1232,7552.16
NWO-1013,PLANT_01,DC_SOUTH,2023-07-17,828,5075.64
NWO-1013,PLANT_01,DC_SOUTH,2023-07-24,1049,6430.37
NWO-1013,PLANT_01,DC_SOUTH,2023-07-31,884,5418.92
NWO-1013,PLANT_01,DC_SOUTH,2023-08-07,1068,6546.84
NWO-1013,PLANT_01,DC_SOUTH,2023-08-14,1146,7024.98
NWO-1013,PLANT_01,DC_SOUTH,2023-08-21,1008,6179.04
NWO-1013,PLANT_01,DC_SOUTH,2023-08-28,1042,6387.46
NWO-1013,PLANT_01,DC_SOUTH,2023-09-04,876,5369.88
NWO-1013,PLANT_01,DC_SOUTH,2023-09-11,1035,6344.55
NWO-1013,PLANT_01,DC_SOUTH,2023-09-18,1130,6926.9
NWO-1013,PLANT_01,DC_SOUTH,2023-09-25,991,6074.83
NWO-1013,PLANT_01,DC_SOUTH,2023-10-02,1150,7049.5
NWO-1013,PLANT_01,DC_SOUTH,2023-10-09,1261,7729.93
NWO-1013,PLANT_01,DC_SOUTH,2023-10-16,1004,6154.52
NWO-1013,PLANT_01,DC_SOUTH,2023-10-23,1189,7288.57
NWO-1013,PLANT_01,DC_SOUTH,2023-10-30,847,5192.11
NWO-1013,PLANT_01,DC_SOUTH,2023-11-06,1665,10206.45
NWO-1013,PLANT_01,DC_SOUTH,2023-11-13,1370,8398.1
NWO-1013,PLANT_01,DC_SOUTH,2023-11-20,1639,10047.07
NWO-1013,PLANT_01,DC_SOUTH,2023-11-27,1163,7129.19
NWO-1013,PLANT_01,DC_SOUTH,2023-12-04,1649,10108.37
NWO-1013,PLANT_01,DC_SOUTH,2023-12-11,1323,8109.99
NWO-1013,PLANT_01,DC_SOUTH,2023-12-18,1370,8398.1
NWO-1013,PLANT_01,DC_SOUTH,2023-12-25,1440,8827.2
NWO-1013,PLANT_01,DC_SOUTH,2024-01-01,743,4554.59
NWO-1013,PLANT_01,DC_SOUTH,2024-01-08,882,5406.66
NWO-1013,PLANT_01,DC_SOUTH,2024-01-15,780,4781.4
NWO-1013,PLANT_01,DC_SOUTH,2024-01-22,647,3966.11
NWO-1013,PLANT_01,DC_SOUTH,2024-01-29,778,4769.14
NWO-1013,PLANT_01,DC_SOUTH,2024-02-05,827,5069.51
NWO-1013,PLANT_01,DC_SOUTH,2024-02-12,817,5008.21
NWO-1013,PLANT_01,DC_SOUTH,2024-02-19,762,4671.06
NWO-1013,PLANT_01,DC_SOUTH,2024-02-26,871,5339.23
NWO-1013,PLANT_01,DC_SOUTH,2024-03-04,847,5192.11
NWO-1013,PLANT_01,DC_SOUTH,2024-03-11,914,5602.82
NWO-1013,PLANT_01,DC_SOUTH,2024-03-18,992,6080.96
NWO-1013,PLANT_01,DC_SOUTH,2024-03-25,845,5179.85
NWO-1013,PLANT_01,DC_SOUTH,2024-04-01,934,5725.42
NWO-1013,PLANT_01,DC_SOUTH,2024-04-08,948,5811.24
NWO-1013,PLANT_01,DC_SOUTH,2024-04-15,963,5903.19
NWO-1013,PLANT_01,DC_SOUTH,2024-04-22,898,5504.74
NWO-1013,PLANT_01,DC_SOUTH,2024-04-29,905,5547.65
NWO-1013,PLANT_01,DC_SOUTH,2024-05-06,1008,6179.04
NWO-1013,PLANT_01,DC_SOUTH,2024-05-13,934,5725.42
NWO-1013,PLANT_01,DC_SOUTH,2024-05-20,999,6123.87
NWO-1013,PLANT_01,DC_SOUTH,2024-05-27,1715,10512.95
NWO-1013,PLANT_01,DC_SOUTH,2024-06-03,1503,9213.39
NWO-1013,PLANT_01,DC_SOUTH,2024-06-10,772,4732.36
NWO-1013,PLANT_01,DC_SOUTH,2024-06-17,1012,6203.56
NWO-1013,PLANT_01,DC_SOUTH,2024-06-24,1024,6277.12
NWO-1013,PLANT_01,DC_SOUTH,2024-07-01,1166,7147.58
NWO-1013,PLANT_01,DC_SOUTH,2024-07-08,1119,6859.47
NWO-1013,PLANT_01,DC_SOUTH,2024-07-15,1080,6620.4
NWO-1013,PLANT_01,DC_SOUTH,2024-07-22,1243,7619.59
NWO-1013,PLANT_01,DC_SOUTH,2024-07-29,1302,7981.26
NWO-1013,PLANT_01,DC_SOUTH,2024-08-05,1004,6154.52
NWO-1013,PLANT_01,DC_SOUTH,2024-08-12,999,6123.87
NWO-1013,PLANT_01,DC_SOUTH,2024-08-19,1241,7607.33
NWO-1013,PLANT_01,DC_SOUTH,2024-08-26,1008,6179.04
NWO-1013,PLANT_01,DC_SOUTH,2024-09-02,923,5657.99
NWO-1013,PLANT_01,DC_SOUTH,2024-09-09,946,5798.98
NWO-1013,PLANT_01,DC_SOUTH,2024-09-16,926,5676.38
NWO-1013,PLANT_01,DC_SOUTH,2024-09-23,784,4805.92
NWO-1013,PLANT_01,DC_SOUTH,2024-09-30,936,5737.68
NWO-1013,PLANT_01,DC_SOUTH,2024-10-07,1000,6130.0
NWO-1013,PLANT_01,DC_SOUTH,2024-10-14,1045,6405.85
NWO-1013,PLANT_01,DC_SOUTH,2024-10-21,1044,6399.72
NWO-1013,PLANT_01,DC_SOUTH,2024-10-28,877,5376.01
NWO-1013,PLANT_01,DC_SOUTH,2024-11-04,1539,9434.07
NWO-1013,PLANT_01,DC_SOUTH,2024-11-11,1222,7490.86
NWO-1013,PLANT_01,DC_SOUTH,2024-11-18,1026,6289.38
NWO-1013,PLANT_01,DC_SOUTH,2024-11-25,1290,7907.7
NWO-1013,PLANT_01,DC_SOUTH,2024-12-02,1374,8422.62
NWO-1013,PLANT_01,DC_SOUTH,2024-12-09,1477,9054.01
NWO-1013,PLANT_01,DC_SOUTH,2024-12-16,1469,9004.97
NWO-1013,PLANT_01,DC_SOUTH,2024-12-23,1125,6896.25
NWO-1013,PLANT_01,DC_SOUTH,2024-12-30,1358,8324.54
NWO-1013,PLANT_01,DC_SOUTH,2025-01-06,706,4327.78
NWO-1013,PLANT_01,DC_SOUTH,2025-01-13,767,4701.71
NWO-1013,PLANT_01,DC_SOUTH,2025-01-20,852,5222.76
NWO-1013,PLANT_01,DC_SOUTH,2025-01-27,643,3941.59
NWO-1013,PLANT_01,DC_SOUTH,2025-02-03,596,3653.48
NWO-1013,PLANT_01,DC_SOUTH,2025-02-10,754,4622.02
NWO-1013,PLANT_01,DC_SOUTH,2025-02-17,602,3690.26
NWO-1013,PLANT_01,DC_SOUTH,2025-02-24,766,4695.58
NWO-1013,PLANT_01,DC_SOUTH,2025-03-03,742,4548.46
NWO-1013,PLANT_01,DC_SOUTH,2025-03-10,867,5314.71
NWO-1013,PLANT_01,DC_SOUTH,2025-03-17,975,5976.75
NWO-1013,PLANT_01,DC_SOUTH,2025-03-24,1045,6405.85
NWO-1013,PLANT_01,DC_SOUTH,2025-03-31,813,4983.69
NWO-1013,PLANT_01,DC_SOUTH,2025-04-07,774,4744.62
NWO-1013,PLANT_01,DC_SOUTH,2025-04-14,990,6068.7
NWO-1013,PLANT_01,DC_SOUTH,2025-04-21,718,4401.34
NWO-1013,PLANT_01,DC_SOUTH,2025-04-28,897,5498.61
NWO-1013,PLANT_01,DC_SOUTH,2025-05-05,985,6038.05
NWO-1013,PLANT_01,DC_SOUTH,2025-05-12,929,5694.77
NWO-1013,PLANT_01,DC_SOUTH,2025-05-19,1029,6307.77
NWO-1013,PLANT_01,DC_SOUTH,2025-05-26,856,5247.28
NWO-1013,PLANT_01,DC_SOUTH,2025-06-02,1155,7080.15
NWO-1013,PLANT_01,DC_SOUTH,2025-06-09,1276,7821.88
NWO-1013,PLANT_01,DC_SOUTH,2025-06-16,1082,6632.66
NWO-1013,PLANT_01,DC_SOUTH,2025-06-23,1173,7190.49
NWO-1013,PLANT_01,DC_SOUTH,2025-06-30,1071,6565.23
NWO-1013,PLANT_01,DC_SOUTH,2025-07-07,1288,7895.44
NWO-1013,PLANT_01,DC_SOUTH,2025-07-14,887,5437.31
NWO-1013,PLANT_01,DC_SOUTH,2025-07-21,1181,7239.53
NWO-1013,PLANT_01,DC_SOUTH,2025-07-28,1087,6663.31
NWO-1013,PLANT_01,DC_SOUTH,2025-08-04,1007,6172.91
NWO-1013,PLANT_01,DC_SOUTH,2025-08-11,1060,6497.8
NWO-1013,PLANT_01,DC_SOUTH,2025-08-18,933,5719.29
NWO-1013,PLANT_01,DC_SOUTH,2025-08-25,1328,8140.64
NWO-1013,PLANT_01,DC_SOUTH,2025-09-01,966,5921.58
NWO-1013,PLANT_01,DC_SOUTH,2025-09-08,871,5339.23
NWO-1013,PLANT_01,DC_SOUTH,2025-09-15,966,5921.58
NWO-1013,PLANT_01,DC_SOUTH,2025-09-22,836,5124.68
NWO-1013,PLANT_01,DC_SOUTH,2025-09-29,979,6001.27
NWO-1013,PLANT_01,DC_SOUTH,2025-10-06,999,6123.87
NWO-1013,PLANT_01,DC_SOUTH,2025-10-13,1072,6571.36
NWO-1013,PLANT_01,DC_SOUTH,2025-10-20,1143,7006.59
NWO-1013,PLANT_01,DC_SOUTH,2025-10-27,1069,6552.97
NWO-1013,PLANT_01,DC_SOUTH,2025-11-03,1408,8631.04
NWO-1013,PLANT_01,DC_SOUTH,2025-11-10,1380,8459.4
NWO-1013,PLANT_01,DC_SOUTH,2025-11-17,1194,7319.22
NWO-1013,PLANT_01,DC_SOUTH,2025-11-24,1141,6994.33
NWO-1013,PLANT_01,DC_SOUTH,2025-12-01,1428,8753.64
NWO-1013,PLANT_01,DC_SOUTH,2025-12-08,1462,8962.06
NWO-1013,PLANT_01,DC_SOUTH,2025-12-15,1510,9256.3
NWO-1013,PLANT_01,DC_SOUTH,2025-12-22,1672,10249.36
NWO-1013,PLANT_01,DC_SOUTH,2025-12-29,1468,8998.84
NWO-1013,PLANT_01,DC_SOUTH,2026-01-05,758,4646.54
NWO-1013,PLANT_01,DC_SOUTH,2026-01-12,791,4848.83
NWO-1013,PLANT_01,DC_SOUTH,2026-01-19,813,4983.69
NWO-1013,PLANT_01,DC_SOUTH,2026-01-26,670,4107.1
NWO-1013,PLANT_01,DC_SOUTH,2026-02-02,797,4885.61
NWO-1013,PLANT_01,DC_SOUTH,2026-02-09,850,5210.5
NWO-1013,PLANT_01,DC_SOUTH,2026-02-16,748,4585.24
NWO-1013,PLANT_01,DC_SOUTH,2026-02-23,726,4450.38
NWO-1013,PLANT_01,DC_SOUTH,2026-03-02,825,5057.25
NWO-1013,PLANT_01,DC_SOUTH,2026-03-09,899,5510.87
NWO-1013,PLANT_01,DC_SOUTH,2026-03-16,961,5890.93
NWO-1013,PLANT_01,DC_SOUTH,2026-03-23,871,5339.23
NWO-1013,PLANT_01,DC_SOUTH,2026-03-30,934,5725.42
NWO-1013,PLANT_01,DC_SOUTH,2026-04-06,885,5425.05
NWO-1013,PLANT_01,DC_SOUTH,2026-04-13,988,6056.44
NWO-1013,PLANT_01,DC_SOUTH,2026-04-20,929,5694.77
NWO-1013,PLANT_01,DC_SOUTH,2026-04-27,929,5694.77
NWO-1013,PLANT_01,DC_SOUTH,2026-05-04,972,5958.36
NWO-1013,PLANT_01,DC_SOUTH,2026-05-11,1010,6191.3
NWO-1013,PLANT_01,DC_SOUTH,2026-05-18,1093,6700.09
NWO-1013,PLANT_01,DC_SOUTH,2026-05-25,814,4989.82
NWO-1013,PLANT_01,DC_SOUTH,2026-06-01,1025,6283.25
NWO-1013,PLANT_01,DC_WEST,2023-06-05,669,4100.97
NWO-1013,PLANT_01,DC_WEST,2023-06-12,781,4787.53
NWO-1013,PLANT_01,DC_WEST,2023-06-19,775,4750.75
NWO-1013,PLANT_01,DC_WEST,2023-06-26,661,4051.93
NWO-1013,PLANT_01,DC_WEST,2023-07-03,757,4640.41
NWO-1013,PLANT_01,DC_WEST,2023-07-10,635,3892.55
NWO-1013,PLANT_01,DC_WEST,2023-07-17,839,5143.07
NWO-1013,PLANT_01,DC_WEST,2023-07-24,882,5406.66
NWO-1013,PLANT_01,DC_WEST,2023-07-31,953,5841.89
NWO-1013,PLANT_01,DC_WEST,2023-08-07,758,4646.54
NWO-1013,PLANT_01,DC_WEST,2023-08-14,597,3659.61
NWO-1013,PLANT_01,DC_WEST,2023-08-21,681,4174.53
NWO-1013,PLANT_01,DC_WEST,2023-08-28,824,5051.12
NWO-1013,PLANT_01,DC_WEST,2023-09-04,868,5320.84
NWO-1013,PLANT_01,DC_WEST,2023-09-11,743,4554.59
NWO-1013,PLANT_01,DC_WEST,2023-09-18,859,5265.67
NWO-1013,PLANT_01,DC_WEST,2023-09-25,579,3549.27
NWO-1013,PLANT_01,DC_WEST,2023-10-02,641,3929.33
NWO-1013,PLANT_01,DC_WEST,2023-10-09,689,4223.57
NWO-1013,PLANT_01,DC_WEST,2023-10-16,824,5051.12
NWO-1013,PLANT_01,DC_WEST,2023-10-23,734,4499.42
NWO-1013,PLANT_01,DC_WEST,2023-10-30,748,4585.24
NWO-1013,PLANT_01,DC_WEST,2023-11-06,1124,6890.12
NWO-1013,PLANT_01,DC_WEST,2023-11-13,1024,6277.12
NWO-1013,PLANT_01,DC_WEST,2023-11-20,820,5026.6
NWO-1013,PLANT_01,DC_WEST,2023-11-27,1197,7337.61
NWO-1013,PLANT_01,DC_WEST,2023-12-04,1061,6503.93
NWO-1013,PLANT_01,DC_WEST,2023-12-11,1112,6816.56
NWO-1013,PLANT_01,DC_WEST,2023-12-18,1162,7123.06
NWO-1013,PLANT_01,DC_WEST,2023-12-25,1053,6454.89
NWO-1013,PLANT_01,DC_WEST,2024-01-01,468,2868.84
NWO-1013,PLANT_01,DC_WEST,2024-01-08,539,3304.07
NWO-1013,PLANT_01,DC_WEST,2024-01-15,562,3445.06
NWO-1013,PLANT_01,DC_WEST,2024-01-22,647,3966.11
NWO-1013,PLANT_01,DC_WEST,2024-01-29,539,3304.07
NWO-1013,PLANT_01,DC_WEST,2024-02-05,543,3328.59
NWO-1013,PLANT_01,DC_WEST,2024-02-12,535,3279.55
NWO-1013,PLANT_01,DC_WEST,2024-02-19,602,3690.26
NWO-1013,PLANT_01,DC_WEST,2024-02-26,537,3291.81
NWO-1013,PLANT_01,DC_WEST,2024-03-04,756,4634.28
NWO-1013,PLANT_01,DC_WEST,2024-03-11,696,4266.48
NWO-1013,PLANT_01,DC_WEST,2024-03-18,684,4192.92
NWO-1013,PLANT_01,DC_WEST,2024-03-25,716,4389.08
NWO-1013,PLANT_01,DC_WEST,2024-04-01,805,4934.65
NWO-1013,PLANT_01,DC_WEST,2024-04-08,569,3487.97
NWO-1013,PLANT_01,DC_WEST,2024-04-15,799,4897.87
NWO-1013,PLANT_01,DC_WEST,2024-04-22,638,3910.94
NWO-1013,PLANT_01,DC_WEST,2024-04-29,797,4885.61
NWO-1013,PLANT_01,DC_WEST,2024-05-06,711,4358.43
NWO-1013,PLANT_01,DC_WEST,2024-05-13,781,4787.53
NWO-1013,PLANT_01,DC_WEST,2024-05-20,482,2954.66
NWO-1013,PLANT_01,DC_WEST,2024-05-27,621,3806.73
NWO-1013,PLANT_01,DC_WEST,2024-06-03,818,5014.34
NWO-1013,PLANT_01,DC_WEST,2024-06-10,772,4732.36
NWO-1013,PLANT_01,DC_WEST,2024-06-17,703,4309.39
NWO-1013,PLANT_01,DC_WEST,2024-06-24,818,5014.34
NWO-1013,PLANT_01,DC_WEST,2024-07-01,733,4493.29
NWO-1013,PLANT_01,DC_WEST,2024-07-08,898,5504.74
NWO-1013,PLANT_01,DC_WEST,2024-07-15,731,4481.03
NWO-1013,PLANT_01,DC_WEST,2024-07-22,734,4499.42
NWO-1013,PLANT_01,DC_WEST,2024-07-29,687,4211.31
NWO-1013,PLANT_01,DC_WEST,2024-08-05,686,4205.18
NWO-1013,PLANT_01,DC_WEST,2024-08-12,780,4781.4
NWO-1013,PLANT_01,DC_WEST,2024-08-19,807,4946.91
NWO-1013,PLANT_01,DC_WEST,2024-08-26,785,4812.05
NWO-1013,PLANT_01,DC_WEST,2024-09-02,768,4707.84
NWO-1013,PLANT_01,DC_WEST,2024-09-09,678,4156.14
NWO-1013,PLANT_01,DC_WEST,2024-09-16,818,5014.34
NWO-1013,PLANT_01,DC_WEST,2024-09-23,790,4842.7
NWO-1013,PLANT_01,DC_WEST,2024-09-30,664,4070.32
NWO-1013,PLANT_01,DC_WEST,2024-10-07,800,4904.0
NWO-1013,PLANT_01,DC_WEST,2024-10-14,645,3953.85
NWO-1013,PLANT_01,DC_WEST,2024-10-21,775,4750.75
NWO-1013,PLANT_01,DC_WEST,2024-10-28,683,4186.79
NWO-1013,PLANT_01,DC_WEST,2024-11-04,1141,6994.33
NWO-1013,PLANT_01,DC_WEST,2024-11-11,913,5596.69
NWO-1013,PLANT_01,DC_WEST,2024-11-18,1096,6718.48
NWO-1013,PLANT_01,DC_WEST,2024-11-25,1023,6270.99
NWO-1013,PLANT_01,DC_WEST,2024-12-02,988,6056.44
NWO-1013,PLANT_01,DC_WEST,2024-12-09,1201,7362.13
NWO-1013,PLANT_01,DC_WEST,2024-12-16,939,5756.07
NWO-1013,PLANT_01,DC_WEST,2024-12-23,1008,6179.04
NWO-1013,PLANT_01,DC_WEST,2024-12-30,1084,6644.92
NWO-1013,PLANT_01,DC_WEST,2025-01-06,600,3678.0
NWO-1013,PLANT_01,DC_WEST,2025-01-13,519,3181.47
NWO-1013,PLANT_01,DC_WEST,2025-01-20,569,3487.97
NWO-1013,PLANT_01,DC_WEST,2025-01-27,465,2850.45
NWO-1013,PLANT_01,DC_WEST,2025-02-03,495,3034.35
NWO-1013,PLANT_01,DC_WEST,2025-02-10,516,3163.08
NWO-1013,PLANT_01,DC_WEST,2025-02-17,582,3567.66
NWO-1013,PLANT_01,DC_WEST,2025-02-24,625,3831.25
NWO-1013,PLANT_01,DC_WEST,2025-03-03,611,3745.43
NWO-1013,PLANT_01,DC_WEST,2025-03-10,606,3714.78
NWO-1013,PLANT_01,DC_WEST,2025-03-17,762,4671.06
NWO-1013,PLANT_01,DC_WEST,2025-03-24,552,3383.76
NWO-1013,PLANT_01,DC_WEST,2025-03-31,682,4180.66
NWO-1013,PLANT_01,DC_WEST,2025-04-07,679,4162.27
NWO-1013,PLANT_01,DC_WEST,2025-04-14,690,4229.7
NWO-1013,PLANT_01,DC_WEST,2025-04-21,834,5112.42
NWO-1013,PLANT_01,DC_WEST,2025-04-28,707,4333.91
NWO-1013,PLANT_01,DC_WEST,2025-05-05,787,4824.31
NWO-1013,PLANT_01,DC_WEST,2025-05-12,752,4609.76
NWO-1013,PLANT_01,DC_WEST,2025-05-19,595,3647.35
NWO-1013,PLANT_01,DC_WEST,2025-05-26,688,4217.44
NWO-1013,PLANT_01,DC_WEST,2025-06-02,722,4425.86
NWO-1013,PLANT_01,DC_WEST,2025-06-09,685,4199.05
NWO-1013,PLANT_01,DC_WEST,2025-06-16,721,4419.73
NWO-1013,PLANT_01,DC_WEST,2025-06-23,973,5964.49
NWO-1013,PLANT_01,DC_WEST,2025-06-30,706,4327.78
NWO-1013,PLANT_01,DC_WEST,2025-07-07,654,4009.02
NWO-1013,PLANT_01,DC_WEST,2025-07-14,855,5241.15
NWO-1013,PLANT_01,DC_WEST,2025-07-21,748,4585.24
NWO-1013,PLANT_01,DC_WEST,2025-07-28,863,5290.19
NWO-1013,PLANT_01,DC_WEST,2025-08-04,738,4523.94
NWO-1013,PLANT_01,DC_WEST,2025-08-11,909,5572.17
NWO-1013,PLANT_01,DC_WEST,2025-08-18,845,5179.85
NWO-1013,PLANT_01,DC_WEST,2025-08-25,894,5480.22
NWO-1013,PLANT_01,DC_WEST,2025-09-01,712,4364.56
NWO-1013,PLANT_01,DC_WEST,2025-09-08,662,4058.06
NWO-1013,PLANT_01,DC_WEST,2025-09-15,681,4174.53
NWO-1013,PLANT_01,DC_WEST,2025-09-22,728,4462.64
NWO-1013,PLANT_01,DC_WEST,2025-09-29,773,4738.49
NWO-1013,PLANT_01,DC_WEST,2025-10-06,752,4609.76
NWO-1013,PLANT_01,DC_WEST,2025-10-13,736,4511.68
NWO-1013,PLANT_01,DC_WEST,2025-10-20,822,5038.86
NWO-1013,PLANT_01,DC_WEST,2025-10-27,669,4100.97
NWO-1013,PLANT_01,DC_WEST,2025-11-03,971,5952.23
NWO-1013,PLANT_01,DC_WEST,2025-11-10,952,5835.76
NWO-1013,PLANT_01,DC_WEST,2025-11-17,1231,7546.03
NWO-1013,PLANT_01,DC_WEST,2025-11-24,1052,6448.76
NWO-1013,PLANT_01,DC_WEST,2025-12-01,1093,6700.09
NWO-1013,PLANT_01,DC_WEST,2025-12-08,841,5155.33
NWO-1013,PLANT_01,DC_WEST,2025-12-15,1168,7159.84
NWO-1013,PLANT_01,DC_WEST,2025-12-22,958,5872.54
NWO-1013,PLANT_01,DC_WEST,2025-12-29,1099,6736.87
NWO-1013,PLANT_01,DC_WEST,2026-01-05,491,3009.83
NWO-1013,PLANT_01,DC_WEST,2026-01-12,574,3518.62
NWO-1013,PLANT_01,DC_WEST,2026-01-19,556,3408.28
NWO-1013,PLANT_01,DC_WEST,2026-01-26,600,3678.0
NWO-1013,PLANT_01,DC_WEST,2026-02-02,484,2966.92
NWO-1013,PLANT_01,DC_WEST,2026-02-09,684,4192.92
NWO-1013,PLANT_01,DC_WEST,2026-02-16,574,3518.62
NWO-1013,PLANT_01,DC_WEST,2026-02-23,519,3181.47
NWO-1013,PLANT_01,DC_WEST,2026-03-02,708,4340.04
NWO-1013,PLANT_01,DC_WEST,2026-03-09,554,3396.02
NWO-1013,PLANT_01,DC_WEST,2026-03-16,811,4971.43
NWO-1013,PLANT_01,DC_WEST,2026-03-23,732,4487.16
NWO-1013,PLANT_01,DC_WEST,2026-03-30,741,4542.33
NWO-1013,PLANT_01,DC_WEST,2026-04-06,749,4591.37
NWO-1013,PLANT_01,DC_WEST,2026-04-13,633,3880.29
NWO-1013,PLANT_01,DC_WEST,2026-04-20,727,4456.51
NWO-1013,PLANT_01,DC_WEST,2026-04-27,621,3806.73
NWO-1013,PLANT_01,DC_WEST,2026-05-04,718,4401.34
NWO-1013,PLANT_01,DC_WEST,2026-05-11,708,4340.04
NWO-1013,PLANT_01,DC_WEST,2026-05-18,616,3776.08
NWO-1013,PLANT_01,DC_WEST,2026-05-25,827,5069.51
NWO-1013,PLANT_01,DC_WEST,2026-06-01,792,4854.96
NWO-1014,PLANT_01,DC_NORTH,2023-06-05,102,7422.54
NWO-1014,PLANT_01,DC_NORTH,2023-06-12,74,5384.98
NWO-1014,PLANT_01,DC_NORTH,2023-06-19,77,5603.29
NWO-1014,PLANT_01,DC_NORTH,2023-06-26,109,7931.93
NWO-1014,PLANT_01,DC_NORTH,2023-07-03,98,7131.46
NWO-1014,PLANT_01,DC_NORTH,2023-07-10,75,5457.75
NWO-1014,PLANT_01,DC_NORTH,2023-07-17,91,6622.07
NWO-1014,PLANT_01,DC_NORTH,2023-07-24,86,6258.22
NWO-1014,PLANT_01,DC_NORTH,2023-07-31,77,5603.29
NWO-1014,PLANT_01,DC_NORTH,2023-08-07,86,6258.22
NWO-1014,PLANT_01,DC_NORTH,2023-08-14,100,7277.0
NWO-1014,PLANT_01,DC_NORTH,2023-08-21,92,6694.84
NWO-1014,PLANT_01,DC_NORTH,2023-08-28,105,7640.85
NWO-1014,PLANT_01,DC_NORTH,2023-09-04,66,4802.82
NWO-1014,PLANT_01,DC_NORTH,2023-09-11,65,4730.05
NWO-1014,PLANT_01,DC_NORTH,2023-09-18,86,6258.22
NWO-1014,PLANT_01,DC_NORTH,2023-09-25,77,5603.29
NWO-1014,PLANT_01,DC_NORTH,2023-10-02,81,5894.37
NWO-1014,PLANT_01,DC_NORTH,2023-10-09,87,6330.99
NWO-1014,PLANT_01,DC_NORTH,2023-10-16,86,6258.22
NWO-1014,PLANT_01,DC_NORTH,2023-10-23,74,5384.98
NWO-1014,PLANT_01,DC_NORTH,2023-10-30,78,5676.06
NWO-1014,PLANT_01,DC_NORTH,2023-11-06,112,8150.24
NWO-1014,PLANT_01,DC_NORTH,2023-11-13,109,7931.93
NWO-1014,PLANT_01,DC_NORTH,2023-11-20,103,7495.31
NWO-1014,PLANT_01,DC_NORTH,2023-11-27,102,7422.54
NWO-1014,PLANT_01,DC_NORTH,2023-12-04,110,8004.7
NWO-1014,PLANT_01,DC_NORTH,2023-12-11,72,5239.44
NWO-1014,PLANT_01,DC_NORTH,2023-12-18,117,8514.09
NWO-1014,PLANT_01,DC_NORTH,2023-12-25,115,8368.55
NWO-1014,PLANT_01,DC_NORTH,2024-01-01,65,4730.05
NWO-1014,PLANT_01,DC_NORTH,2024-01-08,71,5166.67
NWO-1014,PLANT_01,DC_NORTH,2024-01-15,43,3129.11
NWO-1014,PLANT_01,DC_NORTH,2024-01-22,56,4075.12
NWO-1014,PLANT_01,DC_NORTH,2024-01-29,62,4511.74
NWO-1014,PLANT_01,DC_NORTH,2024-02-05,57,4147.89
NWO-1014,PLANT_01,DC_NORTH,2024-02-12,58,4220.66
NWO-1014,PLANT_01,DC_NORTH,2024-02-19,73,5312.21
NWO-1014,PLANT_01,DC_NORTH,2024-02-26,82,5967.14
NWO-1014,PLANT_01,DC_NORTH,2024-03-04,83,6039.91
NWO-1014,PLANT_01,DC_NORTH,2024-03-11,82,5967.14
NWO-1014,PLANT_01,DC_NORTH,2024-03-18,71,5166.67
NWO-1014,PLANT_01,DC_NORTH,2024-03-25,79,5748.83
NWO-1014,PLANT_01,DC_NORTH,2024-04-01,57,4147.89
NWO-1014,PLANT_01,DC_NORTH,2024-04-08,81,5894.37
NWO-1014,PLANT_01,DC_NORTH,2024-04-15,63,4584.51
NWO-1014,PLANT_01,DC_NORTH,2024-04-22,57,4147.89
NWO-1014,PLANT_01,DC_NORTH,2024-04-29,66,4802.82
NWO-1014,PLANT_01,DC_NORTH,2024-05-06,76,5530.52
NWO-1014,PLANT_01,DC_NORTH,2024-05-13,75,5457.75
NWO-1014,PLANT_01,DC_NORTH,2024-05-20,67,4875.59
NWO-1014,PLANT_01,DC_NORTH,2024-05-27,73,5312.21
NWO-1014,PLANT_01,DC_NORTH,2024-06-03,91,6622.07
NWO-1014,PLANT_01,DC_NORTH,2024-06-10,74,5384.98
NWO-1014,PLANT_01,DC_NORTH,2024-06-17,74,5384.98
NWO-1014,PLANT_01,DC_NORTH,2024-06-24,95,6913.15
NWO-1014,PLANT_01,DC_NORTH,2024-07-01,123,8950.71
NWO-1014,PLANT_01,DC_NORTH,2024-07-08,79,5748.83
NWO-1014,PLANT_01,DC_NORTH,2024-07-15,85,6185.45
NWO-1014,PLANT_01,DC_NORTH,2024-07-22,97,7058.69
NWO-1014,PLANT_01,DC_NORTH,2024-07-29,98,7131.46
NWO-1014,PLANT_01,DC_NORTH,2024-08-05,83,6039.91
NWO-1014,PLANT_01,DC_NORTH,2024-08-12,80,5821.6
NWO-1014,PLANT_01,DC_NORTH,2024-08-19,70,5093.9
NWO-1014,PLANT_01,DC_NORTH,2024-08-26,95,6913.15
NWO-1014,PLANT_01,DC_NORTH,2024-09-02,83,6039.91
NWO-1014,PLANT_01,DC_NORTH,2024-09-09,77,5603.29
NWO-1014,PLANT_01,DC_NORTH,2024-09-16,81,5894.37
NWO-1014,PLANT_01,DC_NORTH,2024-09-23,113,8223.01
NWO-1014,PLANT_01,DC_NORTH,2024-09-30,76,5530.52
NWO-1014,PLANT_01,DC_NORTH,2024-10-07,69,5021.13
NWO-1014,PLANT_01,DC_NORTH,2024-10-14,102,7422.54
NWO-1014,PLANT_01,DC_NORTH,2024-10-21,71,5166.67
NWO-1014,PLANT_01,DC_NORTH,2024-10-28,78,5676.06
NWO-1014,PLANT_01,DC_NORTH,2024-11-04,118,8586.86
NWO-1014,PLANT_01,DC_NORTH,2024-11-11,240,17464.8
NWO-1014,PLANT_01,DC_NORTH,2024-11-18,151,10988.27
NWO-1014,PLANT_01,DC_NORTH,2024-11-25,177,12880.29
NWO-1014,PLANT_01,DC_NORTH,2024-12-02,121,8805.17
NWO-1014,PLANT_01,DC_NORTH,2024-12-09,116,8441.32
NWO-1014,PLANT_01,DC_NORTH,2024-12-16,124,9023.48
NWO-1014,PLANT_01,DC_NORTH,2024-12-23,123,8950.71
NWO-1014,PLANT_01,DC_NORTH,2024-12-30,137,9969.49
NWO-1014,PLANT_01,DC_NORTH,2025-01-06,73,5312.21
NWO-1014,PLANT_01,DC_NORTH,2025-01-13,52,3784.04
NWO-1014,PLANT_01,DC_NORTH,2025-01-20,64,4657.28
NWO-1014,PLANT_01,DC_NORTH,2025-01-27,66,4802.82
NWO-1014,PLANT_01,DC_NORTH,2025-02-03,51,3711.27
NWO-1014,PLANT_01,DC_NORTH,2025-02-10,53,3856.81
NWO-1014,PLANT_01,DC_NORTH,2025-02-17,57,4147.89
NWO-1014,PLANT_01,DC_NORTH,2025-02-24,73,5312.21
NWO-1014,PLANT_01,DC_NORTH,2025-03-03,66,4802.82
NWO-1014,PLANT_01,DC_NORTH,2025-03-10,93,6767.61
NWO-1014,PLANT_01,DC_NORTH,2025-03-17,78,5676.06
NWO-1014,PLANT_01,DC_NORTH,2025-03-24,62,4511.74
NWO-1014,PLANT_01,DC_NORTH,2025-03-31,79,5748.83
NWO-1014,PLANT_01,DC_NORTH,2025-04-07,72,5239.44
NWO-1014,PLANT_01,DC_NORTH,2025-04-14,69,5021.13
NWO-1014,PLANT_01,DC_NORTH,2025-04-21,84,6112.68
NWO-1014,PLANT_01,DC_NORTH,2025-04-28,78,5676.06
NWO-1014,PLANT_01,DC_NORTH,2025-05-05,54,3929.58
NWO-1014,PLANT_01,DC_NORTH,2025-05-12,75,5457.75
NWO-1014,PLANT_01,DC_NORTH,2025-05-19,89,6476.53
NWO-1014,PLANT_01,DC_NORTH,2025-05-26,84,6112.68
NWO-1014,PLANT_01,DC_NORTH,2025-06-02,60,4366.2
NWO-1014,PLANT_01,DC_NORTH,2025-06-09,70,5093.9
NWO-1014,PLANT_01,DC_NORTH,2025-06-16,93,6767.61
NWO-1014,PLANT_01,DC_NORTH,2025-06-23,88,6403.76
NWO-1014,PLANT_01,DC_NORTH,2025-06-30,74,5384.98
NWO-1014,PLANT_01,DC_NORTH,2025-07-07,94,6840.38
NWO-1014,PLANT_01,DC_NORTH,2025-07-14,92,6694.84
NWO-1014,PLANT_01,DC_NORTH,2025-07-21,96,6985.92
NWO-1014,PLANT_01,DC_NORTH,2025-07-28,98,7131.46
NWO-1014,PLANT_01,DC_NORTH,2025-08-04,79,5748.83
NWO-1014,PLANT_01,DC_NORTH,2025-08-11,97,7058.69
NWO-1014,PLANT_01,DC_NORTH,2025-08-18,104,7568.08
NWO-1014,PLANT_01,DC_NORTH,2025-08-25,83,6039.91
NWO-1014,PLANT_01,DC_NORTH,2025-09-01,78,5676.06
NWO-1014,PLANT_01,DC_NORTH,2025-09-08,90,6549.3
NWO-1014,PLANT_01,DC_NORTH,2025-09-15,72,5239.44
NWO-1014,PLANT_01,DC_NORTH,2025-09-22,87,6330.99
NWO-1014,PLANT_01,DC_NORTH,2025-09-29,84,6112.68
NWO-1014,PLANT_01,DC_NORTH,2025-10-06,89,6476.53
NWO-1014,PLANT_01,DC_NORTH,2025-10-13,73,5312.21
NWO-1014,PLANT_01,DC_NORTH,2025-10-20,69,5021.13
NWO-1014,PLANT_01,DC_NORTH,2025-10-27,67,4875.59
NWO-1014,PLANT_01,DC_NORTH,2025-11-03,76,5530.52
NWO-1014,PLANT_01,DC_NORTH,2025-11-10,63,4584.51
NWO-1014,PLANT_01,DC_NORTH,2025-11-17,86,6258.22
NWO-1014,PLANT_01,DC_NORTH,2025-11-24,62,4511.74
NWO-1014,PLANT_01,DC_NORTH,2025-12-01,58,4220.66
NWO-1014,PLANT_01,DC_NORTH,2025-12-08,44,3201.88
NWO-1014,PLANT_01,DC_NORTH,2025-12-15,57,4147.89
NWO-1014,PLANT_01,DC_NORTH,2025-12-22,32,2328.64
NWO-1014,PLANT_01,DC_NORTH,2025-12-29,30,2183.1
NWO-1014,PLANT_01,DC_NORTH,2026-01-05,11,800.47
NWO-1014,PLANT_01,DC_NORTH,2026-01-12,8,582.16
NWO-1014,PLANT_01,DC_NORTH,2026-01-19,3,218.31
NWO-1014,PLANT_01,DC_SOUTH,2023-06-05,243,17683.11
NWO-1014,PLANT_01,DC_SOUTH,2023-06-12,215,15645.55
NWO-1014,PLANT_01,DC_SOUTH,2023-06-19,200,14554.0
NWO-1014,PLANT_01,DC_SOUTH,2023-06-26,243,17683.11
NWO-1014,PLANT_01,DC_SOUTH,2023-07-03,244,17755.88
NWO-1014,PLANT_01,DC_SOUTH,2023-07-10,281,20448.37
NWO-1014,PLANT_01,DC_SOUTH,2023-07-17,257,18701.89
NWO-1014,PLANT_01,DC_SOUTH,2023-07-24,222,16154.94
NWO-1014,PLANT_01,DC_SOUTH,2023-07-31,251,18265.27
NWO-1014,PLANT_01,DC_SOUTH,2023-08-07,194,14117.38
NWO-1014,PLANT_01,DC_SOUTH,2023-08-14,219,15936.63
NWO-1014,PLANT_01,DC_SOUTH,2023-08-21,175,12734.75
NWO-1014,PLANT_01,DC_SOUTH,2023-08-28,244,17755.88
NWO-1014,PLANT_01,DC_SOUTH,2023-09-04,197,14335.69
NWO-1014,PLANT_01,DC_SOUTH,2023-09-11,187,13607.99
NWO-1014,PLANT_01,DC_SOUTH,2023-09-18,231,16809.87
NWO-1014,PLANT_01,DC_SOUTH,2023-09-25,222,16154.94
NWO-1014,PLANT_01,DC_SOUTH,2023-10-02,215,15645.55
NWO-1014,PLANT_01,DC_SOUTH,2023-10-09,201,14626.77
NWO-1014,PLANT_01,DC_SOUTH,2023-10-16,181,13171.37
NWO-1014,PLANT_01,DC_SOUTH,2023-10-23,243,17683.11
NWO-1014,PLANT_01,DC_SOUTH,2023-10-30,210,15281.7
NWO-1014,PLANT_01,DC_SOUTH,2023-11-06,306,22267.62
NWO-1014,PLANT_01,DC_SOUTH,2023-11-13,342,24887.34
NWO-1014,PLANT_01,DC_SOUTH,2023-11-20,205,14917.85
NWO-1014,PLANT_01,DC_SOUTH,2023-11-27,320,23286.4
NWO-1014,PLANT_01,DC_SOUTH,2023-12-04,335,24377.95
NWO-1014,PLANT_01,DC_SOUTH,2023-12-11,306,22267.62
NWO-1014,PLANT_01,DC_SOUTH,2023-12-18,295,21467.15
NWO-1014,PLANT_01,DC_SOUTH,2023-12-25,297,21612.69
NWO-1014,PLANT_01,DC_SOUTH,2024-01-01,136,9896.72
NWO-1014,PLANT_01,DC_SOUTH,2024-01-08,149,10842.73
NWO-1014,PLANT_01,DC_SOUTH,2024-01-15,149,10842.73
NWO-1014,PLANT_01,DC_SOUTH,2024-01-22,165,12007.05
NWO-1014,PLANT_01,DC_SOUTH,2024-01-29,166,12079.82
NWO-1014,PLANT_01,DC_SOUTH,2024-02-05,162,11788.74
NWO-1014,PLANT_01,DC_SOUTH,2024-02-12,129,9387.33
NWO-1014,PLANT_01,DC_SOUTH,2024-02-19,135,9823.95
NWO-1014,PLANT_01,DC_SOUTH,2024-02-26,164,11934.28
NWO-1014,PLANT_01,DC_SOUTH,2024-03-04,162,11788.74
NWO-1014,PLANT_01,DC_SOUTH,2024-03-11,229,16664.33
NWO-1014,PLANT_01,DC_SOUTH,2024-03-18,222,16154.94
NWO-1014,PLANT_01,DC_SOUTH,2024-03-25,220,16009.4
NWO-1014,PLANT_01,DC_SOUTH,2024-04-01,163,11861.51
NWO-1014,PLANT_01,DC_SOUTH,2024-04-08,221,16082.17
NWO-1014,PLANT_01,DC_SOUTH,2024-04-15,196,14262.92
NWO-1014,PLANT_01,DC_SOUTH,2024-04-22,257,18701.89
NWO-1014,PLANT_01,DC_SOUTH,2024-04-29,172,12516.44
NWO-1014,PLANT_01,DC_SOUTH,2024-05-06,243,17683.11
NWO-1014,PLANT_01,DC_SOUTH,2024-05-13,195,14190.15
NWO-1014,PLANT_01,DC_SOUTH,2024-05-20,177,12880.29
NWO-1014,PLANT_01,DC_SOUTH,2024-05-27,217,15791.09
NWO-1014,PLANT_01,DC_SOUTH,2024-06-03,225,16373.25
NWO-1014,PLANT_01,DC_SOUTH,2024-06-10,239,17392.03
NWO-1014,PLANT_01,DC_SOUTH,2024-06-17,185,13462.45
NWO-1014,PLANT_01,DC_SOUTH,2024-06-24,228,16591.56
NWO-1014,PLANT_01,DC_SOUTH,2024-07-01,281,20448.37
NWO-1014,PLANT_01,DC_SOUTH,2024-07-08,206,14990.62
NWO-1014,PLANT_01,DC_SOUTH,2024-07-15,267,19429.59
NWO-1014,PLANT_01,DC_SOUTH,2024-07-22,247,17974.19
NWO-1014,PLANT_01,DC_SOUTH,2024-07-29,214,15572.78
NWO-1014,PLANT_01,DC_SOUTH,2024-08-05,245,17828.65
NWO-1014,PLANT_01,DC_SOUTH,2024-08-12,226,16446.02
NWO-1014,PLANT_01,DC_SOUTH,2024-08-19,195,14190.15
NWO-1014,PLANT_01,DC_SOUTH,2024-08-26,358,26051.66
NWO-1014,PLANT_01,DC_SOUTH,2024-09-02,278,20230.06
NWO-1014,PLANT_01,DC_SOUTH,2024-09-09,262,19065.74
NWO-1014,PLANT_01,DC_SOUTH,2024-09-16,188,13680.76
NWO-1014,PLANT_01,DC_SOUTH,2024-09-23,180,13098.6
NWO-1014,PLANT_01,DC_SOUTH,2024-09-30,169,12298.13
NWO-1014,PLANT_01,DC_SOUTH,2024-10-07,223,16227.71
NWO-1014,PLANT_01,DC_SOUTH,2024-10-14,233,16955.41
NWO-1014,PLANT_01,DC_SOUTH,2024-10-21,208,15136.16
NWO-1014,PLANT_01,DC_SOUTH,2024-10-28,222,16154.94
NWO-1014,PLANT_01,DC_SOUTH,2024-11-04,257,18701.89
NWO-1014,PLANT_01,DC_SOUTH,2024-11-11,267,19429.59
NWO-1014,PLANT_01,DC_SOUTH,2024-11-18,325,23650.25
NWO-1014,PLANT_01,DC_SOUTH,2024-11-25,350,25469.5
NWO-1014,PLANT_01,DC_SOUTH,2024-12-02,372,27070.44
NWO-1014,PLANT_01,DC_SOUTH,2024-12-09,438,31873.26
NWO-1014,PLANT_01,DC_SOUTH,2024-12-16,484,35220.68
NWO-1014,PLANT_01,DC_SOUTH,2024-12-23,301,21903.77
NWO-1014,PLANT_01,DC_SOUTH,2024-12-30,303,22049.31
NWO-1014,PLANT_01,DC_SOUTH,2025-01-06,158,11497.66
NWO-1014,PLANT_01,DC_SOUTH,2025-01-13,145,10551.65
NWO-1014,PLANT_01,DC_SOUTH,2025-01-20,165,12007.05
NWO-1014,PLANT_01,DC_SOUTH,2025-01-27,163,11861.51
NWO-1014,PLANT_01,DC_SOUTH,2025-02-03,158,11497.66
NWO-1014,PLANT_01,DC_SOUTH,2025-02-10,190,13826.3
NWO-1014,PLANT_01,DC_SOUTH,2025-02-17,173,12589.21
NWO-1014,PLANT_01,DC_SOUTH,2025-02-24,180,13098.6
NWO-1014,PLANT_01,DC_SOUTH,2025-03-03,189,13753.53
NWO-1014,PLANT_01,DC_SOUTH,2025-03-10,233,16955.41
NWO-1014,PLANT_01,DC_SOUTH,2025-03-17,252,18338.04
NWO-1014,PLANT_01,DC_SOUTH,2025-03-24,204,14845.08
NWO-1014,PLANT_01,DC_SOUTH,2025-03-31,157,11424.89
NWO-1014,PLANT_01,DC_SOUTH,2025-04-07,226,16446.02
NWO-1014,PLANT_01,DC_SOUTH,2025-04-14,206,14990.62
NWO-1014,PLANT_01,DC_SOUTH,2025-04-21,204,14845.08
NWO-1014,PLANT_01,DC_SOUTH,2025-04-28,188,13680.76
NWO-1014,PLANT_01,DC_SOUTH,2025-05-05,233,16955.41
NWO-1014,PLANT_01,DC_SOUTH,2025-05-12,214,15572.78
NWO-1014,PLANT_01,DC_SOUTH,2025-05-19,218,15863.86
NWO-1014,PLANT_01,DC_SOUTH,2025-05-26,228,16591.56
NWO-1014,PLANT_01,DC_SOUTH,2025-06-02,210,15281.7
NWO-1014,PLANT_01,DC_SOUTH,2025-06-09,201,14626.77
NWO-1014,PLANT_01,DC_SOUTH,2025-06-16,293,21321.61
NWO-1014,PLANT_01,DC_SOUTH,2025-06-23,208,15136.16
NWO-1014,PLANT_01,DC_SOUTH,2025-06-30,262,19065.74
NWO-1014,PLANT_01,DC_SOUTH,2025-07-07,278,20230.06
NWO-1014,PLANT_01,DC_SOUTH,2025-07-14,205,14917.85
NWO-1014,PLANT_01,DC_SOUTH,2025-07-21,211,15354.47
NWO-1014,PLANT_01,DC_SOUTH,2025-07-28,377,27434.29
NWO-1014,PLANT_01,DC_SOUTH,2025-08-04,248,18046.96
NWO-1014,PLANT_01,DC_SOUTH,2025-08-11,240,17464.8
NWO-1014,PLANT_01,DC_SOUTH,2025-08-18,220,16009.4
NWO-1014,PLANT_01,DC_SOUTH,2025-08-25,244,17755.88
NWO-1014,PLANT_01,DC_SOUTH,2025-09-01,184,13389.68
NWO-1014,PLANT_01,DC_SOUTH,2025-09-08,206,14990.62
NWO-1014,PLANT_01,DC_SOUTH,2025-09-15,192,13971.84
NWO-1014,PLANT_01,DC_SOUTH,2025-09-22,206,14990.62
NWO-1014,PLANT_01,DC_SOUTH,2025-09-29,212,15427.24
NWO-1014,PLANT_01,DC_SOUTH,2025-10-06,168,12225.36
NWO-1014,PLANT_01,DC_SOUTH,2025-10-13,177,12880.29
NWO-1014,PLANT_01,DC_SOUTH,2025-10-20,169,12298.13
NWO-1014,PLANT_01,DC_SOUTH,2025-10-27,153,11133.81
NWO-1014,PLANT_01,DC_SOUTH,2025-11-03,243,17683.11
NWO-1014,PLANT_01,DC_SOUTH,2025-11-10,224,16300.48
NWO-1014,PLANT_01,DC_SOUTH,2025-11-17,148,10769.96
NWO-1014,PLANT_01,DC_SOUTH,2025-11-24,166,12079.82
NWO-1014,PLANT_01,DC_SOUTH,2025-12-01,138,10042.26
NWO-1014,PLANT_01,DC_SOUTH,2025-12-08,122,8877.94
NWO-1014,PLANT_01,DC_SOUTH,2025-12-15,105,7640.85
NWO-1014,PLANT_01,DC_SOUTH,2025-12-22,116,8441.32
NWO-1014,PLANT_01,DC_SOUTH,2025-12-29,80,5821.6
NWO-1014,PLANT_01,DC_SOUTH,2026-01-05,30,2183.1
NWO-1014,PLANT_01,DC_SOUTH,2026-01-12,18,1309.86
NWO-1014,PLANT_01,DC_SOUTH,2026-01-19,12,873.24
NWO-1014,PLANT_01,DC_WEST,2023-06-05,125,9096.25
NWO-1014,PLANT_01,DC_WEST,2023-06-12,163,11861.51
NWO-1014,PLANT_01,DC_WEST,2023-06-19,185,13462.45
NWO-1014,PLANT_01,DC_WEST,2023-06-26,209,15208.93
NWO-1014,PLANT_01,DC_WEST,2023-07-03,172,12516.44
NWO-1014,PLANT_01,DC_WEST,2023-07-10,156,11352.12
NWO-1014,PLANT_01,DC_WEST,2023-07-17,198,14408.46
NWO-1014,PLANT_01,DC_WEST,2023-07-24,154,11206.58
NWO-1014,PLANT_01,DC_WEST,2023-07-31,148,10769.96
NWO-1014,PLANT_01,DC_WEST,2023-08-07,169,12298.13
NWO-1014,PLANT_01,DC_WEST,2023-08-14,159,11570.43
NWO-1014,PLANT_01,DC_WEST,2023-08-21,165,12007.05
NWO-1014,PLANT_01,DC_WEST,2023-08-28,246,17901.42
NWO-1014,PLANT_01,DC_WEST,2023-09-04,214,15572.78
NWO-1014,PLANT_01,DC_WEST,2023-09-11,132,9605.64
NWO-1014,PLANT_01,DC_WEST,2023-09-18,120,8732.4
NWO-1014,PLANT_01,DC_WEST,2023-09-25,130,9460.1
NWO-1014,PLANT_01,DC_WEST,2023-10-02,192,13971.84
NWO-1014,PLANT_01,DC_WEST,2023-10-09,177,12880.29
NWO-1014,PLANT_01,DC_WEST,2023-10-16,144,10478.88
NWO-1014,PLANT_01,DC_WEST,2023-10-23,170,12370.9
NWO-1014,PLANT_01,DC_WEST,2023-10-30,185,13462.45
NWO-1014,PLANT_01,DC_WEST,2023-11-06,250,18192.5
NWO-1014,PLANT_01,DC_WEST,2023-11-13,215,15645.55
NWO-1014,PLANT_01,DC_WEST,2023-11-20,197,14335.69
NWO-1014,PLANT_01,DC_WEST,2023-11-27,186,13535.22
NWO-1014,PLANT_01,DC_WEST,2023-12-04,232,16882.64
NWO-1014,PLANT_01,DC_WEST,2023-12-11,246,17901.42
NWO-1014,PLANT_01,DC_WEST,2023-12-18,216,15718.32
NWO-1014,PLANT_01,DC_WEST,2023-12-25,254,18483.58
NWO-1014,PLANT_01,DC_WEST,2024-01-01,119,8659.63
NWO-1014,PLANT_01,DC_WEST,2024-01-08,129,9387.33
NWO-1014,PLANT_01,DC_WEST,2024-01-15,109,7931.93
NWO-1014,PLANT_01,DC_WEST,2024-01-22,98,7131.46
NWO-1014,PLANT_01,DC_WEST,2024-01-29,131,9532.87
NWO-1014,PLANT_01,DC_WEST,2024-02-05,116,8441.32
NWO-1014,PLANT_01,DC_WEST,2024-02-12,123,8950.71
NWO-1014,PLANT_01,DC_WEST,2024-02-19,115,8368.55
NWO-1014,PLANT_01,DC_WEST,2024-02-26,120,8732.4
NWO-1014,PLANT_01,DC_WEST,2024-03-04,108,7859.16
NWO-1014,PLANT_01,DC_WEST,2024-03-11,129,9387.33
NWO-1014,PLANT_01,DC_WEST,2024-03-18,121,8805.17
NWO-1014,PLANT_01,DC_WEST,2024-03-25,167,12152.59
NWO-1014,PLANT_01,DC_WEST,2024-04-01,158,11497.66
NWO-1014,PLANT_01,DC_WEST,2024-04-08,140,10187.8
NWO-1014,PLANT_01,DC_WEST,2024-04-15,161,11715.97
NWO-1014,PLANT_01,DC_WEST,2024-04-22,144,10478.88
NWO-1014,PLANT_01,DC_WEST,2024-04-29,156,11352.12
NWO-1014,PLANT_01,DC_WEST,2024-05-06,164,11934.28
NWO-1014,PLANT_01,DC_WEST,2024-05-13,151,10988.27
NWO-1014,PLANT_01,DC_WEST,2024-05-20,155,11279.35
NWO-1014,PLANT_01,DC_WEST,2024-05-27,162,11788.74
NWO-1014,PLANT_01,DC_WEST,2024-06-03,173,12589.21
NWO-1014,PLANT_01,DC_WEST,2024-06-10,181,13171.37
NWO-1014,PLANT_01,DC_WEST,2024-06-17,179,13025.83
NWO-1014,PLANT_01,DC_WEST,2024-06-24,191,13899.07
NWO-1014,PLANT_01,DC_WEST,2024-07-01,146,10624.42
NWO-1014,PLANT_01,DC_WEST,2024-07-08,198,14408.46
NWO-1014,PLANT_01,DC_WEST,2024-07-15,160,11643.2
NWO-1014,PLANT_01,DC_WEST,2024-07-22,202,14699.54
NWO-1014,PLANT_01,DC_WEST,2024-07-29,194,14117.38
NWO-1014,PLANT_01,DC_WEST,2024-08-05,155,11279.35
NWO-1014,PLANT_01,DC_WEST,2024-08-12,197,14335.69
NWO-1014,PLANT_01,DC_WEST,2024-08-19,166,12079.82
NWO-1014,PLANT_01,DC_WEST,2024-08-26,216,15718.32
NWO-1014,PLANT_01,DC_WEST,2024-09-02,202,14699.54
NWO-1014,PLANT_01,DC_WEST,2024-09-09,155,11279.35
NWO-1014,PLANT_01,DC_WEST,2024-09-16,162,11788.74
NWO-1014,PLANT_01,DC_WEST,2024-09-23,154,11206.58
NWO-1014,PLANT_01,DC_WEST,2024-09-30,160,11643.2
NWO-1014,PLANT_01,DC_WEST,2024-10-07,140,10187.8
NWO-1014,PLANT_01,DC_WEST,2024-10-14,145,10551.65
NWO-1014,PLANT_01,DC_WEST,2024-10-21,142,10333.34
NWO-1014,PLANT_01,DC_WEST,2024-10-28,193,14044.61
NWO-1014,PLANT_01,DC_WEST,2024-11-04,198,14408.46
NWO-1014,PLANT_01,DC_WEST,2024-11-11,216,15718.32
NWO-1014,PLANT_01,DC_WEST,2024-11-18,229,16664.33
NWO-1014,PLANT_01,DC_WEST,2024-11-25,196,14262.92
NWO-1014,PLANT_01,DC_WEST,2024-12-02,210,15281.7
NWO-1014,PLANT_01,DC_WEST,2024-12-09,253,18410.81
NWO-1014,PLANT_01,DC_WEST,2024-12-16,254,18483.58
NWO-1014,PLANT_01,DC_WEST,2024-12-23,229,16664.33
NWO-1014,PLANT_01,DC_WEST,2024-12-30,194,14117.38
NWO-1014,PLANT_01,DC_WEST,2025-01-06,130,9460.1
NWO-1014,PLANT_01,DC_WEST,2025-01-13,121,8805.17
NWO-1014,PLANT_01,DC_WEST,2025-01-20,112,8150.24
NWO-1014,PLANT_01,DC_WEST,2025-01-27,139,10115.03
NWO-1014,PLANT_01,DC_WEST,2025-02-03,136,9896.72
NWO-1014,PLANT_01,DC_WEST,2025-02-10,149,10842.73
NWO-1014,PLANT_01,DC_WEST,2025-02-17,117,8514.09
NWO-1014,PLANT_01,DC_WEST,2025-02-24,140,10187.8
NWO-1014,PLANT_01,DC_WEST,2025-03-03,146,10624.42
NWO-1014,PLANT_01,DC_WEST,2025-03-10,132,9605.64
NWO-1014,PLANT_01,DC_WEST,2025-03-17,150,10915.5
NWO-1014,PLANT_01,DC_WEST,2025-03-24,165,12007.05
NWO-1014,PLANT_01,DC_WEST,2025-03-31,150,10915.5
NWO-1014,PLANT_01,DC_WEST,2025-04-07,162,11788.74
NWO-1014,PLANT_01,DC_WEST,2025-04-14,167,12152.59
NWO-1014,PLANT_01,DC_WEST,2025-04-21,148,10769.96
NWO-1014,PLANT_01,DC_WEST,2025-04-28,165,12007.05
NWO-1014,PLANT_01,DC_WEST,2025-05-05,161,11715.97
NWO-1014,PLANT_01,DC_WEST,2025-05-12,120,8732.4
NWO-1014,PLANT_01,DC_WEST,2025-05-19,155,11279.35
NWO-1014,PLANT_01,DC_WEST,2025-05-26,154,11206.58
NWO-1014,PLANT_01,DC_WEST,2025-06-02,203,14772.31
NWO-1014,PLANT_01,DC_WEST,2025-06-09,159,11570.43
NWO-1014,PLANT_01,DC_WEST,2025-06-16,192,13971.84
NWO-1014,PLANT_01,DC_WEST,2025-06-23,158,11497.66
NWO-1014,PLANT_01,DC_WEST,2025-06-30,152,11061.04
NWO-1014,PLANT_01,DC_WEST,2025-07-07,176,12807.52
NWO-1014,PLANT_01,DC_WEST,2025-07-14,164,11934.28
NWO-1014,PLANT_01,DC_WEST,2025-07-21,216,15718.32
NWO-1014,PLANT_01,DC_WEST,2025-07-28,174,12661.98
NWO-1014,PLANT_01,DC_WEST,2025-08-04,182,13244.14
NWO-1014,PLANT_01,DC_WEST,2025-08-11,190,13826.3
NWO-1014,PLANT_01,DC_WEST,2025-08-18,162,11788.74
NWO-1014,PLANT_01,DC_WEST,2025-08-25,179,13025.83
NWO-1014,PLANT_01,DC_WEST,2025-09-01,156,11352.12
NWO-1014,PLANT_01,DC_WEST,2025-09-08,126,9169.02
NWO-1014,PLANT_01,DC_WEST,2025-09-15,173,12589.21
NWO-1014,PLANT_01,DC_WEST,2025-09-22,156,11352.12
NWO-1014,PLANT_01,DC_WEST,2025-09-29,163,11861.51
NWO-1014,PLANT_01,DC_WEST,2025-10-06,166,12079.82
NWO-1014,PLANT_01,DC_WEST,2025-10-13,157,11424.89
NWO-1014,PLANT_01,DC_WEST,2025-10-20,134,9751.18
NWO-1014,PLANT_01,DC_WEST,2025-10-27,139,10115.03
NWO-1014,PLANT_01,DC_WEST,2025-11-03,182,13244.14
NWO-1014,PLANT_01,DC_WEST,2025-11-10,160,11643.2
NWO-1014,PLANT_01,DC_WEST,2025-11-17,125,9096.25
NWO-1014,PLANT_01,DC_WEST,2025-11-24,133,9678.41
NWO-1014,PLANT_01,DC_WEST,2025-12-01,138,10042.26
NWO-1014,PLANT_01,DC_WEST,2025-12-08,97,7058.69
NWO-1014,PLANT_01,DC_WEST,2025-12-15,89,6476.53
NWO-1014,PLANT_01,DC_WEST,2025-12-22,70,5093.9
NWO-1014,PLANT_01,DC_WEST,2025-12-29,58,4220.66
NWO-1014,PLANT_01,DC_WEST,2026-01-05,26,1892.02
NWO-1014,PLANT_01,DC_WEST,2026-01-12,17,1237.09
NWO-1014,PLANT_01,DC_WEST,2026-01-19,7,509.39
NWO-1015,PLANT_01,DC_NORTH,2023-06-05,120,5084.4
NWO-1015,PLANT_01,DC_NORTH,2023-06-12,119,5042.03
NWO-1015,PLANT_01,DC_NORTH,2023-06-19,151,6397.87
NWO-1015,PLANT_01,DC_NORTH,2023-06-26,137,5804.69
NWO-1015,PLANT_01,DC_NORTH,2023-07-03,154,6524.98
NWO-1015,PLANT_01,DC_NORTH,2023-07-10,185,7838.45
NWO-1015,PLANT_01,DC_NORTH,2023-07-17,130,5508.1
NWO-1015,PLANT_01,DC_NORTH,2023-07-24,135,5719.95
NWO-1015,PLANT_01,DC_NORTH,2023-07-31,177,7499.49
NWO-1015,PLANT_01,DC_NORTH,2023-08-07,152,6440.24
NWO-1015,PLANT_01,DC_NORTH,2023-08-14,130,5508.1
NWO-1015,PLANT_01,DC_NORTH,2023-08-21,149,6313.13
NWO-1015,PLANT_01,DC_NORTH,2023-08-28,136,5762.32
NWO-1015,PLANT_01,DC_NORTH,2023-09-04,148,6270.76
NWO-1015,PLANT_01,DC_NORTH,2023-09-11,139,5889.43
NWO-1015,PLANT_01,DC_NORTH,2023-09-18,123,5211.51
NWO-1015,PLANT_01,DC_NORTH,2023-09-25,123,5211.51
NWO-1015,PLANT_01,DC_NORTH,2023-10-02,119,5042.03
NWO-1015,PLANT_01,DC_NORTH,2023-10-09,176,7457.12
NWO-1015,PLANT_01,DC_NORTH,2023-10-16,130,5508.1
NWO-1015,PLANT_01,DC_NORTH,2023-10-23,147,6228.39
NWO-1015,PLANT_01,DC_NORTH,2023-10-30,125,5296.25
NWO-1015,PLANT_01,DC_NORTH,2023-11-06,224,9490.88
NWO-1015,PLANT_01,DC_NORTH,2023-11-13,214,9067.18
NWO-1015,PLANT_01,DC_NORTH,2023-11-20,166,7033.42
NWO-1015,PLANT_01,DC_NORTH,2023-11-27,234,9914.58
NWO-1015,PLANT_01,DC_NORTH,2023-12-04,164,6948.68
NWO-1015,PLANT_01,DC_NORTH,2023-12-11,192,8135.04
NWO-1015,PLANT_01,DC_NORTH,2023-12-18,216,9151.92
NWO-1015,PLANT_01,DC_NORTH,2023-12-25,140,5931.8
NWO-1015,PLANT_01,DC_NORTH,2024-01-01,87,3686.19
NWO-1015,PLANT_01,DC_NORTH,2024-01-08,105,4448.85
NWO-1015,PLANT_01,DC_NORTH,2024-01-15,119,5042.03
NWO-1015,PLANT_01,DC_NORTH,2024-01-22,102,4321.74
NWO-1015,PLANT_01,DC_NORTH,2024-01-29,88,3728.56
NWO-1015,PLANT_01,DC_NORTH,2024-02-05,109,4618.33
NWO-1015,PLANT_01,DC_NORTH,2024-02-12,118,4999.66
NWO-1015,PLANT_01,DC_NORTH,2024-02-19,121,5126.77
NWO-1015,PLANT_01,DC_NORTH,2024-02-26,89,3770.93
NWO-1015,PLANT_01,DC_NORTH,2024-03-04,136,5762.32
NWO-1015,PLANT_01,DC_NORTH,2024-03-11,107,4533.59
NWO-1015,PLANT_01,DC_NORTH,2024-03-18,93,3940.41
NWO-1015,PLANT_01,DC_NORTH,2024-03-25,132,5592.84
NWO-1015,PLANT_01,DC_NORTH,2024-04-01,106,4491.22
NWO-1015,PLANT_01,DC_NORTH,2024-04-08,108,4575.96
NWO-1015,PLANT_01,DC_NORTH,2024-04-15,114,4830.18
NWO-1015,PLANT_01,DC_NORTH,2024-04-22,129,5465.73
NWO-1015,PLANT_01,DC_NORTH,2024-04-29,135,5719.95
NWO-1015,PLANT_01,DC_NORTH,2024-05-06,121,5126.77
NWO-1015,PLANT_01,DC_NORTH,2024-05-13,155,6567.35
NWO-1015,PLANT_01,DC_NORTH,2024-05-20,175,7414.75
NWO-1015,PLANT_01,DC_NORTH,2024-05-27,138,5847.06
NWO-1015,PLANT_01,DC_NORTH,2024-06-03,168,7118.16
NWO-1015,PLANT_01,DC_NORTH,2024-06-10,189,8007.93
NWO-1015,PLANT_01,DC_NORTH,2024-06-17,191,8092.67
NWO-1015,PLANT_01,DC_NORTH,2024-06-24,185,7838.45
NWO-1015,PLANT_01,DC_NORTH,2024-07-01,169,7160.53
NWO-1015,PLANT_01,DC_NORTH,2024-07-08,145,6143.65
NWO-1015,PLANT_01,DC_NORTH,2024-07-15,154,6524.98
NWO-1015,PLANT_01,DC_NORTH,2024-07-22,145,6143.65
NWO-1015,PLANT_01,DC_NORTH,2024-07-29,124,5253.88
NWO-1015,PLANT_01,DC_NORTH,2024-08-05,150,6355.5
NWO-1015,PLANT_01,DC_NORTH,2024-08-12,116,4914.92
NWO-1015,PLANT_01,DC_NORTH,2024-08-19,155,6567.35
NWO-1015,PLANT_01,DC_NORTH,2024-08-26,164,6948.68
NWO-1015,PLANT_01,DC_NORTH,2024-09-02,150,6355.5
NWO-1015,PLANT_01,DC_NORTH,2024-09-09,152,6440.24
NWO-1015,PLANT_01,DC_NORTH,2024-09-16,139,5889.43
NWO-1015,PLANT_01,DC_NORTH,2024-09-23,111,4703.07
NWO-1015,PLANT_01,DC_NORTH,2024-09-30,112,4745.44
NWO-1015,PLANT_01,DC_NORTH,2024-10-07,157,6652.09
NWO-1015,PLANT_01,DC_NORTH,2024-10-14,148,6270.76
NWO-1015,PLANT_01,DC_NORTH,2024-10-21,162,6863.94
NWO-1015,PLANT_01,DC_NORTH,2024-10-28,99,4194.63
NWO-1015,PLANT_01,DC_NORTH,2024-11-04,210,8897.7
NWO-1015,PLANT_01,DC_NORTH,2024-11-11,209,8855.33
NWO-1015,PLANT_01,DC_NORTH,2024-11-18,191,8092.67
NWO-1015,PLANT_01,DC_NORTH,2024-11-25,275,11651.75
NWO-1015,PLANT_01,DC_NORTH,2024-12-02,189,8007.93
NWO-1015,PLANT_01,DC_NORTH,2024-12-09,196,8304.52
NWO-1015,PLANT_01,DC_NORTH,2024-12-16,218,9236.66
NWO-1015,PLANT_01,DC_NORTH,2024-12-23,229,9702.73
NWO-1015,PLANT_01,DC_NORTH,2024-12-30,145,6143.65
NWO-1015,PLANT_01,DC_NORTH,2025-01-06,82,3474.34
NWO-1015,PLANT_01,DC_NORTH,2025-01-13,87,3686.19
NWO-1015,PLANT_01,DC_NORTH,2025-01-20,108,4575.96
NWO-1015,PLANT_01,DC_NORTH,2025-01-27,99,4194.63
NWO-1015,PLANT_01,DC_NORTH,2025-02-03,165,6991.05
NWO-1015,PLANT_01,DC_NORTH,2025-02-10,116,4914.92
NWO-1015,PLANT_01,DC_NORTH,2025-02-17,122,5169.14
NWO-1015,PLANT_01,DC_NORTH,2025-02-24,109,4618.33
NWO-1015,PLANT_01,DC_NORTH,2025-03-03,133,5635.21
NWO-1015,PLANT_01,DC_NORTH,2025-03-10,123,5211.51
NWO-1015,PLANT_01,DC_NORTH,2025-03-17,113,4787.81
NWO-1015,PLANT_01,DC_NORTH,2025-03-24,110,4660.7
NWO-1015,PLANT_01,DC_NORTH,2025-03-31,135,5719.95
NWO-1015,PLANT_01,DC_NORTH,2025-04-07,130,5508.1
NWO-1015,PLANT_01,DC_NORTH,2025-04-14,156,6609.72
NWO-1015,PLANT_01,DC_NORTH,2025-04-21,121,5126.77
NWO-1015,PLANT_01,DC_NORTH,2025-04-28,166,7033.42
NWO-1015,PLANT_01,DC_NORTH,2025-05-05,177,7499.49
NWO-1015,PLANT_01,DC_NORTH,2025-05-12,157,6652.09
NWO-1015,PLANT_01,DC_NORTH,2025-05-19,163,6906.31
NWO-1015,PLANT_01,DC_NORTH,2025-05-26,162,6863.94
NWO-1015,PLANT_01,DC_NORTH,2025-06-02,128,5423.36
NWO-1015,PLANT_01,DC_NORTH,2025-06-09,149,6313.13
NWO-1015,PLANT_01,DC_NORTH,2025-06-16,149,6313.13
NWO-1015,PLANT_01,DC_NORTH,2025-06-23,146,6186.02
NWO-1015,PLANT_01,DC_NORTH,2025-06-30,133,5635.21
NWO-1015,PLANT_01,DC_NORTH,2025-07-07,144,6101.28
NWO-1015,PLANT_01,DC_NORTH,2025-07-14,200,8474.0
NWO-1015,PLANT_01,DC_NORTH,2025-07-21,159,6736.83
NWO-1015,PLANT_01,DC_NORTH,2025-07-28,149,6313.13
NWO-1015,PLANT_01,DC_NORTH,2025-08-04,137,5804.69
NWO-1015,PLANT_01,DC_NORTH,2025-08-11,157,6652.09
NWO-1015,PLANT_01,DC_NORTH,2025-08-18,139,5889.43
NWO-1015,PLANT_01,DC_NORTH,2025-08-25,135,5719.95
NWO-1015,PLANT_01,DC_NORTH,2025-09-01,116,4914.92
NWO-1015,PLANT_01,DC_NORTH,2025-09-08,130,5508.1
NWO-1015,PLANT_01,DC_NORTH,2025-09-15,132,5592.84
NWO-1015,PLANT_01,DC_NORTH,2025-09-22,165,6991.05
NWO-1015,PLANT_01,DC_NORTH,2025-09-29,159,6736.83
NWO-1015,PLANT_01,DC_NORTH,2025-10-06,159,6736.83
NWO-1015,PLANT_01,DC_NORTH,2025-10-13,146,6186.02
NWO-1015,PLANT_01,DC_NORTH,2025-10-20,97,4109.89
NWO-1015,PLANT_01,DC_NORTH,2025-10-27,134,5677.58
NWO-1015,PLANT_01,DC_NORTH,2025-11-03,116,4914.92
NWO-1015,PLANT_01,DC_NORTH,2025-11-10,219,9279.03
NWO-1015,PLANT_01,DC_NORTH,2025-11-17,207,8770.59
NWO-1015,PLANT_01,DC_NORTH,2025-11-24,233,9872.21
NWO-1015,PLANT_01,DC_NORTH,2025-12-01,172,7287.64
NWO-1015,PLANT_01,DC_NORTH,2025-12-08,183,7753.71
NWO-1015,PLANT_01,DC_NORTH,2025-12-15,201,8516.37
NWO-1015,PLANT_01,DC_NORTH,2025-12-22,190,8050.3
NWO-1015,PLANT_01,DC_NORTH,2025-12-29,214,9067.18
NWO-1015,PLANT_01,DC_NORTH,2026-01-05,132,5592.84
NWO-1015,PLANT_01,DC_NORTH,2026-01-12,118,4999.66
NWO-1015,PLANT_01,DC_NORTH,2026-01-19,110,4660.7
NWO-1015,PLANT_01,DC_NORTH,2026-01-26,111,4703.07
NWO-1015,PLANT_01,DC_NORTH,2026-02-02,150,6355.5
NWO-1015,PLANT_01,DC_NORTH,2026-02-09,95,4025.15
NWO-1015,PLANT_01,DC_NORTH,2026-02-16,144,6101.28
NWO-1015,PLANT_01,DC_NORTH,2026-02-23,110,4660.7
NWO-1015,PLANT_01,DC_NORTH,2026-03-02,133,5635.21
NWO-1015,PLANT_01,DC_NORTH,2026-03-09,120,5084.4
NWO-1015,PLANT_01,DC_NORTH,2026-03-16,119,5042.03
NWO-1015,PLANT_01,DC_NORTH,2026-03-23,153,6482.61
NWO-1015,PLANT_01,DC_NORTH,2026-03-30,161,6821.57
NWO-1015,PLANT_01,DC_NORTH,2026-04-06,111,4703.07
NWO-1015,PLANT_01,DC_NORTH,2026-04-13,103,4364.11
NWO-1015,PLANT_01,DC_NORTH,2026-04-20,150,6355.5
NWO-1015,PLANT_01,DC_NORTH,2026-04-27,129,5465.73
NWO-1015,PLANT_01,DC_NORTH,2026-05-04,135,5719.95
NWO-1015,PLANT_01,DC_NORTH,2026-05-11,123,5211.51
NWO-1015,PLANT_01,DC_NORTH,2026-05-18,122,5169.14
NWO-1015,PLANT_01,DC_NORTH,2026-05-25,127,5380.99
NWO-1015,PLANT_01,DC_NORTH,2026-06-01,179,7584.23
NWO-1015,PLANT_01,DC_SOUTH,2023-06-05,379,16058.23
NWO-1015,PLANT_01,DC_SOUTH,2023-06-12,415,17583.55
NWO-1015,PLANT_01,DC_SOUTH,2023-06-19,368,15592.16
NWO-1015,PLANT_01,DC_SOUTH,2023-06-26,433,18346.21
NWO-1015,PLANT_01,DC_SOUTH,2023-07-03,480,20337.6
NWO-1015,PLANT_01,DC_SOUTH,2023-07-10,424,17964.88
NWO-1015,PLANT_01,DC_SOUTH,2023-07-17,506,21439.22
NWO-1015,PLANT_01,DC_SOUTH,2023-07-24,454,19235.98
NWO-1015,PLANT_01,DC_SOUTH,2023-07-31,430,18219.1
NWO-1015,PLANT_01,DC_SOUTH,2023-08-07,408,17286.96
NWO-1015,PLANT_01,DC_SOUTH,2023-08-14,361,15295.57
NWO-1015,PLANT_01,DC_SOUTH,2023-08-21,380,16100.6
NWO-1015,PLANT_01,DC_SOUTH,2023-08-28,397,16820.89
NWO-1015,PLANT_01,DC_SOUTH,2023-09-04,361,15295.57
NWO-1015,PLANT_01,DC_SOUTH,2023-09-11,404,17117.48
NWO-1015,PLANT_01,DC_SOUTH,2023-09-18,359,15210.83
NWO-1015,PLANT_01,DC_SOUTH,2023-09-25,472,19998.64
NWO-1015,PLANT_01,DC_SOUTH,2023-10-02,377,15973.49
NWO-1015,PLANT_01,DC_SOUTH,2023-10-09,352,14914.24
NWO-1015,PLANT_01,DC_SOUTH,2023-10-16,439,18600.43
NWO-1015,PLANT_01,DC_SOUTH,2023-10-23,493,20888.41
NWO-1015,PLANT_01,DC_SOUTH,2023-10-30,342,14490.54
NWO-1015,PLANT_01,DC_SOUTH,2023-11-06,530,22456.1
NWO-1015,PLANT_01,DC_SOUTH,2023-11-13,422,17880.14
NWO-1015,PLANT_01,DC_SOUTH,2023-11-20,547,23176.39
NWO-1015,PLANT_01,DC_SOUTH,2023-11-27,458,19405.46
NWO-1015,PLANT_01,DC_SOUTH,2023-12-04,477,20210.49
NWO-1015,PLANT_01,DC_SOUTH,2023-12-11,553,23430.61
NWO-1015,PLANT_01,DC_SOUTH,2023-12-18,597,25294.89
NWO-1015,PLANT_01,DC_SOUTH,2023-12-25,604,25591.48
NWO-1015,PLANT_01,DC_SOUTH,2024-01-01,249,10550.13
NWO-1015,PLANT_01,DC_SOUTH,2024-01-08,251,10634.87
NWO-1015,PLANT_01,DC_SOUTH,2024-01-15,266,11270.42
NWO-1015,PLANT_01,DC_SOUTH,2024-01-22,267,11312.79
NWO-1015,PLANT_01,DC_SOUTH,2024-01-29,299,12668.63
NWO-1015,PLANT_01,DC_SOUTH,2024-02-05,284,12033.08
NWO-1015,PLANT_01,DC_SOUTH,2024-02-12,334,14151.58
NWO-1015,PLANT_01,DC_SOUTH,2024-02-19,278,11778.86
NWO-1015,PLANT_01,DC_SOUTH,2024-02-26,300,12711.0
NWO-1015,PLANT_01,DC_SOUTH,2024-03-04,309,13092.33
NWO-1015,PLANT_01,DC_SOUTH,2024-03-11,330,13982.1
NWO-1015,PLANT_01,DC_SOUTH,2024-03-18,267,11312.79
NWO-1015,PLANT_01,DC_SOUTH,2024-03-25,316,13388.92
NWO-1015,PLANT_01,DC_SOUTH,2024-04-01,392,16609.04
NWO-1015,PLANT_01,DC_SOUTH,2024-04-08,345,14617.65
NWO-1015,PLANT_01,DC_SOUTH,2024-04-15,329,13939.73
NWO-1015,PLANT_01,DC_SOUTH,2024-04-22,303,12838.11
NWO-1015,PLANT_01,DC_SOUTH,2024-04-29,362,15337.94
NWO-1015,PLANT_01,DC_SOUTH,2024-05-06,347,14702.39
NWO-1015,PLANT_01,DC_SOUTH,2024-05-13,397,16820.89
NWO-1015,PLANT_01,DC_SOUTH,2024-05-20,402,17032.74
NWO-1015,PLANT_01,DC_SOUTH,2024-05-27,398,16863.26
NWO-1015,PLANT_01,DC_SOUTH,2024-06-03,440,18642.8
NWO-1015,PLANT_01,DC_SOUTH,2024-06-10,359,15210.83
NWO-1015,PLANT_01,DC_SOUTH,2024-06-17,420,17795.4
NWO-1015,PLANT_01,DC_SOUTH,2024-06-24,411,17414.07
NWO-1015,PLANT_01,DC_SOUTH,2024-07-01,436,18473.32
NWO-1015,PLANT_01,DC_SOUTH,2024-07-08,399,16905.63
NWO-1015,PLANT_01,DC_SOUTH,2024-07-15,396,16778.52
NWO-1015,PLANT_01,DC_SOUTH,2024-07-22,421,17837.77
NWO-1015,PLANT_01,DC_SOUTH,2024-07-29,440,18642.8
NWO-1015,PLANT_01,DC_SOUTH,2024-08-05,314,13304.18
NWO-1015,PLANT_01,DC_SOUTH,2024-08-12,425,18007.25
NWO-1015,PLANT_01,DC_SOUTH,2024-08-19,364,15422.68
NWO-1015,PLANT_01,DC_SOUTH,2024-08-26,350,14829.5
NWO-1015,PLANT_01,DC_SOUTH,2024-09-02,367,15549.79
NWO-1015,PLANT_01,DC_SOUTH,2024-09-09,370,15676.9
NWO-1015,PLANT_01,DC_SOUTH,2024-09-16,351,14871.87
NWO-1015,PLANT_01,DC_SOUTH,2024-09-23,382,16185.34
NWO-1015,PLANT_01,DC_SOUTH,2024-09-30,350,14829.5
NWO-1015,PLANT_01,DC_SOUTH,2024-10-07,460,19490.2
NWO-1015,PLANT_01,DC_SOUTH,2024-10-14,368,15592.16
NWO-1015,PLANT_01,DC_SOUTH,2024-10-21,395,16736.15
NWO-1015,PLANT_01,DC_SOUTH,2024-10-28,400,16948.0
NWO-1015,PLANT_01,DC_SOUTH,2024-11-04,563,23854.31
NWO-1015,PLANT_01,DC_SOUTH,2024-11-11,553,23430.61
NWO-1015,PLANT_01,DC_SOUTH,2024-11-18,490,20761.3
NWO-1015,PLANT_01,DC_SOUTH,2024-11-25,432,18303.84
NWO-1015,PLANT_01,DC_SOUTH,2024-12-02,524,22201.88
NWO-1015,PLANT_01,DC_SOUTH,2024-12-09,440,18642.8
NWO-1015,PLANT_01,DC_SOUTH,2024-12-16,474,20083.38
NWO-1015,PLANT_01,DC_SOUTH,2024-12-23,563,23854.31
NWO-1015,PLANT_01,DC_SOUTH,2024-12-30,557,23600.09
NWO-1015,PLANT_01,DC_SOUTH,2025-01-06,223,9448.51
NWO-1015,PLANT_01,DC_SOUTH,2025-01-13,304,12880.48
NWO-1015,PLANT_01,DC_SOUTH,2025-01-20,363,15380.31
NWO-1015,PLANT_01,DC_SOUTH,2025-01-27,324,13727.88
NWO-1015,PLANT_01,DC_SOUTH,2025-02-03,446,18897.02
NWO-1015,PLANT_01,DC_SOUTH,2025-02-10,515,21820.55
NWO-1015,PLANT_01,DC_SOUTH,2025-02-17,490,20761.3
NWO-1015,PLANT_01,DC_SOUTH,2025-02-24,306,12965.22
NWO-1015,PLANT_01,DC_SOUTH,2025-03-03,299,12668.63
NWO-1015,PLANT_01,DC_SOUTH,2025-03-10,314,13304.18
NWO-1015,PLANT_01,DC_SOUTH,2025-03-17,329,13939.73
NWO-1015,PLANT_01,DC_SOUTH,2025-03-24,289,12244.93
NWO-1015,PLANT_01,DC_SOUTH,2025-03-31,369,15634.53
NWO-1015,PLANT_01,DC_SOUTH,2025-04-07,332,14066.84
NWO-1015,PLANT_01,DC_SOUTH,2025-04-14,397,16820.89
NWO-1015,PLANT_01,DC_SOUTH,2025-04-21,369,15634.53
NWO-1015,PLANT_01,DC_SOUTH,2025-04-28,435,18430.95
NWO-1015,PLANT_01,DC_SOUTH,2025-05-05,395,16736.15
NWO-1015,PLANT_01,DC_SOUTH,2025-05-12,410,17371.7
NWO-1015,PLANT_01,DC_SOUTH,2025-05-19,377,15973.49
NWO-1015,PLANT_01,DC_SOUTH,2025-05-26,375,15888.75
NWO-1015,PLANT_01,DC_SOUTH,2025-06-02,381,16142.97
NWO-1015,PLANT_01,DC_SOUTH,2025-06-09,371,15719.27
NWO-1015,PLANT_01,DC_SOUTH,2025-06-16,418,17710.66
NWO-1015,PLANT_01,DC_SOUTH,2025-06-23,399,16905.63
NWO-1015,PLANT_01,DC_SOUTH,2025-06-30,381,16142.97
NWO-1015,PLANT_01,DC_SOUTH,2025-07-07,389,16481.93
NWO-1015,PLANT_01,DC_SOUTH,2025-07-14,396,16778.52
NWO-1015,PLANT_01,DC_SOUTH,2025-07-21,482,20422.34
NWO-1015,PLANT_01,DC_SOUTH,2025-07-28,478,20252.86
NWO-1015,PLANT_01,DC_SOUTH,2025-08-04,382,16185.34
NWO-1015,PLANT_01,DC_SOUTH,2025-08-11,390,16524.3
NWO-1015,PLANT_01,DC_SOUTH,2025-08-18,445,18854.65
NWO-1015,PLANT_01,DC_SOUTH,2025-08-25,424,17964.88
NWO-1015,PLANT_01,DC_SOUTH,2025-09-01,361,15295.57
NWO-1015,PLANT_01,DC_SOUTH,2025-09-08,426,18049.62
NWO-1015,PLANT_01,DC_SOUTH,2025-09-15,354,14998.98
NWO-1015,PLANT_01,DC_SOUTH,2025-09-22,331,14024.47
NWO-1015,PLANT_01,DC_SOUTH,2025-09-29,358,15168.46
NWO-1015,PLANT_01,DC_SOUTH,2025-10-06,343,14532.91
NWO-1015,PLANT_01,DC_SOUTH,2025-10-13,343,14532.91
NWO-1015,PLANT_01,DC_SOUTH,2025-10-20,351,14871.87
NWO-1015,PLANT_01,DC_SOUTH,2025-10-27,305,12922.85
NWO-1015,PLANT_01,DC_SOUTH,2025-11-03,499,21142.63
NWO-1015,PLANT_01,DC_SOUTH,2025-11-10,493,20888.41
NWO-1015,PLANT_01,DC_SOUTH,2025-11-17,488,20676.56
NWO-1015,PLANT_01,DC_SOUTH,2025-11-24,538,22795.06
NWO-1015,PLANT_01,DC_SOUTH,2025-12-01,546,23134.02
NWO-1015,PLANT_01,DC_SOUTH,2025-12-08,558,23642.46
NWO-1015,PLANT_01,DC_SOUTH,2025-12-15,498,21100.26
NWO-1015,PLANT_01,DC_SOUTH,2025-12-22,579,24532.23
NWO-1015,PLANT_01,DC_SOUTH,2025-12-29,552,23388.24
NWO-1015,PLANT_01,DC_SOUTH,2026-01-05,300,12711.0
NWO-1015,PLANT_01,DC_SOUTH,2026-01-12,302,12795.74
NWO-1015,PLANT_01,DC_SOUTH,2026-01-19,258,10931.46
NWO-1015,PLANT_01,DC_SOUTH,2026-01-26,269,11397.53
NWO-1015,PLANT_01,DC_SOUTH,2026-02-02,241,10211.17
NWO-1015,PLANT_01,DC_SOUTH,2026-02-09,313,13261.81
NWO-1015,PLANT_01,DC_SOUTH,2026-02-16,264,11185.68
NWO-1015,PLANT_01,DC_SOUTH,2026-02-23,249,10550.13
NWO-1015,PLANT_01,DC_SOUTH,2026-03-02,403,17075.11
NWO-1015,PLANT_01,DC_SOUTH,2026-03-09,289,12244.93
NWO-1015,PLANT_01,DC_SOUTH,2026-03-16,387,16397.19
NWO-1015,PLANT_01,DC_SOUTH,2026-03-23,377,15973.49
NWO-1015,PLANT_01,DC_SOUTH,2026-03-30,433,18346.21
NWO-1015,PLANT_01,DC_SOUTH,2026-04-06,380,16100.6
NWO-1015,PLANT_01,DC_SOUTH,2026-04-13,333,14109.21
NWO-1015,PLANT_01,DC_SOUTH,2026-04-20,345,14617.65
NWO-1015,PLANT_01,DC_SOUTH,2026-04-27,363,15380.31
NWO-1015,PLANT_01,DC_SOUTH,2026-05-04,297,12583.89
NWO-1015,PLANT_01,DC_SOUTH,2026-05-11,312,13219.44
NWO-1015,PLANT_01,DC_SOUTH,2026-05-18,396,16778.52
NWO-1015,PLANT_01,DC_SOUTH,2026-05-25,400,16948.0
NWO-1015,PLANT_01,DC_SOUTH,2026-06-01,442,18727.54
NWO-1015,PLANT_01,DC_WEST,2023-06-05,262,11100.94
NWO-1015,PLANT_01,DC_WEST,2023-06-12,253,10719.61
NWO-1015,PLANT_01,DC_WEST,2023-06-19,229,9702.73
NWO-1015,PLANT_01,DC_WEST,2023-06-26,316,13388.92
NWO-1015,PLANT_01,DC_WEST,2023-07-03,317,13431.29
NWO-1015,PLANT_01,DC_WEST,2023-07-10,272,11524.64
NWO-1015,PLANT_01,DC_WEST,2023-07-17,235,9956.95
NWO-1015,PLANT_01,DC_WEST,2023-07-24,330,13982.1
NWO-1015,PLANT_01,DC_WEST,2023-07-31,265,11228.05
NWO-1015,PLANT_01,DC_WEST,2023-08-07,303,12838.11
NWO-1015,PLANT_01,DC_WEST,2023-08-14,319,13516.03
NWO-1015,PLANT_01,DC_WEST,2023-08-21,327,13854.99
NWO-1015,PLANT_01,DC_WEST,2023-08-28,293,12414.41
NWO-1015,PLANT_01,DC_WEST,2023-09-04,298,12626.26
NWO-1015,PLANT_01,DC_WEST,2023-09-11,286,12117.82
NWO-1015,PLANT_01,DC_WEST,2023-09-18,230,9745.1
NWO-1015,PLANT_01,DC_WEST,2023-09-25,302,12795.74
NWO-1015,PLANT_01,DC_WEST,2023-10-02,264,11185.68
NWO-1015,PLANT_01,DC_WEST,2023-10-09,263,11143.31
NWO-1015,PLANT_01,DC_WEST,2023-10-16,232,9829.84
NWO-1015,PLANT_01,DC_WEST,2023-10-23,297,12583.89
NWO-1015,PLANT_01,DC_WEST,2023-10-30,240,10168.8
NWO-1015,PLANT_01,DC_WEST,2023-11-06,370,15676.9
NWO-1015,PLANT_01,DC_WEST,2023-11-13,379,16058.23
NWO-1015,PLANT_01,DC_WEST,2023-11-20,362,15337.94
NWO-1015,PLANT_01,DC_WEST,2023-11-27,348,14744.76
NWO-1015,PLANT_01,DC_WEST,2023-12-04,462,19574.94
NWO-1015,PLANT_01,DC_WEST,2023-12-11,401,16990.37
NWO-1015,PLANT_01,DC_WEST,2023-12-18,406,17202.22
NWO-1015,PLANT_01,DC_WEST,2023-12-25,389,16481.93
NWO-1015,PLANT_01,DC_WEST,2024-01-01,206,8728.22
NWO-1015,PLANT_01,DC_WEST,2024-01-08,173,7330.01
NWO-1015,PLANT_01,DC_WEST,2024-01-15,229,9702.73
NWO-1015,PLANT_01,DC_WEST,2024-01-22,203,8601.11
NWO-1015,PLANT_01,DC_WEST,2024-01-29,223,9448.51
NWO-1015,PLANT_01,DC_WEST,2024-02-05,208,8812.96
NWO-1015,PLANT_01,DC_WEST,2024-02-12,197,8346.89
NWO-1015,PLANT_01,DC_WEST,2024-02-19,255,10804.35
NWO-1015,PLANT_01,DC_WEST,2024-02-26,271,11482.27
NWO-1015,PLANT_01,DC_WEST,2024-03-04,325,13770.25
NWO-1015,PLANT_01,DC_WEST,2024-03-11,229,9702.73
NWO-1015,PLANT_01,DC_WEST,2024-03-18,273,11567.01
NWO-1015,PLANT_01,DC_WEST,2024-03-25,230,9745.1
NWO-1015,PLANT_01,DC_WEST,2024-04-01,292,12372.04
NWO-1015,PLANT_01,DC_WEST,2024-04-08,267,11312.79
NWO-1015,PLANT_01,DC_WEST,2024-04-15,293,12414.41
NWO-1015,PLANT_01,DC_WEST,2024-04-22,274,11609.38
NWO-1015,PLANT_01,DC_WEST,2024-04-29,263,11143.31
NWO-1015,PLANT_01,DC_WEST,2024-05-06,300,12711.0
NWO-1015,PLANT_01,DC_WEST,2024-05-13,315,13346.55
NWO-1015,PLANT_01,DC_WEST,2024-05-20,238,10084.06
NWO-1015,PLANT_01,DC_WEST,2024-05-27,299,12668.63
NWO-1015,PLANT_01,DC_WEST,2024-06-03,281,11905.97
NWO-1015,PLANT_01,DC_WEST,2024-06-10,318,13473.66
NWO-1015,PLANT_01,DC_WEST,2024-06-17,305,12922.85
NWO-1015,PLANT_01,DC_WEST,2024-06-24,234,9914.58
NWO-1015,PLANT_01,DC_WEST,2024-07-01,302,12795.74
NWO-1015,PLANT_01,DC_WEST,2024-07-08,282,11948.34
NWO-1015,PLANT_01,DC_WEST,2024-07-15,317,13431.29
NWO-1015,PLANT_01,DC_WEST,2024-07-22,283,11990.71
NWO-1015,PLANT_01,DC_WEST,2024-07-29,289,12244.93
NWO-1015,PLANT_01,DC_WEST,2024-08-05,419,17753.03
NWO-1015,PLANT_01,DC_WEST,2024-08-12,227,9617.99
NWO-1015,PLANT_01,DC_WEST,2024-08-19,241,10211.17
NWO-1015,PLANT_01,DC_WEST,2024-08-26,282,11948.34
NWO-1015,PLANT_01,DC_WEST,2024-09-02,254,10761.98
NWO-1015,PLANT_01,DC_WEST,2024-09-09,258,10931.46
NWO-1015,PLANT_01,DC_WEST,2024-09-16,255,10804.35
NWO-1015,PLANT_01,DC_WEST,2024-09-23,224,9490.88
NWO-1015,PLANT_01,DC_WEST,2024-09-30,283,11990.71
NWO-1015,PLANT_01,DC_WEST,2024-10-07,297,12583.89
NWO-1015,PLANT_01,DC_WEST,2024-10-14,290,12287.3
NWO-1015,PLANT_01,DC_WEST,2024-10-21,272,11524.64
NWO-1015,PLANT_01,DC_WEST,2024-10-28,292,12372.04
NWO-1015,PLANT_01,DC_WEST,2024-11-04,371,15719.27
NWO-1015,PLANT_01,DC_WEST,2024-11-11,398,16863.26
NWO-1015,PLANT_01,DC_WEST,2024-11-18,381,16142.97
NWO-1015,PLANT_01,DC_WEST,2024-11-25,293,12414.41
NWO-1015,PLANT_01,DC_WEST,2024-12-02,420,17795.4
NWO-1015,PLANT_01,DC_WEST,2024-12-09,320,13558.4
NWO-1015,PLANT_01,DC_WEST,2024-12-16,542,22964.54
NWO-1015,PLANT_01,DC_WEST,2024-12-23,445,18854.65
NWO-1015,PLANT_01,DC_WEST,2024-12-30,492,20846.04
NWO-1015,PLANT_01,DC_WEST,2025-01-06,225,9533.25
NWO-1015,PLANT_01,DC_WEST,2025-01-13,219,9279.03
NWO-1015,PLANT_01,DC_WEST,2025-01-20,213,9024.81
NWO-1015,PLANT_01,DC_WEST,2025-01-27,178,7541.86
NWO-1015,PLANT_01,DC_WEST,2025-02-03,237,10041.69
NWO-1015,PLANT_01,DC_WEST,2025-02-10,198,8389.26
NWO-1015,PLANT_01,DC_WEST,2025-02-17,241,10211.17
NWO-1015,PLANT_01,DC_WEST,2025-02-24,209,8855.33
NWO-1015,PLANT_01,DC_WEST,2025-03-03,297,12583.89
NWO-1015,PLANT_01,DC_WEST,2025-03-10,231,9787.47
NWO-1015,PLANT_01,DC_WEST,2025-03-17,260,11016.2
NWO-1015,PLANT_01,DC_WEST,2025-03-24,242,10253.54
NWO-1015,PLANT_01,DC_WEST,2025-03-31,242,10253.54
NWO-1015,PLANT_01,DC_WEST,2025-04-07,271,11482.27
NWO-1015,PLANT_01,DC_WEST,2025-04-14,214,9067.18
NWO-1015,PLANT_01,DC_WEST,2025-04-21,271,11482.27
NWO-1015,PLANT_01,DC_WEST,2025-04-28,257,10889.09
NWO-1015,PLANT_01,DC_WEST,2025-05-05,287,12160.19
NWO-1015,PLANT_01,DC_WEST,2025-05-12,282,11948.34
NWO-1015,PLANT_01,DC_WEST,2025-05-19,246,10423.02
NWO-1015,PLANT_01,DC_WEST,2025-05-26,260,11016.2
NWO-1015,PLANT_01,DC_WEST,2025-06-02,260,11016.2
NWO-1015,PLANT_01,DC_WEST,2025-06-09,261,11058.57
NWO-1015,PLANT_01,DC_WEST,2025-06-16,322,13643.14
NWO-1015,PLANT_01,DC_WEST,2025-06-23,327,13854.99
NWO-1015,PLANT_01,DC_WEST,2025-06-30,307,13007.59
NWO-1015,PLANT_01,DC_WEST,2025-07-07,376,15931.12
NWO-1015,PLANT_01,DC_WEST,2025-07-14,271,11482.27
NWO-1015,PLANT_01,DC_WEST,2025-07-21,312,13219.44
NWO-1015,PLANT_01,DC_WEST,2025-07-28,298,12626.26
NWO-1015,PLANT_01,DC_WEST,2025-08-04,242,10253.54
NWO-1015,PLANT_01,DC_WEST,2025-08-11,298,12626.26
NWO-1015,PLANT_01,DC_WEST,2025-08-18,311,13177.07
NWO-1015,PLANT_01,DC_WEST,2025-08-25,320,13558.4
NWO-1015,PLANT_01,DC_WEST,2025-09-01,413,17498.81
NWO-1015,PLANT_01,DC_WEST,2025-09-08,215,9109.55
NWO-1015,PLANT_01,DC_WEST,2025-09-15,205,8685.85
NWO-1015,PLANT_01,DC_WEST,2025-09-22,294,12456.78
NWO-1015,PLANT_01,DC_WEST,2025-09-29,267,11312.79
NWO-1015,PLANT_01,DC_WEST,2025-10-06,315,13346.55
NWO-1015,PLANT_01,DC_WEST,2025-10-13,279,11821.23
NWO-1015,PLANT_01,DC_WEST,2025-10-20,285,12075.45
NWO-1015,PLANT_01,DC_WEST,2025-10-27,257,10889.09
NWO-1015,PLANT_01,DC_WEST,2025-11-03,308,13049.96
NWO-1015,PLANT_01,DC_WEST,2025-11-10,396,16778.52
NWO-1015,PLANT_01,DC_WEST,2025-11-17,366,15507.42
NWO-1015,PLANT_01,DC_WEST,2025-11-24,409,17329.33
NWO-1015,PLANT_01,DC_WEST,2025-12-01,387,16397.19
NWO-1015,PLANT_01,DC_WEST,2025-12-08,388,16439.56
NWO-1015,PLANT_01,DC_WEST,2025-12-15,382,16185.34
NWO-1015,PLANT_01,DC_WEST,2025-12-22,342,14490.54
NWO-1015,PLANT_01,DC_WEST,2025-12-29,397,16820.89
NWO-1015,PLANT_01,DC_WEST,2026-01-05,201,8516.37
NWO-1015,PLANT_01,DC_WEST,2026-01-12,203,8601.11
NWO-1015,PLANT_01,DC_WEST,2026-01-19,236,9999.32
NWO-1015,PLANT_01,DC_WEST,2026-01-26,222,9406.14
NWO-1015,PLANT_01,DC_WEST,2026-02-02,189,8007.93
NWO-1015,PLANT_01,DC_WEST,2026-02-09,234,9914.58
NWO-1015,PLANT_01,DC_WEST,2026-02-16,207,8770.59
NWO-1015,PLANT_01,DC_WEST,2026-02-23,189,8007.93
NWO-1015,PLANT_01,DC_WEST,2026-03-02,267,11312.79
NWO-1015,PLANT_01,DC_WEST,2026-03-09,249,10550.13
NWO-1015,PLANT_01,DC_WEST,2026-03-16,225,9533.25
NWO-1015,PLANT_01,DC_WEST,2026-03-23,325,13770.25
NWO-1015,PLANT_01,DC_WEST,2026-03-30,208,8812.96
NWO-1015,PLANT_01,DC_WEST,2026-04-06,204,8643.48
NWO-1015,PLANT_01,DC_WEST,2026-04-13,268,11355.16
NWO-1015,PLANT_01,DC_WEST,2026-04-20,273,11567.01
NWO-1015,PLANT_01,DC_WEST,2026-04-27,236,9999.32
NWO-1015,PLANT_01,DC_WEST,2026-05-04,279,11821.23
NWO-1015,PLANT_01,DC_WEST,2026-05-11,339,14363.43
NWO-1015,PLANT_01,DC_WEST,2026-05-18,279,11821.23
NWO-1015,PLANT_01,DC_WEST,2026-05-25,301,12753.37
NWO-1015,PLANT_01,DC_WEST,2026-06-01,262,11100.94
NWO-1016,PLANT_01,DC_NORTH,2025-10-06,10,420.4
NWO-1016,PLANT_01,DC_NORTH,2025-10-13,15,630.6
NWO-1016,PLANT_01,DC_NORTH,2025-10-20,29,1219.16
NWO-1016,PLANT_01,DC_NORTH,2025-10-27,45,1891.8
NWO-1016,PLANT_01,DC_NORTH,2025-11-03,118,4960.72
NWO-1016,PLANT_01,DC_NORTH,2025-11-10,188,7903.52
NWO-1016,PLANT_01,DC_NORTH,2025-11-17,137,5759.48
NWO-1016,PLANT_01,DC_NORTH,2025-11-24,120,5044.8
NWO-1016,PLANT_01,DC_NORTH,2025-12-01,322,13536.88
NWO-1016,PLANT_01,DC_NORTH,2025-12-08,466,19590.64
NWO-1016,PLANT_01,DC_NORTH,2025-12-15,383,16101.32
NWO-1016,PLANT_01,DC_NORTH,2025-12-22,246,10341.84
NWO-1016,PLANT_01,DC_NORTH,2025-12-29,282,11855.28
NWO-1016,PLANT_01,DC_NORTH,2026-01-05,179,7525.16
NWO-1016,PLANT_01,DC_NORTH,2026-01-12,146,6137.84
NWO-1016,PLANT_01,DC_NORTH,2026-01-19,158,6642.32
NWO-1016,PLANT_01,DC_NORTH,2026-01-26,179,7525.16
NWO-1016,PLANT_01,DC_NORTH,2026-02-02,148,6221.92
NWO-1016,PLANT_01,DC_NORTH,2026-02-09,155,6516.2
NWO-1016,PLANT_01,DC_NORTH,2026-02-16,144,6053.76
NWO-1016,PLANT_01,DC_NORTH,2026-02-23,140,5885.6
NWO-1016,PLANT_01,DC_NORTH,2026-03-02,177,7441.08
NWO-1016,PLANT_01,DC_NORTH,2026-03-09,154,6474.16
NWO-1016,PLANT_01,DC_NORTH,2026-03-16,195,8197.8
NWO-1016,PLANT_01,DC_NORTH,2026-03-23,217,9122.68
NWO-1016,PLANT_01,DC_NORTH,2026-03-30,246,10341.84
NWO-1016,PLANT_01,DC_NORTH,2026-04-06,148,6221.92
NWO-1016,PLANT_01,DC_NORTH,2026-04-13,246,10341.84
NWO-1016,PLANT_01,DC_NORTH,2026-04-20,222,9332.88
NWO-1016,PLANT_01,DC_NORTH,2026-04-27,208,8744.32
NWO-1016,PLANT_01,DC_NORTH,2026-05-04,186,7819.44
NWO-1016,PLANT_01,DC_NORTH,2026-05-11,160,6726.4
NWO-1016,PLANT_01,DC_NORTH,2026-05-18,222,9332.88
NWO-1016,PLANT_01,DC_NORTH,2026-05-25,210,8828.4
NWO-1016,PLANT_01,DC_NORTH,2026-06-01,257,10804.28
NWO-1016,PLANT_01,DC_SOUTH,2025-10-06,29,1219.16
NWO-1016,PLANT_01,DC_SOUTH,2025-10-13,43,1807.72
NWO-1016,PLANT_01,DC_SOUTH,2025-10-20,81,3405.24
NWO-1016,PLANT_01,DC_SOUTH,2025-10-27,133,5591.32
NWO-1016,PLANT_01,DC_SOUTH,2025-11-03,219,9206.76
NWO-1016,PLANT_01,DC_SOUTH,2025-11-10,269,11308.76
NWO-1016,PLANT_01,DC_SOUTH,2025-11-17,385,16185.4
NWO-1016,PLANT_01,DC_SOUTH,2025-11-24,464,19506.56
NWO-1016,PLANT_01,DC_SOUTH,2025-12-01,466,19590.64
NWO-1016,PLANT_01,DC_SOUTH,2025-12-08,580,24383.2
NWO-1016,PLANT_01,DC_SOUTH,2025-12-15,680,28587.2
NWO-1016,PLANT_01,DC_SOUTH,2025-12-22,638,26821.52
NWO-1016,PLANT_01,DC_SOUTH,2025-12-29,870,36574.8
NWO-1016,PLANT_01,DC_SOUTH,2026-01-05,411,17278.44
NWO-1016,PLANT_01,DC_SOUTH,2026-01-12,393,16521.72
NWO-1016,PLANT_01,DC_SOUTH,2026-01-19,369,15512.76
NWO-1016,PLANT_01,DC_SOUTH,2026-01-26,443,18623.72
NWO-1016,PLANT_01,DC_SOUTH,2026-02-02,379,15933.16
NWO-1016,PLANT_01,DC_SOUTH,2026-02-09,475,19969.0
NWO-1016,PLANT_01,DC_SOUTH,2026-02-16,427,17951.08
NWO-1016,PLANT_01,DC_SOUTH,2026-02-23,342,14377.68
NWO-1016,PLANT_01,DC_SOUTH,2026-03-02,456,19170.24
NWO-1016,PLANT_01,DC_SOUTH,2026-03-09,519,21818.76
NWO-1016,PLANT_01,DC_SOUTH,2026-03-16,594,24971.76
NWO-1016,PLANT_01,DC_SOUTH,2026-03-23,466,19590.64
NWO-1016,PLANT_01,DC_SOUTH,2026-03-30,587,24677.48
NWO-1016,PLANT_01,DC_SOUTH,2026-04-06,418,17572.72
NWO-1016,PLANT_01,DC_SOUTH,2026-04-13,508,21356.32
NWO-1016,PLANT_01,DC_SOUTH,2026-04-20,529,22239.16
NWO-1016,PLANT_01,DC_SOUTH,2026-04-27,539,22659.56
NWO-1016,PLANT_01,DC_SOUTH,2026-05-04,519,21818.76
NWO-1016,PLANT_01,DC_SOUTH,2026-05-11,585,24593.4
NWO-1016,PLANT_01,DC_SOUTH,2026-05-18,419,17614.76
NWO-1016,PLANT_01,DC_SOUTH,2026-05-25,609,25602.36
NWO-1016,PLANT_01,DC_SOUTH,2026-06-01,563,23668.52
NWO-1016,PLANT_01,DC_WEST,2025-10-06,18,756.72
NWO-1016,PLANT_01,DC_WEST,2025-10-13,35,1471.4
NWO-1016,PLANT_01,DC_WEST,2025-10-20,67,2816.68
NWO-1016,PLANT_01,DC_WEST,2025-10-27,106,4456.24
NWO-1016,PLANT_01,DC_WEST,2025-11-03,203,8534.12
NWO-1016,PLANT_01,DC_WEST,2025-11-10,261,10972.44
NWO-1016,PLANT_01,DC_WEST,2025-11-17,256,10762.24
NWO-1016,PLANT_01,DC_WEST,2025-11-24,338,14209.52
NWO-1016,PLANT_01,DC_WEST,2025-12-01,337,14167.48
NWO-1016,PLANT_01,DC_WEST,2025-12-08,442,18581.68
NWO-1016,PLANT_01,DC_WEST,2025-12-15,498,20935.92
NWO-1016,PLANT_01,DC_WEST,2025-12-22,458,19254.32
NWO-1016,PLANT_01,DC_WEST,2025-12-29,528,22197.12
NWO-1016,PLANT_01,DC_WEST,2026-01-05,272,11434.88
NWO-1016,PLANT_01,DC_WEST,2026-01-12,339,14251.56
NWO-1016,PLANT_01,DC_WEST,2026-01-19,298,12527.92
NWO-1016,PLANT_01,DC_WEST,2026-01-26,362,15218.48
NWO-1016,PLANT_01,DC_WEST,2026-02-02,297,12485.88
NWO-1016,PLANT_01,DC_WEST,2026-02-09,302,12696.08
NWO-1016,PLANT_01,DC_WEST,2026-02-16,326,13705.04
NWO-1016,PLANT_01,DC_WEST,2026-02-23,324,13620.96
NWO-1016,PLANT_01,DC_WEST,2026-03-02,280,11771.2
NWO-1016,PLANT_01,DC_WEST,2026-03-09,309,12990.36
NWO-1016,PLANT_01,DC_WEST,2026-03-16,414,17404.56
NWO-1016,PLANT_01,DC_WEST,2026-03-23,357,15008.28
NWO-1016,PLANT_01,DC_WEST,2026-03-30,312,13116.48
NWO-1016,PLANT_01,DC_WEST,2026-04-06,415,17446.6
NWO-1016,PLANT_01,DC_WEST,2026-04-13,364,15302.56
NWO-1016,PLANT_01,DC_WEST,2026-04-20,386,16227.44
NWO-1016,PLANT_01,DC_WEST,2026-04-27,364,15302.56
NWO-1016,PLANT_01,DC_WEST,2026-05-04,430,18077.2
NWO-1016,PLANT_01,DC_WEST,2026-05-11,368,15470.72
NWO-1016,PLANT_01,DC_WEST,2026-05-18,324,13620.96
NWO-1016,PLANT_01,DC_WEST,2026-05-25,414,17404.56
NWO-1016,PLANT_01,DC_WEST,2026-06-01,504,21188.16
NWO-1017,PLANT_01,DC_NORTH,2023-06-05,133,2122.68
NWO-1017,PLANT_01,DC_NORTH,2023-06-12,144,2298.24
NWO-1017,PLANT_01,DC_NORTH,2023-06-19,150,2394.0
NWO-1017,PLANT_01,DC_NORTH,2023-06-26,145,2314.2
NWO-1017,PLANT_01,DC_NORTH,2023-07-03,131,2090.76
NWO-1017,PLANT_01,DC_NORTH,2023-07-10,134,2138.64
NWO-1017,PLANT_01,DC_NORTH,2023-07-17,143,2282.28
NWO-1017,PLANT_01,DC_NORTH,2023-07-24,178,2840.88
NWO-1017,PLANT_01,DC_NORTH,2023-07-31,117,1867.32
NWO-1017,PLANT_01,DC_NORTH,2023-08-07,140,2234.4
NWO-1017,PLANT_01,DC_NORTH,2023-08-14,137,2186.52
NWO-1017,PLANT_01,DC_NORTH,2023-08-21,148,2362.08
NWO-1017,PLANT_01,DC_NORTH,2023-08-28,164,2617.44
NWO-1017,PLANT_01,DC_NORTH,2023-09-04,117,1867.32
NWO-1017,PLANT_01,DC_NORTH,2023-09-11,107,1707.72
NWO-1017,PLANT_01,DC_NORTH,2023-09-18,139,2218.44
NWO-1017,PLANT_01,DC_NORTH,2023-09-25,113,1803.48
NWO-1017,PLANT_01,DC_NORTH,2023-10-02,125,1995.0
NWO-1017,PLANT_01,DC_NORTH,2023-10-09,129,2058.84
NWO-1017,PLANT_01,DC_NORTH,2023-10-16,159,2537.64
NWO-1017,PLANT_01,DC_NORTH,2023-10-23,217,3463.32
NWO-1017,PLANT_01,DC_NORTH,2023-10-30,133,2122.68
NWO-1017,PLANT_01,DC_NORTH,2023-11-06,188,3000.48
NWO-1017,PLANT_01,DC_NORTH,2023-11-13,182,2904.72
NWO-1017,PLANT_01,DC_NORTH,2023-11-20,200,3192.0
NWO-1017,PLANT_01,DC_NORTH,2023-11-27,144,2298.24
NWO-1017,PLANT_01,DC_NORTH,2023-12-04,199,3176.04
NWO-1017,PLANT_01,DC_NORTH,2023-12-11,232,3702.72
NWO-1017,PLANT_01,DC_NORTH,2023-12-18,176,2808.96
NWO-1017,PLANT_01,DC_NORTH,2023-12-25,210,3351.6
NWO-1017,PLANT_01,DC_NORTH,2024-01-01,120,1915.2
NWO-1017,PLANT_01,DC_NORTH,2024-01-08,85,1356.6
NWO-1017,PLANT_01,DC_NORTH,2024-01-15,95,1516.2
NWO-1017,PLANT_01,DC_NORTH,2024-01-22,112,1787.52
NWO-1017,PLANT_01,DC_NORTH,2024-01-29,93,1484.28
NWO-1017,PLANT_01,DC_NORTH,2024-02-05,83,1324.68
NWO-1017,PLANT_01,DC_NORTH,2024-02-12,87,1388.52
NWO-1017,PLANT_01,DC_NORTH,2024-02-19,74,1181.04
NWO-1017,PLANT_01,DC_NORTH,2024-02-26,84,1340.64
NWO-1017,PLANT_01,DC_NORTH,2024-03-04,109,1739.64
NWO-1017,PLANT_01,DC_NORTH,2024-03-11,120,1915.2
NWO-1017,PLANT_01,DC_NORTH,2024-03-18,102,1627.92
NWO-1017,PLANT_01,DC_NORTH,2024-03-25,123,1963.08
NWO-1017,PLANT_01,DC_NORTH,2024-04-01,150,2394.0
NWO-1017,PLANT_01,DC_NORTH,2024-04-08,120,1915.2
NWO-1017,PLANT_01,DC_NORTH,2024-04-15,117,1867.32
NWO-1017,PLANT_01,DC_NORTH,2024-04-22,116,1851.36
NWO-1017,PLANT_01,DC_NORTH,2024-04-29,143,2282.28
NWO-1017,PLANT_01,DC_NORTH,2024-05-06,78,1244.88
NWO-1017,PLANT_01,DC_NORTH,2024-05-13,138,2202.48
NWO-1017,PLANT_01,DC_NORTH,2024-05-20,112,1787.52
NWO-1017,PLANT_01,DC_NORTH,2024-05-27,120,1915.2
NWO-1017,PLANT_01,DC_NORTH,2024-06-03,134,2138.64
NWO-1017,PLANT_01,DC_NORTH,2024-06-10,139,2218.44
NWO-1017,PLANT_01,DC_NORTH,2024-06-17,147,2346.12
NWO-1017,PLANT_01,DC_NORTH,2024-06-24,134,2138.64
NWO-1017,PLANT_01,DC_NORTH,2024-07-01,159,2537.64
NWO-1017,PLANT_01,DC_NORTH,2024-07-08,148,2362.08
NWO-1017,PLANT_01,DC_NORTH,2024-07-15,155,2473.8
NWO-1017,PLANT_01,DC_NORTH,2024-07-22,165,2633.4
NWO-1017,PLANT_01,DC_NORTH,2024-07-29,154,2457.84
NWO-1017,PLANT_01,DC_NORTH,2024-08-05,137,2186.52
NWO-1017,PLANT_01,DC_NORTH,2024-08-12,165,2633.4
NWO-1017,PLANT_01,DC_NORTH,2024-08-19,141,2250.36
NWO-1017,PLANT_01,DC_NORTH,2024-08-26,135,2154.6
NWO-1017,PLANT_01,DC_NORTH,2024-09-02,117,1867.32
NWO-1017,PLANT_01,DC_NORTH,2024-09-09,157,2505.72
NWO-1017,PLANT_01,DC_NORTH,2024-09-16,122,1947.12
NWO-1017,PLANT_01,DC_NORTH,2024-09-23,144,2298.24
NWO-1017,PLANT_01,DC_NORTH,2024-09-30,128,2042.88
NWO-1017,PLANT_01,DC_NORTH,2024-10-07,148,2362.08
NWO-1017,PLANT_01,DC_NORTH,2024-10-14,111,1771.56
NWO-1017,PLANT_01,DC_NORTH,2024-10-21,136,2170.56
NWO-1017,PLANT_01,DC_NORTH,2024-10-28,137,2186.52
NWO-1017,PLANT_01,DC_NORTH,2024-11-04,250,3990.0
NWO-1017,PLANT_01,DC_NORTH,2024-11-11,172,2745.12
NWO-1017,PLANT_01,DC_NORTH,2024-11-18,213,3399.48
NWO-1017,PLANT_01,DC_NORTH,2024-11-25,167,2665.32
NWO-1017,PLANT_01,DC_NORTH,2024-12-02,162,2585.52
NWO-1017,PLANT_01,DC_NORTH,2024-12-09,179,2856.84
NWO-1017,PLANT_01,DC_NORTH,2024-12-16,159,2537.64
NWO-1017,PLANT_01,DC_NORTH,2024-12-23,151,2409.96
NWO-1017,PLANT_01,DC_NORTH,2024-12-30,179,2856.84
NWO-1017,PLANT_01,DC_NORTH,2025-01-06,94,1500.24
NWO-1017,PLANT_01,DC_NORTH,2025-01-13,109,1739.64
NWO-1017,PLANT_01,DC_NORTH,2025-01-20,118,1883.28
NWO-1017,PLANT_01,DC_NORTH,2025-01-27,110,1755.6
NWO-1017,PLANT_01,DC_NORTH,2025-02-03,83,1324.68
NWO-1017,PLANT_01,DC_NORTH,2025-02-10,98,1564.08
NWO-1017,PLANT_01,DC_NORTH,2025-02-17,90,1436.4
NWO-1017,PLANT_01,DC_NORTH,2025-02-24,91,1452.36
NWO-1017,PLANT_01,DC_NORTH,2025-03-03,110,1755.6
NWO-1017,PLANT_01,DC_NORTH,2025-03-10,134,2138.64
NWO-1017,PLANT_01,DC_NORTH,2025-03-17,104,1659.84
NWO-1017,PLANT_01,DC_NORTH,2025-03-24,119,1899.24
NWO-1017,PLANT_01,DC_NORTH,2025-03-31,110,1755.6
NWO-1017,PLANT_01,DC_NORTH,2025-04-07,115,1835.4
NWO-1017,PLANT_01,DC_NORTH,2025-04-14,128,2042.88
NWO-1017,PLANT_01,DC_NORTH,2025-04-21,156,2489.76
NWO-1017,PLANT_01,DC_NORTH,2025-04-28,121,1931.16
NWO-1017,PLANT_01,DC_NORTH,2025-05-05,137,2186.52
NWO-1017,PLANT_01,DC_NORTH,2025-05-12,91,1452.36
NWO-1017,PLANT_01,DC_NORTH,2025-05-19,129,2058.84
NWO-1017,PLANT_01,DC_NORTH,2025-05-26,127,2026.92
NWO-1017,PLANT_01,DC_NORTH,2025-06-02,134,2138.64
NWO-1017,PLANT_01,DC_NORTH,2025-06-09,135,2154.6
NWO-1017,PLANT_01,DC_NORTH,2025-06-16,142,2266.32
NWO-1017,PLANT_01,DC_NORTH,2025-06-23,116,1851.36
NWO-1017,PLANT_01,DC_NORTH,2025-06-30,159,2537.64
NWO-1017,PLANT_01,DC_NORTH,2025-07-07,150,2394.0
NWO-1017,PLANT_01,DC_NORTH,2025-07-14,146,2330.16
NWO-1017,PLANT_01,DC_NORTH,2025-07-21,144,2298.24
NWO-1017,PLANT_01,DC_NORTH,2025-07-28,142,2266.32
NWO-1017,PLANT_01,DC_NORTH,2025-08-04,129,2058.84
NWO-1017,PLANT_01,DC_NORTH,2025-08-11,114,1819.44
NWO-1017,PLANT_01,DC_NORTH,2025-08-18,126,2010.96
NWO-1017,PLANT_01,DC_NORTH,2025-08-25,110,1755.6
NWO-1017,PLANT_01,DC_NORTH,2025-09-01,147,2346.12
NWO-1017,PLANT_01,DC_NORTH,2025-09-08,153,2441.88
NWO-1017,PLANT_01,DC_NORTH,2025-09-15,155,2473.8
NWO-1017,PLANT_01,DC_NORTH,2025-09-22,148,2362.08
NWO-1017,PLANT_01,DC_NORTH,2025-09-29,113,1803.48
NWO-1017,PLANT_01,DC_NORTH,2025-10-06,133,2122.68
NWO-1017,PLANT_01,DC_NORTH,2025-10-13,126,2010.96
NWO-1017,PLANT_01,DC_NORTH,2025-10-20,131,2090.76
NWO-1017,PLANT_01,DC_NORTH,2025-10-27,135,2154.6
NWO-1017,PLANT_01,DC_NORTH,2025-11-03,175,2793.0
NWO-1017,PLANT_01,DC_NORTH,2025-11-10,192,3064.32
NWO-1017,PLANT_01,DC_NORTH,2025-11-17,198,3160.08
NWO-1017,PLANT_01,DC_NORTH,2025-11-24,178,2840.88
NWO-1017,PLANT_01,DC_NORTH,2025-12-01,180,2872.8
NWO-1017,PLANT_01,DC_NORTH,2025-12-08,192,3064.32
NWO-1017,PLANT_01,DC_NORTH,2025-12-15,207,3303.72
NWO-1017,PLANT_01,DC_NORTH,2025-12-22,192,3064.32
NWO-1017,PLANT_01,DC_NORTH,2025-12-29,164,2617.44
NWO-1017,PLANT_01,DC_NORTH,2026-01-05,91,1452.36
NWO-1017,PLANT_01,DC_NORTH,2026-01-12,121,1931.16
NWO-1017,PLANT_01,DC_NORTH,2026-01-19,89,1420.44
NWO-1017,PLANT_01,DC_NORTH,2026-01-26,106,1691.76
NWO-1017,PLANT_01,DC_NORTH,2026-02-02,110,1755.6
NWO-1017,PLANT_01,DC_NORTH,2026-02-09,80,1276.8
NWO-1017,PLANT_01,DC_NORTH,2026-02-16,88,1404.48
NWO-1017,PLANT_01,DC_NORTH,2026-02-23,110,1755.6
NWO-1017,PLANT_01,DC_NORTH,2026-03-02,121,1931.16
NWO-1017,PLANT_01,DC_NORTH,2026-03-09,138,2202.48
NWO-1017,PLANT_01,DC_NORTH,2026-03-16,121,1931.16
NWO-1017,PLANT_01,DC_NORTH,2026-03-23,107,1707.72
NWO-1017,PLANT_01,DC_NORTH,2026-03-30,114,1819.44
NWO-1017,PLANT_01,DC_NORTH,2026-04-06,116,1851.36
NWO-1017,PLANT_01,DC_NORTH,2026-04-13,130,2074.8
NWO-1017,PLANT_01,DC_NORTH,2026-04-20,101,1611.96
NWO-1017,PLANT_01,DC_NORTH,2026-04-27,140,2234.4
NWO-1017,PLANT_01,DC_NORTH,2026-05-04,128,2042.88
NWO-1017,PLANT_01,DC_NORTH,2026-05-11,114,1819.44
NWO-1017,PLANT_01,DC_NORTH,2026-05-18,160,2553.6
NWO-1017,PLANT_01,DC_NORTH,2026-05-25,130,2074.8
NWO-1017,PLANT_01,DC_NORTH,2026-06-01,137,2186.52
NWO-1017,PLANT_01,DC_SOUTH,2023-06-05,362,5777.52
NWO-1017,PLANT_01,DC_SOUTH,2023-06-12,409,6527.64
NWO-1017,PLANT_01,DC_SOUTH,2023-06-19,478,7628.88
NWO-1017,PLANT_01,DC_SOUTH,2023-06-26,462,7373.52
NWO-1017,PLANT_01,DC_SOUTH,2023-07-03,307,4899.72
NWO-1017,PLANT_01,DC_SOUTH,2023-07-10,424,6767.04
NWO-1017,PLANT_01,DC_SOUTH,2023-07-17,354,5649.84
NWO-1017,PLANT_01,DC_SOUTH,2023-07-24,483,7708.68
NWO-1017,PLANT_01,DC_SOUTH,2023-07-31,285,4548.6
NWO-1017,PLANT_01,DC_SOUTH,2023-08-07,298,4756.08
NWO-1017,PLANT_01,DC_SOUTH,2023-08-14,411,6559.56
NWO-1017,PLANT_01,DC_SOUTH,2023-08-21,334,5330.64
NWO-1017,PLANT_01,DC_SOUTH,2023-08-28,322,5139.12
NWO-1017,PLANT_01,DC_SOUTH,2023-09-04,338,5394.48
NWO-1017,PLANT_01,DC_SOUTH,2023-09-11,397,6336.12
NWO-1017,PLANT_01,DC_SOUTH,2023-09-18,302,4819.92
NWO-1017,PLANT_01,DC_SOUTH,2023-09-25,323,5155.08
NWO-1017,PLANT_01,DC_SOUTH,2023-10-02,497,7932.12
NWO-1017,PLANT_01,DC_SOUTH,2023-10-09,529,8442.84
NWO-1017,PLANT_01,DC_SOUTH,2023-10-16,428,6830.88
NWO-1017,PLANT_01,DC_SOUTH,2023-10-23,341,5442.36
NWO-1017,PLANT_01,DC_SOUTH,2023-10-30,355,5665.8
NWO-1017,PLANT_01,DC_SOUTH,2023-11-06,459,7325.64
NWO-1017,PLANT_01,DC_SOUTH,2023-11-13,474,7565.04
NWO-1017,PLANT_01,DC_SOUTH,2023-11-20,451,7197.96
NWO-1017,PLANT_01,DC_SOUTH,2023-11-27,465,7421.4
NWO-1017,PLANT_01,DC_SOUTH,2023-12-04,461,7357.56
NWO-1017,PLANT_01,DC_SOUTH,2023-12-11,512,8171.52
NWO-1017,PLANT_01,DC_SOUTH,2023-12-18,509,8123.64
NWO-1017,PLANT_01,DC_SOUTH,2023-12-25,531,8474.76
NWO-1017,PLANT_01,DC_SOUTH,2024-01-01,230,3670.8
NWO-1017,PLANT_01,DC_SOUTH,2024-01-08,256,4085.76
NWO-1017,PLANT_01,DC_SOUTH,2024-01-15,332,5298.72
NWO-1017,PLANT_01,DC_SOUTH,2024-01-22,317,5059.32
NWO-1017,PLANT_01,DC_SOUTH,2024-01-29,279,4452.84
NWO-1017,PLANT_01,DC_SOUTH,2024-02-05,286,4564.56
NWO-1017,PLANT_01,DC_SOUTH,2024-02-12,277,4420.92
NWO-1017,PLANT_01,DC_SOUTH,2024-02-19,235,3750.6
NWO-1017,PLANT_01,DC_SOUTH,2024-02-26,306,4883.76
NWO-1017,PLANT_01,DC_SOUTH,2024-03-04,297,4740.12
NWO-1017,PLANT_01,DC_SOUTH,2024-03-11,307,4899.72
NWO-1017,PLANT_01,DC_SOUTH,2024-03-18,333,5314.68
NWO-1017,PLANT_01,DC_SOUTH,2024-03-25,372,5937.12
NWO-1017,PLANT_01,DC_SOUTH,2024-04-01,321,5123.16
NWO-1017,PLANT_01,DC_SOUTH,2024-04-08,293,4676.28
NWO-1017,PLANT_01,DC_SOUTH,2024-04-15,288,4596.48
NWO-1017,PLANT_01,DC_SOUTH,2024-04-22,337,5378.52
NWO-1017,PLANT_01,DC_SOUTH,2024-04-29,300,4788.0
NWO-1017,PLANT_01,DC_SOUTH,2024-05-06,298,4756.08
NWO-1017,PLANT_01,DC_SOUTH,2024-05-13,326,5202.96
NWO-1017,PLANT_01,DC_SOUTH,2024-05-20,355,5665.8
NWO-1017,PLANT_01,DC_SOUTH,2024-05-27,360,5745.6
NWO-1017,PLANT_01,DC_SOUTH,2024-06-03,343,5474.28
NWO-1017,PLANT_01,DC_SOUTH,2024-06-10,427,6814.92
NWO-1017,PLANT_01,DC_SOUTH,2024-06-17,384,6128.64
NWO-1017,PLANT_01,DC_SOUTH,2024-06-24,366,5841.36
NWO-1017,PLANT_01,DC_SOUTH,2024-07-01,404,6447.84
NWO-1017,PLANT_01,DC_SOUTH,2024-07-08,325,5187.0
NWO-1017,PLANT_01,DC_SOUTH,2024-07-15,427,6814.92
NWO-1017,PLANT_01,DC_SOUTH,2024-07-22,396,6320.16
NWO-1017,PLANT_01,DC_SOUTH,2024-07-29,363,5793.48
NWO-1017,PLANT_01,DC_SOUTH,2024-08-05,388,6192.48
NWO-1017,PLANT_01,DC_SOUTH,2024-08-12,348,5554.08
NWO-1017,PLANT_01,DC_SOUTH,2024-08-19,364,5809.44
NWO-1017,PLANT_01,DC_SOUTH,2024-08-26,341,5442.36
NWO-1017,PLANT_01,DC_SOUTH,2024-09-02,347,5538.12
NWO-1017,PLANT_01,DC_SOUTH,2024-09-09,346,5522.16
NWO-1017,PLANT_01,DC_SOUTH,2024-09-16,368,5873.28
NWO-1017,PLANT_01,DC_SOUTH,2024-09-23,296,4724.16
NWO-1017,PLANT_01,DC_SOUTH,2024-09-30,352,5617.92
NWO-1017,PLANT_01,DC_SOUTH,2024-10-07,300,4788.0
NWO-1017,PLANT_01,DC_SOUTH,2024-10-14,373,5953.08
NWO-1017,PLANT_01,DC_SOUTH,2024-10-21,393,6272.28
NWO-1017,PLANT_01,DC_SOUTH,2024-10-28,381,6080.76
NWO-1017,PLANT_01,DC_SOUTH,2024-11-04,437,6974.52
NWO-1017,PLANT_01,DC_SOUTH,2024-11-11,394,6288.24
NWO-1017,PLANT_01,DC_SOUTH,2024-11-18,392,6256.32
NWO-1017,PLANT_01,DC_SOUTH,2024-11-25,452,7213.92
NWO-1017,PLANT_01,DC_SOUTH,2024-12-02,594,9480.24
NWO-1017,PLANT_01,DC_SOUTH,2024-12-09,524,8363.04
NWO-1017,PLANT_01,DC_SOUTH,2024-12-16,437,6974.52
NWO-1017,PLANT_01,DC_SOUTH,2024-12-23,518,8267.28
NWO-1017,PLANT_01,DC_SOUTH,2024-12-30,481,7676.76
NWO-1017,PLANT_01,DC_SOUTH,2025-01-06,291,4644.36
NWO-1017,PLANT_01,DC_SOUTH,2025-01-13,296,4724.16
NWO-1017,PLANT_01,DC_SOUTH,2025-01-20,262,4181.52
NWO-1017,PLANT_01,DC_SOUTH,2025-01-27,293,4676.28
NWO-1017,PLANT_01,DC_SOUTH,2025-02-03,280,4468.8
NWO-1017,PLANT_01,DC_SOUTH,2025-02-10,299,4772.04
NWO-1017,PLANT_01,DC_SOUTH,2025-02-17,226,3606.96
NWO-1017,PLANT_01,DC_SOUTH,2025-02-24,273,4357.08
NWO-1017,PLANT_01,DC_SOUTH,2025-03-03,265,4229.4
NWO-1017,PLANT_01,DC_SOUTH,2025-03-10,289,4612.44
NWO-1017,PLANT_01,DC_SOUTH,2025-03-17,430,6862.8
NWO-1017,PLANT_01,DC_SOUTH,2025-03-24,297,4740.12
NWO-1017,PLANT_01,DC_SOUTH,2025-03-31,327,5218.92
NWO-1017,PLANT_01,DC_SOUTH,2025-04-07,294,4692.24
NWO-1017,PLANT_01,DC_SOUTH,2025-04-14,335,5346.6
NWO-1017,PLANT_01,DC_SOUTH,2025-04-21,345,5506.2
NWO-1017,PLANT_01,DC_SOUTH,2025-04-28,381,6080.76
NWO-1017,PLANT_01,DC_SOUTH,2025-05-05,349,5570.04
NWO-1017,PLANT_01,DC_SOUTH,2025-05-12,357,5697.72
NWO-1017,PLANT_01,DC_SOUTH,2025-05-19,407,6495.72
NWO-1017,PLANT_01,DC_SOUTH,2025-05-26,334,5330.64
NWO-1017,PLANT_01,DC_SOUTH,2025-06-02,334,5330.64
NWO-1017,PLANT_01,DC_SOUTH,2025-06-09,459,7325.64
NWO-1017,PLANT_01,DC_SOUTH,2025-06-16,389,6208.44
NWO-1017,PLANT_01,DC_SOUTH,2025-06-23,365,5825.4
NWO-1017,PLANT_01,DC_SOUTH,2025-06-30,355,5665.8
NWO-1017,PLANT_01,DC_SOUTH,2025-07-07,344,5490.24
NWO-1017,PLANT_01,DC_SOUTH,2025-07-14,345,5506.2
NWO-1017,PLANT_01,DC_SOUTH,2025-07-21,313,4995.48
NWO-1017,PLANT_01,DC_SOUTH,2025-07-28,353,5633.88
NWO-1017,PLANT_01,DC_SOUTH,2025-08-04,356,5681.76
NWO-1017,PLANT_01,DC_SOUTH,2025-08-11,398,6352.08
NWO-1017,PLANT_01,DC_SOUTH,2025-08-18,362,5777.52
NWO-1017,PLANT_01,DC_SOUTH,2025-08-25,406,6479.76
NWO-1017,PLANT_01,DC_SOUTH,2025-09-01,304,4851.84
NWO-1017,PLANT_01,DC_SOUTH,2025-09-08,379,6048.84
NWO-1017,PLANT_01,DC_SOUTH,2025-09-15,324,5171.04
NWO-1017,PLANT_01,DC_SOUTH,2025-09-22,298,4756.08
NWO-1017,PLANT_01,DC_SOUTH,2025-09-29,396,6320.16
NWO-1017,PLANT_01,DC_SOUTH,2025-10-06,371,5921.16
NWO-1017,PLANT_01,DC_SOUTH,2025-10-13,367,5857.32
NWO-1017,PLANT_01,DC_SOUTH,2025-10-20,393,6272.28
NWO-1017,PLANT_01,DC_SOUTH,2025-10-27,366,5841.36
NWO-1017,PLANT_01,DC_SOUTH,2025-11-03,546,8714.16
NWO-1017,PLANT_01,DC_SOUTH,2025-11-10,442,7054.32
NWO-1017,PLANT_01,DC_SOUTH,2025-11-17,404,6447.84
NWO-1017,PLANT_01,DC_SOUTH,2025-11-24,540,8618.4
NWO-1017,PLANT_01,DC_SOUTH,2025-12-01,431,6878.76
NWO-1017,PLANT_01,DC_SOUTH,2025-12-08,502,8011.92
NWO-1017,PLANT_01,DC_SOUTH,2025-12-15,562,8969.52
NWO-1017,PLANT_01,DC_SOUTH,2025-12-22,597,9528.12
NWO-1017,PLANT_01,DC_SOUTH,2025-12-29,663,10581.48
NWO-1017,PLANT_01,DC_SOUTH,2026-01-05,217,3463.32
NWO-1017,PLANT_01,DC_SOUTH,2026-01-12,238,3798.48
NWO-1017,PLANT_01,DC_SOUTH,2026-01-19,285,4548.6
NWO-1017,PLANT_01,DC_SOUTH,2026-01-26,298,4756.08
NWO-1017,PLANT_01,DC_SOUTH,2026-02-02,246,3926.16
NWO-1017,PLANT_01,DC_SOUTH,2026-02-09,229,3654.84
NWO-1017,PLANT_01,DC_SOUTH,2026-02-16,275,4389.0
NWO-1017,PLANT_01,DC_SOUTH,2026-02-23,306,4883.76
NWO-1017,PLANT_01,DC_SOUTH,2026-03-02,240,3830.4
NWO-1017,PLANT_01,DC_SOUTH,2026-03-09,317,5059.32
NWO-1017,PLANT_01,DC_SOUTH,2026-03-16,312,4979.52
NWO-1017,PLANT_01,DC_SOUTH,2026-03-23,354,5649.84
NWO-1017,PLANT_01,DC_SOUTH,2026-03-30,284,4532.64
NWO-1017,PLANT_01,DC_SOUTH,2026-04-06,349,5570.04
NWO-1017,PLANT_01,DC_SOUTH,2026-04-13,249,3974.04
NWO-1017,PLANT_01,DC_SOUTH,2026-04-20,329,5250.84
NWO-1017,PLANT_01,DC_SOUTH,2026-04-27,328,5234.88
NWO-1017,PLANT_01,DC_SOUTH,2026-05-04,391,6240.36
NWO-1017,PLANT_01,DC_SOUTH,2026-05-11,306,4883.76
NWO-1017,PLANT_01,DC_SOUTH,2026-05-18,291,4644.36
NWO-1017,PLANT_01,DC_SOUTH,2026-05-25,383,6112.68
NWO-1017,PLANT_01,DC_SOUTH,2026-06-01,423,6751.08
NWO-1017,PLANT_01,DC_WEST,2023-06-05,297,4740.12
NWO-1017,PLANT_01,DC_WEST,2023-06-12,239,3814.44
NWO-1017,PLANT_01,DC_WEST,2023-06-19,303,4835.88
NWO-1017,PLANT_01,DC_WEST,2023-06-26,273,4357.08
NWO-1017,PLANT_01,DC_WEST,2023-07-03,264,4213.44
NWO-1017,PLANT_01,DC_WEST,2023-07-10,241,3846.36
NWO-1017,PLANT_01,DC_WEST,2023-07-17,260,4149.6
NWO-1017,PLANT_01,DC_WEST,2023-07-24,304,4851.84
NWO-1017,PLANT_01,DC_WEST,2023-07-31,301,4803.96
NWO-1017,PLANT_01,DC_WEST,2023-08-07,237,3782.52
NWO-1017,PLANT_01,DC_WEST,2023-08-14,270,4309.2
NWO-1017,PLANT_01,DC_WEST,2023-08-21,341,5442.36
NWO-1017,PLANT_01,DC_WEST,2023-08-28,253,4037.88
NWO-1017,PLANT_01,DC_WEST,2023-09-04,216,3447.36
NWO-1017,PLANT_01,DC_WEST,2023-09-11,248,3958.08
NWO-1017,PLANT_01,DC_WEST,2023-09-18,261,4165.56
NWO-1017,PLANT_01,DC_WEST,2023-09-25,236,3766.56
NWO-1017,PLANT_01,DC_WEST,2023-10-02,224,3575.04
NWO-1017,PLANT_01,DC_WEST,2023-10-09,258,4117.68
NWO-1017,PLANT_01,DC_WEST,2023-10-16,224,3575.04
NWO-1017,PLANT_01,DC_WEST,2023-10-23,282,4500.72
NWO-1017,PLANT_01,DC_WEST,2023-10-30,230,3670.8
NWO-1017,PLANT_01,DC_WEST,2023-11-06,348,5554.08
NWO-1017,PLANT_01,DC_WEST,2023-11-13,331,5282.76
NWO-1017,PLANT_01,DC_WEST,2023-11-20,349,5570.04
NWO-1017,PLANT_01,DC_WEST,2023-11-27,352,5617.92
NWO-1017,PLANT_01,DC_WEST,2023-12-04,380,6064.8
NWO-1017,PLANT_01,DC_WEST,2023-12-11,393,6272.28
NWO-1017,PLANT_01,DC_WEST,2023-12-18,336,5362.56
NWO-1017,PLANT_01,DC_WEST,2023-12-25,388,6192.48
NWO-1017,PLANT_01,DC_WEST,2024-01-01,197,3144.12
NWO-1017,PLANT_01,DC_WEST,2024-01-08,171,2729.16
NWO-1017,PLANT_01,DC_WEST,2024-01-15,175,2793.0
NWO-1017,PLANT_01,DC_WEST,2024-01-22,185,2952.6
NWO-1017,PLANT_01,DC_WEST,2024-01-29,165,2633.4
NWO-1017,PLANT_01,DC_WEST,2024-02-05,172,2745.12
NWO-1017,PLANT_01,DC_WEST,2024-02-12,225,3591.0
NWO-1017,PLANT_01,DC_WEST,2024-02-19,206,3287.76
NWO-1017,PLANT_01,DC_WEST,2024-02-26,184,2936.64
NWO-1017,PLANT_01,DC_WEST,2024-03-04,209,3335.64
NWO-1017,PLANT_01,DC_WEST,2024-03-11,255,4069.8
NWO-1017,PLANT_01,DC_WEST,2024-03-18,225,3591.0
NWO-1017,PLANT_01,DC_WEST,2024-03-25,207,3303.72
NWO-1017,PLANT_01,DC_WEST,2024-04-01,251,4005.96
NWO-1017,PLANT_01,DC_WEST,2024-04-08,254,4053.84
NWO-1017,PLANT_01,DC_WEST,2024-04-15,223,3559.08
NWO-1017,PLANT_01,DC_WEST,2024-04-22,242,3862.32
NWO-1017,PLANT_01,DC_WEST,2024-04-29,245,3910.2
NWO-1017,PLANT_01,DC_WEST,2024-05-06,257,4101.72
NWO-1017,PLANT_01,DC_WEST,2024-05-13,199,3176.04
NWO-1017,PLANT_01,DC_WEST,2024-05-20,234,3734.64
NWO-1017,PLANT_01,DC_WEST,2024-05-27,285,4548.6
NWO-1017,PLANT_01,DC_WEST,2024-06-03,205,3271.8
NWO-1017,PLANT_01,DC_WEST,2024-06-10,310,4947.6
NWO-1017,PLANT_01,DC_WEST,2024-06-17,256,4085.76
NWO-1017,PLANT_01,DC_WEST,2024-06-24,255,4069.8
NWO-1017,PLANT_01,DC_WEST,2024-07-01,318,5075.28
NWO-1017,PLANT_01,DC_WEST,2024-07-08,227,3622.92
NWO-1017,PLANT_01,DC_WEST,2024-07-15,282,4500.72
NWO-1017,PLANT_01,DC_WEST,2024-07-22,285,4548.6
NWO-1017,PLANT_01,DC_WEST,2024-07-29,311,4963.56
NWO-1017,PLANT_01,DC_WEST,2024-08-05,224,3575.04
NWO-1017,PLANT_01,DC_WEST,2024-08-12,249,3974.04
NWO-1017,PLANT_01,DC_WEST,2024-08-19,337,5378.52
NWO-1017,PLANT_01,DC_WEST,2024-08-26,280,4468.8
NWO-1017,PLANT_01,DC_WEST,2024-09-02,259,4133.64
NWO-1017,PLANT_01,DC_WEST,2024-09-09,265,4229.4
NWO-1017,PLANT_01,DC_WEST,2024-09-16,235,3750.6
NWO-1017,PLANT_01,DC_WEST,2024-09-23,312,4979.52
NWO-1017,PLANT_01,DC_WEST,2024-09-30,258,4117.68
NWO-1017,PLANT_01,DC_WEST,2024-10-07,264,4213.44
NWO-1017,PLANT_01,DC_WEST,2024-10-14,263,4197.48
NWO-1017,PLANT_01,DC_WEST,2024-10-21,271,4325.16
NWO-1017,PLANT_01,DC_WEST,2024-10-28,301,4803.96
NWO-1017,PLANT_01,DC_WEST,2024-11-04,343,5474.28
NWO-1017,PLANT_01,DC_WEST,2024-11-11,317,5059.32
NWO-1017,PLANT_01,DC_WEST,2024-11-18,400,6384.0
NWO-1017,PLANT_01,DC_WEST,2024-11-25,357,5697.72
NWO-1017,PLANT_01,DC_WEST,2024-12-02,403,6431.88
NWO-1017,PLANT_01,DC_WEST,2024-12-09,361,5761.56
NWO-1017,PLANT_01,DC_WEST,2024-12-16,439,7006.44
NWO-1017,PLANT_01,DC_WEST,2024-12-23,351,5601.96
NWO-1017,PLANT_01,DC_WEST,2024-12-30,472,7533.12
NWO-1017,PLANT_01,DC_WEST,2025-01-06,225,3591.0
NWO-1017,PLANT_01,DC_WEST,2025-01-13,183,2920.68
NWO-1017,PLANT_01,DC_WEST,2025-01-20,203,3239.88
NWO-1017,PLANT_01,DC_WEST,2025-01-27,223,3559.08
NWO-1017,PLANT_01,DC_WEST,2025-02-03,218,3479.28
NWO-1017,PLANT_01,DC_WEST,2025-02-10,255,4069.8
NWO-1017,PLANT_01,DC_WEST,2025-02-17,209,3335.64
NWO-1017,PLANT_01,DC_WEST,2025-02-24,238,3798.48
NWO-1017,PLANT_01,DC_WEST,2025-03-03,230,3670.8
NWO-1017,PLANT_01,DC_WEST,2025-03-10,225,3591.0
NWO-1017,PLANT_01,DC_WEST,2025-03-17,255,4069.8
NWO-1017,PLANT_01,DC_WEST,2025-03-24,220,3511.2
NWO-1017,PLANT_01,DC_WEST,2025-03-31,242,3862.32
NWO-1017,PLANT_01,DC_WEST,2025-04-07,232,3702.72
NWO-1017,PLANT_01,DC_WEST,2025-04-14,257,4101.72
NWO-1017,PLANT_01,DC_WEST,2025-04-21,256,4085.76
NWO-1017,PLANT_01,DC_WEST,2025-04-28,313,4995.48
NWO-1017,PLANT_01,DC_WEST,2025-05-05,232,3702.72
NWO-1017,PLANT_01,DC_WEST,2025-05-12,247,3942.12
NWO-1017,PLANT_01,DC_WEST,2025-05-19,245,3910.2
NWO-1017,PLANT_01,DC_WEST,2025-05-26,185,2952.6
NWO-1017,PLANT_01,DC_WEST,2025-06-02,258,4117.68
NWO-1017,PLANT_01,DC_WEST,2025-06-09,335,5346.6
NWO-1017,PLANT_01,DC_WEST,2025-06-16,364,5809.44
NWO-1017,PLANT_01,DC_WEST,2025-06-23,266,4245.36
NWO-1017,PLANT_01,DC_WEST,2025-06-30,307,4899.72
NWO-1017,PLANT_01,DC_WEST,2025-07-07,272,4341.12
NWO-1017,PLANT_01,DC_WEST,2025-07-14,260,4149.6
NWO-1017,PLANT_01,DC_WEST,2025-07-21,264,4213.44
NWO-1017,PLANT_01,DC_WEST,2025-07-28,342,5458.32
NWO-1017,PLANT_01,DC_WEST,2025-08-04,215,3431.4
NWO-1017,PLANT_01,DC_WEST,2025-08-11,261,4165.56
NWO-1017,PLANT_01,DC_WEST,2025-08-18,286,4564.56
NWO-1017,PLANT_01,DC_WEST,2025-08-25,277,4420.92
NWO-1017,PLANT_01,DC_WEST,2025-09-01,211,3367.56
NWO-1017,PLANT_01,DC_WEST,2025-09-08,253,4037.88
NWO-1017,PLANT_01,DC_WEST,2025-09-15,275,4389.0
NWO-1017,PLANT_01,DC_WEST,2025-09-22,244,3894.24
NWO-1017,PLANT_01,DC_WEST,2025-09-29,262,4181.52
NWO-1017,PLANT_01,DC_WEST,2025-10-06,239,3814.44
NWO-1017,PLANT_01,DC_WEST,2025-10-13,231,3686.76
NWO-1017,PLANT_01,DC_WEST,2025-10-20,202,3223.92
NWO-1017,PLANT_01,DC_WEST,2025-10-27,297,4740.12
NWO-1017,PLANT_01,DC_WEST,2025-11-03,300,4788.0
NWO-1017,PLANT_01,DC_WEST,2025-11-10,261,4165.56
NWO-1017,PLANT_01,DC_WEST,2025-11-17,293,4676.28
NWO-1017,PLANT_01,DC_WEST,2025-11-24,405,6463.8
NWO-1017,PLANT_01,DC_WEST,2025-12-01,361,5761.56
NWO-1017,PLANT_01,DC_WEST,2025-12-08,381,6080.76
NWO-1017,PLANT_01,DC_WEST,2025-12-15,372,5937.12
NWO-1017,PLANT_01,DC_WEST,2025-12-22,381,6080.76
NWO-1017,PLANT_01,DC_WEST,2025-12-29,360,5745.6
NWO-1017,PLANT_01,DC_WEST,2026-01-05,190,3032.4
NWO-1017,PLANT_01,DC_WEST,2026-01-12,172,2745.12
NWO-1017,PLANT_01,DC_WEST,2026-01-19,222,3543.12
NWO-1017,PLANT_01,DC_WEST,2026-01-26,189,3016.44
NWO-1017,PLANT_01,DC_WEST,2026-02-02,241,3846.36
NWO-1017,PLANT_01,DC_WEST,2026-02-09,221,3527.16
NWO-1017,PLANT_01,DC_WEST,2026-02-16,209,3335.64
NWO-1017,PLANT_01,DC_WEST,2026-02-23,217,3463.32
NWO-1017,PLANT_01,DC_WEST,2026-03-02,248,3958.08
NWO-1017,PLANT_01,DC_WEST,2026-03-09,258,4117.68
NWO-1017,PLANT_01,DC_WEST,2026-03-16,242,3862.32
NWO-1017,PLANT_01,DC_WEST,2026-03-23,192,3064.32
NWO-1017,PLANT_01,DC_WEST,2026-03-30,212,3383.52
NWO-1017,PLANT_01,DC_WEST,2026-04-06,295,4708.2
NWO-1017,PLANT_01,DC_WEST,2026-04-13,248,3958.08
NWO-1017,PLANT_01,DC_WEST,2026-04-20,189,3016.44
NWO-1017,PLANT_01,DC_WEST,2026-04-27,228,3638.88
NWO-1017,PLANT_01,DC_WEST,2026-05-04,277,4420.92
NWO-1017,PLANT_01,DC_WEST,2026-05-11,222,3543.12
NWO-1017,PLANT_01,DC_WEST,2026-05-18,289,4612.44
NWO-1017,PLANT_01,DC_WEST,2026-05-25,219,3495.24
NWO-1017,PLANT_01,DC_WEST,2026-06-01,280,4468.8
NWO-1018,PLANT_01,DC_NORTH,2026-02-23,6,135.42
NWO-1018,PLANT_01,DC_NORTH,2026-03-02,9,203.13
NWO-1018,PLANT_01,DC_NORTH,2026-03-09,22,496.54
NWO-1018,PLANT_01,DC_NORTH,2026-03-16,36,812.52
NWO-1018,PLANT_01,DC_NORTH,2026-03-23,37,835.09
NWO-1018,PLANT_01,DC_NORTH,2026-03-30,59,1331.63
NWO-1018,PLANT_01,DC_NORTH,2026-04-06,64,1444.48
NWO-1018,PLANT_01,DC_NORTH,2026-04-13,64,1444.48
NWO-1018,PLANT_01,DC_NORTH,2026-04-20,94,2121.58
NWO-1018,PLANT_01,DC_NORTH,2026-04-27,111,2505.27
NWO-1018,PLANT_01,DC_NORTH,2026-05-04,119,2685.83
NWO-1018,PLANT_01,DC_NORTH,2026-05-11,108,2437.56
NWO-1018,PLANT_01,DC_NORTH,2026-05-18,107,2414.99
NWO-1018,PLANT_01,DC_NORTH,2026-05-25,119,2685.83
NWO-1018,PLANT_01,DC_NORTH,2026-06-01,197,4446.29
NWO-1018,PLANT_01,DC_SOUTH,2026-02-23,14,315.98
NWO-1018,PLANT_01,DC_SOUTH,2026-03-02,25,564.25
NWO-1018,PLANT_01,DC_SOUTH,2026-03-09,47,1060.79
NWO-1018,PLANT_01,DC_SOUTH,2026-03-16,95,2144.15
NWO-1018,PLANT_01,DC_SOUTH,2026-03-23,95,2144.15
NWO-1018,PLANT_01,DC_SOUTH,2026-03-30,156,3520.92
NWO-1018,PLANT_01,DC_SOUTH,2026-04-06,157,3543.49
NWO-1018,PLANT_01,DC_SOUTH,2026-04-13,190,4288.3
NWO-1018,PLANT_01,DC_SOUTH,2026-04-20,251,5665.07
NWO-1018,PLANT_01,DC_SOUTH,2026-04-27,310,6996.7
NWO-1018,PLANT_01,DC_SOUTH,2026-05-04,255,5755.35
NWO-1018,PLANT_01,DC_SOUTH,2026-05-11,320,7222.4
NWO-1018,PLANT_01,DC_SOUTH,2026-05-18,299,6748.43
NWO-1018,PLANT_01,DC_SOUTH,2026-05-25,378,8531.46
NWO-1018,PLANT_01,DC_SOUTH,2026-06-01,734,16566.38
NWO-1018,PLANT_01,DC_WEST,2026-02-23,10,225.7
NWO-1018,PLANT_01,DC_WEST,2026-03-02,19,428.83
NWO-1018,PLANT_01,DC_WEST,2026-03-09,39,880.23
NWO-1018,PLANT_01,DC_WEST,2026-03-16,59,1331.63
NWO-1018,PLANT_01,DC_WEST,2026-03-23,88,1986.16
NWO-1018,PLANT_01,DC_WEST,2026-03-30,113,2550.41
NWO-1018,PLANT_01,DC_WEST,2026-04-06,141,3182.37
NWO-1018,PLANT_01,DC_WEST,2026-04-13,120,2708.4
NWO-1018,PLANT_01,DC_WEST,2026-04-20,148,3340.36
NWO-1018,PLANT_01,DC_WEST,2026-04-27,189,4265.73
NWO-1018,PLANT_01,DC_WEST,2026-05-04,231,5213.67
NWO-1018,PLANT_01,DC_WEST,2026-05-11,230,5191.1
NWO-1018,PLANT_01,DC_WEST,2026-05-18,236,5326.52
NWO-1018,PLANT_01,DC_WEST,2026-05-25,297,6703.29
NWO-1018,PLANT_01,DC_WEST,2026-06-01,227,5123.39
NWO-1019,PLANT_01,DC_NORTH,2025-08-18,15,204.9
NWO-1019,PLANT_01,DC_NORTH,2025-08-25,27,368.82
NWO-1019,PLANT_01,DC_NORTH,2025-09-01,37,505.42
NWO-1019,PLANT_01,DC_NORTH,2025-09-08,66,901.56
NWO-1019,PLANT_01,DC_NORTH,2025-09-15,83,1133.78
NWO-1019,PLANT_01,DC_NORTH,2025-09-22,87,1188.42
NWO-1019,PLANT_01,DC_NORTH,2025-09-29,125,1707.5
NWO-1019,PLANT_01,DC_NORTH,2025-10-06,119,1625.54
NWO-1019,PLANT_01,DC_NORTH,2025-10-13,164,2240.24
NWO-1019,PLANT_01,DC_NORTH,2025-10-20,142,1939.72
NWO-1019,PLANT_01,DC_NORTH,2025-10-27,184,2513.44
NWO-1019,PLANT_01,DC_NORTH,2025-11-03,277,3783.82
NWO-1019,PLANT_01,DC_NORTH,2025-11-10,246,3360.36
NWO-1019,PLANT_01,DC_NORTH,2025-11-17,288,3934.08
NWO-1019,PLANT_01,DC_NORTH,2025-11-24,339,4630.74
NWO-1019,PLANT_01,DC_NORTH,2025-12-01,369,5040.54
NWO-1019,PLANT_01,DC_NORTH,2025-12-08,385,5259.1
NWO-1019,PLANT_01,DC_NORTH,2025-12-15,451,6160.66
NWO-1019,PLANT_01,DC_NORTH,2025-12-22,371,5067.86
NWO-1019,PLANT_01,DC_NORTH,2025-12-29,398,5436.68
NWO-1019,PLANT_01,DC_NORTH,2026-01-05,218,2977.88
NWO-1019,PLANT_01,DC_NORTH,2026-01-12,189,2581.74
NWO-1019,PLANT_01,DC_NORTH,2026-01-19,207,2827.62
NWO-1019,PLANT_01,DC_NORTH,2026-01-26,258,3524.28
NWO-1019,PLANT_01,DC_NORTH,2026-02-02,154,2103.64
NWO-1019,PLANT_01,DC_NORTH,2026-02-09,178,2431.48
NWO-1019,PLANT_01,DC_NORTH,2026-02-16,210,2868.6
NWO-1019,PLANT_01,DC_NORTH,2026-02-23,143,1953.38
NWO-1019,PLANT_01,DC_NORTH,2026-03-02,237,3237.42
NWO-1019,PLANT_01,DC_NORTH,2026-03-09,230,3141.8
NWO-1019,PLANT_01,DC_NORTH,2026-03-16,206,2813.96
NWO-1019,PLANT_01,DC_NORTH,2026-03-23,286,3906.76
NWO-1019,PLANT_01,DC_NORTH,2026-03-30,395,5395.7
NWO-1019,PLANT_01,DC_NORTH,2026-04-06,272,3715.52
NWO-1019,PLANT_01,DC_NORTH,2026-04-13,310,4234.6
NWO-1019,PLANT_01,DC_NORTH,2026-04-20,235,3210.1
NWO-1019,PLANT_01,DC_NORTH,2026-04-27,258,3524.28
NWO-1019,PLANT_01,DC_NORTH,2026-05-04,189,2581.74
NWO-1019,PLANT_01,DC_NORTH,2026-05-11,200,2732.0
NWO-1019,PLANT_01,DC_NORTH,2026-05-18,279,3811.14
NWO-1019,PLANT_01,DC_NORTH,2026-05-25,191,2609.06
NWO-1019,PLANT_01,DC_NORTH,2026-06-01,295,4029.7
NWO-1019,PLANT_01,DC_SOUTH,2025-08-18,31,423.46
NWO-1019,PLANT_01,DC_SOUTH,2025-08-25,56,764.96
NWO-1019,PLANT_01,DC_SOUTH,2025-09-01,107,1461.62
NWO-1019,PLANT_01,DC_SOUTH,2025-09-08,183,2499.78
NWO-1019,PLANT_01,DC_SOUTH,2025-09-15,236,3223.76
NWO-1019,PLANT_01,DC_SOUTH,2025-09-22,291,3975.06
NWO-1019,PLANT_01,DC_SOUTH,2025-09-29,353,4821.98
NWO-1019,PLANT_01,DC_SOUTH,2025-10-06,456,6228.96
NWO-1019,PLANT_01,DC_SOUTH,2025-10-13,341,4658.06
NWO-1019,PLANT_01,DC_SOUTH,2025-10-20,545,7444.7
NWO-1019,PLANT_01,DC_SOUTH,2025-10-27,628,8578.48
NWO-1019,PLANT_01,DC_SOUTH,2025-11-03,965,13181.9
NWO-1019,PLANT_01,DC_SOUTH,2025-11-10,884,12075.44
NWO-1019,PLANT_01,DC_SOUTH,2025-11-17,1055,14411.3
NWO-1019,PLANT_01,DC_SOUTH,2025-11-24,871,11897.86
NWO-1019,PLANT_01,DC_SOUTH,2025-12-01,999,13646.34
NWO-1019,PLANT_01,DC_SOUTH,2025-12-08,712,9725.92
NWO-1019,PLANT_01,DC_SOUTH,2025-12-15,869,11870.54
NWO-1019,PLANT_01,DC_SOUTH,2025-12-22,993,13564.38
NWO-1019,PLANT_01,DC_SOUTH,2025-12-29,996,13605.36
NWO-1019,PLANT_01,DC_SOUTH,2026-01-05,510,6966.6
NWO-1019,PLANT_01,DC_SOUTH,2026-01-12,565,7717.9
NWO-1019,PLANT_01,DC_SOUTH,2026-01-19,476,6502.16
NWO-1019,PLANT_01,DC_SOUTH,2026-01-26,546,7458.36
NWO-1019,PLANT_01,DC_SOUTH,2026-02-02,571,7799.86
NWO-1019,PLANT_01,DC_SOUTH,2026-02-09,479,6543.14
NWO-1019,PLANT_01,DC_SOUTH,2026-02-16,565,7717.9
NWO-1019,PLANT_01,DC_SOUTH,2026-02-23,707,9657.62
NWO-1019,PLANT_01,DC_SOUTH,2026-03-02,644,8797.04
NWO-1019,PLANT_01,DC_SOUTH,2026-03-09,572,7813.52
NWO-1019,PLANT_01,DC_SOUTH,2026-03-16,593,8100.38
NWO-1019,PLANT_01,DC_SOUTH,2026-03-23,592,8086.72
NWO-1019,PLANT_01,DC_SOUTH,2026-03-30,616,8414.56
NWO-1019,PLANT_01,DC_SOUTH,2026-04-06,572,7813.52
NWO-1019,PLANT_01,DC_SOUTH,2026-04-13,707,9657.62
NWO-1019,PLANT_01,DC_SOUTH,2026-04-20,571,7799.86
NWO-1019,PLANT_01,DC_SOUTH,2026-04-27,601,8209.66
NWO-1019,PLANT_01,DC_SOUTH,2026-05-04,571,7799.86
NWO-1019,PLANT_01,DC_SOUTH,2026-05-11,747,10204.02
NWO-1019,PLANT_01,DC_SOUTH,2026-05-18,687,9384.42
NWO-1019,PLANT_01,DC_SOUTH,2026-05-25,666,9097.56
NWO-1019,PLANT_01,DC_SOUTH,2026-06-01,791,10805.06
NWO-1019,PLANT_01,DC_WEST,2025-08-18,28,382.48
NWO-1019,PLANT_01,DC_WEST,2025-08-25,38,519.08
NWO-1019,PLANT_01,DC_WEST,2025-09-01,101,1379.66
NWO-1019,PLANT_01,DC_WEST,2025-09-08,137,1871.42
NWO-1019,PLANT_01,DC_WEST,2025-09-15,239,3264.74
NWO-1019,PLANT_01,DC_WEST,2025-09-22,194,2650.04
NWO-1019,PLANT_01,DC_WEST,2025-09-29,271,3701.86
NWO-1019,PLANT_01,DC_WEST,2025-10-06,231,3155.46
NWO-1019,PLANT_01,DC_WEST,2025-10-13,305,4166.3
NWO-1019,PLANT_01,DC_WEST,2025-10-20,378,5163.48
NWO-1019,PLANT_01,DC_WEST,2025-10-27,483,6597.78
NWO-1019,PLANT_01,DC_WEST,2025-11-03,640,8742.4
NWO-1019,PLANT_01,DC_WEST,2025-11-10,676,9234.16
NWO-1019,PLANT_01,DC_WEST,2025-11-17,676,9234.16
NWO-1019,PLANT_01,DC_WEST,2025-11-24,791,10805.06
NWO-1019,PLANT_01,DC_WEST,2025-12-01,753,10285.98
NWO-1019,PLANT_01,DC_WEST,2025-12-08,855,11679.3
NWO-1019,PLANT_01,DC_WEST,2025-12-15,616,8414.56
NWO-1019,PLANT_01,DC_WEST,2025-12-22,572,7813.52
NWO-1019,PLANT_01,DC_WEST,2025-12-29,820,11201.2
NWO-1019,PLANT_01,DC_WEST,2026-01-05,367,5013.22
NWO-1019,PLANT_01,DC_WEST,2026-01-12,413,5641.58
NWO-1019,PLANT_01,DC_WEST,2026-01-19,479,6543.14
NWO-1019,PLANT_01,DC_WEST,2026-01-26,420,5737.2
NWO-1019,PLANT_01,DC_WEST,2026-02-02,369,5040.54
NWO-1019,PLANT_01,DC_WEST,2026-02-09,382,5218.12
NWO-1019,PLANT_01,DC_WEST,2026-02-16,401,5477.66
NWO-1019,PLANT_01,DC_WEST,2026-02-23,438,5983.08
NWO-1019,PLANT_01,DC_WEST,2026-03-02,468,6392.88
NWO-1019,PLANT_01,DC_WEST,2026-03-09,481,6570.46
NWO-1019,PLANT_01,DC_WEST,2026-03-16,461,6297.26
NWO-1019,PLANT_01,DC_WEST,2026-03-23,424,5791.84
NWO-1019,PLANT_01,DC_WEST,2026-03-30,470,6420.2
NWO-1019,PLANT_01,DC_WEST,2026-04-06,450,6147.0
NWO-1019,PLANT_01,DC_WEST,2026-04-13,517,7062.22
NWO-1019,PLANT_01,DC_WEST,2026-04-20,483,6597.78
NWO-1019,PLANT_01,DC_WEST,2026-04-27,359,4903.94
NWO-1019,PLANT_01,DC_WEST,2026-05-04,520,7103.2
NWO-1019,PLANT_01,DC_WEST,2026-05-11,543,7417.38
NWO-1019,PLANT_01,DC_WEST,2026-05-18,510,6966.6
NWO-1019,PLANT_01,DC_WEST,2026-05-25,526,7185.16
NWO-1019,PLANT_01,DC_WEST,2026-06-01,606,8277.96
NWO-1020,PLANT_01,DC_NORTH,2023-06-05,76,3001.24
NWO-1020,PLANT_01,DC_NORTH,2023-06-12,60,2369.4
NWO-1020,PLANT_01,DC_NORTH,2023-06-19,72,2843.28
NWO-1020,PLANT_01,DC_NORTH,2023-06-26,67,2645.83
NWO-1020,PLANT_01,DC_NORTH,2023-07-03,70,2764.3
NWO-1020,PLANT_01,DC_NORTH,2023-07-10,71,2803.79
NWO-1020,PLANT_01,DC_NORTH,2023-07-17,54,2132.46
NWO-1020,PLANT_01,DC_NORTH,2023-07-24,96,3791.04
NWO-1020,PLANT_01,DC_NORTH,2023-07-31,76,3001.24
NWO-1020,PLANT_01,DC_NORTH,2023-08-07,57,2250.93
NWO-1020,PLANT_01,DC_NORTH,2023-08-14,64,2527.36
NWO-1020,PLANT_01,DC_NORTH,2023-08-21,72,2843.28
NWO-1020,PLANT_01,DC_NORTH,2023-08-28,84,3317.16
NWO-1020,PLANT_01,DC_NORTH,2023-09-04,62,2448.38
NWO-1020,PLANT_01,DC_NORTH,2023-09-11,87,3435.63
NWO-1020,PLANT_01,DC_NORTH,2023-09-18,77,3040.73
NWO-1020,PLANT_01,DC_NORTH,2023-09-25,51,2013.99
NWO-1020,PLANT_01,DC_NORTH,2023-10-02,96,3791.04
NWO-1020,PLANT_01,DC_NORTH,2023-10-09,79,3119.71
NWO-1020,PLANT_01,DC_NORTH,2023-10-16,64,2527.36
NWO-1020,PLANT_01,DC_NORTH,2023-10-23,73,2882.77
NWO-1020,PLANT_01,DC_NORTH,2023-10-30,81,3198.69
NWO-1020,PLANT_01,DC_NORTH,2023-11-06,101,3988.49
NWO-1020,PLANT_01,DC_NORTH,2023-11-13,130,5133.7
NWO-1020,PLANT_01,DC_NORTH,2023-11-20,114,4501.86
NWO-1020,PLANT_01,DC_NORTH,2023-11-27,99,3909.51
NWO-1020,PLANT_01,DC_NORTH,2023-12-04,117,4620.33
NWO-1020,PLANT_01,DC_NORTH,2023-12-11,104,4106.96
NWO-1020,PLANT_01,DC_NORTH,2023-12-18,101,3988.49
NWO-1020,PLANT_01,DC_NORTH,2023-12-25,92,3633.08
NWO-1020,PLANT_01,DC_NORTH,2024-01-01,59,2329.91
NWO-1020,PLANT_01,DC_NORTH,2024-01-08,59,2329.91
NWO-1020,PLANT_01,DC_NORTH,2024-01-15,57,2250.93
NWO-1020,PLANT_01,DC_NORTH,2024-01-22,70,2764.3
NWO-1020,PLANT_01,DC_NORTH,2024-01-29,67,2645.83
NWO-1020,PLANT_01,DC_NORTH,2024-02-05,80,3159.2
NWO-1020,PLANT_01,DC_NORTH,2024-02-12,59,2329.91
NWO-1020,PLANT_01,DC_NORTH,2024-02-19,49,1935.01
NWO-1020,PLANT_01,DC_NORTH,2024-02-26,60,2369.4
NWO-1020,PLANT_01,DC_NORTH,2024-03-04,55,2171.95
NWO-1020,PLANT_01,DC_NORTH,2024-03-11,72,2843.28
NWO-1020,PLANT_01,DC_NORTH,2024-03-18,76,3001.24
NWO-1020,PLANT_01,DC_NORTH,2024-03-25,94,3712.06
NWO-1020,PLANT_01,DC_NORTH,2024-04-01,70,2764.3
NWO-1020,PLANT_01,DC_NORTH,2024-04-08,74,2922.26
NWO-1020,PLANT_01,DC_NORTH,2024-04-15,82,3238.18
NWO-1020,PLANT_01,DC_NORTH,2024-04-22,76,3001.24
NWO-1020,PLANT_01,DC_NORTH,2024-04-29,72,2843.28
NWO-1020,PLANT_01,DC_NORTH,2024-05-06,83,3277.67
NWO-1020,PLANT_01,DC_NORTH,2024-05-13,64,2527.36
NWO-1020,PLANT_01,DC_NORTH,2024-05-20,78,3080.22
NWO-1020,PLANT_01,DC_NORTH,2024-05-27,82,3238.18
NWO-1020,PLANT_01,DC_NORTH,2024-06-03,81,3198.69
NWO-1020,PLANT_01,DC_NORTH,2024-06-10,88,3475.12
NWO-1020,PLANT_01,DC_NORTH,2024-06-17,107,4225.43
NWO-1020,PLANT_01,DC_NORTH,2024-06-24,84,3317.16
NWO-1020,PLANT_01,DC_NORTH,2024-07-01,111,4383.39
NWO-1020,PLANT_01,DC_NORTH,2024-07-08,66,2606.34
NWO-1020,PLANT_01,DC_NORTH,2024-07-15,65,2566.85
NWO-1020,PLANT_01,DC_NORTH,2024-07-22,91,3593.59
NWO-1020,PLANT_01,DC_NORTH,2024-07-29,77,3040.73
NWO-1020,PLANT_01,DC_NORTH,2024-08-05,93,3672.57
NWO-1020,PLANT_01,DC_NORTH,2024-08-12,60,2369.4
NWO-1020,PLANT_01,DC_NORTH,2024-08-19,104,4106.96
NWO-1020,PLANT_01,DC_NORTH,2024-08-26,102,4027.98
NWO-1020,PLANT_01,DC_NORTH,2024-09-02,86,3396.14
NWO-1020,PLANT_01,DC_NORTH,2024-09-09,78,3080.22
NWO-1020,PLANT_01,DC_NORTH,2024-09-16,84,3317.16
NWO-1020,PLANT_01,DC_NORTH,2024-09-23,73,2882.77
NWO-1020,PLANT_01,DC_NORTH,2024-09-30,81,3198.69
NWO-1020,PLANT_01,DC_NORTH,2024-10-07,56,2211.44
NWO-1020,PLANT_01,DC_NORTH,2024-10-14,83,3277.67
NWO-1020,PLANT_01,DC_NORTH,2024-10-21,84,3317.16
NWO-1020,PLANT_01,DC_NORTH,2024-10-28,65,2566.85
NWO-1020,PLANT_01,DC_NORTH,2024-11-04,105,4146.45
NWO-1020,PLANT_01,DC_NORTH,2024-11-11,125,4936.25
NWO-1020,PLANT_01,DC_NORTH,2024-11-18,113,4462.37
NWO-1020,PLANT_01,DC_NORTH,2024-11-25,133,5252.17
NWO-1020,PLANT_01,DC_NORTH,2024-12-02,111,4383.39
NWO-1020,PLANT_01,DC_NORTH,2024-12-09,114,4501.86
NWO-1020,PLANT_01,DC_NORTH,2024-12-16,135,5331.15
NWO-1020,PLANT_01,DC_NORTH,2024-12-23,104,4106.96
NWO-1020,PLANT_01,DC_NORTH,2024-12-30,132,5212.68
NWO-1020,PLANT_01,DC_NORTH,2025-01-06,66,2606.34
NWO-1020,PLANT_01,DC_NORTH,2025-01-13,74,2922.26
NWO-1020,PLANT_01,DC_NORTH,2025-01-20,59,2329.91
NWO-1020,PLANT_01,DC_NORTH,2025-01-27,105,4146.45
NWO-1020,PLANT_01,DC_NORTH,2025-02-03,54,2132.46
NWO-1020,PLANT_01,DC_NORTH,2025-02-10,62,2448.38
NWO-1020,PLANT_01,DC_NORTH,2025-02-17,55,2171.95
NWO-1020,PLANT_01,DC_NORTH,2025-02-24,50,1974.5
NWO-1020,PLANT_01,DC_NORTH,2025-03-03,82,3238.18
NWO-1020,PLANT_01,DC_NORTH,2025-03-10,79,3119.71
NWO-1020,PLANT_01,DC_NORTH,2025-03-17,73,2882.77
NWO-1020,PLANT_01,DC_NORTH,2025-03-24,81,3198.69
NWO-1020,PLANT_01,DC_NORTH,2025-03-31,79,3119.71
NWO-1020,PLANT_01,DC_NORTH,2025-04-07,82,3238.18
NWO-1020,PLANT_01,DC_NORTH,2025-04-14,83,3277.67
NWO-1020,PLANT_01,DC_NORTH,2025-04-21,97,3830.53
NWO-1020,PLANT_01,DC_NORTH,2025-04-28,87,3435.63
NWO-1020,PLANT_01,DC_NORTH,2025-05-05,84,3317.16
NWO-1020,PLANT_01,DC_NORTH,2025-05-12,99,3909.51
NWO-1020,PLANT_01,DC_NORTH,2025-05-19,97,3830.53
NWO-1020,PLANT_01,DC_NORTH,2025-05-26,96,3791.04
NWO-1020,PLANT_01,DC_NORTH,2025-06-02,106,4185.94
NWO-1020,PLANT_01,DC_NORTH,2025-06-09,107,4225.43
NWO-1020,PLANT_01,DC_NORTH,2025-06-16,108,4264.92
NWO-1020,PLANT_01,DC_NORTH,2025-06-23,113,4462.37
NWO-1020,PLANT_01,DC_NORTH,2025-06-30,93,3672.57
NWO-1020,PLANT_01,DC_NORTH,2025-07-07,119,4699.31
NWO-1020,PLANT_01,DC_NORTH,2025-07-14,110,4343.9
NWO-1020,PLANT_01,DC_NORTH,2025-07-21,110,4343.9
NWO-1020,PLANT_01,DC_NORTH,2025-07-28,68,2685.32
NWO-1020,PLANT_01,DC_NORTH,2025-08-04,111,4383.39
NWO-1020,PLANT_01,DC_NORTH,2025-08-11,116,4580.84
NWO-1020,PLANT_01,DC_NORTH,2025-08-18,119,4699.31
NWO-1020,PLANT_01,DC_NORTH,2025-08-25,97,3830.53
NWO-1020,PLANT_01,DC_NORTH,2025-09-01,87,3435.63
NWO-1020,PLANT_01,DC_NORTH,2025-09-08,105,4146.45
NWO-1020,PLANT_01,DC_NORTH,2025-09-15,90,3554.1
NWO-1020,PLANT_01,DC_NORTH,2025-09-22,72,2843.28
NWO-1020,PLANT_01,DC_NORTH,2025-09-29,108,4264.92
NWO-1020,PLANT_01,DC_NORTH,2025-10-06,117,4620.33
NWO-1020,PLANT_01,DC_NORTH,2025-10-13,117,4620.33
NWO-1020,PLANT_01,DC_NORTH,2025-10-20,80,3159.2
NWO-1020,PLANT_01,DC_NORTH,2025-10-27,102,4027.98
NWO-1020,PLANT_01,DC_NORTH,2025-11-03,139,5489.11
NWO-1020,PLANT_01,DC_NORTH,2025-11-10,112,4422.88
NWO-1020,PLANT_01,DC_NORTH,2025-11-17,123,4857.27
NWO-1020,PLANT_01,DC_NORTH,2025-11-24,129,5094.21
NWO-1020,PLANT_01,DC_NORTH,2025-12-01,109,4304.41
NWO-1020,PLANT_01,DC_NORTH,2025-12-08,113,4462.37
NWO-1020,PLANT_01,DC_NORTH,2025-12-15,131,5173.19
NWO-1020,PLANT_01,DC_NORTH,2025-12-22,142,5607.58
NWO-1020,PLANT_01,DC_NORTH,2025-12-29,140,5528.6
NWO-1020,PLANT_01,DC_NORTH,2026-01-05,86,3396.14
NWO-1020,PLANT_01,DC_NORTH,2026-01-12,77,3040.73
NWO-1020,PLANT_01,DC_NORTH,2026-01-19,69,2724.81
NWO-1020,PLANT_01,DC_NORTH,2026-01-26,72,2843.28
NWO-1020,PLANT_01,DC_NORTH,2026-02-02,60,2369.4
NWO-1020,PLANT_01,DC_NORTH,2026-02-09,64,2527.36
NWO-1020,PLANT_01,DC_NORTH,2026-02-16,70,2764.3
NWO-1020,PLANT_01,DC_NORTH,2026-02-23,77,3040.73
NWO-1020,PLANT_01,DC_NORTH,2026-03-02,78,3080.22
NWO-1020,PLANT_01,DC_NORTH,2026-03-09,89,3514.61
NWO-1020,PLANT_01,DC_NORTH,2026-03-16,98,3870.02
NWO-1020,PLANT_01,DC_NORTH,2026-03-23,98,3870.02
NWO-1020,PLANT_01,DC_NORTH,2026-03-30,78,3080.22
NWO-1020,PLANT_01,DC_NORTH,2026-04-06,113,4462.37
NWO-1020,PLANT_01,DC_NORTH,2026-04-13,82,3238.18
NWO-1020,PLANT_01,DC_NORTH,2026-04-20,82,3238.18
NWO-1020,PLANT_01,DC_NORTH,2026-04-27,103,4067.47
NWO-1020,PLANT_01,DC_NORTH,2026-05-04,89,3514.61
NWO-1020,PLANT_01,DC_NORTH,2026-05-11,74,2922.26
NWO-1020,PLANT_01,DC_NORTH,2026-05-18,110,4343.9
NWO-1020,PLANT_01,DC_NORTH,2026-05-25,110,4343.9
NWO-1020,PLANT_01,DC_NORTH,2026-06-01,90,3554.1
NWO-1020,PLANT_01,DC_SOUTH,2023-06-05,218,8608.82
NWO-1020,PLANT_01,DC_SOUTH,2023-06-12,166,6555.34
NWO-1020,PLANT_01,DC_SOUTH,2023-06-19,196,7740.04
NWO-1020,PLANT_01,DC_SOUTH,2023-06-26,181,7147.69
NWO-1020,PLANT_01,DC_SOUTH,2023-07-03,314,12399.86
NWO-1020,PLANT_01,DC_SOUTH,2023-07-10,296,11689.04
NWO-1020,PLANT_01,DC_SOUTH,2023-07-17,210,8292.9
NWO-1020,PLANT_01,DC_SOUTH,2023-07-24,177,6989.73
NWO-1020,PLANT_01,DC_SOUTH,2023-07-31,198,7819.02
NWO-1020,PLANT_01,DC_SOUTH,2023-08-07,172,6792.28
NWO-1020,PLANT_01,DC_SOUTH,2023-08-14,191,7542.59
NWO-1020,PLANT_01,DC_SOUTH,2023-08-21,201,7937.49
NWO-1020,PLANT_01,DC_SOUTH,2023-08-28,351,13860.99
NWO-1020,PLANT_01,DC_SOUTH,2023-09-04,209,8253.41
NWO-1020,PLANT_01,DC_SOUTH,2023-09-11,263,10385.87
NWO-1020,PLANT_01,DC_SOUTH,2023-09-18,178,7029.22
NWO-1020,PLANT_01,DC_SOUTH,2023-09-25,158,6239.42
NWO-1020,PLANT_01,DC_SOUTH,2023-10-02,173,6831.77
NWO-1020,PLANT_01,DC_SOUTH,2023-10-09,217,8569.33
NWO-1020,PLANT_01,DC_SOUTH,2023-10-16,200,7898.0
NWO-1020,PLANT_01,DC_SOUTH,2023-10-23,229,9043.21
NWO-1020,PLANT_01,DC_SOUTH,2023-10-30,228,9003.72
NWO-1020,PLANT_01,DC_SOUTH,2023-11-06,297,11728.53
NWO-1020,PLANT_01,DC_SOUTH,2023-11-13,217,8569.33
NWO-1020,PLANT_01,DC_SOUTH,2023-11-20,295,11649.55
NWO-1020,PLANT_01,DC_SOUTH,2023-11-27,198,7819.02
NWO-1020,PLANT_01,DC_SOUTH,2023-12-04,318,12557.82
NWO-1020,PLANT_01,DC_SOUTH,2023-12-11,276,10899.24
NWO-1020,PLANT_01,DC_SOUTH,2023-12-18,310,12241.9
NWO-1020,PLANT_01,DC_SOUTH,2023-12-25,247,9754.03
NWO-1020,PLANT_01,DC_SOUTH,2024-01-01,160,6318.4
NWO-1020,PLANT_01,DC_SOUTH,2024-01-08,192,7582.08
NWO-1020,PLANT_01,DC_SOUTH,2024-01-15,135,5331.15
NWO-1020,PLANT_01,DC_SOUTH,2024-01-22,141,5568.09
NWO-1020,PLANT_01,DC_SOUTH,2024-01-29,123,4857.27
NWO-1020,PLANT_01,DC_SOUTH,2024-02-05,112,4422.88
NWO-1020,PLANT_01,DC_SOUTH,2024-02-12,142,5607.58
NWO-1020,PLANT_01,DC_SOUTH,2024-02-19,172,6792.28
NWO-1020,PLANT_01,DC_SOUTH,2024-02-26,166,6555.34
NWO-1020,PLANT_01,DC_SOUTH,2024-03-04,174,6871.26
NWO-1020,PLANT_01,DC_SOUTH,2024-03-11,159,6278.91
NWO-1020,PLANT_01,DC_SOUTH,2024-03-18,207,8174.43
NWO-1020,PLANT_01,DC_SOUTH,2024-03-25,181,7147.69
NWO-1020,PLANT_01,DC_SOUTH,2024-04-01,222,8766.78
NWO-1020,PLANT_01,DC_SOUTH,2024-04-08,197,7779.53
NWO-1020,PLANT_01,DC_SOUTH,2024-04-15,219,8648.31
NWO-1020,PLANT_01,DC_SOUTH,2024-04-22,265,10464.85
NWO-1020,PLANT_01,DC_SOUTH,2024-04-29,192,7582.08
NWO-1020,PLANT_01,DC_SOUTH,2024-05-06,198,7819.02
NWO-1020,PLANT_01,DC_SOUTH,2024-05-13,203,8016.47
NWO-1020,PLANT_01,DC_SOUTH,2024-05-20,180,7108.2
NWO-1020,PLANT_01,DC_SOUTH,2024-05-27,249,9833.01
NWO-1020,PLANT_01,DC_SOUTH,2024-06-03,210,8292.9
NWO-1020,PLANT_01,DC_SOUTH,2024-06-10,216,8529.84
NWO-1020,PLANT_01,DC_SOUTH,2024-06-17,231,9122.19
NWO-1020,PLANT_01,DC_SOUTH,2024-06-24,241,9517.09
NWO-1020,PLANT_01,DC_SOUTH,2024-07-01,249,9833.01
NWO-1020,PLANT_01,DC_SOUTH,2024-07-08,246,9714.54
NWO-1020,PLANT_01,DC_SOUTH,2024-07-15,224,8845.76
NWO-1020,PLANT_01,DC_SOUTH,2024-07-22,222,8766.78
NWO-1020,PLANT_01,DC_SOUTH,2024-07-29,256,10109.44
NWO-1020,PLANT_01,DC_SOUTH,2024-08-05,206,8134.94
NWO-1020,PLANT_01,DC_SOUTH,2024-08-12,208,8213.92
NWO-1020,PLANT_01,DC_SOUTH,2024-08-19,183,7226.67
NWO-1020,PLANT_01,DC_SOUTH,2024-08-26,247,9754.03
NWO-1020,PLANT_01,DC_SOUTH,2024-09-02,222,8766.78
NWO-1020,PLANT_01,DC_SOUTH,2024-09-09,197,7779.53
NWO-1020,PLANT_01,DC_SOUTH,2024-09-16,197,7779.53
NWO-1020,PLANT_01,DC_SOUTH,2024-09-23,248,9793.52
NWO-1020,PLANT_01,DC_SOUTH,2024-09-30,241,9517.09
NWO-1020,PLANT_01,DC_SOUTH,2024-10-07,200,7898.0
NWO-1020,PLANT_01,DC_SOUTH,2024-10-14,205,8095.45
NWO-1020,PLANT_01,DC_SOUTH,2024-10-21,189,7463.61
NWO-1020,PLANT_01,DC_SOUTH,2024-10-28,223,8806.27
NWO-1020,PLANT_01,DC_SOUTH,2024-11-04,314,12399.86
NWO-1020,PLANT_01,DC_SOUTH,2024-11-11,285,11254.65
NWO-1020,PLANT_01,DC_SOUTH,2024-11-18,328,12952.72
NWO-1020,PLANT_01,DC_SOUTH,2024-11-25,292,11531.08
NWO-1020,PLANT_01,DC_SOUTH,2024-12-02,307,12123.43
NWO-1020,PLANT_01,DC_SOUTH,2024-12-09,302,11925.98
NWO-1020,PLANT_01,DC_SOUTH,2024-12-16,304,12004.96
NWO-1020,PLANT_01,DC_SOUTH,2024-12-23,363,14334.87
NWO-1020,PLANT_01,DC_SOUTH,2024-12-30,353,13939.97
NWO-1020,PLANT_01,DC_SOUTH,2025-01-06,175,6910.75
NWO-1020,PLANT_01,DC_SOUTH,2025-01-13,170,6713.3
NWO-1020,PLANT_01,DC_SOUTH,2025-01-20,158,6239.42
NWO-1020,PLANT_01,DC_SOUTH,2025-01-27,152,6002.48
NWO-1020,PLANT_01,DC_SOUTH,2025-02-03,169,6673.81
NWO-1020,PLANT_01,DC_SOUTH,2025-02-10,177,6989.73
NWO-1020,PLANT_01,DC_SOUTH,2025-02-17,184,7266.16
NWO-1020,PLANT_01,DC_SOUTH,2025-02-24,195,7700.55
NWO-1020,PLANT_01,DC_SOUTH,2025-03-03,241,9517.09
NWO-1020,PLANT_01,DC_SOUTH,2025-03-10,327,12913.23
NWO-1020,PLANT_01,DC_SOUTH,2025-03-17,255,10069.95
NWO-1020,PLANT_01,DC_SOUTH,2025-03-24,333,13150.17
NWO-1020,PLANT_01,DC_SOUTH,2025-03-31,208,8213.92
NWO-1020,PLANT_01,DC_SOUTH,2025-04-07,229,9043.21
NWO-1020,PLANT_01,DC_SOUTH,2025-04-14,207,8174.43
NWO-1020,PLANT_01,DC_SOUTH,2025-04-21,218,8608.82
NWO-1020,PLANT_01,DC_SOUTH,2025-04-28,200,7898.0
NWO-1020,PLANT_01,DC_SOUTH,2025-05-05,204,8055.96
NWO-1020,PLANT_01,DC_SOUTH,2025-05-12,222,8766.78
NWO-1020,PLANT_01,DC_SOUTH,2025-05-19,236,9319.64
NWO-1020,PLANT_01,DC_SOUTH,2025-05-26,226,8924.74
NWO-1020,PLANT_01,DC_SOUTH,2025-06-02,253,9990.97
NWO-1020,PLANT_01,DC_SOUTH,2025-06-09,244,9635.56
NWO-1020,PLANT_01,DC_SOUTH,2025-06-16,255,10069.95
NWO-1020,PLANT_01,DC_SOUTH,2025-06-23,222,8766.78
NWO-1020,PLANT_01,DC_SOUTH,2025-06-30,262,10346.38
NWO-1020,PLANT_01,DC_SOUTH,2025-07-07,238,9398.62
NWO-1020,PLANT_01,DC_SOUTH,2025-07-14,249,9833.01
NWO-1020,PLANT_01,DC_SOUTH,2025-07-21,270,10662.3
NWO-1020,PLANT_01,DC_SOUTH,2025-07-28,275,10859.75
NWO-1020,PLANT_01,DC_SOUTH,2025-08-04,232,9161.68
NWO-1020,PLANT_01,DC_SOUTH,2025-08-11,277,10938.73
NWO-1020,PLANT_01,DC_SOUTH,2025-08-18,245,9675.05
NWO-1020,PLANT_01,DC_SOUTH,2025-08-25,299,11807.51
NWO-1020,PLANT_01,DC_SOUTH,2025-09-01,270,10662.3
NWO-1020,PLANT_01,DC_SOUTH,2025-09-08,272,10741.28
NWO-1020,PLANT_01,DC_SOUTH,2025-09-15,212,8371.88
NWO-1020,PLANT_01,DC_SOUTH,2025-09-22,284,11215.16
NWO-1020,PLANT_01,DC_SOUTH,2025-09-29,268,10583.32
NWO-1020,PLANT_01,DC_SOUTH,2025-10-06,270,10662.3
NWO-1020,PLANT_01,DC_SOUTH,2025-10-13,258,10188.42
NWO-1020,PLANT_01,DC_SOUTH,2025-10-20,211,8332.39
NWO-1020,PLANT_01,DC_SOUTH,2025-10-27,257,10148.93
NWO-1020,PLANT_01,DC_SOUTH,2025-11-03,352,13900.48
NWO-1020,PLANT_01,DC_SOUTH,2025-11-10,313,12360.37
NWO-1020,PLANT_01,DC_SOUTH,2025-11-17,356,14058.44
NWO-1020,PLANT_01,DC_SOUTH,2025-11-24,291,11491.59
NWO-1020,PLANT_01,DC_SOUTH,2025-12-01,399,15756.51
NWO-1020,PLANT_01,DC_SOUTH,2025-12-08,319,12597.31
NWO-1020,PLANT_01,DC_SOUTH,2025-12-15,406,16032.94
NWO-1020,PLANT_01,DC_SOUTH,2025-12-22,358,14137.42
NWO-1020,PLANT_01,DC_SOUTH,2025-12-29,335,13229.15
NWO-1020,PLANT_01,DC_SOUTH,2026-01-05,206,8134.94
NWO-1020,PLANT_01,DC_SOUTH,2026-01-12,183,7226.67
NWO-1020,PLANT_01,DC_SOUTH,2026-01-19,171,6752.79
NWO-1020,PLANT_01,DC_SOUTH,2026-01-26,209,8253.41
NWO-1020,PLANT_01,DC_SOUTH,2026-02-02,195,7700.55
NWO-1020,PLANT_01,DC_SOUTH,2026-02-09,245,9675.05
NWO-1020,PLANT_01,DC_SOUTH,2026-02-16,215,8490.35
NWO-1020,PLANT_01,DC_SOUTH,2026-02-23,160,6318.4
NWO-1020,PLANT_01,DC_SOUTH,2026-03-02,217,8569.33
NWO-1020,PLANT_01,DC_SOUTH,2026-03-09,246,9714.54
NWO-1020,PLANT_01,DC_SOUTH,2026-03-16,207,8174.43
NWO-1020,PLANT_01,DC_SOUTH,2026-03-23,212,8371.88
NWO-1020,PLANT_01,DC_SOUTH,2026-03-30,228,9003.72
NWO-1020,PLANT_01,DC_SOUTH,2026-04-06,241,9517.09
NWO-1020,PLANT_01,DC_SOUTH,2026-04-13,232,9161.68
NWO-1020,PLANT_01,DC_SOUTH,2026-04-20,223,8806.27
NWO-1020,PLANT_01,DC_SOUTH,2026-04-27,249,9833.01
NWO-1020,PLANT_01,DC_SOUTH,2026-05-04,239,9438.11
NWO-1020,PLANT_01,DC_SOUTH,2026-05-11,247,9754.03
NWO-1020,PLANT_01,DC_SOUTH,2026-05-18,251,9911.99
NWO-1020,PLANT_01,DC_SOUTH,2026-05-25,285,11254.65
NWO-1020,PLANT_01,DC_SOUTH,2026-06-01,273,10780.77
NWO-1020,PLANT_01,DC_WEST,2023-06-05,193,7621.57
NWO-1020,PLANT_01,DC_WEST,2023-06-12,135,5331.15
NWO-1020,PLANT_01,DC_WEST,2023-06-19,133,5252.17
NWO-1020,PLANT_01,DC_WEST,2023-06-26,147,5805.03
NWO-1020,PLANT_01,DC_WEST,2023-07-03,147,5805.03
NWO-1020,PLANT_01,DC_WEST,2023-07-10,155,6120.95
NWO-1020,PLANT_01,DC_WEST,2023-07-17,162,6397.38
NWO-1020,PLANT_01,DC_WEST,2023-07-24,202,7976.98
NWO-1020,PLANT_01,DC_WEST,2023-07-31,173,6831.77
NWO-1020,PLANT_01,DC_WEST,2023-08-07,140,5528.6
NWO-1020,PLANT_01,DC_WEST,2023-08-14,128,5054.72
NWO-1020,PLANT_01,DC_WEST,2023-08-21,142,5607.58
NWO-1020,PLANT_01,DC_WEST,2023-08-28,154,6081.46
NWO-1020,PLANT_01,DC_WEST,2023-09-04,139,5489.11
NWO-1020,PLANT_01,DC_WEST,2023-09-11,160,6318.4
NWO-1020,PLANT_01,DC_WEST,2023-09-18,176,6950.24
NWO-1020,PLANT_01,DC_WEST,2023-09-25,144,5686.56
NWO-1020,PLANT_01,DC_WEST,2023-10-02,132,5212.68
NWO-1020,PLANT_01,DC_WEST,2023-10-09,152,6002.48
NWO-1020,PLANT_01,DC_WEST,2023-10-16,167,6594.83
NWO-1020,PLANT_01,DC_WEST,2023-10-23,194,7661.06
NWO-1020,PLANT_01,DC_WEST,2023-10-30,140,5528.6
NWO-1020,PLANT_01,DC_WEST,2023-11-06,231,9122.19
NWO-1020,PLANT_01,DC_WEST,2023-11-13,208,8213.92
NWO-1020,PLANT_01,DC_WEST,2023-11-20,212,8371.88
NWO-1020,PLANT_01,DC_WEST,2023-11-27,171,6752.79
NWO-1020,PLANT_01,DC_WEST,2023-12-04,230,9082.7
NWO-1020,PLANT_01,DC_WEST,2023-12-11,221,8727.29
NWO-1020,PLANT_01,DC_WEST,2023-12-18,229,9043.21
NWO-1020,PLANT_01,DC_WEST,2023-12-25,186,7345.14
NWO-1020,PLANT_01,DC_WEST,2024-01-01,118,4659.82
NWO-1020,PLANT_01,DC_WEST,2024-01-08,117,4620.33
NWO-1020,PLANT_01,DC_WEST,2024-01-15,133,5252.17
NWO-1020,PLANT_01,DC_WEST,2024-01-22,118,4659.82
NWO-1020,PLANT_01,DC_WEST,2024-01-29,112,4422.88
NWO-1020,PLANT_01,DC_WEST,2024-02-05,118,4659.82
NWO-1020,PLANT_01,DC_WEST,2024-02-12,111,4383.39
NWO-1020,PLANT_01,DC_WEST,2024-02-19,106,4185.94
NWO-1020,PLANT_01,DC_WEST,2024-02-26,107,4225.43
NWO-1020,PLANT_01,DC_WEST,2024-03-04,146,5765.54
NWO-1020,PLANT_01,DC_WEST,2024-03-11,130,5133.7
NWO-1020,PLANT_01,DC_WEST,2024-03-18,151,5962.99
NWO-1020,PLANT_01,DC_WEST,2024-03-25,143,5647.07
NWO-1020,PLANT_01,DC_WEST,2024-04-01,132,5212.68
NWO-1020,PLANT_01,DC_WEST,2024-04-08,192,7582.08
NWO-1020,PLANT_01,DC_WEST,2024-04-15,157,6199.93
NWO-1020,PLANT_01,DC_WEST,2024-04-22,149,5884.01
NWO-1020,PLANT_01,DC_WEST,2024-04-29,131,5173.19
NWO-1020,PLANT_01,DC_WEST,2024-05-06,148,5844.52
NWO-1020,PLANT_01,DC_WEST,2024-05-13,148,5844.52
NWO-1020,PLANT_01,DC_WEST,2024-05-20,171,6752.79
NWO-1020,PLANT_01,DC_WEST,2024-05-27,189,7463.61
NWO-1020,PLANT_01,DC_WEST,2024-06-03,169,6673.81
NWO-1020,PLANT_01,DC_WEST,2024-06-10,178,7029.22
NWO-1020,PLANT_01,DC_WEST,2024-06-17,141,5568.09
NWO-1020,PLANT_01,DC_WEST,2024-06-24,134,5291.66
NWO-1020,PLANT_01,DC_WEST,2024-07-01,172,6792.28
NWO-1020,PLANT_01,DC_WEST,2024-07-08,180,7108.2
NWO-1020,PLANT_01,DC_WEST,2024-07-15,143,5647.07
NWO-1020,PLANT_01,DC_WEST,2024-07-22,180,7108.2
NWO-1020,PLANT_01,DC_WEST,2024-07-29,171,6752.79
NWO-1020,PLANT_01,DC_WEST,2024-08-05,175,6910.75
NWO-1020,PLANT_01,DC_WEST,2024-08-12,167,6594.83
NWO-1020,PLANT_01,DC_WEST,2024-08-19,138,5449.62
NWO-1020,PLANT_01,DC_WEST,2024-08-26,177,6989.73
NWO-1020,PLANT_01,DC_WEST,2024-09-02,152,6002.48
NWO-1020,PLANT_01,DC_WEST,2024-09-09,172,6792.28
NWO-1020,PLANT_01,DC_WEST,2024-09-16,123,4857.27
NWO-1020,PLANT_01,DC_WEST,2024-09-23,162,6397.38
NWO-1020,PLANT_01,DC_WEST,2024-09-30,158,6239.42
NWO-1020,PLANT_01,DC_WEST,2024-10-07,179,7068.71
NWO-1020,PLANT_01,DC_WEST,2024-10-14,162,6397.38
NWO-1020,PLANT_01,DC_WEST,2024-10-21,163,6436.87
NWO-1020,PLANT_01,DC_WEST,2024-10-28,157,6199.93
NWO-1020,PLANT_01,DC_WEST,2024-11-04,210,8292.9
NWO-1020,PLANT_01,DC_WEST,2024-11-11,292,11531.08
NWO-1020,PLANT_01,DC_WEST,2024-11-18,223,8806.27
NWO-1020,PLANT_01,DC_WEST,2024-11-25,258,10188.42
NWO-1020,PLANT_01,DC_WEST,2024-12-02,264,10425.36
NWO-1020,PLANT_01,DC_WEST,2024-12-09,220,8687.8
NWO-1020,PLANT_01,DC_WEST,2024-12-16,227,8964.23
NWO-1020,PLANT_01,DC_WEST,2024-12-23,258,10188.42
NWO-1020,PLANT_01,DC_WEST,2024-12-30,213,8411.37
NWO-1020,PLANT_01,DC_WEST,2025-01-06,152,6002.48
NWO-1020,PLANT_01,DC_WEST,2025-01-13,132,5212.68
NWO-1020,PLANT_01,DC_WEST,2025-01-20,132,5212.68
NWO-1020,PLANT_01,DC_WEST,2025-01-27,141,5568.09
NWO-1020,PLANT_01,DC_WEST,2025-02-03,125,4936.25
NWO-1020,PLANT_01,DC_WEST,2025-02-10,134,5291.66
NWO-1020,PLANT_01,DC_WEST,2025-02-17,134,5291.66
NWO-1020,PLANT_01,DC_WEST,2025-02-24,148,5844.52
NWO-1020,PLANT_01,DC_WEST,2025-03-03,146,5765.54
NWO-1020,PLANT_01,DC_WEST,2025-03-10,125,4936.25
NWO-1020,PLANT_01,DC_WEST,2025-03-17,145,5726.05
NWO-1020,PLANT_01,DC_WEST,2025-03-24,183,7226.67
NWO-1020,PLANT_01,DC_WEST,2025-03-31,193,7621.57
NWO-1020,PLANT_01,DC_WEST,2025-04-07,186,7345.14
NWO-1020,PLANT_01,DC_WEST,2025-04-14,172,6792.28
NWO-1020,PLANT_01,DC_WEST,2025-04-21,170,6713.3
NWO-1020,PLANT_01,DC_WEST,2025-04-28,144,5686.56
NWO-1020,PLANT_01,DC_WEST,2025-05-05,221,8727.29
NWO-1020,PLANT_01,DC_WEST,2025-05-12,156,6160.44
NWO-1020,PLANT_01,DC_WEST,2025-05-19,188,7424.12
NWO-1020,PLANT_01,DC_WEST,2025-05-26,157,6199.93
NWO-1020,PLANT_01,DC_WEST,2025-06-02,144,5686.56
NWO-1020,PLANT_01,DC_WEST,2025-06-09,206,8134.94
NWO-1020,PLANT_01,DC_WEST,2025-06-16,184,7266.16
NWO-1020,PLANT_01,DC_WEST,2025-06-23,210,8292.9
NWO-1020,PLANT_01,DC_WEST,2025-06-30,220,8687.8
NWO-1020,PLANT_01,DC_WEST,2025-07-07,176,6950.24
NWO-1020,PLANT_01,DC_WEST,2025-07-14,175,6910.75
NWO-1020,PLANT_01,DC_WEST,2025-07-21,193,7621.57
NWO-1020,PLANT_01,DC_WEST,2025-07-28,222,8766.78
NWO-1020,PLANT_01,DC_WEST,2025-08-04,204,8055.96
NWO-1020,PLANT_01,DC_WEST,2025-08-11,220,8687.8
NWO-1020,PLANT_01,DC_WEST,2025-08-18,192,7582.08
NWO-1020,PLANT_01,DC_WEST,2025-08-25,171,6752.79
NWO-1020,PLANT_01,DC_WEST,2025-09-01,165,6515.85
NWO-1020,PLANT_01,DC_WEST,2025-09-08,171,6752.79
NWO-1020,PLANT_01,DC_WEST,2025-09-15,178,7029.22
NWO-1020,PLANT_01,DC_WEST,2025-09-22,179,7068.71
NWO-1020,PLANT_01,DC_WEST,2025-09-29,212,8371.88
NWO-1020,PLANT_01,DC_WEST,2025-10-06,163,6436.87
NWO-1020,PLANT_01,DC_WEST,2025-10-13,193,7621.57
NWO-1020,PLANT_01,DC_WEST,2025-10-20,160,6318.4
NWO-1020,PLANT_01,DC_WEST,2025-10-27,189,7463.61
NWO-1020,PLANT_01,DC_WEST,2025-11-03,323,12755.27
NWO-1020,PLANT_01,DC_WEST,2025-11-10,279,11017.71
NWO-1020,PLANT_01,DC_WEST,2025-11-17,286,11294.14
NWO-1020,PLANT_01,DC_WEST,2025-11-24,297,11728.53
NWO-1020,PLANT_01,DC_WEST,2025-12-01,229,9043.21
NWO-1020,PLANT_01,DC_WEST,2025-12-08,275,10859.75
NWO-1020,PLANT_01,DC_WEST,2025-12-15,233,9201.17
NWO-1020,PLANT_01,DC_WEST,2025-12-22,282,11136.18
NWO-1020,PLANT_01,DC_WEST,2025-12-29,226,8924.74
NWO-1020,PLANT_01,DC_WEST,2026-01-05,144,5686.56
NWO-1020,PLANT_01,DC_WEST,2026-01-12,146,5765.54
NWO-1020,PLANT_01,DC_WEST,2026-01-19,146,5765.54
NWO-1020,PLANT_01,DC_WEST,2026-01-26,141,5568.09
NWO-1020,PLANT_01,DC_WEST,2026-02-02,157,6199.93
NWO-1020,PLANT_01,DC_WEST,2026-02-09,172,6792.28
NWO-1020,PLANT_01,DC_WEST,2026-02-16,129,5094.21
NWO-1020,PLANT_01,DC_WEST,2026-02-23,164,6476.36
NWO-1020,PLANT_01,DC_WEST,2026-03-02,160,6318.4
NWO-1020,PLANT_01,DC_WEST,2026-03-09,185,7305.65
NWO-1020,PLANT_01,DC_WEST,2026-03-16,154,6081.46
NWO-1020,PLANT_01,DC_WEST,2026-03-23,161,6357.89
NWO-1020,PLANT_01,DC_WEST,2026-03-30,155,6120.95
NWO-1020,PLANT_01,DC_WEST,2026-04-06,182,7187.18
NWO-1020,PLANT_01,DC_WEST,2026-04-13,160,6318.4
NWO-1020,PLANT_01,DC_WEST,2026-04-20,165,6515.85
NWO-1020,PLANT_01,DC_WEST,2026-04-27,209,8253.41
NWO-1020,PLANT_01,DC_WEST,2026-05-04,141,5568.09
NWO-1020,PLANT_01,DC_WEST,2026-05-11,162,6397.38
NWO-1020,PLANT_01,DC_WEST,2026-05-18,183,7226.67
NWO-1020,PLANT_01,DC_WEST,2026-05-25,232,9161.68
NWO-1020,PLANT_01,DC_WEST,2026-06-01,261,10306.89
NWO-1021,PLANT_01,DC_NORTH,2023-06-05,68,10533.2
NWO-1021,PLANT_01,DC_NORTH,2023-06-12,49,7590.1
NWO-1021,PLANT_01,DC_NORTH,2023-06-19,49,7590.1
NWO-1021,PLANT_01,DC_NORTH,2023-06-26,49,7590.1
NWO-1021,PLANT_01,DC_NORTH,2023-07-03,62,9603.8
NWO-1021,PLANT_01,DC_NORTH,2023-07-10,48,7435.2
NWO-1021,PLANT_01,DC_NORTH,2023-07-17,68,10533.2
NWO-1021,PLANT_01,DC_NORTH,2023-07-24,48,7435.2
NWO-1021,PLANT_01,DC_NORTH,2023-07-31,71,10997.9
NWO-1021,PLANT_01,DC_NORTH,2023-08-07,63,9758.7
NWO-1021,PLANT_01,DC_NORTH,2023-08-14,49,7590.1
NWO-1021,PLANT_01,DC_NORTH,2023-08-21,47,7280.3
NWO-1021,PLANT_01,DC_NORTH,2023-08-28,50,7745.0
NWO-1021,PLANT_01,DC_NORTH,2023-09-04,45,6970.5
NWO-1021,PLANT_01,DC_NORTH,2023-09-11,36,5576.4
NWO-1021,PLANT_01,DC_NORTH,2023-09-18,60,9294.0
NWO-1021,PLANT_01,DC_NORTH,2023-09-25,39,6041.1
NWO-1021,PLANT_01,DC_NORTH,2023-10-02,46,7125.4
NWO-1021,PLANT_01,DC_NORTH,2023-10-09,66,10223.4
NWO-1021,PLANT_01,DC_NORTH,2023-10-16,44,6815.6
NWO-1021,PLANT_01,DC_NORTH,2023-10-23,53,8209.7
NWO-1021,PLANT_01,DC_NORTH,2023-10-30,48,7435.2
NWO-1021,PLANT_01,DC_NORTH,2023-11-06,78,12082.2
NWO-1021,PLANT_01,DC_NORTH,2023-11-13,56,8674.4
NWO-1021,PLANT_01,DC_NORTH,2023-11-20,58,8984.2
NWO-1021,PLANT_01,DC_NORTH,2023-11-27,55,8519.5
NWO-1021,PLANT_01,DC_NORTH,2023-12-04,60,9294.0
NWO-1021,PLANT_01,DC_NORTH,2023-12-11,82,12701.8
NWO-1021,PLANT_01,DC_NORTH,2023-12-18,67,10378.3
NWO-1021,PLANT_01,DC_NORTH,2023-12-25,72,11152.8
NWO-1021,PLANT_01,DC_NORTH,2024-01-01,37,5731.3
NWO-1021,PLANT_01,DC_NORTH,2024-01-08,35,5421.5
NWO-1021,PLANT_01,DC_NORTH,2024-01-15,38,5886.2
NWO-1021,PLANT_01,DC_NORTH,2024-01-22,40,6196.0
NWO-1021,PLANT_01,DC_NORTH,2024-01-29,29,4492.1
NWO-1021,PLANT_01,DC_NORTH,2024-02-05,33,5111.7
NWO-1021,PLANT_01,DC_NORTH,2024-02-12,39,6041.1
NWO-1021,PLANT_01,DC_NORTH,2024-02-19,36,5576.4
NWO-1021,PLANT_01,DC_NORTH,2024-02-26,37,5731.3
NWO-1021,PLANT_01,DC_NORTH,2024-03-04,48,7435.2
NWO-1021,PLANT_01,DC_NORTH,2024-03-11,37,5731.3
NWO-1021,PLANT_01,DC_NORTH,2024-03-18,44,6815.6
NWO-1021,PLANT_01,DC_NORTH,2024-03-25,40,6196.0
NWO-1021,PLANT_01,DC_NORTH,2024-04-01,46,7125.4
NWO-1021,PLANT_01,DC_NORTH,2024-04-08,40,6196.0
NWO-1021,PLANT_01,DC_NORTH,2024-04-15,55,8519.5
NWO-1021,PLANT_01,DC_NORTH,2024-04-22,59,9139.1
NWO-1021,PLANT_01,DC_NORTH,2024-04-29,47,7280.3
NWO-1021,PLANT_01,DC_NORTH,2024-05-06,46,7125.4
NWO-1021,PLANT_01,DC_NORTH,2024-05-13,44,6815.6
NWO-1021,PLANT_01,DC_NORTH,2024-05-20,50,7745.0
NWO-1021,PLANT_01,DC_NORTH,2024-05-27,52,8054.8
NWO-1021,PLANT_01,DC_NORTH,2024-06-03,67,10378.3
NWO-1021,PLANT_01,DC_NORTH,2024-06-10,45,6970.5
NWO-1021,PLANT_01,DC_NORTH,2024-06-17,46,7125.4
NWO-1021,PLANT_01,DC_NORTH,2024-06-24,106,16419.4
NWO-1021,PLANT_01,DC_NORTH,2024-07-01,67,10378.3
NWO-1021,PLANT_01,DC_NORTH,2024-07-08,51,7899.9
NWO-1021,PLANT_01,DC_NORTH,2024-07-15,52,8054.8
NWO-1021,PLANT_01,DC_NORTH,2024-07-22,41,6350.9
NWO-1021,PLANT_01,DC_NORTH,2024-07-29,57,8829.3
NWO-1021,PLANT_01,DC_NORTH,2024-08-05,49,7590.1
NWO-1021,PLANT_01,DC_NORTH,2024-08-12,51,7899.9
NWO-1021,PLANT_01,DC_NORTH,2024-08-19,43,6660.7
NWO-1021,PLANT_01,DC_NORTH,2024-08-26,49,7590.1
NWO-1021,PLANT_01,DC_NORTH,2024-09-02,50,7745.0
NWO-1021,PLANT_01,DC_NORTH,2024-09-09,57,8829.3
NWO-1021,PLANT_01,DC_NORTH,2024-09-16,45,6970.5
NWO-1021,PLANT_01,DC_NORTH,2024-09-23,40,6196.0
NWO-1021,PLANT_01,DC_NORTH,2024-09-30,48,7435.2
NWO-1021,PLANT_01,DC_NORTH,2024-10-07,46,7125.4
NWO-1021,PLANT_01,DC_NORTH,2024-10-14,51,7899.9
NWO-1021,PLANT_01,DC_NORTH,2024-10-21,34,5266.6
NWO-1021,PLANT_01,DC_NORTH,2024-10-28,44,6815.6
NWO-1021,PLANT_01,DC_NORTH,2024-11-04,49,7590.1
NWO-1021,PLANT_01,DC_NORTH,2024-11-11,62,9603.8
NWO-1021,PLANT_01,DC_NORTH,2024-11-18,50,7745.0
NWO-1021,PLANT_01,DC_NORTH,2024-11-25,64,9913.6
NWO-1021,PLANT_01,DC_NORTH,2024-12-02,53,8209.7
NWO-1021,PLANT_01,DC_NORTH,2024-12-09,73,11307.7
NWO-1021,PLANT_01,DC_NORTH,2024-12-16,64,9913.6
NWO-1021,PLANT_01,DC_NORTH,2024-12-23,79,12237.1
NWO-1021,PLANT_01,DC_NORTH,2024-12-30,67,10378.3
NWO-1021,PLANT_01,DC_NORTH,2025-01-06,40,6196.0
NWO-1021,PLANT_01,DC_NORTH,2025-01-13,37,5731.3
NWO-1021,PLANT_01,DC_NORTH,2025-01-20,41,6350.9
NWO-1021,PLANT_01,DC_NORTH,2025-01-27,39,6041.1
NWO-1021,PLANT_01,DC_NORTH,2025-02-03,43,6660.7
NWO-1021,PLANT_01,DC_NORTH,2025-02-10,32,4956.8
NWO-1021,PLANT_01,DC_NORTH,2025-02-17,32,4956.8
NWO-1021,PLANT_01,DC_NORTH,2025-02-24,34,5266.6
NWO-1021,PLANT_01,DC_NORTH,2025-03-03,38,5886.2
NWO-1021,PLANT_01,DC_NORTH,2025-03-10,27,4182.3
NWO-1021,PLANT_01,DC_NORTH,2025-03-17,43,6660.7
NWO-1021,PLANT_01,DC_NORTH,2025-03-24,55,8519.5
NWO-1021,PLANT_01,DC_NORTH,2025-03-31,29,4492.1
NWO-1021,PLANT_01,DC_NORTH,2025-04-07,44,6815.6
NWO-1021,PLANT_01,DC_NORTH,2025-04-14,40,6196.0
NWO-1021,PLANT_01,DC_NORTH,2025-04-21,50,7745.0
NWO-1021,PLANT_01,DC_NORTH,2025-04-28,47,7280.3
NWO-1021,PLANT_01,DC_NORTH,2025-05-05,52,8054.8
NWO-1021,PLANT_01,DC_NORTH,2025-05-12,59,9139.1
NWO-1021,PLANT_01,DC_NORTH,2025-05-19,49,7590.1
NWO-1021,PLANT_01,DC_NORTH,2025-05-26,50,7745.0
NWO-1021,PLANT_01,DC_NORTH,2025-06-02,47,7280.3
NWO-1021,PLANT_01,DC_NORTH,2025-06-09,50,7745.0
NWO-1021,PLANT_01,DC_NORTH,2025-06-16,40,6196.0
NWO-1021,PLANT_01,DC_NORTH,2025-06-23,54,8364.6
NWO-1021,PLANT_01,DC_NORTH,2025-06-30,38,5886.2
NWO-1021,PLANT_01,DC_NORTH,2025-07-07,53,8209.7
NWO-1021,PLANT_01,DC_NORTH,2025-07-14,38,5886.2
NWO-1021,PLANT_01,DC_NORTH,2025-07-21,36,5576.4
NWO-1021,PLANT_01,DC_NORTH,2025-07-28,29,4492.1
NWO-1021,PLANT_01,DC_NORTH,2025-08-04,27,4182.3
NWO-1021,PLANT_01,DC_NORTH,2025-08-11,22,3407.8
NWO-1021,PLANT_01,DC_NORTH,2025-08-18,26,4027.4
NWO-1021,PLANT_01,DC_NORTH,2025-08-25,20,3098.0
NWO-1021,PLANT_01,DC_NORTH,2025-09-01,12,1858.8
NWO-1021,PLANT_01,DC_NORTH,2025-09-08,12,1858.8
NWO-1021,PLANT_01,DC_NORTH,2025-09-15,8,1239.2
NWO-1021,PLANT_01,DC_NORTH,2025-09-22,6,929.4
NWO-1021,PLANT_01,DC_NORTH,2025-09-29,3,464.7
NWO-1021,PLANT_01,DC_SOUTH,2023-06-05,128,19827.2
NWO-1021,PLANT_01,DC_SOUTH,2023-06-12,145,22460.5
NWO-1021,PLANT_01,DC_SOUTH,2023-06-19,133,20601.7
NWO-1021,PLANT_01,DC_SOUTH,2023-06-26,129,19982.1
NWO-1021,PLANT_01,DC_SOUTH,2023-07-03,155,24009.5
NWO-1021,PLANT_01,DC_SOUTH,2023-07-10,129,19982.1
NWO-1021,PLANT_01,DC_SOUTH,2023-07-17,125,19362.5
NWO-1021,PLANT_01,DC_SOUTH,2023-07-24,142,21995.8
NWO-1021,PLANT_01,DC_SOUTH,2023-07-31,144,22305.6
NWO-1021,PLANT_01,DC_SOUTH,2023-08-07,125,19362.5
NWO-1021,PLANT_01,DC_SOUTH,2023-08-14,143,22150.7
NWO-1021,PLANT_01,DC_SOUTH,2023-08-21,151,23389.9
NWO-1021,PLANT_01,DC_SOUTH,2023-08-28,140,21686.0
NWO-1021,PLANT_01,DC_SOUTH,2023-09-04,140,21686.0
NWO-1021,PLANT_01,DC_SOUTH,2023-09-11,141,21840.9
NWO-1021,PLANT_01,DC_SOUTH,2023-09-18,127,19672.3
NWO-1021,PLANT_01,DC_SOUTH,2023-09-25,137,21221.3
NWO-1021,PLANT_01,DC_SOUTH,2023-10-02,125,19362.5
NWO-1021,PLANT_01,DC_SOUTH,2023-10-09,134,20756.6
NWO-1021,PLANT_01,DC_SOUTH,2023-10-16,115,17813.5
NWO-1021,PLANT_01,DC_SOUTH,2023-10-23,183,28346.7
NWO-1021,PLANT_01,DC_SOUTH,2023-10-30,136,21066.4
NWO-1021,PLANT_01,DC_SOUTH,2023-11-06,172,26642.8
NWO-1021,PLANT_01,DC_SOUTH,2023-11-13,174,26952.6
NWO-1021,PLANT_01,DC_SOUTH,2023-11-20,158,24474.2
NWO-1021,PLANT_01,DC_SOUTH,2023-11-27,170,26333.0
NWO-1021,PLANT_01,DC_SOUTH,2023-12-04,183,28346.7
NWO-1021,PLANT_01,DC_SOUTH,2023-12-11,190,29431.0
NWO-1021,PLANT_01,DC_SOUTH,2023-12-18,217,33613.3
NWO-1021,PLANT_01,DC_SOUTH,2023-12-25,215,33303.5
NWO-1021,PLANT_01,DC_SOUTH,2024-01-01,116,17968.4
NWO-1021,PLANT_01,DC_SOUTH,2024-01-08,97,15025.3
NWO-1021,PLANT_01,DC_SOUTH,2024-01-15,94,14560.6
NWO-1021,PLANT_01,DC_SOUTH,2024-01-22,94,14560.6
NWO-1021,PLANT_01,DC_SOUTH,2024-01-29,126,19517.4
NWO-1021,PLANT_01,DC_SOUTH,2024-02-05,89,13786.1
NWO-1021,PLANT_01,DC_SOUTH,2024-02-12,90,13941.0
NWO-1021,PLANT_01,DC_SOUTH,2024-02-19,111,17193.9
NWO-1021,PLANT_01,DC_SOUTH,2024-02-26,93,14405.7
NWO-1021,PLANT_01,DC_SOUTH,2024-03-04,131,20291.9
NWO-1021,PLANT_01,DC_SOUTH,2024-03-11,133,20601.7
NWO-1021,PLANT_01,DC_SOUTH,2024-03-18,95,14715.5
NWO-1021,PLANT_01,DC_SOUTH,2024-03-25,109,16884.1
NWO-1021,PLANT_01,DC_SOUTH,2024-04-01,107,16574.3
NWO-1021,PLANT_01,DC_SOUTH,2024-04-08,127,19672.3
NWO-1021,PLANT_01,DC_SOUTH,2024-04-15,117,18123.3
NWO-1021,PLANT_01,DC_SOUTH,2024-04-22,116,17968.4
NWO-1021,PLANT_01,DC_SOUTH,2024-04-29,116,17968.4
NWO-1021,PLANT_01,DC_SOUTH,2024-05-06,115,17813.5
NWO-1021,PLANT_01,DC_SOUTH,2024-05-13,136,21066.4
NWO-1021,PLANT_01,DC_SOUTH,2024-05-20,125,19362.5
NWO-1021,PLANT_01,DC_SOUTH,2024-05-27,129,19982.1
NWO-1021,PLANT_01,DC_SOUTH,2024-06-03,125,19362.5
NWO-1021,PLANT_01,DC_SOUTH,2024-06-10,117,18123.3
NWO-1021,PLANT_01,DC_SOUTH,2024-06-17,161,24938.9
NWO-1021,PLANT_01,DC_SOUTH,2024-06-24,158,24474.2
NWO-1021,PLANT_01,DC_SOUTH,2024-07-01,138,21376.2
NWO-1021,PLANT_01,DC_SOUTH,2024-07-08,139,21531.1
NWO-1021,PLANT_01,DC_SOUTH,2024-07-15,140,21686.0
NWO-1021,PLANT_01,DC_SOUTH,2024-07-22,143,22150.7
NWO-1021,PLANT_01,DC_SOUTH,2024-07-29,153,23699.7
NWO-1021,PLANT_01,DC_SOUTH,2024-08-05,158,24474.2
NWO-1021,PLANT_01,DC_SOUTH,2024-08-12,142,21995.8
NWO-1021,PLANT_01,DC_SOUTH,2024-08-19,170,26333.0
NWO-1021,PLANT_01,DC_SOUTH,2024-08-26,129,19982.1
NWO-1021,PLANT_01,DC_SOUTH,2024-09-02,133,20601.7
NWO-1021,PLANT_01,DC_SOUTH,2024-09-09,113,17503.7
NWO-1021,PLANT_01,DC_SOUTH,2024-09-16,114,17658.6
NWO-1021,PLANT_01,DC_SOUTH,2024-09-23,107,16574.3
NWO-1021,PLANT_01,DC_SOUTH,2024-09-30,103,15954.7
NWO-1021,PLANT_01,DC_SOUTH,2024-10-07,117,18123.3
NWO-1021,PLANT_01,DC_SOUTH,2024-10-14,126,19517.4
NWO-1021,PLANT_01,DC_SOUTH,2024-10-21,122,18897.8
NWO-1021,PLANT_01,DC_SOUTH,2024-10-28,161,24938.9
NWO-1021,PLANT_01,DC_SOUTH,2024-11-04,194,30050.6
NWO-1021,PLANT_01,DC_SOUTH,2024-11-11,176,27262.4
NWO-1021,PLANT_01,DC_SOUTH,2024-11-18,169,26178.1
NWO-1021,PLANT_01,DC_SOUTH,2024-11-25,176,27262.4
NWO-1021,PLANT_01,DC_SOUTH,2024-12-02,179,27727.1
NWO-1021,PLANT_01,DC_SOUTH,2024-12-09,185,28656.5
NWO-1021,PLANT_01,DC_SOUTH,2024-12-16,154,23854.6
NWO-1021,PLANT_01,DC_SOUTH,2024-12-23,188,29121.2
NWO-1021,PLANT_01,DC_SOUTH,2024-12-30,279,43217.1
NWO-1021,PLANT_01,DC_SOUTH,2025-01-06,119,18433.1
NWO-1021,PLANT_01,DC_SOUTH,2025-01-13,109,16884.1
NWO-1021,PLANT_01,DC_SOUTH,2025-01-20,103,15954.7
NWO-1021,PLANT_01,DC_SOUTH,2025-01-27,114,17658.6
NWO-1021,PLANT_01,DC_SOUTH,2025-02-03,109,16884.1
NWO-1021,PLANT_01,DC_SOUTH,2025-02-10,123,19052.7
NWO-1021,PLANT_01,DC_SOUTH,2025-02-17,114,17658.6
NWO-1021,PLANT_01,DC_SOUTH,2025-02-24,123,19052.7
NWO-1021,PLANT_01,DC_SOUTH,2025-03-03,164,25403.6
NWO-1021,PLANT_01,DC_SOUTH,2025-03-10,138,21376.2
NWO-1021,PLANT_01,DC_SOUTH,2025-03-17,109,16884.1
NWO-1021,PLANT_01,DC_SOUTH,2025-03-24,115,17813.5
NWO-1021,PLANT_01,DC_SOUTH,2025-03-31,140,21686.0
NWO-1021,PLANT_01,DC_SOUTH,2025-04-07,123,19052.7
NWO-1021,PLANT_01,DC_SOUTH,2025-04-14,106,16419.4
NWO-1021,PLANT_01,DC_SOUTH,2025-04-21,115,17813.5
NWO-1021,PLANT_01,DC_SOUTH,2025-04-28,115,17813.5
NWO-1021,PLANT_01,DC_SOUTH,2025-05-05,105,16264.5
NWO-1021,PLANT_01,DC_SOUTH,2025-05-12,138,21376.2
NWO-1021,PLANT_01,DC_SOUTH,2025-05-19,112,17348.8
NWO-1021,PLANT_01,DC_SOUTH,2025-05-26,136,21066.4
NWO-1021,PLANT_01,DC_SOUTH,2025-06-02,127,19672.3
NWO-1021,PLANT_01,DC_SOUTH,2025-06-09,158,24474.2
NWO-1021,PLANT_01,DC_SOUTH,2025-06-16,166,25713.4
NWO-1021,PLANT_01,DC_SOUTH,2025-06-23,143,22150.7
NWO-1021,PLANT_01,DC_SOUTH,2025-06-30,133,20601.7
NWO-1021,PLANT_01,DC_SOUTH,2025-07-07,121,18742.9
NWO-1021,PLANT_01,DC_SOUTH,2025-07-14,125,19362.5
NWO-1021,PLANT_01,DC_SOUTH,2025-07-21,106,16419.4
NWO-1021,PLANT_01,DC_SOUTH,2025-07-28,110,17039.0
NWO-1021,PLANT_01,DC_SOUTH,2025-08-04,77,11927.3
NWO-1021,PLANT_01,DC_SOUTH,2025-08-11,80,12392.0
NWO-1021,PLANT_01,DC_SOUTH,2025-08-18,54,8364.6
NWO-1021,PLANT_01,DC_SOUTH,2025-08-25,50,7745.0
NWO-1021,PLANT_01,DC_SOUTH,2025-09-01,40,6196.0
NWO-1021,PLANT_01,DC_SOUTH,2025-09-08,34,5266.6
NWO-1021,PLANT_01,DC_SOUTH,2025-09-15,21,3252.9
NWO-1021,PLANT_01,DC_SOUTH,2025-09-22,15,2323.5
NWO-1021,PLANT_01,DC_SOUTH,2025-09-29,8,1239.2
NWO-1021,PLANT_01,DC_WEST,2023-06-05,118,18278.2
NWO-1021,PLANT_01,DC_WEST,2023-06-12,105,16264.5
NWO-1021,PLANT_01,DC_WEST,2023-06-19,102,15799.8
NWO-1021,PLANT_01,DC_WEST,2023-06-26,113,17503.7
NWO-1021,PLANT_01,DC_WEST,2023-07-03,113,17503.7
NWO-1021,PLANT_01,DC_WEST,2023-07-10,101,15644.9
NWO-1021,PLANT_01,DC_WEST,2023-07-17,92,14250.8
NWO-1021,PLANT_01,DC_WEST,2023-07-24,104,16109.6
NWO-1021,PLANT_01,DC_WEST,2023-07-31,124,19207.6
NWO-1021,PLANT_01,DC_WEST,2023-08-07,127,19672.3
NWO-1021,PLANT_01,DC_WEST,2023-08-14,97,15025.3
NWO-1021,PLANT_01,DC_WEST,2023-08-21,113,17503.7
NWO-1021,PLANT_01,DC_WEST,2023-08-28,92,14250.8
NWO-1021,PLANT_01,DC_WEST,2023-09-04,100,15490.0
NWO-1021,PLANT_01,DC_WEST,2023-09-11,104,16109.6
NWO-1021,PLANT_01,DC_WEST,2023-09-18,107,16574.3
NWO-1021,PLANT_01,DC_WEST,2023-09-25,84,13011.6
NWO-1021,PLANT_01,DC_WEST,2023-10-02,107,16574.3
NWO-1021,PLANT_01,DC_WEST,2023-10-09,100,15490.0
NWO-1021,PLANT_01,DC_WEST,2023-10-16,89,13786.1
NWO-1021,PLANT_01,DC_WEST,2023-10-23,110,17039.0
NWO-1021,PLANT_01,DC_WEST,2023-10-30,102,15799.8
NWO-1021,PLANT_01,DC_WEST,2023-11-06,132,20446.8
NWO-1021,PLANT_01,DC_WEST,2023-11-13,129,19982.1
NWO-1021,PLANT_01,DC_WEST,2023-11-20,131,20291.9
NWO-1021,PLANT_01,DC_WEST,2023-11-27,125,19362.5
NWO-1021,PLANT_01,DC_WEST,2023-12-04,162,25093.8
NWO-1021,PLANT_01,DC_WEST,2023-12-11,128,19827.2
NWO-1021,PLANT_01,DC_WEST,2023-12-18,131,20291.9
NWO-1021,PLANT_01,DC_WEST,2023-12-25,158,24474.2
NWO-1021,PLANT_01,DC_WEST,2024-01-01,90,13941.0
NWO-1021,PLANT_01,DC_WEST,2024-01-08,67,10378.3
NWO-1021,PLANT_01,DC_WEST,2024-01-15,78,12082.2
NWO-1021,PLANT_01,DC_WEST,2024-01-22,68,10533.2
NWO-1021,PLANT_01,DC_WEST,2024-01-29,76,11772.4
NWO-1021,PLANT_01,DC_WEST,2024-02-05,87,13476.3
NWO-1021,PLANT_01,DC_WEST,2024-02-12,70,10843.0
NWO-1021,PLANT_01,DC_WEST,2024-02-19,67,10378.3
NWO-1021,PLANT_01,DC_WEST,2024-02-26,84,13011.6
NWO-1021,PLANT_01,DC_WEST,2024-03-04,78,12082.2
NWO-1021,PLANT_01,DC_WEST,2024-03-11,80,12392.0
NWO-1021,PLANT_01,DC_WEST,2024-03-18,84,13011.6
NWO-1021,PLANT_01,DC_WEST,2024-03-25,87,13476.3
NWO-1021,PLANT_01,DC_WEST,2024-04-01,95,14715.5
NWO-1021,PLANT_01,DC_WEST,2024-04-08,92,14250.8
NWO-1021,PLANT_01,DC_WEST,2024-04-15,92,14250.8
NWO-1021,PLANT_01,DC_WEST,2024-04-22,98,15180.2
NWO-1021,PLANT_01,DC_WEST,2024-04-29,96,14870.4
NWO-1021,PLANT_01,DC_WEST,2024-05-06,82,12701.8
NWO-1021,PLANT_01,DC_WEST,2024-05-13,91,14095.9
NWO-1021,PLANT_01,DC_WEST,2024-05-20,104,16109.6
NWO-1021,PLANT_01,DC_WEST,2024-05-27,84,13011.6
NWO-1021,PLANT_01,DC_WEST,2024-06-03,105,16264.5
NWO-1021,PLANT_01,DC_WEST,2024-06-10,101,15644.9
NWO-1021,PLANT_01,DC_WEST,2024-06-17,97,15025.3
NWO-1021,PLANT_01,DC_WEST,2024-06-24,114,17658.6
NWO-1021,PLANT_01,DC_WEST,2024-07-01,111,17193.9
NWO-1021,PLANT_01,DC_WEST,2024-07-08,99,15335.1
NWO-1021,PLANT_01,DC_WEST,2024-07-15,108,16729.2
NWO-1021,PLANT_01,DC_WEST,2024-07-22,129,19982.1
NWO-1021,PLANT_01,DC_WEST,2024-07-29,96,14870.4
NWO-1021,PLANT_01,DC_WEST,2024-08-05,107,16574.3
NWO-1021,PLANT_01,DC_WEST,2024-08-12,97,15025.3
NWO-1021,PLANT_01,DC_WEST,2024-08-19,103,15954.7
NWO-1021,PLANT_01,DC_WEST,2024-08-26,89,13786.1
NWO-1021,PLANT_01,DC_WEST,2024-09-02,98,15180.2
NWO-1021,PLANT_01,DC_WEST,2024-09-09,99,15335.1
NWO-1021,PLANT_01,DC_WEST,2024-09-16,92,14250.8
NWO-1021,PLANT_01,DC_WEST,2024-09-23,103,15954.7
NWO-1021,PLANT_01,DC_WEST,2024-09-30,77,11927.3
NWO-1021,PLANT_01,DC_WEST,2024-10-07,103,15954.7
NWO-1021,PLANT_01,DC_WEST,2024-10-14,108,16729.2
NWO-1021,PLANT_01,DC_WEST,2024-10-21,94,14560.6
NWO-1021,PLANT_01,DC_WEST,2024-10-28,104,16109.6
NWO-1021,PLANT_01,DC_WEST,2024-11-04,138,21376.2
NWO-1021,PLANT_01,DC_WEST,2024-11-11,168,26023.2
NWO-1021,PLANT_01,DC_WEST,2024-11-18,155,24009.5
NWO-1021,PLANT_01,DC_WEST,2024-11-25,126,19517.4
NWO-1021,PLANT_01,DC_WEST,2024-12-02,133,20601.7
NWO-1021,PLANT_01,DC_WEST,2024-12-09,155,24009.5
NWO-1021,PLANT_01,DC_WEST,2024-12-16,149,23080.1
NWO-1021,PLANT_01,DC_WEST,2024-12-23,110,17039.0
NWO-1021,PLANT_01,DC_WEST,2024-12-30,148,22925.2
NWO-1021,PLANT_01,DC_WEST,2025-01-06,80,12392.0
NWO-1021,PLANT_01,DC_WEST,2025-01-13,56,8674.4
NWO-1021,PLANT_01,DC_WEST,2025-01-20,78,12082.2
NWO-1021,PLANT_01,DC_WEST,2025-01-27,78,12082.2
NWO-1021,PLANT_01,DC_WEST,2025-02-03,75,11617.5
NWO-1021,PLANT_01,DC_WEST,2025-02-10,66,10223.4
NWO-1021,PLANT_01,DC_WEST,2025-02-17,94,14560.6
NWO-1021,PLANT_01,DC_WEST,2025-02-24,79,12237.1
NWO-1021,PLANT_01,DC_WEST,2025-03-03,89,13786.1
NWO-1021,PLANT_01,DC_WEST,2025-03-10,94,14560.6
NWO-1021,PLANT_01,DC_WEST,2025-03-17,87,13476.3
NWO-1021,PLANT_01,DC_WEST,2025-03-24,92,14250.8
NWO-1021,PLANT_01,DC_WEST,2025-03-31,112,17348.8
NWO-1021,PLANT_01,DC_WEST,2025-04-07,140,21686.0
NWO-1021,PLANT_01,DC_WEST,2025-04-14,136,21066.4
NWO-1021,PLANT_01,DC_WEST,2025-04-21,96,14870.4
NWO-1021,PLANT_01,DC_WEST,2025-04-28,106,16419.4
NWO-1021,PLANT_01,DC_WEST,2025-05-05,94,14560.6
NWO-1021,PLANT_01,DC_WEST,2025-05-12,102,15799.8
NWO-1021,PLANT_01,DC_WEST,2025-05-19,99,15335.1
NWO-1021,PLANT_01,DC_WEST,2025-05-26,107,16574.3
NWO-1021,PLANT_01,DC_WEST,2025-06-02,103,15954.7
NWO-1021,PLANT_01,DC_WEST,2025-06-09,98,15180.2
NWO-1021,PLANT_01,DC_WEST,2025-06-16,99,15335.1
NWO-1021,PLANT_01,DC_WEST,2025-06-23,100,15490.0
NWO-1021,PLANT_01,DC_WEST,2025-06-30,99,15335.1
NWO-1021,PLANT_01,DC_WEST,2025-07-07,85,13166.5
NWO-1021,PLANT_01,DC_WEST,2025-07-14,83,12856.7
NWO-1021,PLANT_01,DC_WEST,2025-07-21,84,13011.6
NWO-1021,PLANT_01,DC_WEST,2025-07-28,75,11617.5
NWO-1021,PLANT_01,DC_WEST,2025-08-04,47,7280.3
NWO-1021,PLANT_01,DC_WEST,2025-08-11,49,7590.1
NWO-1021,PLANT_01,DC_WEST,2025-08-18,54,8364.6
NWO-1021,PLANT_01,DC_WEST,2025-08-25,39,6041.1
NWO-1021,PLANT_01,DC_WEST,2025-09-01,31,4801.9
NWO-1021,PLANT_01,DC_WEST,2025-09-08,23,3562.7
NWO-1021,PLANT_01,DC_WEST,2025-09-15,19,2943.1
NWO-1021,PLANT_01,DC_WEST,2025-09-22,11,1703.9
NWO-1021,PLANT_01,DC_WEST,2025-09-29,6,929.4
NWO-1022,PLANT_01,DC_NORTH,2023-06-05,103,14386.01
NWO-1022,PLANT_01,DC_NORTH,2023-06-12,101,14106.67
NWO-1022,PLANT_01,DC_NORTH,2023-06-19,108,15084.36
NWO-1022,PLANT_01,DC_NORTH,2023-06-26,112,15643.04
NWO-1022,PLANT_01,DC_NORTH,2023-07-03,123,17179.41
NWO-1022,PLANT_01,DC_NORTH,2023-07-10,91,12709.97
NWO-1022,PLANT_01,DC_NORTH,2023-07-17,102,14246.34
NWO-1022,PLANT_01,DC_NORTH,2023-07-24,126,17598.42
NWO-1022,PLANT_01,DC_NORTH,2023-07-31,105,14665.35
NWO-1022,PLANT_01,DC_NORTH,2023-08-07,118,16481.06
NWO-1022,PLANT_01,DC_NORTH,2023-08-14,106,14805.02
NWO-1022,PLANT_01,DC_NORTH,2023-08-21,122,17039.74
NWO-1022,PLANT_01,DC_NORTH,2023-08-28,136,18995.12
NWO-1022,PLANT_01,DC_NORTH,2023-09-04,111,15503.37
NWO-1022,PLANT_01,DC_NORTH,2023-09-11,69,9637.23
NWO-1022,PLANT_01,DC_NORTH,2023-09-18,92,12849.64
NWO-1022,PLANT_01,DC_NORTH,2023-09-25,100,13967.0
NWO-1022,PLANT_01,DC_NORTH,2023-10-02,97,13547.99
NWO-1022,PLANT_01,DC_NORTH,2023-10-09,95,13268.65
NWO-1022,PLANT_01,DC_NORTH,2023-10-16,117,16341.39
NWO-1022,PLANT_01,DC_NORTH,2023-10-23,107,14944.69
NWO-1022,PLANT_01,DC_NORTH,2023-10-30,112,15643.04
NWO-1022,PLANT_01,DC_NORTH,2023-11-06,182,25419.94
NWO-1022,PLANT_01,DC_NORTH,2023-11-13,183,25559.61
NWO-1022,PLANT_01,DC_NORTH,2023-11-20,181,25280.27
NWO-1022,PLANT_01,DC_NORTH,2023-11-27,159,22207.53
NWO-1022,PLANT_01,DC_NORTH,2023-12-04,190,26537.3
NWO-1022,PLANT_01,DC_NORTH,2023-12-11,129,18017.43
NWO-1022,PLANT_01,DC_NORTH,2023-12-18,172,24023.24
NWO-1022,PLANT_01,DC_NORTH,2023-12-25,185,25838.95
NWO-1022,PLANT_01,DC_NORTH,2024-01-01,76,10614.92
NWO-1022,PLANT_01,DC_NORTH,2024-01-08,86,12011.62
NWO-1022,PLANT_01,DC_NORTH,2024-01-15,91,12709.97
NWO-1022,PLANT_01,DC_NORTH,2024-01-22,97,13547.99
NWO-1022,PLANT_01,DC_NORTH,2024-01-29,60,8380.2
NWO-1022,PLANT_01,DC_NORTH,2024-02-05,69,9637.23
NWO-1022,PLANT_01,DC_NORTH,2024-02-12,90,12570.3
NWO-1022,PLANT_01,DC_NORTH,2024-02-19,94,13128.98
NWO-1022,PLANT_01,DC_NORTH,2024-02-26,109,15224.03
NWO-1022,PLANT_01,DC_NORTH,2024-03-04,103,14386.01
NWO-1022,PLANT_01,DC_NORTH,2024-03-11,110,15363.7
NWO-1022,PLANT_01,DC_NORTH,2024-03-18,83,11592.61
NWO-1022,PLANT_01,DC_NORTH,2024-03-25,97,13547.99
NWO-1022,PLANT_01,DC_NORTH,2024-04-01,101,14106.67
NWO-1022,PLANT_01,DC_NORTH,2024-04-08,81,11313.27
NWO-1022,PLANT_01,DC_NORTH,2024-04-15,102,14246.34
NWO-1022,PLANT_01,DC_NORTH,2024-04-22,78,10894.26
NWO-1022,PLANT_01,DC_NORTH,2024-04-29,75,10475.25
NWO-1022,PLANT_01,DC_NORTH,2024-05-06,139,19414.13
NWO-1022,PLANT_01,DC_NORTH,2024-05-13,103,14386.01
NWO-1022,PLANT_01,DC_NORTH,2024-05-20,67,9357.89
NWO-1022,PLANT_01,DC_NORTH,2024-05-27,98,13687.66
NWO-1022,PLANT_01,DC_NORTH,2024-06-03,103,14386.01
NWO-1022,PLANT_01,DC_NORTH,2024-06-10,130,18157.1
NWO-1022,PLANT_01,DC_NORTH,2024-06-17,86,12011.62
NWO-1022,PLANT_01,DC_NORTH,2024-06-24,94,13128.98
NWO-1022,PLANT_01,DC_NORTH,2024-07-01,122,17039.74
NWO-1022,PLANT_01,DC_NORTH,2024-07-08,103,14386.01
NWO-1022,PLANT_01,DC_NORTH,2024-07-15,99,13827.33
NWO-1022,PLANT_01,DC_NORTH,2024-07-22,108,15084.36
NWO-1022,PLANT_01,DC_NORTH,2024-07-29,96,13408.32
NWO-1022,PLANT_01,DC_NORTH,2024-08-05,102,14246.34
NWO-1022,PLANT_01,DC_NORTH,2024-08-12,126,17598.42
NWO-1022,PLANT_01,DC_NORTH,2024-08-19,81,11313.27
NWO-1022,PLANT_01,DC_NORTH,2024-08-26,100,13967.0
NWO-1022,PLANT_01,DC_NORTH,2024-09-02,88,12290.96
NWO-1022,PLANT_01,DC_NORTH,2024-09-09,107,14944.69
NWO-1022,PLANT_01,DC_NORTH,2024-09-16,101,14106.67
NWO-1022,PLANT_01,DC_NORTH,2024-09-23,85,11871.95
NWO-1022,PLANT_01,DC_NORTH,2024-09-30,104,14525.68
NWO-1022,PLANT_01,DC_NORTH,2024-10-07,98,13687.66
NWO-1022,PLANT_01,DC_NORTH,2024-10-14,102,14246.34
NWO-1022,PLANT_01,DC_NORTH,2024-10-21,99,13827.33
NWO-1022,PLANT_01,DC_NORTH,2024-10-28,131,18296.77
NWO-1022,PLANT_01,DC_NORTH,2024-11-04,161,22486.87
NWO-1022,PLANT_01,DC_NORTH,2024-11-11,137,19134.79
NWO-1022,PLANT_01,DC_NORTH,2024-11-18,160,22347.2
NWO-1022,PLANT_01,DC_NORTH,2024-11-25,119,16620.73
NWO-1022,PLANT_01,DC_NORTH,2024-12-02,144,20112.48
NWO-1022,PLANT_01,DC_NORTH,2024-12-09,159,22207.53
NWO-1022,PLANT_01,DC_NORTH,2024-12-16,150,20950.5
NWO-1022,PLANT_01,DC_NORTH,2024-12-23,132,18436.44
NWO-1022,PLANT_01,DC_NORTH,2024-12-30,160,22347.2
NWO-1022,PLANT_01,DC_NORTH,2025-01-06,71,9916.57
NWO-1022,PLANT_01,DC_NORTH,2025-01-13,81,11313.27
NWO-1022,PLANT_01,DC_NORTH,2025-01-20,73,10195.91
NWO-1022,PLANT_01,DC_NORTH,2025-01-27,65,9078.55
NWO-1022,PLANT_01,DC_NORTH,2025-02-03,91,12709.97
NWO-1022,PLANT_01,DC_NORTH,2025-02-10,79,11033.93
NWO-1022,PLANT_01,DC_NORTH,2025-02-17,77,10754.59
NWO-1022,PLANT_01,DC_NORTH,2025-02-24,91,12709.97
NWO-1022,PLANT_01,DC_NORTH,2025-03-03,78,10894.26
NWO-1022,PLANT_01,DC_NORTH,2025-03-10,98,13687.66
NWO-1022,PLANT_01,DC_NORTH,2025-03-17,84,11732.28
NWO-1022,PLANT_01,DC_NORTH,2025-03-24,83,11592.61
NWO-1022,PLANT_01,DC_NORTH,2025-03-31,208,29051.36
NWO-1022,PLANT_01,DC_NORTH,2025-04-07,94,13128.98
NWO-1022,PLANT_01,DC_NORTH,2025-04-14,105,14665.35
NWO-1022,PLANT_01,DC_NORTH,2025-04-21,81,11313.27
NWO-1022,PLANT_01,DC_NORTH,2025-04-28,114,15922.38
NWO-1022,PLANT_01,DC_NORTH,2025-05-05,122,17039.74
NWO-1022,PLANT_01,DC_NORTH,2025-05-12,78,10894.26
NWO-1022,PLANT_01,DC_NORTH,2025-05-19,113,15782.71
NWO-1022,PLANT_01,DC_NORTH,2025-05-26,120,16760.4
NWO-1022,PLANT_01,DC_NORTH,2025-06-02,122,17039.74
NWO-1022,PLANT_01,DC_NORTH,2025-06-09,110,15363.7
NWO-1022,PLANT_01,DC_NORTH,2025-06-16,112,15643.04
NWO-1022,PLANT_01,DC_NORTH,2025-06-23,100,13967.0
NWO-1022,PLANT_01,DC_NORTH,2025-06-30,119,16620.73
NWO-1022,PLANT_01,DC_NORTH,2025-07-07,113,15782.71
NWO-1022,PLANT_01,DC_NORTH,2025-07-14,105,14665.35
NWO-1022,PLANT_01,DC_NORTH,2025-07-21,131,18296.77
NWO-1022,PLANT_01,DC_NORTH,2025-07-28,91,12709.97
NWO-1022,PLANT_01,DC_NORTH,2025-08-04,112,15643.04
NWO-1022,PLANT_01,DC_NORTH,2025-08-11,91,12709.97
NWO-1022,PLANT_01,DC_NORTH,2025-08-18,117,16341.39
NWO-1022,PLANT_01,DC_NORTH,2025-08-25,92,12849.64
NWO-1022,PLANT_01,DC_NORTH,2025-09-01,91,12709.97
NWO-1022,PLANT_01,DC_NORTH,2025-09-08,90,12570.3
NWO-1022,PLANT_01,DC_NORTH,2025-09-15,87,12151.29
NWO-1022,PLANT_01,DC_NORTH,2025-09-22,82,11452.94
NWO-1022,PLANT_01,DC_NORTH,2025-09-29,85,11871.95
NWO-1022,PLANT_01,DC_NORTH,2025-10-06,117,16341.39
NWO-1022,PLANT_01,DC_NORTH,2025-10-13,106,14805.02
NWO-1022,PLANT_01,DC_NORTH,2025-10-20,97,13547.99
NWO-1022,PLANT_01,DC_NORTH,2025-10-27,96,13408.32
NWO-1022,PLANT_01,DC_NORTH,2025-11-03,154,21509.18
NWO-1022,PLANT_01,DC_NORTH,2025-11-10,132,18436.44
NWO-1022,PLANT_01,DC_NORTH,2025-11-17,120,16760.4
NWO-1022,PLANT_01,DC_NORTH,2025-11-24,117,16341.39
NWO-1022,PLANT_01,DC_NORTH,2025-12-01,131,18296.77
NWO-1022,PLANT_01,DC_NORTH,2025-12-08,133,18576.11
NWO-1022,PLANT_01,DC_NORTH,2025-12-15,146,20391.82
NWO-1022,PLANT_01,DC_NORTH,2025-12-22,133,18576.11
NWO-1022,PLANT_01,DC_NORTH,2025-12-29,160,22347.2
NWO-1022,PLANT_01,DC_NORTH,2026-01-05,82,11452.94
NWO-1022,PLANT_01,DC_NORTH,2026-01-12,84,11732.28
NWO-1022,PLANT_01,DC_NORTH,2026-01-19,81,11313.27
NWO-1022,PLANT_01,DC_NORTH,2026-01-26,71,9916.57
NWO-1022,PLANT_01,DC_NORTH,2026-02-02,93,12989.31
NWO-1022,PLANT_01,DC_NORTH,2026-02-09,94,13128.98
NWO-1022,PLANT_01,DC_NORTH,2026-02-16,69,9637.23
NWO-1022,PLANT_01,DC_NORTH,2026-02-23,83,11592.61
NWO-1022,PLANT_01,DC_NORTH,2026-03-02,79,11033.93
NWO-1022,PLANT_01,DC_NORTH,2026-03-09,82,11452.94
NWO-1022,PLANT_01,DC_NORTH,2026-03-16,78,10894.26
NWO-1022,PLANT_01,DC_NORTH,2026-03-23,91,12709.97
NWO-1022,PLANT_01,DC_NORTH,2026-03-30,113,15782.71
NWO-1022,PLANT_01,DC_NORTH,2026-04-06,89,12430.63
NWO-1022,PLANT_01,DC_NORTH,2026-04-13,115,16062.05
NWO-1022,PLANT_01,DC_NORTH,2026-04-20,93,12989.31
NWO-1022,PLANT_01,DC_NORTH,2026-04-27,89,12430.63
NWO-1022,PLANT_01,DC_NORTH,2026-05-04,102,14246.34
NWO-1022,PLANT_01,DC_NORTH,2026-05-11,111,15503.37
NWO-1022,PLANT_01,DC_NORTH,2026-05-18,126,17598.42
NWO-1022,PLANT_01,DC_NORTH,2026-05-25,109,15224.03
NWO-1022,PLANT_01,DC_NORTH,2026-06-01,116,16201.72
NWO-1022,PLANT_01,DC_SOUTH,2023-06-05,330,46091.1
NWO-1022,PLANT_01,DC_SOUTH,2023-06-12,243,33939.81
NWO-1022,PLANT_01,DC_SOUTH,2023-06-19,281,39247.27
NWO-1022,PLANT_01,DC_SOUTH,2023-06-26,263,36733.21
NWO-1022,PLANT_01,DC_SOUTH,2023-07-03,244,34079.48
NWO-1022,PLANT_01,DC_SOUTH,2023-07-10,305,42599.35
NWO-1022,PLANT_01,DC_SOUTH,2023-07-17,353,49303.51
NWO-1022,PLANT_01,DC_SOUTH,2023-07-24,268,37431.56
NWO-1022,PLANT_01,DC_SOUTH,2023-07-31,315,43996.05
NWO-1022,PLANT_01,DC_SOUTH,2023-08-07,248,34638.16
NWO-1022,PLANT_01,DC_SOUTH,2023-08-14,309,43158.03
NWO-1022,PLANT_01,DC_SOUTH,2023-08-21,338,47208.46
NWO-1022,PLANT_01,DC_SOUTH,2023-08-28,494,68996.98
NWO-1022,PLANT_01,DC_SOUTH,2023-09-04,272,37990.24
NWO-1022,PLANT_01,DC_SOUTH,2023-09-11,223,31146.41
NWO-1022,PLANT_01,DC_SOUTH,2023-09-18,253,35336.51
NWO-1022,PLANT_01,DC_SOUTH,2023-09-25,245,34219.15
NWO-1022,PLANT_01,DC_SOUTH,2023-10-02,264,36872.88
NWO-1022,PLANT_01,DC_SOUTH,2023-10-09,278,38828.26
NWO-1022,PLANT_01,DC_SOUTH,2023-10-16,235,32822.45
NWO-1022,PLANT_01,DC_SOUTH,2023-10-23,296,41342.32
NWO-1022,PLANT_01,DC_SOUTH,2023-10-30,325,45392.75
NWO-1022,PLANT_01,DC_SOUTH,2023-11-06,324,45253.08
NWO-1022,PLANT_01,DC_SOUTH,2023-11-13,330,46091.1
NWO-1022,PLANT_01,DC_SOUTH,2023-11-20,386,53912.62
NWO-1022,PLANT_01,DC_SOUTH,2023-11-27,310,43297.7
NWO-1022,PLANT_01,DC_SOUTH,2023-12-04,403,56287.01
NWO-1022,PLANT_01,DC_SOUTH,2023-12-11,434,60616.78
NWO-1022,PLANT_01,DC_SOUTH,2023-12-18,382,53353.94
NWO-1022,PLANT_01,DC_SOUTH,2023-12-25,407,56845.69
NWO-1022,PLANT_01,DC_SOUTH,2024-01-01,188,26257.96
NWO-1022,PLANT_01,DC_SOUTH,2024-01-08,198,27654.66
NWO-1022,PLANT_01,DC_SOUTH,2024-01-15,247,34498.49
NWO-1022,PLANT_01,DC_SOUTH,2024-01-22,246,34358.82
NWO-1022,PLANT_01,DC_SOUTH,2024-01-29,202,28213.34
NWO-1022,PLANT_01,DC_SOUTH,2024-02-05,189,26397.63
NWO-1022,PLANT_01,DC_SOUTH,2024-02-12,240,33520.8
NWO-1022,PLANT_01,DC_SOUTH,2024-02-19,197,27514.99
NWO-1022,PLANT_01,DC_SOUTH,2024-02-26,230,32124.1
NWO-1022,PLANT_01,DC_SOUTH,2024-03-04,301,42040.67
NWO-1022,PLANT_01,DC_SOUTH,2024-03-11,249,34777.83
NWO-1022,PLANT_01,DC_SOUTH,2024-03-18,245,34219.15
NWO-1022,PLANT_01,DC_SOUTH,2024-03-25,202,28213.34
NWO-1022,PLANT_01,DC_SOUTH,2024-04-01,243,33939.81
NWO-1022,PLANT_01,DC_SOUTH,2024-04-08,189,26397.63
NWO-1022,PLANT_01,DC_SOUTH,2024-04-15,224,31286.08
NWO-1022,PLANT_01,DC_SOUTH,2024-04-22,241,33660.47
NWO-1022,PLANT_01,DC_SOUTH,2024-04-29,258,36034.86
NWO-1022,PLANT_01,DC_SOUTH,2024-05-06,269,37571.23
NWO-1022,PLANT_01,DC_SOUTH,2024-05-13,264,36872.88
NWO-1022,PLANT_01,DC_SOUTH,2024-05-20,275,38409.25
NWO-1022,PLANT_01,DC_SOUTH,2024-05-27,329,45951.43
NWO-1022,PLANT_01,DC_SOUTH,2024-06-03,215,30029.05
NWO-1022,PLANT_01,DC_SOUTH,2024-06-10,326,45532.42
NWO-1022,PLANT_01,DC_SOUTH,2024-06-17,257,35895.19
NWO-1022,PLANT_01,DC_SOUTH,2024-06-24,307,42878.69
NWO-1022,PLANT_01,DC_SOUTH,2024-07-01,335,46789.45
NWO-1022,PLANT_01,DC_SOUTH,2024-07-08,310,43297.7
NWO-1022,PLANT_01,DC_SOUTH,2024-07-15,313,43716.71
NWO-1022,PLANT_01,DC_SOUTH,2024-07-22,261,36453.87
NWO-1022,PLANT_01,DC_SOUTH,2024-07-29,325,45392.75
NWO-1022,PLANT_01,DC_SOUTH,2024-08-05,274,38269.58
NWO-1022,PLANT_01,DC_SOUTH,2024-08-12,291,40643.97
NWO-1022,PLANT_01,DC_SOUTH,2024-08-19,290,40504.3
NWO-1022,PLANT_01,DC_SOUTH,2024-08-26,301,42040.67
NWO-1022,PLANT_01,DC_SOUTH,2024-09-02,347,48465.49
NWO-1022,PLANT_01,DC_SOUTH,2024-09-09,270,37710.9
NWO-1022,PLANT_01,DC_SOUTH,2024-09-16,279,38967.93
NWO-1022,PLANT_01,DC_SOUTH,2024-09-23,272,37990.24
NWO-1022,PLANT_01,DC_SOUTH,2024-09-30,300,41901.0
NWO-1022,PLANT_01,DC_SOUTH,2024-10-07,297,41481.99
NWO-1022,PLANT_01,DC_SOUTH,2024-10-14,239,33381.13
NWO-1022,PLANT_01,DC_SOUTH,2024-10-21,251,35057.17
NWO-1022,PLANT_01,DC_SOUTH,2024-10-28,262,36593.54
NWO-1022,PLANT_01,DC_SOUTH,2024-11-04,418,58382.06
NWO-1022,PLANT_01,DC_SOUTH,2024-11-11,338,47208.46
NWO-1022,PLANT_01,DC_SOUTH,2024-11-18,330,46091.1
NWO-1022,PLANT_01,DC_SOUTH,2024-11-25,320,44694.4
NWO-1022,PLANT_01,DC_SOUTH,2024-12-02,434,60616.78
NWO-1022,PLANT_01,DC_SOUTH,2024-12-09,430,60058.1
NWO-1022,PLANT_01,DC_SOUTH,2024-12-16,348,48605.16
NWO-1022,PLANT_01,DC_SOUTH,2024-12-23,433,60477.11
NWO-1022,PLANT_01,DC_SOUTH,2024-12-30,302,42180.34
NWO-1022,PLANT_01,DC_SOUTH,2025-01-06,230,32124.1
NWO-1022,PLANT_01,DC_SOUTH,2025-01-13,192,26816.64
NWO-1022,PLANT_01,DC_SOUTH,2025-01-20,217,30308.39
NWO-1022,PLANT_01,DC_SOUTH,2025-01-27,244,34079.48
NWO-1022,PLANT_01,DC_SOUTH,2025-02-03,203,28353.01
NWO-1022,PLANT_01,DC_SOUTH,2025-02-10,226,31565.42
NWO-1022,PLANT_01,DC_SOUTH,2025-02-17,199,27794.33
NWO-1022,PLANT_01,DC_SOUTH,2025-02-24,199,27794.33
NWO-1022,PLANT_01,DC_SOUTH,2025-03-03,239,33381.13
NWO-1022,PLANT_01,DC_SOUTH,2025-03-10,268,37431.56
NWO-1022,PLANT_01,DC_SOUTH,2025-03-17,297,41481.99
NWO-1022,PLANT_01,DC_SOUTH,2025-03-24,283,39526.61
NWO-1022,PLANT_01,DC_SOUTH,2025-03-31,270,37710.9
NWO-1022,PLANT_01,DC_SOUTH,2025-04-07,331,46230.77
NWO-1022,PLANT_01,DC_SOUTH,2025-04-14,318,44415.06
NWO-1022,PLANT_01,DC_SOUTH,2025-04-21,226,31565.42
NWO-1022,PLANT_01,DC_SOUTH,2025-04-28,241,33660.47
NWO-1022,PLANT_01,DC_SOUTH,2025-05-05,269,37571.23
NWO-1022,PLANT_01,DC_SOUTH,2025-05-12,249,34777.83
NWO-1022,PLANT_01,DC_SOUTH,2025-05-19,265,37012.55
NWO-1022,PLANT_01,DC_SOUTH,2025-05-26,266,37152.22
NWO-1022,PLANT_01,DC_SOUTH,2025-06-02,330,46091.1
NWO-1022,PLANT_01,DC_SOUTH,2025-06-09,284,39666.28
NWO-1022,PLANT_01,DC_SOUTH,2025-06-16,270,37710.9
NWO-1022,PLANT_01,DC_SOUTH,2025-06-23,284,39666.28
NWO-1022,PLANT_01,DC_SOUTH,2025-06-30,302,42180.34
NWO-1022,PLANT_01,DC_SOUTH,2025-07-07,272,37990.24
NWO-1022,PLANT_01,DC_SOUTH,2025-07-14,321,44834.07
NWO-1022,PLANT_01,DC_SOUTH,2025-07-21,301,42040.67
NWO-1022,PLANT_01,DC_SOUTH,2025-07-28,303,42320.01
NWO-1022,PLANT_01,DC_SOUTH,2025-08-04,285,39805.95
NWO-1022,PLANT_01,DC_SOUTH,2025-08-11,331,46230.77
NWO-1022,PLANT_01,DC_SOUTH,2025-08-18,313,43716.71
NWO-1022,PLANT_01,DC_SOUTH,2025-08-25,370,51677.9
NWO-1022,PLANT_01,DC_SOUTH,2025-09-01,248,34638.16
NWO-1022,PLANT_01,DC_SOUTH,2025-09-08,281,39247.27
NWO-1022,PLANT_01,DC_SOUTH,2025-09-15,216,30168.72
NWO-1022,PLANT_01,DC_SOUTH,2025-09-22,269,37571.23
NWO-1022,PLANT_01,DC_SOUTH,2025-09-29,281,39247.27
NWO-1022,PLANT_01,DC_SOUTH,2025-10-06,228,31844.76
NWO-1022,PLANT_01,DC_SOUTH,2025-10-13,335,46789.45
NWO-1022,PLANT_01,DC_SOUTH,2025-10-20,216,30168.72
NWO-1022,PLANT_01,DC_SOUTH,2025-10-27,248,34638.16
NWO-1022,PLANT_01,DC_SOUTH,2025-11-03,357,49862.19
NWO-1022,PLANT_01,DC_SOUTH,2025-11-10,372,51957.24
NWO-1022,PLANT_01,DC_SOUTH,2025-11-17,401,56007.67
NWO-1022,PLANT_01,DC_SOUTH,2025-11-24,358,50001.86
NWO-1022,PLANT_01,DC_SOUTH,2025-12-01,345,48186.15
NWO-1022,PLANT_01,DC_SOUTH,2025-12-08,390,54471.3
NWO-1022,PLANT_01,DC_SOUTH,2025-12-15,382,53353.94
NWO-1022,PLANT_01,DC_SOUTH,2025-12-22,359,50141.53
NWO-1022,PLANT_01,DC_SOUTH,2025-12-29,371,51817.57
NWO-1022,PLANT_01,DC_SOUTH,2026-01-05,202,28213.34
NWO-1022,PLANT_01,DC_SOUTH,2026-01-12,184,25699.28
NWO-1022,PLANT_01,DC_SOUTH,2026-01-19,221,30867.07
NWO-1022,PLANT_01,DC_SOUTH,2026-01-26,230,32124.1
NWO-1022,PLANT_01,DC_SOUTH,2026-02-02,247,34498.49
NWO-1022,PLANT_01,DC_SOUTH,2026-02-09,239,33381.13
NWO-1022,PLANT_01,DC_SOUTH,2026-02-16,191,26676.97
NWO-1022,PLANT_01,DC_SOUTH,2026-02-23,210,29330.7
NWO-1022,PLANT_01,DC_SOUTH,2026-03-02,278,38828.26
NWO-1022,PLANT_01,DC_SOUTH,2026-03-09,308,43018.36
NWO-1022,PLANT_01,DC_SOUTH,2026-03-16,273,38129.91
NWO-1022,PLANT_01,DC_SOUTH,2026-03-23,275,38409.25
NWO-1022,PLANT_01,DC_SOUTH,2026-03-30,285,39805.95
NWO-1022,PLANT_01,DC_SOUTH,2026-04-06,323,45113.41
NWO-1022,PLANT_01,DC_SOUTH,2026-04-13,257,35895.19
NWO-1022,PLANT_01,DC_SOUTH,2026-04-20,244,34079.48
NWO-1022,PLANT_01,DC_SOUTH,2026-04-27,260,36314.2
NWO-1022,PLANT_01,DC_SOUTH,2026-05-04,220,30727.4
NWO-1022,PLANT_01,DC_SOUTH,2026-05-11,246,34358.82
NWO-1022,PLANT_01,DC_SOUTH,2026-05-18,267,37291.89
NWO-1022,PLANT_01,DC_SOUTH,2026-05-25,267,37291.89
NWO-1022,PLANT_01,DC_SOUTH,2026-06-01,243,33939.81
NWO-1022,PLANT_01,DC_WEST,2023-06-05,204,28492.68
NWO-1022,PLANT_01,DC_WEST,2023-06-12,203,28353.01
NWO-1022,PLANT_01,DC_WEST,2023-06-19,171,23883.57
NWO-1022,PLANT_01,DC_WEST,2023-06-26,217,30308.39
NWO-1022,PLANT_01,DC_WEST,2023-07-03,214,29889.38
NWO-1022,PLANT_01,DC_WEST,2023-07-10,249,34777.83
NWO-1022,PLANT_01,DC_WEST,2023-07-17,268,37431.56
NWO-1022,PLANT_01,DC_WEST,2023-07-24,241,33660.47
NWO-1022,PLANT_01,DC_WEST,2023-07-31,179,25000.93
NWO-1022,PLANT_01,DC_WEST,2023-08-07,223,31146.41
NWO-1022,PLANT_01,DC_WEST,2023-08-14,219,30587.73
NWO-1022,PLANT_01,DC_WEST,2023-08-21,180,25140.6
NWO-1022,PLANT_01,DC_WEST,2023-08-28,233,32543.11
NWO-1022,PLANT_01,DC_WEST,2023-09-04,187,26118.29
NWO-1022,PLANT_01,DC_WEST,2023-09-11,141,19693.47
NWO-1022,PLANT_01,DC_WEST,2023-09-18,211,29470.37
NWO-1022,PLANT_01,DC_WEST,2023-09-25,248,34638.16
NWO-1022,PLANT_01,DC_WEST,2023-10-02,237,33101.79
NWO-1022,PLANT_01,DC_WEST,2023-10-09,315,43996.05
NWO-1022,PLANT_01,DC_WEST,2023-10-16,222,31006.74
NWO-1022,PLANT_01,DC_WEST,2023-10-23,211,29470.37
NWO-1022,PLANT_01,DC_WEST,2023-10-30,248,34638.16
NWO-1022,PLANT_01,DC_WEST,2023-11-06,269,37571.23
NWO-1022,PLANT_01,DC_WEST,2023-11-13,319,44554.73
NWO-1022,PLANT_01,DC_WEST,2023-11-20,244,34079.48
NWO-1022,PLANT_01,DC_WEST,2023-11-27,279,38967.93
NWO-1022,PLANT_01,DC_WEST,2023-12-04,321,44834.07
NWO-1022,PLANT_01,DC_WEST,2023-12-11,334,46649.78
NWO-1022,PLANT_01,DC_WEST,2023-12-18,281,39247.27
NWO-1022,PLANT_01,DC_WEST,2023-12-25,283,39526.61
NWO-1022,PLANT_01,DC_WEST,2024-01-01,193,26956.31
NWO-1022,PLANT_01,DC_WEST,2024-01-08,170,23743.9
NWO-1022,PLANT_01,DC_WEST,2024-01-15,190,26537.3
NWO-1022,PLANT_01,DC_WEST,2024-01-22,136,18995.12
NWO-1022,PLANT_01,DC_WEST,2024-01-29,148,20671.16
NWO-1022,PLANT_01,DC_WEST,2024-02-05,164,22905.88
NWO-1022,PLANT_01,DC_WEST,2024-02-12,170,23743.9
NWO-1022,PLANT_01,DC_WEST,2024-02-19,137,19134.79
NWO-1022,PLANT_01,DC_WEST,2024-02-26,140,19553.8
NWO-1022,PLANT_01,DC_WEST,2024-03-04,198,27654.66
NWO-1022,PLANT_01,DC_WEST,2024-03-11,196,27375.32
NWO-1022,PLANT_01,DC_WEST,2024-03-18,164,22905.88
NWO-1022,PLANT_01,DC_WEST,2024-03-25,211,29470.37
NWO-1022,PLANT_01,DC_WEST,2024-04-01,191,26676.97
NWO-1022,PLANT_01,DC_WEST,2024-04-08,204,28492.68
NWO-1022,PLANT_01,DC_WEST,2024-04-15,196,27375.32
NWO-1022,PLANT_01,DC_WEST,2024-04-22,199,27794.33
NWO-1022,PLANT_01,DC_WEST,2024-04-29,197,27514.99
NWO-1022,PLANT_01,DC_WEST,2024-05-06,197,27514.99
NWO-1022,PLANT_01,DC_WEST,2024-05-13,179,25000.93
NWO-1022,PLANT_01,DC_WEST,2024-05-20,201,28073.67
NWO-1022,PLANT_01,DC_WEST,2024-05-27,215,30029.05
NWO-1022,PLANT_01,DC_WEST,2024-06-03,268,37431.56
NWO-1022,PLANT_01,DC_WEST,2024-06-10,221,30867.07
NWO-1022,PLANT_01,DC_WEST,2024-06-17,231,32263.77
NWO-1022,PLANT_01,DC_WEST,2024-06-24,204,28492.68
NWO-1022,PLANT_01,DC_WEST,2024-07-01,233,32543.11
NWO-1022,PLANT_01,DC_WEST,2024-07-08,213,29749.71
NWO-1022,PLANT_01,DC_WEST,2024-07-15,282,39386.94
NWO-1022,PLANT_01,DC_WEST,2024-07-22,216,30168.72
NWO-1022,PLANT_01,DC_WEST,2024-07-29,199,27794.33
NWO-1022,PLANT_01,DC_WEST,2024-08-05,232,32403.44
NWO-1022,PLANT_01,DC_WEST,2024-08-12,226,31565.42
NWO-1022,PLANT_01,DC_WEST,2024-08-19,270,37710.9
NWO-1022,PLANT_01,DC_WEST,2024-08-26,233,32543.11
NWO-1022,PLANT_01,DC_WEST,2024-09-02,225,31425.75
NWO-1022,PLANT_01,DC_WEST,2024-09-09,205,28632.35
NWO-1022,PLANT_01,DC_WEST,2024-09-16,214,29889.38
NWO-1022,PLANT_01,DC_WEST,2024-09-23,228,31844.76
NWO-1022,PLANT_01,DC_WEST,2024-09-30,173,24162.91
NWO-1022,PLANT_01,DC_WEST,2024-10-07,198,27654.66
NWO-1022,PLANT_01,DC_WEST,2024-10-14,158,22067.86
NWO-1022,PLANT_01,DC_WEST,2024-10-21,215,30029.05
NWO-1022,PLANT_01,DC_WEST,2024-10-28,191,26676.97
NWO-1022,PLANT_01,DC_WEST,2024-11-04,253,35336.51
NWO-1022,PLANT_01,DC_WEST,2024-11-11,292,40783.64
NWO-1022,PLANT_01,DC_WEST,2024-11-18,285,39805.95
NWO-1022,PLANT_01,DC_WEST,2024-11-25,266,37152.22
NWO-1022,PLANT_01,DC_WEST,2024-12-02,263,36733.21
NWO-1022,PLANT_01,DC_WEST,2024-12-09,267,37291.89
NWO-1022,PLANT_01,DC_WEST,2024-12-16,274,38269.58
NWO-1022,PLANT_01,DC_WEST,2024-12-23,300,41901.0
NWO-1022,PLANT_01,DC_WEST,2024-12-30,269,37571.23
NWO-1022,PLANT_01,DC_WEST,2025-01-06,164,22905.88
NWO-1022,PLANT_01,DC_WEST,2025-01-13,125,17458.75
NWO-1022,PLANT_01,DC_WEST,2025-01-20,155,21648.85
NWO-1022,PLANT_01,DC_WEST,2025-01-27,155,21648.85
NWO-1022,PLANT_01,DC_WEST,2025-02-03,144,20112.48
NWO-1022,PLANT_01,DC_WEST,2025-02-10,190,26537.3
NWO-1022,PLANT_01,DC_WEST,2025-02-17,155,21648.85
NWO-1022,PLANT_01,DC_WEST,2025-02-24,165,23045.55
NWO-1022,PLANT_01,DC_WEST,2025-03-03,204,28492.68
NWO-1022,PLANT_01,DC_WEST,2025-03-10,200,27934.0
NWO-1022,PLANT_01,DC_WEST,2025-03-17,157,21928.19
NWO-1022,PLANT_01,DC_WEST,2025-03-24,198,27654.66
NWO-1022,PLANT_01,DC_WEST,2025-03-31,184,25699.28
NWO-1022,PLANT_01,DC_WEST,2025-04-07,219,30587.73
NWO-1022,PLANT_01,DC_WEST,2025-04-14,182,25419.94
NWO-1022,PLANT_01,DC_WEST,2025-04-21,182,25419.94
NWO-1022,PLANT_01,DC_WEST,2025-04-28,136,18995.12
NWO-1022,PLANT_01,DC_WEST,2025-05-05,199,27794.33
NWO-1022,PLANT_01,DC_WEST,2025-05-12,186,25978.62
NWO-1022,PLANT_01,DC_WEST,2025-05-19,192,26816.64
NWO-1022,PLANT_01,DC_WEST,2025-05-26,196,27375.32
NWO-1022,PLANT_01,DC_WEST,2025-06-02,238,33241.46
NWO-1022,PLANT_01,DC_WEST,2025-06-09,168,23464.56
NWO-1022,PLANT_01,DC_WEST,2025-06-16,191,26676.97
NWO-1022,PLANT_01,DC_WEST,2025-06-23,253,35336.51
NWO-1022,PLANT_01,DC_WEST,2025-06-30,232,32403.44
NWO-1022,PLANT_01,DC_WEST,2025-07-07,214,29889.38
NWO-1022,PLANT_01,DC_WEST,2025-07-14,249,34777.83
NWO-1022,PLANT_01,DC_WEST,2025-07-21,214,29889.38
NWO-1022,PLANT_01,DC_WEST,2025-07-28,248,34638.16
NWO-1022,PLANT_01,DC_WEST,2025-08-04,238,33241.46
NWO-1022,PLANT_01,DC_WEST,2025-08-11,195,27235.65
NWO-1022,PLANT_01,DC_WEST,2025-08-18,194,27095.98
NWO-1022,PLANT_01,DC_WEST,2025-08-25,234,32682.78
NWO-1022,PLANT_01,DC_WEST,2025-09-01,237,33101.79
NWO-1022,PLANT_01,DC_WEST,2025-09-08,214,29889.38
NWO-1022,PLANT_01,DC_WEST,2025-09-15,213,29749.71
NWO-1022,PLANT_01,DC_WEST,2025-09-22,153,21369.51
NWO-1022,PLANT_01,DC_WEST,2025-09-29,204,28492.68
NWO-1022,PLANT_01,DC_WEST,2025-10-06,217,30308.39
NWO-1022,PLANT_01,DC_WEST,2025-10-13,232,32403.44
NWO-1022,PLANT_01,DC_WEST,2025-10-20,185,25838.95
NWO-1022,PLANT_01,DC_WEST,2025-10-27,201,28073.67
NWO-1022,PLANT_01,DC_WEST,2025-11-03,281,39247.27
NWO-1022,PLANT_01,DC_WEST,2025-11-10,304,42459.68
NWO-1022,PLANT_01,DC_WEST,2025-11-17,293,40923.31
NWO-1022,PLANT_01,DC_WEST,2025-11-24,271,37850.57
NWO-1022,PLANT_01,DC_WEST,2025-12-01,311,43437.37
NWO-1022,PLANT_01,DC_WEST,2025-12-08,287,40085.29
NWO-1022,PLANT_01,DC_WEST,2025-12-15,321,44834.07
NWO-1022,PLANT_01,DC_WEST,2025-12-22,265,37012.55
NWO-1022,PLANT_01,DC_WEST,2025-12-29,308,43018.36
NWO-1022,PLANT_01,DC_WEST,2026-01-05,158,22067.86
NWO-1022,PLANT_01,DC_WEST,2026-01-12,135,18855.45
NWO-1022,PLANT_01,DC_WEST,2026-01-19,158,22067.86
NWO-1022,PLANT_01,DC_WEST,2026-01-26,185,25838.95
NWO-1022,PLANT_01,DC_WEST,2026-02-02,152,21229.84
NWO-1022,PLANT_01,DC_WEST,2026-02-09,145,20252.15
NWO-1022,PLANT_01,DC_WEST,2026-02-16,151,21090.17
NWO-1022,PLANT_01,DC_WEST,2026-02-23,143,19972.81
NWO-1022,PLANT_01,DC_WEST,2026-03-02,151,21090.17
NWO-1022,PLANT_01,DC_WEST,2026-03-09,200,27934.0
NWO-1022,PLANT_01,DC_WEST,2026-03-16,182,25419.94
NWO-1022,PLANT_01,DC_WEST,2026-03-23,163,22766.21
NWO-1022,PLANT_01,DC_WEST,2026-03-30,168,23464.56
NWO-1022,PLANT_01,DC_WEST,2026-04-06,206,28772.02
NWO-1022,PLANT_01,DC_WEST,2026-04-13,197,27514.99
NWO-1022,PLANT_01,DC_WEST,2026-04-20,157,21928.19
NWO-1022,PLANT_01,DC_WEST,2026-04-27,207,28911.69
NWO-1022,PLANT_01,DC_WEST,2026-05-04,175,24442.25
NWO-1022,PLANT_01,DC_WEST,2026-05-11,195,27235.65
NWO-1022,PLANT_01,DC_WEST,2026-05-18,178,24861.26
NWO-1022,PLANT_01,DC_WEST,2026-05-25,221,30867.07
NWO-1022,PLANT_01,DC_WEST,2026-06-01,258,36034.86
NWO-1023,PLANT_01,DC_NORTH,2023-06-05,220,8742.8
NWO-1023,PLANT_01,DC_NORTH,2023-06-12,215,8544.1
NWO-1023,PLANT_01,DC_NORTH,2023-06-19,204,8106.96
NWO-1023,PLANT_01,DC_NORTH,2023-06-26,179,7113.46
NWO-1023,PLANT_01,DC_NORTH,2023-07-03,219,8703.06
NWO-1023,PLANT_01,DC_NORTH,2023-07-10,231,9179.94
NWO-1023,PLANT_01,DC_NORTH,2023-07-17,194,7709.56
NWO-1023,PLANT_01,DC_NORTH,2023-07-24,231,9179.94
NWO-1023,PLANT_01,DC_NORTH,2023-07-31,232,9219.68
NWO-1023,PLANT_01,DC_NORTH,2023-08-07,175,6954.5
NWO-1023,PLANT_01,DC_NORTH,2023-08-14,201,7987.74
NWO-1023,PLANT_01,DC_NORTH,2023-08-21,256,10173.44
NWO-1023,PLANT_01,DC_NORTH,2023-08-28,206,8186.44
NWO-1023,PLANT_01,DC_NORTH,2023-09-04,171,6795.54
NWO-1023,PLANT_01,DC_NORTH,2023-09-11,171,6795.54
NWO-1023,PLANT_01,DC_NORTH,2023-09-18,181,7192.94
NWO-1023,PLANT_01,DC_NORTH,2023-09-25,196,7789.04
NWO-1023,PLANT_01,DC_NORTH,2023-10-02,176,6994.24
NWO-1023,PLANT_01,DC_NORTH,2023-10-09,189,7510.86
NWO-1023,PLANT_01,DC_NORTH,2023-10-16,174,6914.76
NWO-1023,PLANT_01,DC_NORTH,2023-10-23,216,8583.84
NWO-1023,PLANT_01,DC_NORTH,2023-10-30,241,9577.34
NWO-1023,PLANT_01,DC_NORTH,2023-11-06,255,10133.7
NWO-1023,PLANT_01,DC_NORTH,2023-11-13,188,7471.12
NWO-1023,PLANT_01,DC_NORTH,2023-11-20,284,11286.16
NWO-1023,PLANT_01,DC_NORTH,2023-11-27,290,11524.6
NWO-1023,PLANT_01,DC_NORTH,2023-12-04,261,10372.14
NWO-1023,PLANT_01,DC_NORTH,2023-12-11,349,13869.26
NWO-1023,PLANT_01,DC_NORTH,2023-12-18,198,7868.52
NWO-1023,PLANT_01,DC_NORTH,2023-12-25,252,10014.48
NWO-1023,PLANT_01,DC_NORTH,2024-01-01,184,7312.16
NWO-1023,PLANT_01,DC_NORTH,2024-01-08,136,5404.64
NWO-1023,PLANT_01,DC_NORTH,2024-01-15,132,5245.68
NWO-1023,PLANT_01,DC_NORTH,2024-01-22,140,5563.6
NWO-1023,PLANT_01,DC_NORTH,2024-01-29,157,6239.18
NWO-1023,PLANT_01,DC_NORTH,2024-02-05,173,6875.02
NWO-1023,PLANT_01,DC_NORTH,2024-02-12,128,5086.72
NWO-1023,PLANT_01,DC_NORTH,2024-02-19,136,5404.64
NWO-1023,PLANT_01,DC_NORTH,2024-02-26,177,7033.98
NWO-1023,PLANT_01,DC_NORTH,2024-03-04,183,7272.42
NWO-1023,PLANT_01,DC_NORTH,2024-03-11,177,7033.98
NWO-1023,PLANT_01,DC_NORTH,2024-03-18,221,8782.54
NWO-1023,PLANT_01,DC_NORTH,2024-03-25,167,6636.58
NWO-1023,PLANT_01,DC_NORTH,2024-04-01,212,8424.88
NWO-1023,PLANT_01,DC_NORTH,2024-04-08,170,6755.8
NWO-1023,PLANT_01,DC_NORTH,2024-04-15,210,8345.4
NWO-1023,PLANT_01,DC_NORTH,2024-04-22,148,5881.52
NWO-1023,PLANT_01,DC_NORTH,2024-04-29,198,7868.52
NWO-1023,PLANT_01,DC_NORTH,2024-05-06,192,7630.08
NWO-1023,PLANT_01,DC_NORTH,2024-05-13,184,7312.16
NWO-1023,PLANT_01,DC_NORTH,2024-05-20,205,8146.7
NWO-1023,PLANT_01,DC_NORTH,2024-05-27,245,9736.3
NWO-1023,PLANT_01,DC_NORTH,2024-06-03,212,8424.88
NWO-1023,PLANT_01,DC_NORTH,2024-06-10,206,8186.44
NWO-1023,PLANT_01,DC_NORTH,2024-06-17,166,6596.84
NWO-1023,PLANT_01,DC_NORTH,2024-06-24,209,8305.66
NWO-1023,PLANT_01,DC_NORTH,2024-07-01,248,9855.52
NWO-1023,PLANT_01,DC_NORTH,2024-07-08,170,6755.8
NWO-1023,PLANT_01,DC_NORTH,2024-07-15,210,8345.4
NWO-1023,PLANT_01,DC_NORTH,2024-07-22,172,6835.28
NWO-1023,PLANT_01,DC_NORTH,2024-07-29,225,8941.5
NWO-1023,PLANT_01,DC_NORTH,2024-08-05,213,8464.62
NWO-1023,PLANT_01,DC_NORTH,2024-08-12,214,8504.36
NWO-1023,PLANT_01,DC_NORTH,2024-08-19,229,9100.46
NWO-1023,PLANT_01,DC_NORTH,2024-08-26,159,6318.66
NWO-1023,PLANT_01,DC_NORTH,2024-09-02,177,7033.98
NWO-1023,PLANT_01,DC_NORTH,2024-09-09,155,6159.7
NWO-1023,PLANT_01,DC_NORTH,2024-09-16,167,6636.58
NWO-1023,PLANT_01,DC_NORTH,2024-09-23,168,6676.32
NWO-1023,PLANT_01,DC_NORTH,2024-09-30,203,8067.22
NWO-1023,PLANT_01,DC_NORTH,2024-10-07,195,7749.3
NWO-1023,PLANT_01,DC_NORTH,2024-10-14,180,7153.2
NWO-1023,PLANT_01,DC_NORTH,2024-10-21,186,7391.64
NWO-1023,PLANT_01,DC_NORTH,2024-10-28,245,9736.3
NWO-1023,PLANT_01,DC_NORTH,2024-11-04,300,11922.0
NWO-1023,PLANT_01,DC_NORTH,2024-11-11,283,11246.42
NWO-1023,PLANT_01,DC_NORTH,2024-11-18,245,9736.3
NWO-1023,PLANT_01,DC_NORTH,2024-11-25,167,6636.58
NWO-1023,PLANT_01,DC_NORTH,2024-12-02,190,7550.6
NWO-1023,PLANT_01,DC_NORTH,2024-12-09,240,9537.6
NWO-1023,PLANT_01,DC_NORTH,2024-12-16,266,10570.84
NWO-1023,PLANT_01,DC_NORTH,2024-12-23,371,14743.54
NWO-1023,PLANT_01,DC_NORTH,2024-12-30,309,12279.66
NWO-1023,PLANT_01,DC_NORTH,2025-01-06,121,4808.54
NWO-1023,PLANT_01,DC_NORTH,2025-01-13,87,3457.38
NWO-1023,PLANT_01,DC_NORTH,2025-01-20,294,11683.56
NWO-1023,PLANT_01,DC_NORTH,2025-01-27,302,12001.48
NWO-1023,PLANT_01,DC_NORTH,2025-02-03,202,8027.48
NWO-1023,PLANT_01,DC_NORTH,2025-02-10,154,6119.96
NWO-1023,PLANT_01,DC_NORTH,2025-02-17,117,4649.58
NWO-1023,PLANT_01,DC_NORTH,2025-02-24,182,7232.68
NWO-1023,PLANT_01,DC_NORTH,2025-03-03,160,6358.4
NWO-1023,PLANT_01,DC_NORTH,2025-03-10,162,6437.88
NWO-1023,PLANT_01,DC_NORTH,2025-03-17,192,7630.08
NWO-1023,PLANT_01,DC_NORTH,2025-03-24,156,6199.44
NWO-1023,PLANT_01,DC_NORTH,2025-03-31,181,7192.94
NWO-1023,PLANT_01,DC_NORTH,2025-04-07,192,7630.08
NWO-1023,PLANT_01,DC_NORTH,2025-04-14,208,8265.92
NWO-1023,PLANT_01,DC_NORTH,2025-04-21,171,6795.54
NWO-1023,PLANT_01,DC_NORTH,2025-04-28,216,8583.84
NWO-1023,PLANT_01,DC_NORTH,2025-05-05,185,7351.9
NWO-1023,PLANT_01,DC_NORTH,2025-05-12,198,7868.52
NWO-1023,PLANT_01,DC_NORTH,2025-05-19,195,7749.3
NWO-1023,PLANT_01,DC_NORTH,2025-05-26,178,7073.72
NWO-1023,PLANT_01,DC_NORTH,2025-06-02,170,6755.8
NWO-1023,PLANT_01,DC_NORTH,2025-06-09,172,6835.28
NWO-1023,PLANT_01,DC_NORTH,2025-06-16,159,6318.66
NWO-1023,PLANT_01,DC_NORTH,2025-06-23,251,9974.74
NWO-1023,PLANT_01,DC_NORTH,2025-06-30,212,8424.88
NWO-1023,PLANT_01,DC_NORTH,2025-07-07,238,9458.12
NWO-1023,PLANT_01,DC_NORTH,2025-07-14,230,9140.2
NWO-1023,PLANT_01,DC_NORTH,2025-07-21,194,7709.56
NWO-1023,PLANT_01,DC_NORTH,2025-07-28,224,8901.76
NWO-1023,PLANT_01,DC_NORTH,2025-08-04,176,6994.24
NWO-1023,PLANT_01,DC_NORTH,2025-08-11,208,8265.92
NWO-1023,PLANT_01,DC_NORTH,2025-08-18,182,7232.68
NWO-1023,PLANT_01,DC_NORTH,2025-08-25,206,8186.44
NWO-1023,PLANT_01,DC_NORTH,2025-09-01,169,6716.06
NWO-1023,PLANT_01,DC_NORTH,2025-09-08,172,6835.28
NWO-1023,PLANT_01,DC_NORTH,2025-09-15,159,6318.66
NWO-1023,PLANT_01,DC_NORTH,2025-09-22,225,8941.5
NWO-1023,PLANT_01,DC_NORTH,2025-09-29,160,6358.4
NWO-1023,PLANT_01,DC_NORTH,2025-10-06,207,8226.18
NWO-1023,PLANT_01,DC_NORTH,2025-10-13,228,9060.72
NWO-1023,PLANT_01,DC_NORTH,2025-10-20,229,9100.46
NWO-1023,PLANT_01,DC_NORTH,2025-10-27,188,7471.12
NWO-1023,PLANT_01,DC_NORTH,2025-11-03,322,12796.28
NWO-1023,PLANT_01,DC_NORTH,2025-11-10,246,9776.04
NWO-1023,PLANT_01,DC_NORTH,2025-11-17,209,8305.66
NWO-1023,PLANT_01,DC_NORTH,2025-11-24,219,8703.06
NWO-1023,PLANT_01,DC_NORTH,2025-12-01,311,12359.14
NWO-1023,PLANT_01,DC_NORTH,2025-12-08,290,11524.6
NWO-1023,PLANT_01,DC_NORTH,2025-12-15,211,8385.14
NWO-1023,PLANT_01,DC_NORTH,2025-12-22,256,10173.44
NWO-1023,PLANT_01,DC_NORTH,2025-12-29,283,11246.42
NWO-1023,PLANT_01,DC_NORTH,2026-01-05,162,6437.88
NWO-1023,PLANT_01,DC_NORTH,2026-01-12,106,4212.44
NWO-1023,PLANT_01,DC_NORTH,2026-01-19,178,7073.72
NWO-1023,PLANT_01,DC_NORTH,2026-01-26,162,6437.88
NWO-1023,PLANT_01,DC_NORTH,2026-02-02,112,4450.88
NWO-1023,PLANT_01,DC_NORTH,2026-02-09,159,6318.66
NWO-1023,PLANT_01,DC_NORTH,2026-02-16,112,4450.88
NWO-1023,PLANT_01,DC_NORTH,2026-02-23,185,7351.9
NWO-1023,PLANT_01,DC_NORTH,2026-03-02,194,7709.56
NWO-1023,PLANT_01,DC_NORTH,2026-03-09,189,7510.86
NWO-1023,PLANT_01,DC_NORTH,2026-03-16,153,6080.22
NWO-1023,PLANT_01,DC_NORTH,2026-03-23,179,7113.46
NWO-1023,PLANT_01,DC_NORTH,2026-03-30,184,7312.16
NWO-1023,PLANT_01,DC_NORTH,2026-04-06,176,6994.24
NWO-1023,PLANT_01,DC_NORTH,2026-04-13,172,6835.28
NWO-1023,PLANT_01,DC_NORTH,2026-04-20,175,6954.5
NWO-1023,PLANT_01,DC_NORTH,2026-04-27,255,10133.7
NWO-1023,PLANT_01,DC_NORTH,2026-05-04,199,7908.26
NWO-1023,PLANT_01,DC_NORTH,2026-05-11,176,6994.24
NWO-1023,PLANT_01,DC_NORTH,2026-05-18,217,8623.58
NWO-1023,PLANT_01,DC_NORTH,2026-05-25,147,5841.78
NWO-1023,PLANT_01,DC_NORTH,2026-06-01,169,6716.06
NWO-1023,PLANT_01,DC_SOUTH,2023-06-05,596,23685.04
NWO-1023,PLANT_01,DC_SOUTH,2023-06-12,626,24877.24
NWO-1023,PLANT_01,DC_SOUTH,2023-06-19,638,25354.12
NWO-1023,PLANT_01,DC_SOUTH,2023-06-26,530,21062.2
NWO-1023,PLANT_01,DC_SOUTH,2023-07-03,560,22254.4
NWO-1023,PLANT_01,DC_SOUTH,2023-07-10,405,16094.7
NWO-1023,PLANT_01,DC_SOUTH,2023-07-17,545,21658.3
NWO-1023,PLANT_01,DC_SOUTH,2023-07-24,555,22055.7
NWO-1023,PLANT_01,DC_SOUTH,2023-07-31,557,22135.18
NWO-1023,PLANT_01,DC_SOUTH,2023-08-07,491,19512.34
NWO-1023,PLANT_01,DC_SOUTH,2023-08-14,452,17962.48
NWO-1023,PLANT_01,DC_SOUTH,2023-08-21,507,20148.18
NWO-1023,PLANT_01,DC_SOUTH,2023-08-28,563,22373.62
NWO-1023,PLANT_01,DC_SOUTH,2023-09-04,473,18797.02
NWO-1023,PLANT_01,DC_SOUTH,2023-09-11,471,18717.54
NWO-1023,PLANT_01,DC_SOUTH,2023-09-18,570,22651.8
NWO-1023,PLANT_01,DC_SOUTH,2023-09-25,522,20744.28
NWO-1023,PLANT_01,DC_SOUTH,2023-10-02,627,24916.98
NWO-1023,PLANT_01,DC_SOUTH,2023-10-09,502,19949.48
NWO-1023,PLANT_01,DC_SOUTH,2023-10-16,502,19949.48
NWO-1023,PLANT_01,DC_SOUTH,2023-10-23,587,23327.38
NWO-1023,PLANT_01,DC_SOUTH,2023-10-30,629,24996.46
NWO-1023,PLANT_01,DC_SOUTH,2023-11-06,750,29805.0
NWO-1023,PLANT_01,DC_SOUTH,2023-11-13,796,31633.04
NWO-1023,PLANT_01,DC_SOUTH,2023-11-20,552,21936.48
NWO-1023,PLANT_01,DC_SOUTH,2023-11-27,866,34414.84
NWO-1023,PLANT_01,DC_SOUTH,2023-12-04,745,29606.3
NWO-1023,PLANT_01,DC_SOUTH,2023-12-11,737,29288.38
NWO-1023,PLANT_01,DC_SOUTH,2023-12-18,747,29685.78
NWO-1023,PLANT_01,DC_SOUTH,2023-12-25,753,29924.22
NWO-1023,PLANT_01,DC_SOUTH,2024-01-01,374,14862.76
NWO-1023,PLANT_01,DC_SOUTH,2024-01-08,387,15379.38
NWO-1023,PLANT_01,DC_SOUTH,2024-01-15,408,16213.92
NWO-1023,PLANT_01,DC_SOUTH,2024-01-22,343,13630.82
NWO-1023,PLANT_01,DC_SOUTH,2024-01-29,426,16929.24
NWO-1023,PLANT_01,DC_SOUTH,2024-02-05,479,19035.46
NWO-1023,PLANT_01,DC_SOUTH,2024-02-12,376,14942.24
NWO-1023,PLANT_01,DC_SOUTH,2024-02-19,356,14147.44
NWO-1023,PLANT_01,DC_SOUTH,2024-02-26,455,18081.7
NWO-1023,PLANT_01,DC_SOUTH,2024-03-04,444,17644.56
NWO-1023,PLANT_01,DC_SOUTH,2024-03-11,491,19512.34
NWO-1023,PLANT_01,DC_SOUTH,2024-03-18,426,16929.24
NWO-1023,PLANT_01,DC_SOUTH,2024-03-25,516,20505.84
NWO-1023,PLANT_01,DC_SOUTH,2024-04-01,463,18399.62
NWO-1023,PLANT_01,DC_SOUTH,2024-04-08,514,20426.36
NWO-1023,PLANT_01,DC_SOUTH,2024-04-15,434,17247.16
NWO-1023,PLANT_01,DC_SOUTH,2024-04-22,500,19870.0
NWO-1023,PLANT_01,DC_SOUTH,2024-04-29,491,19512.34
NWO-1023,PLANT_01,DC_SOUTH,2024-05-06,547,21737.78
NWO-1023,PLANT_01,DC_SOUTH,2024-05-13,516,20505.84
NWO-1023,PLANT_01,DC_SOUTH,2024-05-20,452,17962.48
NWO-1023,PLANT_01,DC_SOUTH,2024-05-27,446,17724.04
NWO-1023,PLANT_01,DC_SOUTH,2024-06-03,522,20744.28
NWO-1023,PLANT_01,DC_SOUTH,2024-06-10,544,21618.56
NWO-1023,PLANT_01,DC_SOUTH,2024-06-17,530,21062.2
NWO-1023,PLANT_01,DC_SOUTH,2024-06-24,549,21817.26
NWO-1023,PLANT_01,DC_SOUTH,2024-07-01,662,26307.88
NWO-1023,PLANT_01,DC_SOUTH,2024-07-08,605,24042.7
NWO-1023,PLANT_01,DC_SOUTH,2024-07-15,602,23923.48
NWO-1023,PLANT_01,DC_SOUTH,2024-07-22,606,24082.44
NWO-1023,PLANT_01,DC_SOUTH,2024-07-29,532,21141.68
NWO-1023,PLANT_01,DC_SOUTH,2024-08-05,504,20028.96
NWO-1023,PLANT_01,DC_SOUTH,2024-08-12,511,20307.14
NWO-1023,PLANT_01,DC_SOUTH,2024-08-19,500,19870.0
NWO-1023,PLANT_01,DC_SOUTH,2024-08-26,493,19591.82
NWO-1023,PLANT_01,DC_SOUTH,2024-09-02,511,20307.14
NWO-1023,PLANT_01,DC_SOUTH,2024-09-09,443,17604.82
NWO-1023,PLANT_01,DC_SOUTH,2024-09-16,493,19591.82
NWO-1023,PLANT_01,DC_SOUTH,2024-09-23,417,16571.58
NWO-1023,PLANT_01,DC_SOUTH,2024-09-30,554,22015.96
NWO-1023,PLANT_01,DC_SOUTH,2024-10-07,512,20346.88
NWO-1023,PLANT_01,DC_SOUTH,2024-10-14,681,27062.94
NWO-1023,PLANT_01,DC_SOUTH,2024-10-21,585,23247.9
NWO-1023,PLANT_01,DC_SOUTH,2024-10-28,447,17763.78
NWO-1023,PLANT_01,DC_SOUTH,2024-11-04,777,30877.98
NWO-1023,PLANT_01,DC_SOUTH,2024-11-11,980,38945.2
NWO-1023,PLANT_01,DC_SOUTH,2024-11-18,746,29646.04
NWO-1023,PLANT_01,DC_SOUTH,2024-11-25,679,26983.46
NWO-1023,PLANT_01,DC_SOUTH,2024-12-02,831,33023.94
NWO-1023,PLANT_01,DC_SOUTH,2024-12-09,711,28255.14
NWO-1023,PLANT_01,DC_SOUTH,2024-12-16,742,29487.08
NWO-1023,PLANT_01,DC_SOUTH,2024-12-23,671,26665.54
NWO-1023,PLANT_01,DC_SOUTH,2024-12-30,811,32229.14
NWO-1023,PLANT_01,DC_SOUTH,2025-01-06,436,17326.64
NWO-1023,PLANT_01,DC_SOUTH,2025-01-13,409,16253.66
NWO-1023,PLANT_01,DC_SOUTH,2025-01-20,390,15498.6
NWO-1023,PLANT_01,DC_SOUTH,2025-01-27,369,14664.06
NWO-1023,PLANT_01,DC_SOUTH,2025-02-03,365,14505.1
NWO-1023,PLANT_01,DC_SOUTH,2025-02-10,524,20823.76
NWO-1023,PLANT_01,DC_SOUTH,2025-02-17,381,15140.94
NWO-1023,PLANT_01,DC_SOUTH,2025-02-24,360,14306.4
NWO-1023,PLANT_01,DC_SOUTH,2025-03-03,487,19353.38
NWO-1023,PLANT_01,DC_SOUTH,2025-03-10,408,16213.92
NWO-1023,PLANT_01,DC_SOUTH,2025-03-17,373,14823.02
NWO-1023,PLANT_01,DC_SOUTH,2025-03-24,343,13630.82
NWO-1023,PLANT_01,DC_SOUTH,2025-03-31,605,24042.7
NWO-1023,PLANT_01,DC_SOUTH,2025-04-07,544,21618.56
NWO-1023,PLANT_01,DC_SOUTH,2025-04-14,496,19711.04
NWO-1023,PLANT_01,DC_SOUTH,2025-04-21,548,21777.52
NWO-1023,PLANT_01,DC_SOUTH,2025-04-28,532,21141.68
NWO-1023,PLANT_01,DC_SOUTH,2025-05-05,528,20982.72
NWO-1023,PLANT_01,DC_SOUTH,2025-05-12,485,19273.9
NWO-1023,PLANT_01,DC_SOUTH,2025-05-19,471,18717.54
NWO-1023,PLANT_01,DC_SOUTH,2025-05-26,440,17485.6
NWO-1023,PLANT_01,DC_SOUTH,2025-06-02,501,19909.74
NWO-1023,PLANT_01,DC_SOUTH,2025-06-09,502,19949.48
NWO-1023,PLANT_01,DC_SOUTH,2025-06-16,517,20545.58
NWO-1023,PLANT_01,DC_SOUTH,2025-06-23,572,22731.28
NWO-1023,PLANT_01,DC_SOUTH,2025-06-30,560,22254.4
NWO-1023,PLANT_01,DC_SOUTH,2025-07-07,489,19432.86
NWO-1023,PLANT_01,DC_SOUTH,2025-07-14,603,23963.22
NWO-1023,PLANT_01,DC_SOUTH,2025-07-21,564,22413.36
NWO-1023,PLANT_01,DC_SOUTH,2025-07-28,651,25870.74
NWO-1023,PLANT_01,DC_SOUTH,2025-08-04,532,21141.68
NWO-1023,PLANT_01,DC_SOUTH,2025-08-11,581,23088.94
NWO-1023,PLANT_01,DC_SOUTH,2025-08-18,639,25393.86
NWO-1023,PLANT_01,DC_SOUTH,2025-08-25,544,21618.56
NWO-1023,PLANT_01,DC_SOUTH,2025-09-01,503,19989.22
NWO-1023,PLANT_01,DC_SOUTH,2025-09-08,530,21062.2
NWO-1023,PLANT_01,DC_SOUTH,2025-09-15,591,23486.34
NWO-1023,PLANT_01,DC_SOUTH,2025-09-22,498,19790.52
NWO-1023,PLANT_01,DC_SOUTH,2025-09-29,575,22850.5
NWO-1023,PLANT_01,DC_SOUTH,2025-10-06,525,20863.5
NWO-1023,PLANT_01,DC_SOUTH,2025-10-13,511,20307.14
NWO-1023,PLANT_01,DC_SOUTH,2025-10-20,629,24996.46
NWO-1023,PLANT_01,DC_SOUTH,2025-10-27,384,15260.16
NWO-1023,PLANT_01,DC_SOUTH,2025-11-03,799,31752.26
NWO-1023,PLANT_01,DC_SOUTH,2025-11-10,696,27659.04
NWO-1023,PLANT_01,DC_SOUTH,2025-11-17,735,29208.9
NWO-1023,PLANT_01,DC_SOUTH,2025-11-24,825,32785.5
NWO-1023,PLANT_01,DC_SOUTH,2025-12-01,732,29089.68
NWO-1023,PLANT_01,DC_SOUTH,2025-12-08,696,27659.04
NWO-1023,PLANT_01,DC_SOUTH,2025-12-15,1062,42203.88
NWO-1023,PLANT_01,DC_SOUTH,2025-12-22,1027,40812.98
NWO-1023,PLANT_01,DC_SOUTH,2025-12-29,886,35209.64
NWO-1023,PLANT_01,DC_SOUTH,2026-01-05,413,16412.62
NWO-1023,PLANT_01,DC_SOUTH,2026-01-12,352,13988.48
NWO-1023,PLANT_01,DC_SOUTH,2026-01-19,324,12875.76
NWO-1023,PLANT_01,DC_SOUTH,2026-01-26,442,17565.08
NWO-1023,PLANT_01,DC_SOUTH,2026-02-02,436,17326.64
NWO-1023,PLANT_01,DC_SOUTH,2026-02-09,365,14505.1
NWO-1023,PLANT_01,DC_SOUTH,2026-02-16,367,14584.58
NWO-1023,PLANT_01,DC_SOUTH,2026-02-23,439,17445.86
NWO-1023,PLANT_01,DC_SOUTH,2026-03-02,530,21062.2
NWO-1023,PLANT_01,DC_SOUTH,2026-03-09,454,18041.96
NWO-1023,PLANT_01,DC_SOUTH,2026-03-16,444,17644.56
NWO-1023,PLANT_01,DC_SOUTH,2026-03-23,533,21181.42
NWO-1023,PLANT_01,DC_SOUTH,2026-03-30,484,19234.16
NWO-1023,PLANT_01,DC_SOUTH,2026-04-06,458,18200.92
NWO-1023,PLANT_01,DC_SOUTH,2026-04-13,517,20545.58
NWO-1023,PLANT_01,DC_SOUTH,2026-04-20,591,23486.34
NWO-1023,PLANT_01,DC_SOUTH,2026-04-27,584,23208.16
NWO-1023,PLANT_01,DC_SOUTH,2026-05-04,532,21141.68
NWO-1023,PLANT_01,DC_SOUTH,2026-05-11,469,18638.06
NWO-1023,PLANT_01,DC_SOUTH,2026-05-18,508,20187.92
NWO-1023,PLANT_01,DC_SOUTH,2026-05-25,524,20823.76
NWO-1023,PLANT_01,DC_SOUTH,2026-06-01,539,21419.86
NWO-1023,PLANT_01,DC_WEST,2023-06-05,488,19393.12
NWO-1023,PLANT_01,DC_WEST,2023-06-12,423,16810.02
NWO-1023,PLANT_01,DC_WEST,2023-06-19,453,18002.22
NWO-1023,PLANT_01,DC_WEST,2023-06-26,393,15617.82
NWO-1023,PLANT_01,DC_WEST,2023-07-03,420,16690.8
NWO-1023,PLANT_01,DC_WEST,2023-07-10,402,15975.48
NWO-1023,PLANT_01,DC_WEST,2023-07-17,364,14465.36
NWO-1023,PLANT_01,DC_WEST,2023-07-24,339,13471.86
NWO-1023,PLANT_01,DC_WEST,2023-07-31,470,18677.8
NWO-1023,PLANT_01,DC_WEST,2023-08-07,391,15538.34
NWO-1023,PLANT_01,DC_WEST,2023-08-14,351,13948.74
NWO-1023,PLANT_01,DC_WEST,2023-08-21,429,17048.46
NWO-1023,PLANT_01,DC_WEST,2023-08-28,431,17127.94
NWO-1023,PLANT_01,DC_WEST,2023-09-04,365,14505.1
NWO-1023,PLANT_01,DC_WEST,2023-09-11,352,13988.48
NWO-1023,PLANT_01,DC_WEST,2023-09-18,440,17485.6
NWO-1023,PLANT_01,DC_WEST,2023-09-25,400,15896.0
NWO-1023,PLANT_01,DC_WEST,2023-10-02,414,16452.36
NWO-1023,PLANT_01,DC_WEST,2023-10-09,394,15657.56
NWO-1023,PLANT_01,DC_WEST,2023-10-16,443,17604.82
NWO-1023,PLANT_01,DC_WEST,2023-10-23,406,16134.44
NWO-1023,PLANT_01,DC_WEST,2023-10-30,421,16730.54
NWO-1023,PLANT_01,DC_WEST,2023-11-06,563,22373.62
NWO-1023,PLANT_01,DC_WEST,2023-11-13,483,19194.42
NWO-1023,PLANT_01,DC_WEST,2023-11-20,570,22651.8
NWO-1023,PLANT_01,DC_WEST,2023-11-27,575,22850.5
NWO-1023,PLANT_01,DC_WEST,2023-12-04,589,23406.86
NWO-1023,PLANT_01,DC_WEST,2023-12-11,689,27380.86
NWO-1023,PLANT_01,DC_WEST,2023-12-18,560,22254.4
NWO-1023,PLANT_01,DC_WEST,2023-12-25,549,21817.26
NWO-1023,PLANT_01,DC_WEST,2024-01-01,280,11127.2
NWO-1023,PLANT_01,DC_WEST,2024-01-08,319,12677.06
NWO-1023,PLANT_01,DC_WEST,2024-01-15,306,12160.44
NWO-1023,PLANT_01,DC_WEST,2024-01-22,311,12359.14
NWO-1023,PLANT_01,DC_WEST,2024-01-29,252,10014.48
NWO-1023,PLANT_01,DC_WEST,2024-02-05,286,11365.64
NWO-1023,PLANT_01,DC_WEST,2024-02-12,231,9179.94
NWO-1023,PLANT_01,DC_WEST,2024-02-19,277,11007.98
NWO-1023,PLANT_01,DC_WEST,2024-02-26,339,13471.86
NWO-1023,PLANT_01,DC_WEST,2024-03-04,342,13591.08
NWO-1023,PLANT_01,DC_WEST,2024-03-11,389,15458.86
NWO-1023,PLANT_01,DC_WEST,2024-03-18,318,12637.32
NWO-1023,PLANT_01,DC_WEST,2024-03-25,352,13988.48
NWO-1023,PLANT_01,DC_WEST,2024-04-01,419,16651.06
NWO-1023,PLANT_01,DC_WEST,2024-04-08,321,12756.54
NWO-1023,PLANT_01,DC_WEST,2024-04-15,380,15101.2
NWO-1023,PLANT_01,DC_WEST,2024-04-22,306,12160.44
NWO-1023,PLANT_01,DC_WEST,2024-04-29,370,14703.8
NWO-1023,PLANT_01,DC_WEST,2024-05-06,371,14743.54
NWO-1023,PLANT_01,DC_WEST,2024-05-13,399,15856.26
NWO-1023,PLANT_01,DC_WEST,2024-05-20,371,14743.54
NWO-1023,PLANT_01,DC_WEST,2024-05-27,364,14465.36
NWO-1023,PLANT_01,DC_WEST,2024-06-03,437,17366.38
NWO-1023,PLANT_01,DC_WEST,2024-06-10,384,15260.16
NWO-1023,PLANT_01,DC_WEST,2024-06-17,459,18240.66
NWO-1023,PLANT_01,DC_WEST,2024-06-24,455,18081.7
NWO-1023,PLANT_01,DC_WEST,2024-07-01,467,18558.58
NWO-1023,PLANT_01,DC_WEST,2024-07-08,363,14425.62
NWO-1023,PLANT_01,DC_WEST,2024-07-15,329,13074.46
NWO-1023,PLANT_01,DC_WEST,2024-07-22,500,19870.0
NWO-1023,PLANT_01,DC_WEST,2024-07-29,371,14743.54
NWO-1023,PLANT_01,DC_WEST,2024-08-05,327,12994.98
NWO-1023,PLANT_01,DC_WEST,2024-08-12,386,15339.64
NWO-1023,PLANT_01,DC_WEST,2024-08-19,357,14187.18
NWO-1023,PLANT_01,DC_WEST,2024-08-26,425,16889.5
NWO-1023,PLANT_01,DC_WEST,2024-09-02,387,15379.38
NWO-1023,PLANT_01,DC_WEST,2024-09-09,352,13988.48
NWO-1023,PLANT_01,DC_WEST,2024-09-16,402,15975.48
NWO-1023,PLANT_01,DC_WEST,2024-09-23,378,15021.72
NWO-1023,PLANT_01,DC_WEST,2024-09-30,379,15061.46
NWO-1023,PLANT_01,DC_WEST,2024-10-07,345,13710.3
NWO-1023,PLANT_01,DC_WEST,2024-10-14,419,16651.06
NWO-1023,PLANT_01,DC_WEST,2024-10-21,430,17088.2
NWO-1023,PLANT_01,DC_WEST,2024-10-28,377,14981.98
NWO-1023,PLANT_01,DC_WEST,2024-11-04,494,19631.56
NWO-1023,PLANT_01,DC_WEST,2024-11-11,618,24559.32
NWO-1023,PLANT_01,DC_WEST,2024-11-18,506,20108.44
NWO-1023,PLANT_01,DC_WEST,2024-11-25,645,25632.3
NWO-1023,PLANT_01,DC_WEST,2024-12-02,624,24797.76
NWO-1023,PLANT_01,DC_WEST,2024-12-09,452,17962.48
NWO-1023,PLANT_01,DC_WEST,2024-12-16,647,25711.78
NWO-1023,PLANT_01,DC_WEST,2024-12-23,603,23963.22
NWO-1023,PLANT_01,DC_WEST,2024-12-30,555,22055.7
NWO-1023,PLANT_01,DC_WEST,2025-01-06,270,10729.8
NWO-1023,PLANT_01,DC_WEST,2025-01-13,333,13233.42
NWO-1023,PLANT_01,DC_WEST,2025-01-20,349,13869.26
NWO-1023,PLANT_01,DC_WEST,2025-01-27,319,12677.06
NWO-1023,PLANT_01,DC_WEST,2025-02-03,317,12597.58
NWO-1023,PLANT_01,DC_WEST,2025-02-10,336,13352.64
NWO-1023,PLANT_01,DC_WEST,2025-02-17,310,12319.4
NWO-1023,PLANT_01,DC_WEST,2025-02-24,326,12955.24
NWO-1023,PLANT_01,DC_WEST,2025-03-03,332,13193.68
NWO-1023,PLANT_01,DC_WEST,2025-03-10,298,11842.52
NWO-1023,PLANT_01,DC_WEST,2025-03-17,370,14703.8
NWO-1023,PLANT_01,DC_WEST,2025-03-24,280,11127.2
NWO-1023,PLANT_01,DC_WEST,2025-03-31,358,14226.92
NWO-1023,PLANT_01,DC_WEST,2025-04-07,323,12836.02
NWO-1023,PLANT_01,DC_WEST,2025-04-14,380,15101.2
NWO-1023,PLANT_01,DC_WEST,2025-04-21,412,16372.88
NWO-1023,PLANT_01,DC_WEST,2025-04-28,351,13948.74
NWO-1023,PLANT_01,DC_WEST,2025-05-05,340,13511.6
NWO-1023,PLANT_01,DC_WEST,2025-05-12,394,15657.56
NWO-1023,PLANT_01,DC_WEST,2025-05-19,386,15339.64
NWO-1023,PLANT_01,DC_WEST,2025-05-26,412,16372.88
NWO-1023,PLANT_01,DC_WEST,2025-06-02,412,16372.88
NWO-1023,PLANT_01,DC_WEST,2025-06-09,363,14425.62
NWO-1023,PLANT_01,DC_WEST,2025-06-16,336,13352.64
NWO-1023,PLANT_01,DC_WEST,2025-06-23,387,15379.38
NWO-1023,PLANT_01,DC_WEST,2025-06-30,411,16333.14
NWO-1023,PLANT_01,DC_WEST,2025-07-07,373,14823.02
NWO-1023,PLANT_01,DC_WEST,2025-07-14,410,16293.4
NWO-1023,PLANT_01,DC_WEST,2025-07-21,441,17525.34
NWO-1023,PLANT_01,DC_WEST,2025-07-28,360,14306.4
NWO-1023,PLANT_01,DC_WEST,2025-08-04,390,15498.6
NWO-1023,PLANT_01,DC_WEST,2025-08-11,358,14226.92
NWO-1023,PLANT_01,DC_WEST,2025-08-18,403,16015.22
NWO-1023,PLANT_01,DC_WEST,2025-08-25,413,16412.62
NWO-1023,PLANT_01,DC_WEST,2025-09-01,344,13670.56
NWO-1023,PLANT_01,DC_WEST,2025-09-08,383,15220.42
NWO-1023,PLANT_01,DC_WEST,2025-09-15,306,12160.44
NWO-1023,PLANT_01,DC_WEST,2025-09-22,336,13352.64
NWO-1023,PLANT_01,DC_WEST,2025-09-29,365,14505.1
NWO-1023,PLANT_01,DC_WEST,2025-10-06,411,16333.14
NWO-1023,PLANT_01,DC_WEST,2025-10-13,358,14226.92
NWO-1023,PLANT_01,DC_WEST,2025-10-20,410,16293.4
NWO-1023,PLANT_01,DC_WEST,2025-10-27,408,16213.92
NWO-1023,PLANT_01,DC_WEST,2025-11-03,506,20108.44
NWO-1023,PLANT_01,DC_WEST,2025-11-10,566,22492.84
NWO-1023,PLANT_01,DC_WEST,2025-11-17,501,19909.74
NWO-1023,PLANT_01,DC_WEST,2025-11-24,495,19671.3
NWO-1023,PLANT_01,DC_WEST,2025-12-01,562,22333.88
NWO-1023,PLANT_01,DC_WEST,2025-12-08,494,19631.56
NWO-1023,PLANT_01,DC_WEST,2025-12-15,613,24360.62
NWO-1023,PLANT_01,DC_WEST,2025-12-22,511,20307.14
NWO-1023,PLANT_01,DC_WEST,2025-12-29,590,23446.6
NWO-1023,PLANT_01,DC_WEST,2026-01-05,263,10451.62
NWO-1023,PLANT_01,DC_WEST,2026-01-12,268,10650.32
NWO-1023,PLANT_01,DC_WEST,2026-01-19,279,11087.46
NWO-1023,PLANT_01,DC_WEST,2026-01-26,243,9656.82
NWO-1023,PLANT_01,DC_WEST,2026-02-02,247,9815.78
NWO-1023,PLANT_01,DC_WEST,2026-02-09,271,10769.54
NWO-1023,PLANT_01,DC_WEST,2026-02-16,334,13273.16
NWO-1023,PLANT_01,DC_WEST,2026-02-23,301,11961.74
NWO-1023,PLANT_01,DC_WEST,2026-03-02,278,11047.72
NWO-1023,PLANT_01,DC_WEST,2026-03-09,292,11604.08
NWO-1023,PLANT_01,DC_WEST,2026-03-16,373,14823.02
NWO-1023,PLANT_01,DC_WEST,2026-03-23,354,14067.96
NWO-1023,PLANT_01,DC_WEST,2026-03-30,387,15379.38
NWO-1023,PLANT_01,DC_WEST,2026-04-06,341,13551.34
NWO-1023,PLANT_01,DC_WEST,2026-04-13,352,13988.48
NWO-1023,PLANT_01,DC_WEST,2026-04-20,366,14544.84
NWO-1023,PLANT_01,DC_WEST,2026-04-27,396,15737.04
NWO-1023,PLANT_01,DC_WEST,2026-05-04,406,16134.44
NWO-1023,PLANT_01,DC_WEST,2026-05-11,389,15458.86
NWO-1023,PLANT_01,DC_WEST,2026-05-18,439,17445.86
NWO-1023,PLANT_01,DC_WEST,2026-05-25,373,14823.02
NWO-1023,PLANT_01,DC_WEST,2026-06-01,423,16810.02
NWO-1024,PLANT_01,DC_NORTH,2023-06-05,149,6129.86
NWO-1024,PLANT_01,DC_NORTH,2023-06-12,178,7322.92
NWO-1024,PLANT_01,DC_NORTH,2023-06-19,145,5965.3
NWO-1024,PLANT_01,DC_NORTH,2023-06-26,165,6788.1
NWO-1024,PLANT_01,DC_NORTH,2023-07-03,151,6212.14
NWO-1024,PLANT_01,DC_NORTH,2023-07-10,154,6335.56
NWO-1024,PLANT_01,DC_NORTH,2023-07-17,138,5677.32
NWO-1024,PLANT_01,DC_NORTH,2023-07-24,143,5883.02
NWO-1024,PLANT_01,DC_NORTH,2023-07-31,198,8145.72
NWO-1024,PLANT_01,DC_NORTH,2023-08-07,155,6376.7
NWO-1024,PLANT_01,DC_NORTH,2023-08-14,154,6335.56
NWO-1024,PLANT_01,DC_NORTH,2023-08-21,180,7405.2
NWO-1024,PLANT_01,DC_NORTH,2023-08-28,151,6212.14
NWO-1024,PLANT_01,DC_NORTH,2023-09-04,152,6253.28
NWO-1024,PLANT_01,DC_NORTH,2023-09-11,95,3908.3
NWO-1024,PLANT_01,DC_NORTH,2023-09-18,110,4525.4
NWO-1024,PLANT_01,DC_NORTH,2023-09-25,146,6006.44
NWO-1024,PLANT_01,DC_NORTH,2023-10-02,137,5636.18
NWO-1024,PLANT_01,DC_NORTH,2023-10-09,134,5512.76
NWO-1024,PLANT_01,DC_NORTH,2023-10-16,156,6417.84
NWO-1024,PLANT_01,DC_NORTH,2023-10-23,130,5348.2
NWO-1024,PLANT_01,DC_NORTH,2023-10-30,127,5224.78
NWO-1024,PLANT_01,DC_NORTH,2023-11-06,193,7940.02
NWO-1024,PLANT_01,DC_NORTH,2023-11-13,227,9338.78
NWO-1024,PLANT_01,DC_NORTH,2023-11-20,211,8680.54
NWO-1024,PLANT_01,DC_NORTH,2023-11-27,189,7775.46
NWO-1024,PLANT_01,DC_NORTH,2023-12-04,240,9873.6
NWO-1024,PLANT_01,DC_NORTH,2023-12-11,198,8145.72
NWO-1024,PLANT_01,DC_NORTH,2023-12-18,170,6993.8
NWO-1024,PLANT_01,DC_NORTH,2023-12-25,181,7446.34
NWO-1024,PLANT_01,DC_NORTH,2024-01-01,92,3784.88
NWO-1024,PLANT_01,DC_NORTH,2024-01-08,126,5183.64
NWO-1024,PLANT_01,DC_NORTH,2024-01-15,79,3250.06
NWO-1024,PLANT_01,DC_NORTH,2024-01-22,87,3579.18
NWO-1024,PLANT_01,DC_NORTH,2024-01-29,134,5512.76
NWO-1024,PLANT_01,DC_NORTH,2024-02-05,132,5430.48
NWO-1024,PLANT_01,DC_NORTH,2024-02-12,107,4401.98
NWO-1024,PLANT_01,DC_NORTH,2024-02-19,116,4772.24
NWO-1024,PLANT_01,DC_NORTH,2024-02-26,154,6335.56
NWO-1024,PLANT_01,DC_NORTH,2024-03-04,138,5677.32
NWO-1024,PLANT_01,DC_NORTH,2024-03-11,120,4936.8
NWO-1024,PLANT_01,DC_NORTH,2024-03-18,172,7076.08
NWO-1024,PLANT_01,DC_NORTH,2024-03-25,145,5965.3
NWO-1024,PLANT_01,DC_NORTH,2024-04-01,143,5883.02
NWO-1024,PLANT_01,DC_NORTH,2024-04-08,149,6129.86
NWO-1024,PLANT_01,DC_NORTH,2024-04-15,94,3867.16
NWO-1024,PLANT_01,DC_NORTH,2024-04-22,120,4936.8
NWO-1024,PLANT_01,DC_NORTH,2024-04-29,163,6705.82
NWO-1024,PLANT_01,DC_NORTH,2024-05-06,120,4936.8
NWO-1024,PLANT_01,DC_NORTH,2024-05-13,163,6705.82
NWO-1024,PLANT_01,DC_NORTH,2024-05-20,167,6870.38
NWO-1024,PLANT_01,DC_NORTH,2024-05-27,135,5553.9
NWO-1024,PLANT_01,DC_NORTH,2024-06-03,171,7034.94
NWO-1024,PLANT_01,DC_NORTH,2024-06-10,175,7199.5
NWO-1024,PLANT_01,DC_NORTH,2024-06-17,152,6253.28
NWO-1024,PLANT_01,DC_NORTH,2024-06-24,145,5965.3
NWO-1024,PLANT_01,DC_NORTH,2024-07-01,99,4072.86
NWO-1024,PLANT_01,DC_NORTH,2024-07-08,159,6541.26
NWO-1024,PLANT_01,DC_NORTH,2024-07-15,138,5677.32
NWO-1024,PLANT_01,DC_NORTH,2024-07-22,182,7487.48
NWO-1024,PLANT_01,DC_NORTH,2024-07-29,177,7281.78
NWO-1024,PLANT_01,DC_NORTH,2024-08-05,156,6417.84
NWO-1024,PLANT_01,DC_NORTH,2024-08-12,149,6129.86
NWO-1024,PLANT_01,DC_NORTH,2024-08-19,143,5883.02
NWO-1024,PLANT_01,DC_NORTH,2024-08-26,207,8515.98
NWO-1024,PLANT_01,DC_NORTH,2024-09-02,141,5800.74
NWO-1024,PLANT_01,DC_NORTH,2024-09-09,167,6870.38
NWO-1024,PLANT_01,DC_NORTH,2024-09-16,132,5430.48
NWO-1024,PLANT_01,DC_NORTH,2024-09-23,150,6171.0
NWO-1024,PLANT_01,DC_NORTH,2024-09-30,162,6664.68
NWO-1024,PLANT_01,DC_NORTH,2024-10-07,136,5595.04
NWO-1024,PLANT_01,DC_NORTH,2024-10-14,165,6788.1
NWO-1024,PLANT_01,DC_NORTH,2024-10-21,161,6623.54
NWO-1024,PLANT_01,DC_NORTH,2024-10-28,157,6458.98
NWO-1024,PLANT_01,DC_NORTH,2024-11-04,175,7199.5
NWO-1024,PLANT_01,DC_NORTH,2024-11-11,149,6129.86
NWO-1024,PLANT_01,DC_NORTH,2024-11-18,271,11148.94
NWO-1024,PLANT_01,DC_NORTH,2024-11-25,238,9791.32
NWO-1024,PLANT_01,DC_NORTH,2024-12-02,234,9626.76
NWO-1024,PLANT_01,DC_NORTH,2024-12-09,169,6952.66
NWO-1024,PLANT_01,DC_NORTH,2024-12-16,296,12177.44
NWO-1024,PLANT_01,DC_NORTH,2024-12-23,170,6993.8
NWO-1024,PLANT_01,DC_NORTH,2024-12-30,297,12218.58
NWO-1024,PLANT_01,DC_NORTH,2025-01-06,95,3908.3
NWO-1024,PLANT_01,DC_NORTH,2025-01-13,126,5183.64
NWO-1024,PLANT_01,DC_NORTH,2025-01-20,121,4977.94
NWO-1024,PLANT_01,DC_NORTH,2025-01-27,130,5348.2
NWO-1024,PLANT_01,DC_NORTH,2025-02-03,120,4936.8
NWO-1024,PLANT_01,DC_NORTH,2025-02-10,160,6582.4
NWO-1024,PLANT_01,DC_NORTH,2025-02-17,136,5595.04
NWO-1024,PLANT_01,DC_NORTH,2025-02-24,117,4813.38
NWO-1024,PLANT_01,DC_NORTH,2025-03-03,136,5595.04
NWO-1024,PLANT_01,DC_NORTH,2025-03-10,144,5924.16
NWO-1024,PLANT_01,DC_NORTH,2025-03-17,144,5924.16
NWO-1024,PLANT_01,DC_NORTH,2025-03-24,138,5677.32
NWO-1024,PLANT_01,DC_NORTH,2025-03-31,181,7446.34
NWO-1024,PLANT_01,DC_NORTH,2025-04-07,159,6541.26
NWO-1024,PLANT_01,DC_NORTH,2025-04-14,155,6376.7
NWO-1024,PLANT_01,DC_NORTH,2025-04-21,146,6006.44
NWO-1024,PLANT_01,DC_NORTH,2025-04-28,148,6088.72
NWO-1024,PLANT_01,DC_NORTH,2025-05-05,158,6500.12
NWO-1024,PLANT_01,DC_NORTH,2025-05-12,191,7857.74
NWO-1024,PLANT_01,DC_NORTH,2025-05-19,189,7775.46
NWO-1024,PLANT_01,DC_NORTH,2025-05-26,177,7281.78
NWO-1024,PLANT_01,DC_NORTH,2025-06-02,205,8433.7
NWO-1024,PLANT_01,DC_NORTH,2025-06-09,188,7734.32
NWO-1024,PLANT_01,DC_NORTH,2025-06-16,237,9750.18
NWO-1024,PLANT_01,DC_NORTH,2025-06-23,190,7816.6
NWO-1024,PLANT_01,DC_NORTH,2025-06-30,196,8063.44
NWO-1024,PLANT_01,DC_NORTH,2025-07-07,178,7322.92
NWO-1024,PLANT_01,DC_NORTH,2025-07-14,193,7940.02
NWO-1024,PLANT_01,DC_NORTH,2025-07-21,248,10202.72
NWO-1024,PLANT_01,DC_NORTH,2025-07-28,179,7364.06
NWO-1024,PLANT_01,DC_NORTH,2025-08-04,221,9091.94
NWO-1024,PLANT_01,DC_NORTH,2025-08-11,181,7446.34
NWO-1024,PLANT_01,DC_NORTH,2025-08-18,196,8063.44
NWO-1024,PLANT_01,DC_NORTH,2025-08-25,154,6335.56
NWO-1024,PLANT_01,DC_NORTH,2025-09-01,165,6788.1
NWO-1024,PLANT_01,DC_NORTH,2025-09-08,181,7446.34
NWO-1024,PLANT_01,DC_NORTH,2025-09-15,150,6171.0
NWO-1024,PLANT_01,DC_NORTH,2025-09-22,168,6911.52
NWO-1024,PLANT_01,DC_NORTH,2025-09-29,167,6870.38
NWO-1024,PLANT_01,DC_NORTH,2025-10-06,199,8186.86
NWO-1024,PLANT_01,DC_NORTH,2025-10-13,188,7734.32
NWO-1024,PLANT_01,DC_NORTH,2025-10-20,196,8063.44
NWO-1024,PLANT_01,DC_NORTH,2025-10-27,205,8433.7
NWO-1024,PLANT_01,DC_NORTH,2025-11-03,235,9667.9
NWO-1024,PLANT_01,DC_NORTH,2025-11-10,221,9091.94
NWO-1024,PLANT_01,DC_NORTH,2025-11-17,194,7981.16
NWO-1024,PLANT_01,DC_NORTH,2025-11-24,244,10038.16
NWO-1024,PLANT_01,DC_NORTH,2025-12-01,263,10819.82
NWO-1024,PLANT_01,DC_NORTH,2025-12-08,187,7693.18
NWO-1024,PLANT_01,DC_NORTH,2025-12-15,252,10367.28
NWO-1024,PLANT_01,DC_NORTH,2025-12-22,253,10408.42
NWO-1024,PLANT_01,DC_NORTH,2025-12-29,230,9462.2
NWO-1024,PLANT_01,DC_NORTH,2026-01-05,136,5595.04
NWO-1024,PLANT_01,DC_NORTH,2026-01-12,156,6417.84
NWO-1024,PLANT_01,DC_NORTH,2026-01-19,139,5718.46
NWO-1024,PLANT_01,DC_NORTH,2026-01-26,147,6047.58
NWO-1024,PLANT_01,DC_NORTH,2026-02-02,168,6911.52
NWO-1024,PLANT_01,DC_NORTH,2026-02-09,161,6623.54
NWO-1024,PLANT_01,DC_NORTH,2026-02-16,126,5183.64
NWO-1024,PLANT_01,DC_NORTH,2026-02-23,167,6870.38
NWO-1024,PLANT_01,DC_NORTH,2026-03-02,173,7117.22
NWO-1024,PLANT_01,DC_NORTH,2026-03-09,201,8269.14
NWO-1024,PLANT_01,DC_NORTH,2026-03-16,191,7857.74
NWO-1024,PLANT_01,DC_NORTH,2026-03-23,126,5183.64
NWO-1024,PLANT_01,DC_NORTH,2026-03-30,161,6623.54
NWO-1024,PLANT_01,DC_NORTH,2026-04-06,159,6541.26
NWO-1024,PLANT_01,DC_NORTH,2026-04-13,179,7364.06
NWO-1024,PLANT_01,DC_NORTH,2026-04-20,190,7816.6
NWO-1024,PLANT_01,DC_NORTH,2026-04-27,216,8886.24
NWO-1024,PLANT_01,DC_NORTH,2026-05-04,155,6376.7
NWO-1024,PLANT_01,DC_NORTH,2026-05-11,162,6664.68
NWO-1024,PLANT_01,DC_NORTH,2026-05-18,198,8145.72
NWO-1024,PLANT_01,DC_NORTH,2026-05-25,158,6500.12
NWO-1024,PLANT_01,DC_NORTH,2026-06-01,192,7898.88
NWO-1024,PLANT_01,DC_SOUTH,2023-06-05,376,15468.64
NWO-1024,PLANT_01,DC_SOUTH,2023-06-12,495,20364.3
NWO-1024,PLANT_01,DC_SOUTH,2023-06-19,345,14193.3
NWO-1024,PLANT_01,DC_SOUTH,2023-06-26,361,14851.54
NWO-1024,PLANT_01,DC_SOUTH,2023-07-03,559,22997.26
NWO-1024,PLANT_01,DC_SOUTH,2023-07-10,509,20940.26
NWO-1024,PLANT_01,DC_SOUTH,2023-07-17,371,15262.94
NWO-1024,PLANT_01,DC_SOUTH,2023-07-24,388,15962.32
NWO-1024,PLANT_01,DC_SOUTH,2023-07-31,535,22009.9
NWO-1024,PLANT_01,DC_SOUTH,2023-08-07,562,23120.68
NWO-1024,PLANT_01,DC_SOUTH,2023-08-14,488,20076.32
NWO-1024,PLANT_01,DC_SOUTH,2023-08-21,438,18019.32
NWO-1024,PLANT_01,DC_SOUTH,2023-08-28,406,16702.84
NWO-1024,PLANT_01,DC_SOUTH,2023-09-04,353,14522.42
NWO-1024,PLANT_01,DC_SOUTH,2023-09-11,261,10737.54
NWO-1024,PLANT_01,DC_SOUTH,2023-09-18,290,11930.6
NWO-1024,PLANT_01,DC_SOUTH,2023-09-25,327,13452.78
NWO-1024,PLANT_01,DC_SOUTH,2023-10-02,287,11807.18
NWO-1024,PLANT_01,DC_SOUTH,2023-10-09,386,15880.04
NWO-1024,PLANT_01,DC_SOUTH,2023-10-16,398,16373.72
NWO-1024,PLANT_01,DC_SOUTH,2023-10-23,398,16373.72
NWO-1024,PLANT_01,DC_SOUTH,2023-10-30,357,14686.98
NWO-1024,PLANT_01,DC_SOUTH,2023-11-06,476,19582.64
NWO-1024,PLANT_01,DC_SOUTH,2023-11-13,519,21351.66
NWO-1024,PLANT_01,DC_SOUTH,2023-11-20,540,22215.6
NWO-1024,PLANT_01,DC_SOUTH,2023-11-27,513,21104.82
NWO-1024,PLANT_01,DC_SOUTH,2023-12-04,540,22215.6
NWO-1024,PLANT_01,DC_SOUTH,2023-12-11,614,25259.96
NWO-1024,PLANT_01,DC_SOUTH,2023-12-18,502,20652.28
NWO-1024,PLANT_01,DC_SOUTH,2023-12-25,553,22750.42
NWO-1024,PLANT_01,DC_SOUTH,2024-01-01,262,10778.68
NWO-1024,PLANT_01,DC_SOUTH,2024-01-08,276,11354.64
NWO-1024,PLANT_01,DC_SOUTH,2024-01-15,268,11025.52
NWO-1024,PLANT_01,DC_SOUTH,2024-01-22,284,11683.76
NWO-1024,PLANT_01,DC_SOUTH,2024-01-29,259,10655.26
NWO-1024,PLANT_01,DC_SOUTH,2024-02-05,214,8803.96
NWO-1024,PLANT_01,DC_SOUTH,2024-02-12,260,10696.4
NWO-1024,PLANT_01,DC_SOUTH,2024-02-19,308,12671.12
NWO-1024,PLANT_01,DC_SOUTH,2024-02-26,308,12671.12
NWO-1024,PLANT_01,DC_SOUTH,2024-03-04,412,16949.68
NWO-1024,PLANT_01,DC_SOUTH,2024-03-11,431,17731.34
NWO-1024,PLANT_01,DC_SOUTH,2024-03-18,325,13370.5
NWO-1024,PLANT_01,DC_SOUTH,2024-03-25,358,14728.12
NWO-1024,PLANT_01,DC_SOUTH,2024-04-01,464,19088.96
NWO-1024,PLANT_01,DC_SOUTH,2024-04-08,340,13987.6
NWO-1024,PLANT_01,DC_SOUTH,2024-04-15,392,16126.88
NWO-1024,PLANT_01,DC_SOUTH,2024-04-22,423,17402.22
NWO-1024,PLANT_01,DC_SOUTH,2024-04-29,348,14316.72
NWO-1024,PLANT_01,DC_SOUTH,2024-05-06,561,23079.54
NWO-1024,PLANT_01,DC_SOUTH,2024-05-13,557,22914.98
NWO-1024,PLANT_01,DC_SOUTH,2024-05-20,342,14069.88
NWO-1024,PLANT_01,DC_SOUTH,2024-05-27,357,14686.98
NWO-1024,PLANT_01,DC_SOUTH,2024-06-03,450,18513.0
NWO-1024,PLANT_01,DC_SOUTH,2024-06-10,397,16332.58
NWO-1024,PLANT_01,DC_SOUTH,2024-06-17,467,19212.38
NWO-1024,PLANT_01,DC_SOUTH,2024-06-24,474,19500.36
NWO-1024,PLANT_01,DC_SOUTH,2024-07-01,458,18842.12
NWO-1024,PLANT_01,DC_SOUTH,2024-07-08,423,17402.22
NWO-1024,PLANT_01,DC_SOUTH,2024-07-15,498,20487.72
NWO-1024,PLANT_01,DC_SOUTH,2024-07-22,405,16661.7
NWO-1024,PLANT_01,DC_SOUTH,2024-07-29,492,20240.88
NWO-1024,PLANT_01,DC_SOUTH,2024-08-05,414,17031.96
NWO-1024,PLANT_01,DC_SOUTH,2024-08-12,506,20816.84
NWO-1024,PLANT_01,DC_SOUTH,2024-08-19,438,18019.32
NWO-1024,PLANT_01,DC_SOUTH,2024-08-26,370,15221.8
NWO-1024,PLANT_01,DC_SOUTH,2024-09-02,368,15139.52
NWO-1024,PLANT_01,DC_SOUTH,2024-09-09,361,14851.54
NWO-1024,PLANT_01,DC_SOUTH,2024-09-16,341,14028.74
NWO-1024,PLANT_01,DC_SOUTH,2024-09-23,437,17978.18
NWO-1024,PLANT_01,DC_SOUTH,2024-09-30,386,15880.04
NWO-1024,PLANT_01,DC_SOUTH,2024-10-07,484,19911.76
NWO-1024,PLANT_01,DC_SOUTH,2024-10-14,314,12917.96
NWO-1024,PLANT_01,DC_SOUTH,2024-10-21,351,14440.14
NWO-1024,PLANT_01,DC_SOUTH,2024-10-28,490,20158.6
NWO-1024,PLANT_01,DC_SOUTH,2024-11-04,590,24272.6
NWO-1024,PLANT_01,DC_SOUTH,2024-11-11,642,26411.88
NWO-1024,PLANT_01,DC_SOUTH,2024-11-18,594,24437.16
NWO-1024,PLANT_01,DC_SOUTH,2024-11-25,587,24149.18
NWO-1024,PLANT_01,DC_SOUTH,2024-12-02,759,31225.26
NWO-1024,PLANT_01,DC_SOUTH,2024-12-09,610,25095.4
NWO-1024,PLANT_01,DC_SOUTH,2024-12-16,640,26329.6
NWO-1024,PLANT_01,DC_SOUTH,2024-12-23,574,23614.36
NWO-1024,PLANT_01,DC_SOUTH,2024-12-30,479,19706.06
NWO-1024,PLANT_01,DC_SOUTH,2025-01-06,360,14810.4
NWO-1024,PLANT_01,DC_SOUTH,2025-01-13,332,13658.48
NWO-1024,PLANT_01,DC_SOUTH,2025-01-20,330,13576.2
NWO-1024,PLANT_01,DC_SOUTH,2025-01-27,357,14686.98
NWO-1024,PLANT_01,DC_SOUTH,2025-02-03,348,14316.72
NWO-1024,PLANT_01,DC_SOUTH,2025-02-10,379,15592.06
NWO-1024,PLANT_01,DC_SOUTH,2025-02-17,400,16456.0
NWO-1024,PLANT_01,DC_SOUTH,2025-02-24,283,11642.62
NWO-1024,PLANT_01,DC_SOUTH,2025-03-03,388,15962.32
NWO-1024,PLANT_01,DC_SOUTH,2025-03-10,386,15880.04
NWO-1024,PLANT_01,DC_SOUTH,2025-03-17,468,19253.52
NWO-1024,PLANT_01,DC_SOUTH,2025-03-24,369,15180.66
NWO-1024,PLANT_01,DC_SOUTH,2025-03-31,420,17278.8
NWO-1024,PLANT_01,DC_SOUTH,2025-04-07,400,16456.0
NWO-1024,PLANT_01,DC_SOUTH,2025-04-14,421,17319.94
NWO-1024,PLANT_01,DC_SOUTH,2025-04-21,383,15756.62
NWO-1024,PLANT_01,DC_SOUTH,2025-04-28,457,18800.98
NWO-1024,PLANT_01,DC_SOUTH,2025-05-05,455,18718.7
NWO-1024,PLANT_01,DC_SOUTH,2025-05-12,467,19212.38
NWO-1024,PLANT_01,DC_SOUTH,2025-05-19,431,17731.34
NWO-1024,PLANT_01,DC_SOUTH,2025-05-26,494,20323.16
NWO-1024,PLANT_01,DC_SOUTH,2025-06-02,460,18924.4
NWO-1024,PLANT_01,DC_SOUTH,2025-06-09,460,18924.4
NWO-1024,PLANT_01,DC_SOUTH,2025-06-16,521,21433.94
NWO-1024,PLANT_01,DC_SOUTH,2025-06-23,555,22832.7
NWO-1024,PLANT_01,DC_SOUTH,2025-06-30,505,20775.7
NWO-1024,PLANT_01,DC_SOUTH,2025-07-07,457,18800.98
NWO-1024,PLANT_01,DC_SOUTH,2025-07-14,546,22462.44
NWO-1024,PLANT_01,DC_SOUTH,2025-07-21,390,16044.6
NWO-1024,PLANT_01,DC_SOUTH,2025-07-28,427,17566.78
NWO-1024,PLANT_01,DC_SOUTH,2025-08-04,448,18430.72
NWO-1024,PLANT_01,DC_SOUTH,2025-08-11,476,19582.64
NWO-1024,PLANT_01,DC_SOUTH,2025-08-18,507,20857.98
NWO-1024,PLANT_01,DC_SOUTH,2025-08-25,561,23079.54
NWO-1024,PLANT_01,DC_SOUTH,2025-09-01,425,17484.5
NWO-1024,PLANT_01,DC_SOUTH,2025-09-08,474,19500.36
NWO-1024,PLANT_01,DC_SOUTH,2025-09-15,427,17566.78
NWO-1024,PLANT_01,DC_SOUTH,2025-09-22,401,16497.14
NWO-1024,PLANT_01,DC_SOUTH,2025-09-29,366,15057.24
NWO-1024,PLANT_01,DC_SOUTH,2025-10-06,462,19006.68
NWO-1024,PLANT_01,DC_SOUTH,2025-10-13,514,21145.96
NWO-1024,PLANT_01,DC_SOUTH,2025-10-20,438,18019.32
NWO-1024,PLANT_01,DC_SOUTH,2025-10-27,500,20570.0
NWO-1024,PLANT_01,DC_SOUTH,2025-11-03,710,29209.4
NWO-1024,PLANT_01,DC_SOUTH,2025-11-10,682,28057.48
NWO-1024,PLANT_01,DC_SOUTH,2025-11-17,691,28427.74
NWO-1024,PLANT_01,DC_SOUTH,2025-11-24,621,25547.94
NWO-1024,PLANT_01,DC_SOUTH,2025-12-01,735,30237.9
NWO-1024,PLANT_01,DC_SOUTH,2025-12-08,636,26165.04
NWO-1024,PLANT_01,DC_SOUTH,2025-12-15,593,24396.02
NWO-1024,PLANT_01,DC_SOUTH,2025-12-22,592,24354.88
NWO-1024,PLANT_01,DC_SOUTH,2025-12-29,769,31636.66
NWO-1024,PLANT_01,DC_SOUTH,2026-01-05,338,13905.32
NWO-1024,PLANT_01,DC_SOUTH,2026-01-12,364,14974.96
NWO-1024,PLANT_01,DC_SOUTH,2026-01-19,397,16332.58
NWO-1024,PLANT_01,DC_SOUTH,2026-01-26,394,16209.16
NWO-1024,PLANT_01,DC_SOUTH,2026-02-02,421,17319.94
NWO-1024,PLANT_01,DC_SOUTH,2026-02-09,413,16990.82
NWO-1024,PLANT_01,DC_SOUTH,2026-02-16,420,17278.8
NWO-1024,PLANT_01,DC_SOUTH,2026-02-23,570,23449.8
NWO-1024,PLANT_01,DC_SOUTH,2026-03-02,484,19911.76
NWO-1024,PLANT_01,DC_SOUTH,2026-03-09,575,23655.5
NWO-1024,PLANT_01,DC_SOUTH,2026-03-16,462,19006.68
NWO-1024,PLANT_01,DC_SOUTH,2026-03-23,411,16908.54
NWO-1024,PLANT_01,DC_SOUTH,2026-03-30,465,19130.1
NWO-1024,PLANT_01,DC_SOUTH,2026-04-06,441,18142.74
NWO-1024,PLANT_01,DC_SOUTH,2026-04-13,491,20199.74
NWO-1024,PLANT_01,DC_SOUTH,2026-04-20,526,21639.64
NWO-1024,PLANT_01,DC_SOUTH,2026-04-27,504,20734.56
NWO-1024,PLANT_01,DC_SOUTH,2026-05-04,560,23038.4
NWO-1024,PLANT_01,DC_SOUTH,2026-05-11,412,16949.68
NWO-1024,PLANT_01,DC_SOUTH,2026-05-18,442,18183.88
NWO-1024,PLANT_01,DC_SOUTH,2026-05-25,508,20899.12
NWO-1024,PLANT_01,DC_SOUTH,2026-06-01,448,18430.72
NWO-1024,PLANT_01,DC_WEST,2023-06-05,223,9174.22
NWO-1024,PLANT_01,DC_WEST,2023-06-12,293,12054.02
NWO-1024,PLANT_01,DC_WEST,2023-06-19,274,11272.36
NWO-1024,PLANT_01,DC_WEST,2023-06-26,250,10285.0
NWO-1024,PLANT_01,DC_WEST,2023-07-03,305,12547.7
NWO-1024,PLANT_01,DC_WEST,2023-07-10,359,14769.26
NWO-1024,PLANT_01,DC_WEST,2023-07-17,290,11930.6
NWO-1024,PLANT_01,DC_WEST,2023-07-24,326,13411.64
NWO-1024,PLANT_01,DC_WEST,2023-07-31,363,14933.82
NWO-1024,PLANT_01,DC_WEST,2023-08-07,322,13247.08
NWO-1024,PLANT_01,DC_WEST,2023-08-14,264,10860.96
NWO-1024,PLANT_01,DC_WEST,2023-08-21,269,11066.66
NWO-1024,PLANT_01,DC_WEST,2023-08-28,293,12054.02
NWO-1024,PLANT_01,DC_WEST,2023-09-04,264,10860.96
NWO-1024,PLANT_01,DC_WEST,2023-09-11,285,11724.9
NWO-1024,PLANT_01,DC_WEST,2023-09-18,297,12218.58
NWO-1024,PLANT_01,DC_WEST,2023-09-25,234,9626.76
NWO-1024,PLANT_01,DC_WEST,2023-10-02,295,12136.3
NWO-1024,PLANT_01,DC_WEST,2023-10-09,267,10984.38
NWO-1024,PLANT_01,DC_WEST,2023-10-16,282,11601.48
NWO-1024,PLANT_01,DC_WEST,2023-10-23,309,12712.26
NWO-1024,PLANT_01,DC_WEST,2023-10-30,277,11395.78
NWO-1024,PLANT_01,DC_WEST,2023-11-06,473,19459.22
NWO-1024,PLANT_01,DC_WEST,2023-11-13,438,18019.32
NWO-1024,PLANT_01,DC_WEST,2023-11-20,418,17196.52
NWO-1024,PLANT_01,DC_WEST,2023-11-27,421,17319.94
NWO-1024,PLANT_01,DC_WEST,2023-12-04,398,16373.72
NWO-1024,PLANT_01,DC_WEST,2023-12-11,319,13123.66
NWO-1024,PLANT_01,DC_WEST,2023-12-18,394,16209.16
NWO-1024,PLANT_01,DC_WEST,2023-12-25,435,17895.9
NWO-1024,PLANT_01,DC_WEST,2024-01-01,212,8721.68
NWO-1024,PLANT_01,DC_WEST,2024-01-08,222,9133.08
NWO-1024,PLANT_01,DC_WEST,2024-01-15,221,9091.94
NWO-1024,PLANT_01,DC_WEST,2024-01-22,183,7528.62
NWO-1024,PLANT_01,DC_WEST,2024-01-29,236,9709.04
NWO-1024,PLANT_01,DC_WEST,2024-02-05,183,7528.62
NWO-1024,PLANT_01,DC_WEST,2024-02-12,221,9091.94
NWO-1024,PLANT_01,DC_WEST,2024-02-19,244,10038.16
NWO-1024,PLANT_01,DC_WEST,2024-02-26,223,9174.22
NWO-1024,PLANT_01,DC_WEST,2024-03-04,262,10778.68
NWO-1024,PLANT_01,DC_WEST,2024-03-11,272,11190.08
NWO-1024,PLANT_01,DC_WEST,2024-03-18,276,11354.64
NWO-1024,PLANT_01,DC_WEST,2024-03-25,309,12712.26
NWO-1024,PLANT_01,DC_WEST,2024-04-01,243,9997.02
NWO-1024,PLANT_01,DC_WEST,2024-04-08,249,10243.86
NWO-1024,PLANT_01,DC_WEST,2024-04-15,286,11766.04
NWO-1024,PLANT_01,DC_WEST,2024-04-22,302,12424.28
NWO-1024,PLANT_01,DC_WEST,2024-04-29,247,10161.58
NWO-1024,PLANT_01,DC_WEST,2024-05-06,317,13041.38
NWO-1024,PLANT_01,DC_WEST,2024-05-13,295,12136.3
NWO-1024,PLANT_01,DC_WEST,2024-05-20,299,12300.86
NWO-1024,PLANT_01,DC_WEST,2024-05-27,250,10285.0
NWO-1024,PLANT_01,DC_WEST,2024-06-03,371,15262.94
NWO-1024,PLANT_01,DC_WEST,2024-06-10,398,16373.72
NWO-1024,PLANT_01,DC_WEST,2024-06-17,297,12218.58
NWO-1024,PLANT_01,DC_WEST,2024-06-24,270,11107.8
NWO-1024,PLANT_01,DC_WEST,2024-07-01,325,13370.5
NWO-1024,PLANT_01,DC_WEST,2024-07-08,342,14069.88
NWO-1024,PLANT_01,DC_WEST,2024-07-15,318,13082.52
NWO-1024,PLANT_01,DC_WEST,2024-07-22,313,12876.82
NWO-1024,PLANT_01,DC_WEST,2024-07-29,329,13535.06
NWO-1024,PLANT_01,DC_WEST,2024-08-05,299,12300.86
NWO-1024,PLANT_01,DC_WEST,2024-08-12,313,12876.82
NWO-1024,PLANT_01,DC_WEST,2024-08-19,320,13164.8
NWO-1024,PLANT_01,DC_WEST,2024-08-26,337,13864.18
NWO-1024,PLANT_01,DC_WEST,2024-09-02,330,13576.2
NWO-1024,PLANT_01,DC_WEST,2024-09-09,288,11848.32
NWO-1024,PLANT_01,DC_WEST,2024-09-16,274,11272.36
NWO-1024,PLANT_01,DC_WEST,2024-09-23,314,12917.96
NWO-1024,PLANT_01,DC_WEST,2024-09-30,317,13041.38
NWO-1024,PLANT_01,DC_WEST,2024-10-07,308,12671.12
NWO-1024,PLANT_01,DC_WEST,2024-10-14,346,14234.44
NWO-1024,PLANT_01,DC_WEST,2024-10-21,299,12300.86
NWO-1024,PLANT_01,DC_WEST,2024-10-28,278,11436.92
NWO-1024,PLANT_01,DC_WEST,2024-11-04,399,16414.86
NWO-1024,PLANT_01,DC_WEST,2024-11-11,395,16250.3
NWO-1024,PLANT_01,DC_WEST,2024-11-18,467,19212.38
NWO-1024,PLANT_01,DC_WEST,2024-11-25,447,18389.58
NWO-1024,PLANT_01,DC_WEST,2024-12-02,410,16867.4
NWO-1024,PLANT_01,DC_WEST,2024-12-09,372,15304.08
NWO-1024,PLANT_01,DC_WEST,2024-12-16,582,23943.48
NWO-1024,PLANT_01,DC_WEST,2024-12-23,427,17566.78
NWO-1024,PLANT_01,DC_WEST,2024-12-30,517,21269.38
NWO-1024,PLANT_01,DC_WEST,2025-01-06,265,10902.1
NWO-1024,PLANT_01,DC_WEST,2025-01-13,228,9379.92
NWO-1024,PLANT_01,DC_WEST,2025-01-20,278,11436.92
NWO-1024,PLANT_01,DC_WEST,2025-01-27,248,10202.72
NWO-1024,PLANT_01,DC_WEST,2025-02-03,246,10120.44
NWO-1024,PLANT_01,DC_WEST,2025-02-10,218,8968.52
NWO-1024,PLANT_01,DC_WEST,2025-02-17,242,9955.88
NWO-1024,PLANT_01,DC_WEST,2025-02-24,266,10943.24
NWO-1024,PLANT_01,DC_WEST,2025-03-03,335,13781.9
NWO-1024,PLANT_01,DC_WEST,2025-03-10,301,12383.14
NWO-1024,PLANT_01,DC_WEST,2025-03-17,299,12300.86
NWO-1024,PLANT_01,DC_WEST,2025-03-24,222,9133.08
NWO-1024,PLANT_01,DC_WEST,2025-03-31,282,11601.48
NWO-1024,PLANT_01,DC_WEST,2025-04-07,345,14193.3
NWO-1024,PLANT_01,DC_WEST,2025-04-14,285,11724.9
NWO-1024,PLANT_01,DC_WEST,2025-04-21,356,14645.84
NWO-1024,PLANT_01,DC_WEST,2025-04-28,306,12588.84
NWO-1024,PLANT_01,DC_WEST,2025-05-05,317,13041.38
NWO-1024,PLANT_01,DC_WEST,2025-05-12,346,14234.44
NWO-1024,PLANT_01,DC_WEST,2025-05-19,321,13205.94
NWO-1024,PLANT_01,DC_WEST,2025-05-26,299,12300.86
NWO-1024,PLANT_01,DC_WEST,2025-06-02,317,13041.38
NWO-1024,PLANT_01,DC_WEST,2025-06-09,316,13000.24
NWO-1024,PLANT_01,DC_WEST,2025-06-16,443,18225.02
NWO-1024,PLANT_01,DC_WEST,2025-06-23,393,16168.02
NWO-1024,PLANT_01,DC_WEST,2025-06-30,320,13164.8
NWO-1024,PLANT_01,DC_WEST,2025-07-07,321,13205.94
NWO-1024,PLANT_01,DC_WEST,2025-07-14,392,16126.88
NWO-1024,PLANT_01,DC_WEST,2025-07-21,340,13987.6
NWO-1024,PLANT_01,DC_WEST,2025-07-28,310,12753.4
NWO-1024,PLANT_01,DC_WEST,2025-08-04,409,16826.26
NWO-1024,PLANT_01,DC_WEST,2025-08-11,383,15756.62
NWO-1024,PLANT_01,DC_WEST,2025-08-18,348,14316.72
NWO-1024,PLANT_01,DC_WEST,2025-08-25,395,16250.3
NWO-1024,PLANT_01,DC_WEST,2025-09-01,295,12136.3
NWO-1024,PLANT_01,DC_WEST,2025-09-08,342,14069.88
NWO-1024,PLANT_01,DC_WEST,2025-09-15,341,14028.74
NWO-1024,PLANT_01,DC_WEST,2025-09-22,272,11190.08
NWO-1024,PLANT_01,DC_WEST,2025-09-29,381,15674.34
NWO-1024,PLANT_01,DC_WEST,2025-10-06,342,14069.88
NWO-1024,PLANT_01,DC_WEST,2025-10-13,395,16250.3
NWO-1024,PLANT_01,DC_WEST,2025-10-20,314,12917.96
NWO-1024,PLANT_01,DC_WEST,2025-10-27,332,13658.48
NWO-1024,PLANT_01,DC_WEST,2025-11-03,415,17073.1
NWO-1024,PLANT_01,DC_WEST,2025-11-10,556,22873.84
NWO-1024,PLANT_01,DC_WEST,2025-11-17,450,18513.0
NWO-1024,PLANT_01,DC_WEST,2025-11-24,515,21187.1
NWO-1024,PLANT_01,DC_WEST,2025-12-01,449,18471.86
NWO-1024,PLANT_01,DC_WEST,2025-12-08,463,19047.82
NWO-1024,PLANT_01,DC_WEST,2025-12-15,545,22421.3
NWO-1024,PLANT_01,DC_WEST,2025-12-22,514,21145.96
NWO-1024,PLANT_01,DC_WEST,2025-12-29,521,21433.94
NWO-1024,PLANT_01,DC_WEST,2026-01-05,246,10120.44
NWO-1024,PLANT_01,DC_WEST,2026-01-12,280,11519.2
NWO-1024,PLANT_01,DC_WEST,2026-01-19,209,8598.26
NWO-1024,PLANT_01,DC_WEST,2026-01-26,333,13699.62
NWO-1024,PLANT_01,DC_WEST,2026-02-02,263,10819.82
NWO-1024,PLANT_01,DC_WEST,2026-02-09,266,10943.24
NWO-1024,PLANT_01,DC_WEST,2026-02-16,292,12012.88
NWO-1024,PLANT_01,DC_WEST,2026-02-23,241,9914.74
NWO-1024,PLANT_01,DC_WEST,2026-03-02,284,11683.76
NWO-1024,PLANT_01,DC_WEST,2026-03-09,287,11807.18
NWO-1024,PLANT_01,DC_WEST,2026-03-16,345,14193.3
NWO-1024,PLANT_01,DC_WEST,2026-03-23,343,14111.02
NWO-1024,PLANT_01,DC_WEST,2026-03-30,338,13905.32
NWO-1024,PLANT_01,DC_WEST,2026-04-06,330,13576.2
NWO-1024,PLANT_01,DC_WEST,2026-04-13,332,13658.48
NWO-1024,PLANT_01,DC_WEST,2026-04-20,372,15304.08
NWO-1024,PLANT_01,DC_WEST,2026-04-27,345,14193.3
NWO-1024,PLANT_01,DC_WEST,2026-05-04,306,12588.84
NWO-1024,PLANT_01,DC_WEST,2026-05-11,384,15797.76
NWO-1024,PLANT_01,DC_WEST,2026-05-18,330,13576.2
NWO-1024,PLANT_01,DC_WEST,2026-05-25,344,14152.16
NWO-1024,PLANT_01,DC_WEST,2026-06-01,306,12588.84
NWO-1025,PLANT_01,DC_NORTH,2025-07-07,13,215.02
NWO-1025,PLANT_01,DC_NORTH,2025-07-14,20,330.8
NWO-1025,PLANT_01,DC_NORTH,2025-07-21,29,479.66
NWO-1025,PLANT_01,DC_NORTH,2025-07-28,46,760.84
NWO-1025,PLANT_01,DC_NORTH,2025-08-04,77,1273.58
NWO-1025,PLANT_01,DC_NORTH,2025-08-11,98,1620.92
NWO-1025,PLANT_01,DC_NORTH,2025-08-18,111,1835.94
NWO-1025,PLANT_01,DC_NORTH,2025-08-25,104,1720.16
NWO-1025,PLANT_01,DC_NORTH,2025-09-01,123,2034.42
NWO-1025,PLANT_01,DC_NORTH,2025-09-08,121,2001.34
NWO-1025,PLANT_01,DC_NORTH,2025-09-15,172,2844.88
NWO-1025,PLANT_01,DC_NORTH,2025-09-22,147,2431.38
NWO-1025,PLANT_01,DC_NORTH,2025-09-29,175,2894.5
NWO-1025,PLANT_01,DC_NORTH,2025-10-06,260,4300.4
NWO-1025,PLANT_01,DC_NORTH,2025-10-13,264,4366.56
NWO-1025,PLANT_01,DC_NORTH,2025-10-20,214,3539.56
NWO-1025,PLANT_01,DC_NORTH,2025-10-27,203,3357.62
NWO-1025,PLANT_01,DC_NORTH,2025-11-03,229,3787.66
NWO-1025,PLANT_01,DC_NORTH,2025-11-10,256,4234.24
NWO-1025,PLANT_01,DC_NORTH,2025-11-17,293,4846.22
NWO-1025,PLANT_01,DC_NORTH,2025-11-24,308,5094.32
NWO-1025,PLANT_01,DC_NORTH,2025-12-01,293,4846.22
NWO-1025,PLANT_01,DC_NORTH,2025-12-08,313,5177.02
NWO-1025,PLANT_01,DC_NORTH,2025-12-15,301,4978.54
NWO-1025,PLANT_01,DC_NORTH,2025-12-22,308,5094.32
NWO-1025,PLANT_01,DC_NORTH,2025-12-29,245,4052.3
NWO-1025,PLANT_01,DC_NORTH,2026-01-05,152,2514.08
NWO-1025,PLANT_01,DC_NORTH,2026-01-12,188,3109.52
NWO-1025,PLANT_01,DC_NORTH,2026-01-19,147,2431.38
NWO-1025,PLANT_01,DC_NORTH,2026-01-26,165,2729.1
NWO-1025,PLANT_01,DC_NORTH,2026-02-02,146,2414.84
NWO-1025,PLANT_01,DC_NORTH,2026-02-09,183,3026.82
NWO-1025,PLANT_01,DC_NORTH,2026-02-16,171,2828.34
NWO-1025,PLANT_01,DC_NORTH,2026-02-23,151,2497.54
NWO-1025,PLANT_01,DC_NORTH,2026-03-02,201,3324.54
NWO-1025,PLANT_01,DC_NORTH,2026-03-09,188,3109.52
NWO-1025,PLANT_01,DC_NORTH,2026-03-16,234,3870.36
NWO-1025,PLANT_01,DC_NORTH,2026-03-23,208,3440.32
NWO-1025,PLANT_01,DC_NORTH,2026-03-30,244,4035.76
NWO-1025,PLANT_01,DC_NORTH,2026-04-06,236,3903.44
NWO-1025,PLANT_01,DC_NORTH,2026-04-13,214,3539.56
NWO-1025,PLANT_01,DC_NORTH,2026-04-20,197,3258.38
NWO-1025,PLANT_01,DC_NORTH,2026-04-27,216,3572.64
NWO-1025,PLANT_01,DC_NORTH,2026-05-04,228,3771.12
NWO-1025,PLANT_01,DC_NORTH,2026-05-11,180,2977.2
NWO-1025,PLANT_01,DC_NORTH,2026-05-18,184,3043.36
NWO-1025,PLANT_01,DC_NORTH,2026-05-25,187,3092.98
NWO-1025,PLANT_01,DC_NORTH,2026-06-01,201,3324.54
NWO-1025,PLANT_01,DC_SOUTH,2025-07-07,28,463.12
NWO-1025,PLANT_01,DC_SOUTH,2025-07-14,42,694.68
NWO-1025,PLANT_01,DC_SOUTH,2025-07-21,108,1786.32
NWO-1025,PLANT_01,DC_SOUTH,2025-07-28,154,2547.16
NWO-1025,PLANT_01,DC_SOUTH,2025-08-04,195,3225.3
NWO-1025,PLANT_01,DC_SOUTH,2025-08-11,281,4647.74
NWO-1025,PLANT_01,DC_SOUTH,2025-08-18,340,5623.6
NWO-1025,PLANT_01,DC_SOUTH,2025-08-25,310,5127.4
NWO-1025,PLANT_01,DC_SOUTH,2025-09-01,305,5044.7
NWO-1025,PLANT_01,DC_SOUTH,2025-09-08,375,6202.5
NWO-1025,PLANT_01,DC_SOUTH,2025-09-15,433,7161.82
NWO-1025,PLANT_01,DC_SOUTH,2025-09-22,512,8468.48
NWO-1025,PLANT_01,DC_SOUTH,2025-09-29,524,8666.96
NWO-1025,PLANT_01,DC_SOUTH,2025-10-06,554,9163.16
NWO-1025,PLANT_01,DC_SOUTH,2025-10-13,553,9146.62
NWO-1025,PLANT_01,DC_SOUTH,2025-10-20,602,9957.08
NWO-1025,PLANT_01,DC_SOUTH,2025-10-27,616,10188.64
NWO-1025,PLANT_01,DC_SOUTH,2025-11-03,699,11561.46
NWO-1025,PLANT_01,DC_SOUTH,2025-11-10,743,12289.22
NWO-1025,PLANT_01,DC_SOUTH,2025-11-17,816,13496.64
NWO-1025,PLANT_01,DC_SOUTH,2025-11-24,821,13579.34
NWO-1025,PLANT_01,DC_SOUTH,2025-12-01,818,13529.72
NWO-1025,PLANT_01,DC_SOUTH,2025-12-08,703,11627.62
NWO-1025,PLANT_01,DC_SOUTH,2025-12-15,873,14439.42
NWO-1025,PLANT_01,DC_SOUTH,2025-12-22,817,13513.18
NWO-1025,PLANT_01,DC_SOUTH,2025-12-29,821,13579.34
NWO-1025,PLANT_01,DC_SOUTH,2026-01-05,430,7112.2
NWO-1025,PLANT_01,DC_SOUTH,2026-01-12,453,7492.62
NWO-1025,PLANT_01,DC_SOUTH,2026-01-19,465,7691.1
NWO-1025,PLANT_01,DC_SOUTH,2026-01-26,478,7906.12
NWO-1025,PLANT_01,DC_SOUTH,2026-02-02,394,6516.76
NWO-1025,PLANT_01,DC_SOUTH,2026-02-09,391,6467.14
NWO-1025,PLANT_01,DC_SOUTH,2026-02-16,381,6301.74
NWO-1025,PLANT_01,DC_SOUTH,2026-02-23,470,7773.8
NWO-1025,PLANT_01,DC_SOUTH,2026-03-02,522,8633.88
NWO-1025,PLANT_01,DC_SOUTH,2026-03-09,436,7211.44
NWO-1025,PLANT_01,DC_SOUTH,2026-03-16,711,11759.94
NWO-1025,PLANT_01,DC_SOUTH,2026-03-23,813,13447.02
NWO-1025,PLANT_01,DC_SOUTH,2026-03-30,497,8220.38
NWO-1025,PLANT_01,DC_SOUTH,2026-04-06,476,7873.04
NWO-1025,PLANT_01,DC_SOUTH,2026-04-13,581,9609.74
NWO-1025,PLANT_01,DC_SOUTH,2026-04-20,601,9940.54
NWO-1025,PLANT_01,DC_SOUTH,2026-04-27,605,10006.7
NWO-1025,PLANT_01,DC_SOUTH,2026-05-04,525,8683.5
NWO-1025,PLANT_01,DC_SOUTH,2026-05-11,544,8997.76
NWO-1025,PLANT_01,DC_SOUTH,2026-05-18,624,10320.96
NWO-1025,PLANT_01,DC_SOUTH,2026-05-25,497,8220.38
NWO-1025,PLANT_01,DC_SOUTH,2026-06-01,745,12322.3
NWO-1025,PLANT_01,DC_WEST,2025-07-07,19,314.26
NWO-1025,PLANT_01,DC_WEST,2025-07-14,38,628.52
NWO-1025,PLANT_01,DC_WEST,2025-07-21,74,1223.96
NWO-1025,PLANT_01,DC_WEST,2025-07-28,117,1935.18
NWO-1025,PLANT_01,DC_WEST,2025-08-04,158,2613.32
NWO-1025,PLANT_01,DC_WEST,2025-08-11,179,2960.66
NWO-1025,PLANT_01,DC_WEST,2025-08-18,190,3142.6
NWO-1025,PLANT_01,DC_WEST,2025-08-25,291,4813.14
NWO-1025,PLANT_01,DC_WEST,2025-09-01,218,3605.72
NWO-1025,PLANT_01,DC_WEST,2025-09-08,347,5739.38
NWO-1025,PLANT_01,DC_WEST,2025-09-15,340,5623.6
NWO-1025,PLANT_01,DC_WEST,2025-09-22,371,6136.34
NWO-1025,PLANT_01,DC_WEST,2025-09-29,397,6566.38
NWO-1025,PLANT_01,DC_WEST,2025-10-06,373,6169.42
NWO-1025,PLANT_01,DC_WEST,2025-10-13,420,6946.8
NWO-1025,PLANT_01,DC_WEST,2025-10-20,391,6467.14
NWO-1025,PLANT_01,DC_WEST,2025-10-27,396,6549.84
NWO-1025,PLANT_01,DC_WEST,2025-11-03,575,9510.5
NWO-1025,PLANT_01,DC_WEST,2025-11-10,591,9775.14
NWO-1025,PLANT_01,DC_WEST,2025-11-17,506,8369.24
NWO-1025,PLANT_01,DC_WEST,2025-11-24,664,10982.56
NWO-1025,PLANT_01,DC_WEST,2025-12-01,477,7889.58
NWO-1025,PLANT_01,DC_WEST,2025-12-08,650,10751.0
NWO-1025,PLANT_01,DC_WEST,2025-12-15,514,8501.56
NWO-1025,PLANT_01,DC_WEST,2025-12-22,512,8468.48
NWO-1025,PLANT_01,DC_WEST,2025-12-29,608,10056.32
NWO-1025,PLANT_01,DC_WEST,2026-01-05,283,4680.82
NWO-1025,PLANT_01,DC_WEST,2026-01-12,281,4647.74
NWO-1025,PLANT_01,DC_WEST,2026-01-19,299,4945.46
NWO-1025,PLANT_01,DC_WEST,2026-01-26,308,5094.32
NWO-1025,PLANT_01,DC_WEST,2026-02-02,301,4978.54
NWO-1025,PLANT_01,DC_WEST,2026-02-09,362,5987.48
NWO-1025,PLANT_01,DC_WEST,2026-02-16,320,5292.8
NWO-1025,PLANT_01,DC_WEST,2026-02-23,324,5358.96
NWO-1025,PLANT_01,DC_WEST,2026-03-02,364,6020.56
NWO-1025,PLANT_01,DC_WEST,2026-03-09,401,6632.54
NWO-1025,PLANT_01,DC_WEST,2026-03-16,336,5557.44
NWO-1025,PLANT_01,DC_WEST,2026-03-23,397,6566.38
NWO-1025,PLANT_01,DC_WEST,2026-03-30,315,5210.1
NWO-1025,PLANT_01,DC_WEST,2026-04-06,301,4978.54
NWO-1025,PLANT_01,DC_WEST,2026-04-13,394,6516.76
NWO-1025,PLANT_01,DC_WEST,2026-04-20,394,6516.76
NWO-1025,PLANT_01,DC_WEST,2026-04-27,372,6152.88
NWO-1025,PLANT_01,DC_WEST,2026-05-04,374,6185.96
NWO-1025,PLANT_01,DC_WEST,2026-05-11,403,6665.62
NWO-1025,PLANT_01,DC_WEST,2026-05-18,431,7128.74
NWO-1025,PLANT_01,DC_WEST,2026-05-25,455,7525.7
NWO-1025,PLANT_01,DC_WEST,2026-06-01,460,7608.4
NWO-1026,PLANT_01,DC_NORTH,2023-06-05,395,2109.3
NWO-1026,PLANT_01,DC_NORTH,2023-06-12,337,1799.58
NWO-1026,PLANT_01,DC_NORTH,2023-06-19,315,1682.1
NWO-1026,PLANT_01,DC_NORTH,2023-06-26,277,1479.18
NWO-1026,PLANT_01,DC_NORTH,2023-07-03,277,1479.18
NWO-1026,PLANT_01,DC_NORTH,2023-07-10,341,1820.94
NWO-1026,PLANT_01,DC_NORTH,2023-07-17,361,1927.74
NWO-1026,PLANT_01,DC_NORTH,2023-07-24,321,1714.14
NWO-1026,PLANT_01,DC_NORTH,2023-07-31,410,2189.4
NWO-1026,PLANT_01,DC_NORTH,2023-08-07,388,2071.92
NWO-1026,PLANT_01,DC_NORTH,2023-08-14,387,2066.58
NWO-1026,PLANT_01,DC_NORTH,2023-08-21,343,1831.62
NWO-1026,PLANT_01,DC_NORTH,2023-08-28,329,1756.86
NWO-1026,PLANT_01,DC_NORTH,2023-09-04,294,1569.96
NWO-1026,PLANT_01,DC_NORTH,2023-09-11,319,1703.46
NWO-1026,PLANT_01,DC_NORTH,2023-09-18,219,1169.46
NWO-1026,PLANT_01,DC_NORTH,2023-09-25,273,1457.82
NWO-1026,PLANT_01,DC_NORTH,2023-10-02,359,1917.06
NWO-1026,PLANT_01,DC_NORTH,2023-10-09,279,1489.86
NWO-1026,PLANT_01,DC_NORTH,2023-10-16,410,2189.4
NWO-1026,PLANT_01,DC_NORTH,2023-10-23,278,1484.52
NWO-1026,PLANT_01,DC_NORTH,2023-10-30,368,1965.12
NWO-1026,PLANT_01,DC_NORTH,2023-11-06,421,2248.14
NWO-1026,PLANT_01,DC_NORTH,2023-11-13,438,2338.92
NWO-1026,PLANT_01,DC_NORTH,2023-11-20,447,2386.98
NWO-1026,PLANT_01,DC_NORTH,2023-11-27,549,2931.66
NWO-1026,PLANT_01,DC_NORTH,2023-12-04,437,2333.58
NWO-1026,PLANT_01,DC_NORTH,2023-12-11,378,2018.52
NWO-1026,PLANT_01,DC_NORTH,2023-12-18,589,3145.26
NWO-1026,PLANT_01,DC_NORTH,2023-12-25,488,2605.92
NWO-1026,PLANT_01,DC_NORTH,2024-01-01,298,1591.32
NWO-1026,PLANT_01,DC_NORTH,2024-01-08,192,1025.28
NWO-1026,PLANT_01,DC_NORTH,2024-01-15,273,1457.82
NWO-1026,PLANT_01,DC_NORTH,2024-01-22,300,1602.0
NWO-1026,PLANT_01,DC_NORTH,2024-01-29,307,1639.38
NWO-1026,PLANT_01,DC_NORTH,2024-02-05,337,1799.58
NWO-1026,PLANT_01,DC_NORTH,2024-02-12,260,1388.4
NWO-1026,PLANT_01,DC_NORTH,2024-02-19,300,1602.0
NWO-1026,PLANT_01,DC_NORTH,2024-02-26,330,1762.2
NWO-1026,PLANT_01,DC_NORTH,2024-03-04,281,1500.54
NWO-1026,PLANT_01,DC_NORTH,2024-03-11,355,1895.7
NWO-1026,PLANT_01,DC_NORTH,2024-03-18,439,2344.26
NWO-1026,PLANT_01,DC_NORTH,2024-03-25,350,1869.0
NWO-1026,PLANT_01,DC_NORTH,2024-04-01,352,1879.68
NWO-1026,PLANT_01,DC_NORTH,2024-04-08,324,1730.16
NWO-1026,PLANT_01,DC_NORTH,2024-04-15,364,1943.76
NWO-1026,PLANT_01,DC_NORTH,2024-04-22,294,1569.96
NWO-1026,PLANT_01,DC_NORTH,2024-04-29,470,2509.8
NWO-1026,PLANT_01,DC_NORTH,2024-05-06,271,1447.14
NWO-1026,PLANT_01,DC_NORTH,2024-05-13,387,2066.58
NWO-1026,PLANT_01,DC_NORTH,2024-05-20,328,1751.52
NWO-1026,PLANT_01,DC_NORTH,2024-05-27,272,1452.48
NWO-1026,PLANT_01,DC_NORTH,2024-06-03,408,2178.72
NWO-1026,PLANT_01,DC_NORTH,2024-06-10,244,1302.96
NWO-1026,PLANT_01,DC_NORTH,2024-06-17,366,1954.44
NWO-1026,PLANT_01,DC_NORTH,2024-06-24,393,2098.62
NWO-1026,PLANT_01,DC_NORTH,2024-07-01,289,1543.26
NWO-1026,PLANT_01,DC_NORTH,2024-07-08,386,2061.24
NWO-1026,PLANT_01,DC_NORTH,2024-07-15,302,1612.68
NWO-1026,PLANT_01,DC_NORTH,2024-07-22,455,2429.7
NWO-1026,PLANT_01,DC_NORTH,2024-07-29,425,2269.5
NWO-1026,PLANT_01,DC_NORTH,2024-08-05,484,2584.56
NWO-1026,PLANT_01,DC_NORTH,2024-08-12,376,2007.84
NWO-1026,PLANT_01,DC_NORTH,2024-08-19,343,1831.62
NWO-1026,PLANT_01,DC_NORTH,2024-08-26,368,1965.12
NWO-1026,PLANT_01,DC_NORTH,2024-09-02,400,2136.0
NWO-1026,PLANT_01,DC_NORTH,2024-09-09,325,1735.5
NWO-1026,PLANT_01,DC_NORTH,2024-09-16,456,2435.04
NWO-1026,PLANT_01,DC_NORTH,2024-09-23,356,1901.04
NWO-1026,PLANT_01,DC_NORTH,2024-09-30,320,1708.8
NWO-1026,PLANT_01,DC_NORTH,2024-10-07,320,1708.8
NWO-1026,PLANT_01,DC_NORTH,2024-10-14,382,2039.88
NWO-1026,PLANT_01,DC_NORTH,2024-10-21,467,2493.78
NWO-1026,PLANT_01,DC_NORTH,2024-10-28,279,1489.86
NWO-1026,PLANT_01,DC_NORTH,2024-11-04,652,3481.68
NWO-1026,PLANT_01,DC_NORTH,2024-11-11,708,3780.72
NWO-1026,PLANT_01,DC_NORTH,2024-11-18,637,3401.58
NWO-1026,PLANT_01,DC_NORTH,2024-11-25,576,3075.84
NWO-1026,PLANT_01,DC_NORTH,2024-12-02,544,2904.96
NWO-1026,PLANT_01,DC_NORTH,2024-12-09,458,2445.72
NWO-1026,PLANT_01,DC_NORTH,2024-12-16,548,2926.32
NWO-1026,PLANT_01,DC_NORTH,2024-12-23,540,2883.6
NWO-1026,PLANT_01,DC_NORTH,2024-12-30,642,3428.28
NWO-1026,PLANT_01,DC_NORTH,2025-01-06,258,1377.72
NWO-1026,PLANT_01,DC_NORTH,2025-01-13,279,1489.86
NWO-1026,PLANT_01,DC_NORTH,2025-01-20,322,1719.48
NWO-1026,PLANT_01,DC_NORTH,2025-01-27,371,1981.14
NWO-1026,PLANT_01,DC_NORTH,2025-02-03,276,1473.84
NWO-1026,PLANT_01,DC_NORTH,2025-02-10,296,1580.64
NWO-1026,PLANT_01,DC_NORTH,2025-02-17,283,1511.22
NWO-1026,PLANT_01,DC_NORTH,2025-02-24,335,1788.9
NWO-1026,PLANT_01,DC_NORTH,2025-03-03,367,1959.78
NWO-1026,PLANT_01,DC_NORTH,2025-03-10,352,1879.68
NWO-1026,PLANT_01,DC_NORTH,2025-03-17,295,1575.3
NWO-1026,PLANT_01,DC_NORTH,2025-03-24,372,1986.48
NWO-1026,PLANT_01,DC_NORTH,2025-03-31,316,1687.44
NWO-1026,PLANT_01,DC_NORTH,2025-04-07,424,2264.16
NWO-1026,PLANT_01,DC_NORTH,2025-04-14,361,1927.74
NWO-1026,PLANT_01,DC_NORTH,2025-04-21,368,1965.12
NWO-1026,PLANT_01,DC_NORTH,2025-04-28,391,2087.94
NWO-1026,PLANT_01,DC_NORTH,2025-05-05,464,2477.76
NWO-1026,PLANT_01,DC_NORTH,2025-05-12,440,2349.6
NWO-1026,PLANT_01,DC_NORTH,2025-05-19,381,2034.54
NWO-1026,PLANT_01,DC_NORTH,2025-05-26,380,2029.2
NWO-1026,PLANT_01,DC_NORTH,2025-06-02,488,2605.92
NWO-1026,PLANT_01,DC_NORTH,2025-06-09,325,1735.5
NWO-1026,PLANT_01,DC_NORTH,2025-06-16,477,2547.18
NWO-1026,PLANT_01,DC_NORTH,2025-06-23,479,2557.86
NWO-1026,PLANT_01,DC_NORTH,2025-06-30,466,2488.44
NWO-1026,PLANT_01,DC_NORTH,2025-07-07,373,1991.82
NWO-1026,PLANT_01,DC_NORTH,2025-07-14,443,2365.62
NWO-1026,PLANT_01,DC_NORTH,2025-07-21,423,2258.82
NWO-1026,PLANT_01,DC_NORTH,2025-07-28,557,2974.38
NWO-1026,PLANT_01,DC_NORTH,2025-08-04,415,2216.1
NWO-1026,PLANT_01,DC_NORTH,2025-08-11,485,2589.9
NWO-1026,PLANT_01,DC_NORTH,2025-08-18,352,1879.68
NWO-1026,PLANT_01,DC_NORTH,2025-08-25,376,2007.84
NWO-1026,PLANT_01,DC_NORTH,2025-09-01,414,2210.76
NWO-1026,PLANT_01,DC_NORTH,2025-09-08,562,3001.08
NWO-1026,PLANT_01,DC_NORTH,2025-09-15,452,2413.68
NWO-1026,PLANT_01,DC_NORTH,2025-09-22,455,2429.7
NWO-1026,PLANT_01,DC_NORTH,2025-09-29,311,1660.74
NWO-1026,PLANT_01,DC_NORTH,2025-10-06,313,1671.42
NWO-1026,PLANT_01,DC_NORTH,2025-10-13,508,2712.72
NWO-1026,PLANT_01,DC_NORTH,2025-10-20,424,2264.16
NWO-1026,PLANT_01,DC_NORTH,2025-10-27,287,1532.58
NWO-1026,PLANT_01,DC_NORTH,2025-11-03,558,2979.72
NWO-1026,PLANT_01,DC_NORTH,2025-11-10,535,2856.9
NWO-1026,PLANT_01,DC_NORTH,2025-11-17,506,2702.04
NWO-1026,PLANT_01,DC_NORTH,2025-11-24,788,4207.92
NWO-1026,PLANT_01,DC_NORTH,2025-12-01,497,2653.98
NWO-1026,PLANT_01,DC_NORTH,2025-12-08,611,3262.74
NWO-1026,PLANT_01,DC_NORTH,2025-12-15,585,3123.9
NWO-1026,PLANT_01,DC_NORTH,2025-12-22,496,2648.64
NWO-1026,PLANT_01,DC_NORTH,2025-12-29,592,3161.28
NWO-1026,PLANT_01,DC_NORTH,2026-01-05,308,1644.72
NWO-1026,PLANT_01,DC_NORTH,2026-01-12,334,1783.56
NWO-1026,PLANT_01,DC_NORTH,2026-01-19,379,2023.86
NWO-1026,PLANT_01,DC_NORTH,2026-01-26,318,1698.12
NWO-1026,PLANT_01,DC_NORTH,2026-02-02,275,1468.5
NWO-1026,PLANT_01,DC_NORTH,2026-02-09,302,1612.68
NWO-1026,PLANT_01,DC_NORTH,2026-02-16,439,2344.26
NWO-1026,PLANT_01,DC_NORTH,2026-02-23,386,2061.24
NWO-1026,PLANT_01,DC_NORTH,2026-03-02,456,2435.04
NWO-1026,PLANT_01,DC_NORTH,2026-03-09,430,2296.2
NWO-1026,PLANT_01,DC_NORTH,2026-03-16,405,2162.7
NWO-1026,PLANT_01,DC_NORTH,2026-03-23,316,1687.44
NWO-1026,PLANT_01,DC_NORTH,2026-03-30,464,2477.76
NWO-1026,PLANT_01,DC_NORTH,2026-04-06,444,2370.96
NWO-1026,PLANT_01,DC_NORTH,2026-04-13,492,2627.28
NWO-1026,PLANT_01,DC_NORTH,2026-04-20,600,3204.0
NWO-1026,PLANT_01,DC_NORTH,2026-04-27,834,4453.56
NWO-1026,PLANT_01,DC_NORTH,2026-05-04,469,2504.46
NWO-1026,PLANT_01,DC_NORTH,2026-05-11,462,2467.08
NWO-1026,PLANT_01,DC_NORTH,2026-05-18,415,2216.1
NWO-1026,PLANT_01,DC_NORTH,2026-05-25,463,2472.42
NWO-1026,PLANT_01,DC_NORTH,2026-06-01,558,2979.72
NWO-1026,PLANT_01,DC_SOUTH,2023-06-05,999,5334.66
NWO-1026,PLANT_01,DC_SOUTH,2023-06-12,994,5307.96
NWO-1026,PLANT_01,DC_SOUTH,2023-06-19,897,4789.98
NWO-1026,PLANT_01,DC_SOUTH,2023-06-26,844,4506.96
NWO-1026,PLANT_01,DC_SOUTH,2023-07-03,912,4870.08
NWO-1026,PLANT_01,DC_SOUTH,2023-07-10,1106,5906.04
NWO-1026,PLANT_01,DC_SOUTH,2023-07-17,1113,5943.42
NWO-1026,PLANT_01,DC_SOUTH,2023-07-24,1472,7860.48
NWO-1026,PLANT_01,DC_SOUTH,2023-07-31,886,4731.24
NWO-1026,PLANT_01,DC_SOUTH,2023-08-07,938,5008.92
NWO-1026,PLANT_01,DC_SOUTH,2023-08-14,901,4811.34
NWO-1026,PLANT_01,DC_SOUTH,2023-08-21,859,4587.06
NWO-1026,PLANT_01,DC_SOUTH,2023-08-28,745,3978.3
NWO-1026,PLANT_01,DC_SOUTH,2023-09-04,868,4635.12
NWO-1026,PLANT_01,DC_SOUTH,2023-09-11,890,4752.6
NWO-1026,PLANT_01,DC_SOUTH,2023-09-18,837,4469.58
NWO-1026,PLANT_01,DC_SOUTH,2023-09-25,861,4597.74
NWO-1026,PLANT_01,DC_SOUTH,2023-10-02,877,4683.18
NWO-1026,PLANT_01,DC_SOUTH,2023-10-09,950,5073.0
NWO-1026,PLANT_01,DC_SOUTH,2023-10-16,790,4218.6
NWO-1026,PLANT_01,DC_SOUTH,2023-10-23,1007,5377.38
NWO-1026,PLANT_01,DC_SOUTH,2023-10-30,900,4806.0
NWO-1026,PLANT_01,DC_SOUTH,2023-11-06,1283,6851.22
NWO-1026,PLANT_01,DC_SOUTH,2023-11-13,1176,6279.84
NWO-1026,PLANT_01,DC_SOUTH,2023-11-20,1236,6600.24
NWO-1026,PLANT_01,DC_SOUTH,2023-11-27,1212,6472.08
NWO-1026,PLANT_01,DC_SOUTH,2023-12-04,1357,7246.38
NWO-1026,PLANT_01,DC_SOUTH,2023-12-11,1226,6546.84
NWO-1026,PLANT_01,DC_SOUTH,2023-12-18,1228,6557.52
NWO-1026,PLANT_01,DC_SOUTH,2023-12-25,1360,7262.4
NWO-1026,PLANT_01,DC_SOUTH,2024-01-01,774,4133.16
NWO-1026,PLANT_01,DC_SOUTH,2024-01-08,639,3412.26
NWO-1026,PLANT_01,DC_SOUTH,2024-01-15,747,3988.98
NWO-1026,PLANT_01,DC_SOUTH,2024-01-22,868,4635.12
NWO-1026,PLANT_01,DC_SOUTH,2024-01-29,630,3364.2
NWO-1026,PLANT_01,DC_SOUTH,2024-02-05,789,4213.26
NWO-1026,PLANT_01,DC_SOUTH,2024-02-12,678,3620.52
NWO-1026,PLANT_01,DC_SOUTH,2024-02-19,706,3770.04
NWO-1026,PLANT_01,DC_SOUTH,2024-02-26,764,4079.76
NWO-1026,PLANT_01,DC_SOUTH,2024-03-04,782,4175.88
NWO-1026,PLANT_01,DC_SOUTH,2024-03-11,950,5073.0
NWO-1026,PLANT_01,DC_SOUTH,2024-03-18,829,4426.86
NWO-1026,PLANT_01,DC_SOUTH,2024-03-25,834,4453.56
NWO-1026,PLANT_01,DC_SOUTH,2024-04-01,824,4400.16
NWO-1026,PLANT_01,DC_SOUTH,2024-04-08,949,5067.66
NWO-1026,PLANT_01,DC_SOUTH,2024-04-15,975,5206.5
NWO-1026,PLANT_01,DC_SOUTH,2024-04-22,867,4629.78
NWO-1026,PLANT_01,DC_SOUTH,2024-04-29,1044,5574.96
NWO-1026,PLANT_01,DC_SOUTH,2024-05-06,996,5318.64
NWO-1026,PLANT_01,DC_SOUTH,2024-05-13,1186,6333.24
NWO-1026,PLANT_01,DC_SOUTH,2024-05-20,820,4378.8
NWO-1026,PLANT_01,DC_SOUTH,2024-05-27,854,4560.36
NWO-1026,PLANT_01,DC_SOUTH,2024-06-03,1063,5676.42
NWO-1026,PLANT_01,DC_SOUTH,2024-06-10,1153,6157.02
NWO-1026,PLANT_01,DC_SOUTH,2024-06-17,849,4533.66
NWO-1026,PLANT_01,DC_SOUTH,2024-06-24,990,5286.6
NWO-1026,PLANT_01,DC_SOUTH,2024-07-01,806,4304.04
NWO-1026,PLANT_01,DC_SOUTH,2024-07-08,773,4127.82
NWO-1026,PLANT_01,DC_SOUTH,2024-07-15,998,5329.32
NWO-1026,PLANT_01,DC_SOUTH,2024-07-22,1084,5788.56
NWO-1026,PLANT_01,DC_SOUTH,2024-07-29,1009,5388.06
NWO-1026,PLANT_01,DC_SOUTH,2024-08-05,1101,5879.34
NWO-1026,PLANT_01,DC_SOUTH,2024-08-12,1136,6066.24
NWO-1026,PLANT_01,DC_SOUTH,2024-08-19,1088,5809.92
NWO-1026,PLANT_01,DC_SOUTH,2024-08-26,902,4816.68
NWO-1026,PLANT_01,DC_SOUTH,2024-09-02,962,5137.08
NWO-1026,PLANT_01,DC_SOUTH,2024-09-09,876,4677.84
NWO-1026,PLANT_01,DC_SOUTH,2024-09-16,998,5329.32
NWO-1026,PLANT_01,DC_SOUTH,2024-09-23,805,4298.7
NWO-1026,PLANT_01,DC_SOUTH,2024-09-30,888,4741.92
NWO-1026,PLANT_01,DC_SOUTH,2024-10-07,892,4763.28
NWO-1026,PLANT_01,DC_SOUTH,2024-10-14,937,5003.58
NWO-1026,PLANT_01,DC_SOUTH,2024-10-21,1055,5633.7
NWO-1026,PLANT_01,DC_SOUTH,2024-10-28,1015,5420.1
NWO-1026,PLANT_01,DC_SOUTH,2024-11-04,1235,6594.9
NWO-1026,PLANT_01,DC_SOUTH,2024-11-11,1267,6765.78
NWO-1026,PLANT_01,DC_SOUTH,2024-11-18,1432,7646.88
NWO-1026,PLANT_01,DC_SOUTH,2024-11-25,1470,7849.8
NWO-1026,PLANT_01,DC_SOUTH,2024-12-02,1184,6322.56
NWO-1026,PLANT_01,DC_SOUTH,2024-12-09,1681,8976.54
NWO-1026,PLANT_01,DC_SOUTH,2024-12-16,1702,9088.68
NWO-1026,PLANT_01,DC_SOUTH,2024-12-23,1512,8074.08
NWO-1026,PLANT_01,DC_SOUTH,2024-12-30,1337,7139.58
NWO-1026,PLANT_01,DC_SOUTH,2025-01-06,707,3775.38
NWO-1026,PLANT_01,DC_SOUTH,2025-01-13,802,4282.68
NWO-1026,PLANT_01,DC_SOUTH,2025-01-20,709,3786.06
NWO-1026,PLANT_01,DC_SOUTH,2025-01-27,863,4608.42
NWO-1026,PLANT_01,DC_SOUTH,2025-02-03,750,4005.0
NWO-1026,PLANT_01,DC_SOUTH,2025-02-10,756,4037.04
NWO-1026,PLANT_01,DC_SOUTH,2025-02-17,777,4149.18
NWO-1026,PLANT_01,DC_SOUTH,2025-02-24,844,4506.96
NWO-1026,PLANT_01,DC_SOUTH,2025-03-03,808,4314.72
NWO-1026,PLANT_01,DC_SOUTH,2025-03-10,862,4603.08
NWO-1026,PLANT_01,DC_SOUTH,2025-03-17,1087,5804.58
NWO-1026,PLANT_01,DC_SOUTH,2025-03-24,1004,5361.36
NWO-1026,PLANT_01,DC_SOUTH,2025-03-31,857,4576.38
NWO-1026,PLANT_01,DC_SOUTH,2025-04-07,1020,5446.8
NWO-1026,PLANT_01,DC_SOUTH,2025-04-14,1004,5361.36
NWO-1026,PLANT_01,DC_SOUTH,2025-04-21,917,4896.78
NWO-1026,PLANT_01,DC_SOUTH,2025-04-28,1132,6044.88
NWO-1026,PLANT_01,DC_SOUTH,2025-05-05,945,5046.3
NWO-1026,PLANT_01,DC_SOUTH,2025-05-12,979,5227.86
NWO-1026,PLANT_01,DC_SOUTH,2025-05-19,905,4832.7
NWO-1026,PLANT_01,DC_SOUTH,2025-05-26,979,5227.86
NWO-1026,PLANT_01,DC_SOUTH,2025-06-02,1381,7374.54
NWO-1026,PLANT_01,DC_SOUTH,2025-06-09,966,5158.44
NWO-1026,PLANT_01,DC_SOUTH,2025-06-16,1287,6872.58
NWO-1026,PLANT_01,DC_SOUTH,2025-06-23,1046,5585.64
NWO-1026,PLANT_01,DC_SOUTH,2025-06-30,1243,6637.62
NWO-1026,PLANT_01,DC_SOUTH,2025-07-07,1040,5553.6
NWO-1026,PLANT_01,DC_SOUTH,2025-07-14,944,5040.96
NWO-1026,PLANT_01,DC_SOUTH,2025-07-21,1126,6012.84
NWO-1026,PLANT_01,DC_SOUTH,2025-07-28,1192,6365.28
NWO-1026,PLANT_01,DC_SOUTH,2025-08-04,1373,7331.82
NWO-1026,PLANT_01,DC_SOUTH,2025-08-11,1197,6391.98
NWO-1026,PLANT_01,DC_SOUTH,2025-08-18,1208,6450.72
NWO-1026,PLANT_01,DC_SOUTH,2025-08-25,965,5153.1
NWO-1026,PLANT_01,DC_SOUTH,2025-09-01,1151,6146.34
NWO-1026,PLANT_01,DC_SOUTH,2025-09-08,1249,6669.66
NWO-1026,PLANT_01,DC_SOUTH,2025-09-15,914,4880.76
NWO-1026,PLANT_01,DC_SOUTH,2025-09-22,1058,5649.72
NWO-1026,PLANT_01,DC_SOUTH,2025-09-29,1139,6082.26
NWO-1026,PLANT_01,DC_SOUTH,2025-10-06,991,5291.94
NWO-1026,PLANT_01,DC_SOUTH,2025-10-13,1011,5398.74
NWO-1026,PLANT_01,DC_SOUTH,2025-10-20,1031,5505.54
NWO-1026,PLANT_01,DC_SOUTH,2025-10-27,981,5238.54
NWO-1026,PLANT_01,DC_SOUTH,2025-11-03,1481,7908.54
NWO-1026,PLANT_01,DC_SOUTH,2025-11-10,1763,9414.42
NWO-1026,PLANT_01,DC_SOUTH,2025-11-17,1628,8693.52
NWO-1026,PLANT_01,DC_SOUTH,2025-11-24,2344,12516.96
NWO-1026,PLANT_01,DC_SOUTH,2025-12-01,2101,11219.34
NWO-1026,PLANT_01,DC_SOUTH,2025-12-08,1587,8474.58
NWO-1026,PLANT_01,DC_SOUTH,2025-12-15,1557,8314.38
NWO-1026,PLANT_01,DC_SOUTH,2025-12-22,1506,8042.04
NWO-1026,PLANT_01,DC_SOUTH,2025-12-29,1330,7102.2
NWO-1026,PLANT_01,DC_SOUTH,2026-01-05,1110,5927.4
NWO-1026,PLANT_01,DC_SOUTH,2026-01-12,916,4891.44
NWO-1026,PLANT_01,DC_SOUTH,2026-01-19,744,3972.96
NWO-1026,PLANT_01,DC_SOUTH,2026-01-26,817,4362.78
NWO-1026,PLANT_01,DC_SOUTH,2026-02-02,794,4239.96
NWO-1026,PLANT_01,DC_SOUTH,2026-02-09,944,5040.96
NWO-1026,PLANT_01,DC_SOUTH,2026-02-16,836,4464.24
NWO-1026,PLANT_01,DC_SOUTH,2026-02-23,909,4854.06
NWO-1026,PLANT_01,DC_SOUTH,2026-03-02,951,5078.34
NWO-1026,PLANT_01,DC_SOUTH,2026-03-09,869,4640.46
NWO-1026,PLANT_01,DC_SOUTH,2026-03-16,1081,5772.54
NWO-1026,PLANT_01,DC_SOUTH,2026-03-23,890,4752.6
NWO-1026,PLANT_01,DC_SOUTH,2026-03-30,1315,7022.1
NWO-1026,PLANT_01,DC_SOUTH,2026-04-06,1164,6215.76
NWO-1026,PLANT_01,DC_SOUTH,2026-04-13,1241,6626.94
NWO-1026,PLANT_01,DC_SOUTH,2026-04-20,1172,6258.48
NWO-1026,PLANT_01,DC_SOUTH,2026-04-27,1163,6210.42
NWO-1026,PLANT_01,DC_SOUTH,2026-05-04,1337,7139.58
NWO-1026,PLANT_01,DC_SOUTH,2026-05-11,1082,5777.88
NWO-1026,PLANT_01,DC_SOUTH,2026-05-18,1366,7294.44
NWO-1026,PLANT_01,DC_SOUTH,2026-05-25,1260,6728.4
NWO-1026,PLANT_01,DC_SOUTH,2026-06-01,1199,6402.66
NWO-1026,PLANT_01,DC_WEST,2023-06-05,619,3305.46
NWO-1026,PLANT_01,DC_WEST,2023-06-12,583,3113.22
NWO-1026,PLANT_01,DC_WEST,2023-06-19,644,3438.96
NWO-1026,PLANT_01,DC_WEST,2023-06-26,694,3705.96
NWO-1026,PLANT_01,DC_WEST,2023-07-03,571,3049.14
NWO-1026,PLANT_01,DC_WEST,2023-07-10,753,4021.02
NWO-1026,PLANT_01,DC_WEST,2023-07-17,586,3129.24
NWO-1026,PLANT_01,DC_WEST,2023-07-24,600,3204.0
NWO-1026,PLANT_01,DC_WEST,2023-07-31,634,3385.56
NWO-1026,PLANT_01,DC_WEST,2023-08-07,803,4288.02
NWO-1026,PLANT_01,DC_WEST,2023-08-14,605,3230.7
NWO-1026,PLANT_01,DC_WEST,2023-08-21,603,3220.02
NWO-1026,PLANT_01,DC_WEST,2023-08-28,646,3449.64
NWO-1026,PLANT_01,DC_WEST,2023-09-04,622,3321.48
NWO-1026,PLANT_01,DC_WEST,2023-09-11,558,2979.72
NWO-1026,PLANT_01,DC_WEST,2023-09-18,544,2904.96
NWO-1026,PLANT_01,DC_WEST,2023-09-25,567,3027.78
NWO-1026,PLANT_01,DC_WEST,2023-10-02,672,3588.48
NWO-1026,PLANT_01,DC_WEST,2023-10-09,686,3663.24
NWO-1026,PLANT_01,DC_WEST,2023-10-16,618,3300.12
NWO-1026,PLANT_01,DC_WEST,2023-10-23,656,3503.04
NWO-1026,PLANT_01,DC_WEST,2023-10-30,747,3988.98
NWO-1026,PLANT_01,DC_WEST,2023-11-06,862,4603.08
NWO-1026,PLANT_01,DC_WEST,2023-11-13,1018,5436.12
NWO-1026,PLANT_01,DC_WEST,2023-11-20,1032,5510.88
NWO-1026,PLANT_01,DC_WEST,2023-11-27,902,4816.68
NWO-1026,PLANT_01,DC_WEST,2023-12-04,838,4474.92
NWO-1026,PLANT_01,DC_WEST,2023-12-11,1027,5484.18
NWO-1026,PLANT_01,DC_WEST,2023-12-18,788,4207.92
NWO-1026,PLANT_01,DC_WEST,2023-12-25,1034,5521.56
NWO-1026,PLANT_01,DC_WEST,2024-01-01,527,2814.18
NWO-1026,PLANT_01,DC_WEST,2024-01-08,525,2803.5
NWO-1026,PLANT_01,DC_WEST,2024-01-15,503,2686.02
NWO-1026,PLANT_01,DC_WEST,2024-01-22,533,2846.22
NWO-1026,PLANT_01,DC_WEST,2024-01-29,574,3065.16
NWO-1026,PLANT_01,DC_WEST,2024-02-05,447,2386.98
NWO-1026,PLANT_01,DC_WEST,2024-02-12,579,3091.86
NWO-1026,PLANT_01,DC_WEST,2024-02-19,519,2771.46
NWO-1026,PLANT_01,DC_WEST,2024-02-26,498,2659.32
NWO-1026,PLANT_01,DC_WEST,2024-03-04,575,3070.5
NWO-1026,PLANT_01,DC_WEST,2024-03-11,583,3113.22
NWO-1026,PLANT_01,DC_WEST,2024-03-18,712,3802.08
NWO-1026,PLANT_01,DC_WEST,2024-03-25,499,2664.66
NWO-1026,PLANT_01,DC_WEST,2024-04-01,598,3193.32
NWO-1026,PLANT_01,DC_WEST,2024-04-08,531,2835.54
NWO-1026,PLANT_01,DC_WEST,2024-04-15,681,3636.54
NWO-1026,PLANT_01,DC_WEST,2024-04-22,554,2958.36
NWO-1026,PLANT_01,DC_WEST,2024-04-29,579,3091.86
NWO-1026,PLANT_01,DC_WEST,2024-05-06,780,4165.2
NWO-1026,PLANT_01,DC_WEST,2024-05-13,591,3155.94
NWO-1026,PLANT_01,DC_WEST,2024-05-20,769,4106.46
NWO-1026,PLANT_01,DC_WEST,2024-05-27,668,3567.12
NWO-1026,PLANT_01,DC_WEST,2024-06-03,847,4522.98
NWO-1026,PLANT_01,DC_WEST,2024-06-10,760,4058.4
NWO-1026,PLANT_01,DC_WEST,2024-06-17,718,3834.12
NWO-1026,PLANT_01,DC_WEST,2024-06-24,847,4522.98
NWO-1026,PLANT_01,DC_WEST,2024-07-01,777,4149.18
NWO-1026,PLANT_01,DC_WEST,2024-07-08,865,4619.1
NWO-1026,PLANT_01,DC_WEST,2024-07-15,721,3850.14
NWO-1026,PLANT_01,DC_WEST,2024-07-22,819,4373.46
NWO-1026,PLANT_01,DC_WEST,2024-07-29,861,4597.74
NWO-1026,PLANT_01,DC_WEST,2024-08-05,608,3246.72
NWO-1026,PLANT_01,DC_WEST,2024-08-12,821,4384.14
NWO-1026,PLANT_01,DC_WEST,2024-08-19,742,3962.28
NWO-1026,PLANT_01,DC_WEST,2024-08-26,815,4352.1
NWO-1026,PLANT_01,DC_WEST,2024-09-02,710,3791.4
NWO-1026,PLANT_01,DC_WEST,2024-09-09,693,3700.62
NWO-1026,PLANT_01,DC_WEST,2024-09-16,588,3139.92
NWO-1026,PLANT_01,DC_WEST,2024-09-23,655,3497.7
NWO-1026,PLANT_01,DC_WEST,2024-09-30,633,3380.22
NWO-1026,PLANT_01,DC_WEST,2024-10-07,763,4074.42
NWO-1026,PLANT_01,DC_WEST,2024-10-14,707,3775.38
NWO-1026,PLANT_01,DC_WEST,2024-10-21,857,4576.38
NWO-1026,PLANT_01,DC_WEST,2024-10-28,723,3860.82
NWO-1026,PLANT_01,DC_WEST,2024-11-04,927,4950.18
NWO-1026,PLANT_01,DC_WEST,2024-11-11,932,4976.88
NWO-1026,PLANT_01,DC_WEST,2024-11-18,1098,5863.32
NWO-1026,PLANT_01,DC_WEST,2024-11-25,1177,6285.18
NWO-1026,PLANT_01,DC_WEST,2024-12-02,1111,5932.74
NWO-1026,PLANT_01,DC_WEST,2024-12-09,1217,6498.78
NWO-1026,PLANT_01,DC_WEST,2024-12-16,1229,6562.86
NWO-1026,PLANT_01,DC_WEST,2024-12-23,924,4934.16
NWO-1026,PLANT_01,DC_WEST,2024-12-30,1099,5868.66
NWO-1026,PLANT_01,DC_WEST,2025-01-06,572,3054.48
NWO-1026,PLANT_01,DC_WEST,2025-01-13,592,3161.28
NWO-1026,PLANT_01,DC_WEST,2025-01-20,627,3348.18
NWO-1026,PLANT_01,DC_WEST,2025-01-27,712,3802.08
NWO-1026,PLANT_01,DC_WEST,2025-02-03,650,3471.0
NWO-1026,PLANT_01,DC_WEST,2025-02-10,468,2499.12
NWO-1026,PLANT_01,DC_WEST,2025-02-17,632,3374.88
NWO-1026,PLANT_01,DC_WEST,2025-02-24,607,3241.38
NWO-1026,PLANT_01,DC_WEST,2025-03-03,789,4213.26
NWO-1026,PLANT_01,DC_WEST,2025-03-10,794,4239.96
NWO-1026,PLANT_01,DC_WEST,2025-03-17,754,4026.36
NWO-1026,PLANT_01,DC_WEST,2025-03-24,806,4304.04
NWO-1026,PLANT_01,DC_WEST,2025-03-31,715,3818.1
NWO-1026,PLANT_01,DC_WEST,2025-04-07,789,4213.26
NWO-1026,PLANT_01,DC_WEST,2025-04-14,857,4576.38
NWO-1026,PLANT_01,DC_WEST,2025-04-21,714,3812.76
NWO-1026,PLANT_01,DC_WEST,2025-04-28,813,4341.42
NWO-1026,PLANT_01,DC_WEST,2025-05-05,696,3716.64
NWO-1026,PLANT_01,DC_WEST,2025-05-12,861,4597.74
NWO-1026,PLANT_01,DC_WEST,2025-05-19,688,3673.92
NWO-1026,PLANT_01,DC_WEST,2025-05-26,850,4539.0
NWO-1026,PLANT_01,DC_WEST,2025-06-02,933,4982.22
NWO-1026,PLANT_01,DC_WEST,2025-06-09,1081,5772.54
NWO-1026,PLANT_01,DC_WEST,2025-06-16,808,4314.72
NWO-1026,PLANT_01,DC_WEST,2025-06-23,982,5243.88
NWO-1026,PLANT_01,DC_WEST,2025-06-30,950,5073.0
NWO-1026,PLANT_01,DC_WEST,2025-07-07,964,5147.76
NWO-1026,PLANT_01,DC_WEST,2025-07-14,1015,5420.1
NWO-1026,PLANT_01,DC_WEST,2025-07-21,913,4875.42
NWO-1026,PLANT_01,DC_WEST,2025-07-28,815,4352.1
NWO-1026,PLANT_01,DC_WEST,2025-08-04,834,4453.56
NWO-1026,PLANT_01,DC_WEST,2025-08-11,903,4822.02
NWO-1026,PLANT_01,DC_WEST,2025-08-18,960,5126.4
NWO-1026,PLANT_01,DC_WEST,2025-08-25,956,5105.04
NWO-1026,PLANT_01,DC_WEST,2025-09-01,776,4143.84
NWO-1026,PLANT_01,DC_WEST,2025-09-08,768,4101.12
NWO-1026,PLANT_01,DC_WEST,2025-09-15,743,3967.62
NWO-1026,PLANT_01,DC_WEST,2025-09-22,924,4934.16
NWO-1026,PLANT_01,DC_WEST,2025-09-29,768,4101.12
NWO-1026,PLANT_01,DC_WEST,2025-10-06,858,4581.72
NWO-1026,PLANT_01,DC_WEST,2025-10-13,838,4474.92
NWO-1026,PLANT_01,DC_WEST,2025-10-20,868,4635.12
NWO-1026,PLANT_01,DC_WEST,2025-10-27,819,4373.46
NWO-1026,PLANT_01,DC_WEST,2025-11-03,1289,6883.26
NWO-1026,PLANT_01,DC_WEST,2025-11-10,1180,6301.2
NWO-1026,PLANT_01,DC_WEST,2025-11-17,1227,6552.18
NWO-1026,PLANT_01,DC_WEST,2025-11-24,1167,6231.78
NWO-1026,PLANT_01,DC_WEST,2025-12-01,1034,5521.56
NWO-1026,PLANT_01,DC_WEST,2025-12-08,1338,7144.92
NWO-1026,PLANT_01,DC_WEST,2025-12-15,1040,5553.6
NWO-1026,PLANT_01,DC_WEST,2025-12-22,1031,5505.54
NWO-1026,PLANT_01,DC_WEST,2025-12-29,1551,8282.34
NWO-1026,PLANT_01,DC_WEST,2026-01-05,1064,5681.76
NWO-1026,PLANT_01,DC_WEST,2026-01-12,973,5195.82
NWO-1026,PLANT_01,DC_WEST,2026-01-19,616,3289.44
NWO-1026,PLANT_01,DC_WEST,2026-01-26,684,3652.56
NWO-1026,PLANT_01,DC_WEST,2026-02-02,652,3481.68
NWO-1026,PLANT_01,DC_WEST,2026-02-09,648,3460.32
NWO-1026,PLANT_01,DC_WEST,2026-02-16,669,3572.46
NWO-1026,PLANT_01,DC_WEST,2026-02-23,873,4661.82
NWO-1026,PLANT_01,DC_WEST,2026-03-02,838,4474.92
NWO-1026,PLANT_01,DC_WEST,2026-03-09,604,3225.36
NWO-1026,PLANT_01,DC_WEST,2026-03-16,792,4229.28
NWO-1026,PLANT_01,DC_WEST,2026-03-23,784,4186.56
NWO-1026,PLANT_01,DC_WEST,2026-03-30,678,3620.52
NWO-1026,PLANT_01,DC_WEST,2026-04-06,795,4245.3
NWO-1026,PLANT_01,DC_WEST,2026-04-13,652,3481.68
NWO-1026,PLANT_01,DC_WEST,2026-04-20,736,3930.24
NWO-1026,PLANT_01,DC_WEST,2026-04-27,889,4747.26
NWO-1026,PLANT_01,DC_WEST,2026-05-04,856,4571.04
NWO-1026,PLANT_01,DC_WEST,2026-05-11,925,4939.5
NWO-1026,PLANT_01,DC_WEST,2026-05-18,843,4501.62
NWO-1026,PLANT_01,DC_WEST,2026-05-25,798,4261.32
NWO-1026,PLANT_01,DC_WEST,2026-06-01,1447,7726.98
NWO-1027,PLANT_01,DC_NORTH,2025-12-15,12,912.96
NWO-1027,PLANT_01,DC_NORTH,2025-12-22,13,989.04
NWO-1027,PLANT_01,DC_NORTH,2025-12-29,29,2206.32
NWO-1027,PLANT_01,DC_NORTH,2026-01-05,29,2206.32
NWO-1027,PLANT_01,DC_NORTH,2026-01-12,48,3651.84
NWO-1027,PLANT_01,DC_NORTH,2026-01-19,39,2967.12
NWO-1027,PLANT_01,DC_NORTH,2026-01-26,60,4564.8
NWO-1027,PLANT_01,DC_NORTH,2026-02-02,72,5477.76
NWO-1027,PLANT_01,DC_NORTH,2026-02-09,74,5629.92
NWO-1027,PLANT_01,DC_NORTH,2026-02-16,86,6542.88
NWO-1027,PLANT_01,DC_NORTH,2026-02-23,122,9281.76
NWO-1027,PLANT_01,DC_NORTH,2026-03-02,116,8825.28
NWO-1027,PLANT_01,DC_NORTH,2026-03-09,169,12857.52
NWO-1027,PLANT_01,DC_NORTH,2026-03-16,150,11412.0
NWO-1027,PLANT_01,DC_NORTH,2026-03-23,150,11412.0
NWO-1027,PLANT_01,DC_NORTH,2026-03-30,175,13314.0
NWO-1027,PLANT_01,DC_NORTH,2026-04-06,207,15748.56
NWO-1027,PLANT_01,DC_NORTH,2026-04-13,140,10651.2
NWO-1027,PLANT_01,DC_NORTH,2026-04-20,154,11716.32
NWO-1027,PLANT_01,DC_NORTH,2026-04-27,123,9357.84
NWO-1027,PLANT_01,DC_NORTH,2026-05-04,177,13466.16
NWO-1027,PLANT_01,DC_NORTH,2026-05-11,126,9586.08
NWO-1027,PLANT_01,DC_NORTH,2026-05-18,171,13009.68
NWO-1027,PLANT_01,DC_NORTH,2026-05-25,148,11259.84
NWO-1027,PLANT_01,DC_NORTH,2026-06-01,165,12553.2
NWO-1027,PLANT_01,DC_SOUTH,2025-12-15,32,2434.56
NWO-1027,PLANT_01,DC_SOUTH,2025-12-22,62,4716.96
NWO-1027,PLANT_01,DC_SOUTH,2025-12-29,108,8216.64
NWO-1027,PLANT_01,DC_SOUTH,2026-01-05,76,5782.08
NWO-1027,PLANT_01,DC_SOUTH,2026-01-12,100,7608.0
NWO-1027,PLANT_01,DC_SOUTH,2026-01-19,159,12096.72
NWO-1027,PLANT_01,DC_SOUTH,2026-01-26,143,10879.44
NWO-1027,PLANT_01,DC_SOUTH,2026-02-02,195,14835.6
NWO-1027,PLANT_01,DC_SOUTH,2026-02-09,229,17422.32
NWO-1027,PLANT_01,DC_SOUTH,2026-02-16,201,15292.08
NWO-1027,PLANT_01,DC_SOUTH,2026-02-23,282,21454.56
NWO-1027,PLANT_01,DC_SOUTH,2026-03-02,378,28758.24
NWO-1027,PLANT_01,DC_SOUTH,2026-03-09,379,28834.32
NWO-1027,PLANT_01,DC_SOUTH,2026-03-16,466,35453.28
NWO-1027,PLANT_01,DC_SOUTH,2026-03-23,426,32410.08
NWO-1027,PLANT_01,DC_SOUTH,2026-03-30,441,33551.28
NWO-1027,PLANT_01,DC_SOUTH,2026-04-06,443,33703.44
NWO-1027,PLANT_01,DC_SOUTH,2026-04-13,454,34540.32
NWO-1027,PLANT_01,DC_SOUTH,2026-04-20,369,28073.52
NWO-1027,PLANT_01,DC_SOUTH,2026-04-27,408,31040.64
NWO-1027,PLANT_01,DC_SOUTH,2026-05-04,423,32181.84
NWO-1027,PLANT_01,DC_SOUTH,2026-05-11,411,31268.88
NWO-1027,PLANT_01,DC_SOUTH,2026-05-18,400,30432.0
NWO-1027,PLANT_01,DC_SOUTH,2026-05-25,444,33779.52
NWO-1027,PLANT_01,DC_SOUTH,2026-06-01,438,33323.04
NWO-1027,PLANT_01,DC_WEST,2025-12-15,22,1673.76
NWO-1027,PLANT_01,DC_WEST,2025-12-22,45,3423.6
NWO-1027,PLANT_01,DC_WEST,2025-12-29,71,5401.68
NWO-1027,PLANT_01,DC_WEST,2026-01-05,74,5629.92
NWO-1027,PLANT_01,DC_WEST,2026-01-12,70,5325.6
NWO-1027,PLANT_01,DC_WEST,2026-01-19,90,6847.2
NWO-1027,PLANT_01,DC_WEST,2026-01-26,131,9966.48
NWO-1027,PLANT_01,DC_WEST,2026-02-02,174,13237.92
NWO-1027,PLANT_01,DC_WEST,2026-02-09,176,13390.08
NWO-1027,PLANT_01,DC_WEST,2026-02-16,180,13694.4
NWO-1027,PLANT_01,DC_WEST,2026-02-23,216,16433.28
NWO-1027,PLANT_01,DC_WEST,2026-03-02,255,19400.4
NWO-1027,PLANT_01,DC_WEST,2026-03-09,272,20693.76
NWO-1027,PLANT_01,DC_WEST,2026-03-16,337,25638.96
NWO-1027,PLANT_01,DC_WEST,2026-03-23,242,18411.36
NWO-1027,PLANT_01,DC_WEST,2026-03-30,343,26095.44
NWO-1027,PLANT_01,DC_WEST,2026-04-06,298,22671.84
NWO-1027,PLANT_01,DC_WEST,2026-04-13,326,24802.08
NWO-1027,PLANT_01,DC_WEST,2026-04-20,363,27617.04
NWO-1027,PLANT_01,DC_WEST,2026-04-27,272,20693.76
NWO-1027,PLANT_01,DC_WEST,2026-05-04,306,23280.48
NWO-1027,PLANT_01,DC_WEST,2026-05-11,321,24421.68
NWO-1027,PLANT_01,DC_WEST,2026-05-18,320,24345.6
NWO-1027,PLANT_01,DC_WEST,2026-05-25,408,31040.64
NWO-1027,PLANT_01,DC_WEST,2026-06-01,340,25867.2
NWO-1028,PLANT_01,DC_NORTH,2025-12-01,5,246.2
NWO-1028,PLANT_01,DC_NORTH,2025-12-08,11,541.64
NWO-1028,PLANT_01,DC_NORTH,2025-12-15,23,1132.52
NWO-1028,PLANT_01,DC_NORTH,2025-12-22,29,1427.96
NWO-1028,PLANT_01,DC_NORTH,2025-12-29,47,2314.28
NWO-1028,PLANT_01,DC_NORTH,2026-01-05,28,1378.72
NWO-1028,PLANT_01,DC_NORTH,2026-01-12,46,2265.04
NWO-1028,PLANT_01,DC_NORTH,2026-01-19,39,1920.36
NWO-1028,PLANT_01,DC_NORTH,2026-01-26,43,2117.32
NWO-1028,PLANT_01,DC_NORTH,2026-02-02,62,3052.88
NWO-1028,PLANT_01,DC_NORTH,2026-02-09,76,3742.24
NWO-1028,PLANT_01,DC_NORTH,2026-02-16,66,3249.84
NWO-1028,PLANT_01,DC_NORTH,2026-02-23,64,3151.36
NWO-1028,PLANT_01,DC_NORTH,2026-03-02,91,4480.84
NWO-1028,PLANT_01,DC_NORTH,2026-03-09,93,4579.32
NWO-1028,PLANT_01,DC_NORTH,2026-03-16,84,4136.16
NWO-1028,PLANT_01,DC_NORTH,2026-03-23,83,4086.92
NWO-1028,PLANT_01,DC_NORTH,2026-03-30,59,2905.16
NWO-1028,PLANT_01,DC_NORTH,2026-04-06,108,5317.92
NWO-1028,PLANT_01,DC_NORTH,2026-04-13,80,3939.2
NWO-1028,PLANT_01,DC_NORTH,2026-04-20,85,4185.4
NWO-1028,PLANT_01,DC_NORTH,2026-04-27,86,4234.64
NWO-1028,PLANT_01,DC_NORTH,2026-05-04,83,4086.92
NWO-1028,PLANT_01,DC_NORTH,2026-05-11,89,4382.36
NWO-1028,PLANT_01,DC_NORTH,2026-05-18,74,3643.76
NWO-1028,PLANT_01,DC_NORTH,2026-05-25,88,4333.12
NWO-1028,PLANT_01,DC_NORTH,2026-06-01,87,4283.88
NWO-1028,PLANT_01,DC_SOUTH,2025-12-01,19,935.56
NWO-1028,PLANT_01,DC_SOUTH,2025-12-08,31,1526.44
NWO-1028,PLANT_01,DC_SOUTH,2025-12-15,60,2954.4
NWO-1028,PLANT_01,DC_SOUTH,2025-12-22,100,4924.0
NWO-1028,PLANT_01,DC_SOUTH,2025-12-29,122,6007.28
NWO-1028,PLANT_01,DC_SOUTH,2026-01-05,83,4086.92
NWO-1028,PLANT_01,DC_SOUTH,2026-01-12,110,5416.4
NWO-1028,PLANT_01,DC_SOUTH,2026-01-19,126,6204.24
NWO-1028,PLANT_01,DC_SOUTH,2026-01-26,148,7287.52
NWO-1028,PLANT_01,DC_SOUTH,2026-02-02,179,8813.96
NWO-1028,PLANT_01,DC_SOUTH,2026-02-09,177,8715.48
NWO-1028,PLANT_01,DC_SOUTH,2026-02-16,196,9651.04
NWO-1028,PLANT_01,DC_SOUTH,2026-02-23,166,8173.84
NWO-1028,PLANT_01,DC_SOUTH,2026-03-02,217,10685.08
NWO-1028,PLANT_01,DC_SOUTH,2026-03-09,239,11768.36
NWO-1028,PLANT_01,DC_SOUTH,2026-03-16,272,13393.28
NWO-1028,PLANT_01,DC_SOUTH,2026-03-23,239,11768.36
NWO-1028,PLANT_01,DC_SOUTH,2026-03-30,222,10931.28
NWO-1028,PLANT_01,DC_SOUTH,2026-04-06,223,10980.52
NWO-1028,PLANT_01,DC_SOUTH,2026-04-13,266,13097.84
NWO-1028,PLANT_01,DC_SOUTH,2026-04-20,228,11226.72
NWO-1028,PLANT_01,DC_SOUTH,2026-04-27,269,13245.56
NWO-1028,PLANT_01,DC_SOUTH,2026-05-04,256,12605.44
NWO-1028,PLANT_01,DC_SOUTH,2026-05-11,227,11177.48
NWO-1028,PLANT_01,DC_SOUTH,2026-05-18,240,11817.6
NWO-1028,PLANT_01,DC_SOUTH,2026-05-25,231,11374.44
NWO-1028,PLANT_01,DC_SOUTH,2026-06-01,295,14525.8
NWO-1028,PLANT_01,DC_WEST,2025-12-01,12,590.88
NWO-1028,PLANT_01,DC_WEST,2025-12-08,22,1083.28
NWO-1028,PLANT_01,DC_WEST,2025-12-15,47,2314.28
NWO-1028,PLANT_01,DC_WEST,2025-12-22,65,3200.6
NWO-1028,PLANT_01,DC_WEST,2025-12-29,107,5268.68
NWO-1028,PLANT_01,DC_WEST,2026-01-05,59,2905.16
NWO-1028,PLANT_01,DC_WEST,2026-01-12,91,4480.84
NWO-1028,PLANT_01,DC_WEST,2026-01-19,93,4579.32
NWO-1028,PLANT_01,DC_WEST,2026-01-26,98,4825.52
NWO-1028,PLANT_01,DC_WEST,2026-02-02,117,5761.08
NWO-1028,PLANT_01,DC_WEST,2026-02-09,94,4628.56
NWO-1028,PLANT_01,DC_WEST,2026-02-16,130,6401.2
NWO-1028,PLANT_01,DC_WEST,2026-02-23,162,7976.88
NWO-1028,PLANT_01,DC_WEST,2026-03-02,155,7632.2
NWO-1028,PLANT_01,DC_WEST,2026-03-09,160,7878.4
NWO-1028,PLANT_01,DC_WEST,2026-03-16,172,8469.28
NWO-1028,PLANT_01,DC_WEST,2026-03-23,172,8469.28
NWO-1028,PLANT_01,DC_WEST,2026-03-30,184,9060.16
NWO-1028,PLANT_01,DC_WEST,2026-04-06,193,9503.32
NWO-1028,PLANT_01,DC_WEST,2026-04-13,171,8420.04
NWO-1028,PLANT_01,DC_WEST,2026-04-20,225,11079.0
NWO-1028,PLANT_01,DC_WEST,2026-04-27,212,10438.88
NWO-1028,PLANT_01,DC_WEST,2026-05-04,141,6942.84
NWO-1028,PLANT_01,DC_WEST,2026-05-11,179,8813.96
NWO-1028,PLANT_01,DC_WEST,2026-05-18,221,10882.04
NWO-1028,PLANT_01,DC_WEST,2026-05-25,199,9798.76
NWO-1028,PLANT_01,DC_WEST,2026-06-01,184,9060.16
NWO-1029,PLANT_01,DC_NORTH,2023-06-05,310,14508.0
NWO-1029,PLANT_01,DC_NORTH,2023-06-12,243,11372.4
NWO-1029,PLANT_01,DC_NORTH,2023-06-19,235,10998.0
NWO-1029,PLANT_01,DC_NORTH,2023-06-26,258,12074.4
NWO-1029,PLANT_01,DC_NORTH,2023-07-03,230,10764.0
NWO-1029,PLANT_01,DC_NORTH,2023-07-10,262,12261.6
NWO-1029,PLANT_01,DC_NORTH,2023-07-17,253,11840.4
NWO-1029,PLANT_01,DC_NORTH,2023-07-24,252,11793.6
NWO-1029,PLANT_01,DC_NORTH,2023-07-31,276,12916.8
NWO-1029,PLANT_01,DC_NORTH,2023-08-07,229,10717.2
NWO-1029,PLANT_01,DC_NORTH,2023-08-14,263,12308.4
NWO-1029,PLANT_01,DC_NORTH,2023-08-21,247,11559.6
NWO-1029,PLANT_01,DC_NORTH,2023-08-28,269,12589.2
NWO-1029,PLANT_01,DC_NORTH,2023-09-04,240,11232.0
NWO-1029,PLANT_01,DC_NORTH,2023-09-11,209,9781.2
NWO-1029,PLANT_01,DC_NORTH,2023-09-18,193,9032.4
NWO-1029,PLANT_01,DC_NORTH,2023-09-25,248,11606.4
NWO-1029,PLANT_01,DC_NORTH,2023-10-02,199,9313.2
NWO-1029,PLANT_01,DC_NORTH,2023-10-09,193,9032.4
NWO-1029,PLANT_01,DC_NORTH,2023-10-16,267,12495.6
NWO-1029,PLANT_01,DC_NORTH,2023-10-23,239,11185.2
NWO-1029,PLANT_01,DC_NORTH,2023-10-30,252,11793.6
NWO-1029,PLANT_01,DC_NORTH,2023-11-06,381,17830.8
NWO-1029,PLANT_01,DC_NORTH,2023-11-13,357,16707.6
NWO-1029,PLANT_01,DC_NORTH,2023-11-20,349,16333.2
NWO-1029,PLANT_01,DC_NORTH,2023-11-27,330,15444.0
NWO-1029,PLANT_01,DC_NORTH,2023-12-04,281,13150.8
NWO-1029,PLANT_01,DC_NORTH,2023-12-11,287,13431.6
NWO-1029,PLANT_01,DC_NORTH,2023-12-18,376,17596.8
NWO-1029,PLANT_01,DC_NORTH,2023-12-25,287,13431.6
NWO-1029,PLANT_01,DC_NORTH,2024-01-01,188,8798.4
NWO-1029,PLANT_01,DC_NORTH,2024-01-08,221,10342.8
NWO-1029,PLANT_01,DC_NORTH,2024-01-15,186,8704.8
NWO-1029,PLANT_01,DC_NORTH,2024-01-22,204,9547.2
NWO-1029,PLANT_01,DC_NORTH,2024-01-29,231,10810.8
NWO-1029,PLANT_01,DC_NORTH,2024-02-05,200,9360.0
NWO-1029,PLANT_01,DC_NORTH,2024-02-12,174,8143.2
NWO-1029,PLANT_01,DC_NORTH,2024-02-19,223,10436.4
NWO-1029,PLANT_01,DC_NORTH,2024-02-26,193,9032.4
NWO-1029,PLANT_01,DC_NORTH,2024-03-04,193,9032.4
NWO-1029,PLANT_01,DC_NORTH,2024-03-11,197,9219.6
NWO-1029,PLANT_01,DC_NORTH,2024-03-18,210,9828.0
NWO-1029,PLANT_01,DC_NORTH,2024-03-25,206,9640.8
NWO-1029,PLANT_01,DC_NORTH,2024-04-01,221,10342.8
NWO-1029,PLANT_01,DC_NORTH,2024-04-08,420,19656.0
NWO-1029,PLANT_01,DC_NORTH,2024-04-15,369,17269.2
NWO-1029,PLANT_01,DC_NORTH,2024-04-22,392,18345.6
NWO-1029,PLANT_01,DC_NORTH,2024-04-29,234,10951.2
NWO-1029,PLANT_01,DC_NORTH,2024-05-06,256,11980.8
NWO-1029,PLANT_01,DC_NORTH,2024-05-13,156,7300.8
NWO-1029,PLANT_01,DC_NORTH,2024-05-20,264,12355.2
NWO-1029,PLANT_01,DC_NORTH,2024-05-27,221,10342.8
NWO-1029,PLANT_01,DC_NORTH,2024-06-03,227,10623.6
NWO-1029,PLANT_01,DC_NORTH,2024-06-10,270,12636.0
NWO-1029,PLANT_01,DC_NORTH,2024-06-17,177,8283.6
NWO-1029,PLANT_01,DC_NORTH,2024-06-24,254,11887.2
NWO-1029,PLANT_01,DC_NORTH,2024-07-01,268,12542.4
NWO-1029,PLANT_01,DC_NORTH,2024-07-08,429,20077.2
NWO-1029,PLANT_01,DC_NORTH,2024-07-15,369,17269.2
NWO-1029,PLANT_01,DC_NORTH,2024-07-22,500,23400.0
NWO-1029,PLANT_01,DC_NORTH,2024-07-29,258,12074.4
NWO-1029,PLANT_01,DC_NORTH,2024-08-05,261,12214.8
NWO-1029,PLANT_01,DC_NORTH,2024-08-12,218,10202.4
NWO-1029,PLANT_01,DC_NORTH,2024-08-19,268,12542.4
NWO-1029,PLANT_01,DC_NORTH,2024-08-26,270,12636.0
NWO-1029,PLANT_01,DC_NORTH,2024-09-02,203,9500.4
NWO-1029,PLANT_01,DC_NORTH,2024-09-09,191,8938.8
NWO-1029,PLANT_01,DC_NORTH,2024-09-16,245,11466.0
NWO-1029,PLANT_01,DC_NORTH,2024-09-23,200,9360.0
NWO-1029,PLANT_01,DC_NORTH,2024-09-30,221,10342.8
NWO-1029,PLANT_01,DC_NORTH,2024-10-07,201,9406.8
NWO-1029,PLANT_01,DC_NORTH,2024-10-14,203,9500.4
NWO-1029,PLANT_01,DC_NORTH,2024-10-21,241,11278.8
NWO-1029,PLANT_01,DC_NORTH,2024-10-28,195,9126.0
NWO-1029,PLANT_01,DC_NORTH,2024-11-04,366,17128.8
NWO-1029,PLANT_01,DC_NORTH,2024-11-11,341,15958.8
NWO-1029,PLANT_01,DC_NORTH,2024-11-18,308,14414.4
NWO-1029,PLANT_01,DC_NORTH,2024-11-25,363,16988.4
NWO-1029,PLANT_01,DC_NORTH,2024-12-02,276,12916.8
NWO-1029,PLANT_01,DC_NORTH,2024-12-09,342,16005.6
NWO-1029,PLANT_01,DC_NORTH,2024-12-16,321,15022.8
NWO-1029,PLANT_01,DC_NORTH,2024-12-23,256,11980.8
NWO-1029,PLANT_01,DC_NORTH,2024-12-30,395,18486.0
NWO-1029,PLANT_01,DC_NORTH,2025-01-06,150,7020.0
NWO-1029,PLANT_01,DC_NORTH,2025-01-13,204,9547.2
NWO-1029,PLANT_01,DC_NORTH,2025-01-20,192,8985.6
NWO-1029,PLANT_01,DC_NORTH,2025-01-27,132,6177.6
NWO-1029,PLANT_01,DC_NORTH,2025-02-03,199,9313.2
NWO-1029,PLANT_01,DC_NORTH,2025-02-10,193,9032.4
NWO-1029,PLANT_01,DC_NORTH,2025-02-17,201,9406.8
NWO-1029,PLANT_01,DC_NORTH,2025-02-24,199,9313.2
NWO-1029,PLANT_01,DC_NORTH,2025-03-03,224,10483.2
NWO-1029,PLANT_01,DC_NORTH,2025-03-10,229,10717.2
NWO-1029,PLANT_01,DC_NORTH,2025-03-17,226,10576.8
NWO-1029,PLANT_01,DC_NORTH,2025-03-24,154,7207.2
NWO-1029,PLANT_01,DC_NORTH,2025-03-31,188,8798.4
NWO-1029,PLANT_01,DC_NORTH,2025-04-07,235,10998.0
NWO-1029,PLANT_01,DC_NORTH,2025-04-14,235,10998.0
NWO-1029,PLANT_01,DC_NORTH,2025-04-21,201,9406.8
NWO-1029,PLANT_01,DC_NORTH,2025-04-28,247,11559.6
NWO-1029,PLANT_01,DC_NORTH,2025-05-05,253,11840.4
NWO-1029,PLANT_01,DC_NORTH,2025-05-12,209,9781.2
NWO-1029,PLANT_01,DC_NORTH,2025-05-19,241,11278.8
NWO-1029,PLANT_01,DC_NORTH,2025-05-26,243,11372.4
NWO-1029,PLANT_01,DC_NORTH,2025-06-02,260,12168.0
NWO-1029,PLANT_01,DC_NORTH,2025-06-09,258,12074.4
NWO-1029,PLANT_01,DC_NORTH,2025-06-16,291,13618.8
NWO-1029,PLANT_01,DC_NORTH,2025-06-23,250,11700.0
NWO-1029,PLANT_01,DC_NORTH,2025-06-30,188,8798.4
NWO-1029,PLANT_01,DC_NORTH,2025-07-07,222,10389.6
NWO-1029,PLANT_01,DC_NORTH,2025-07-14,238,11138.4
NWO-1029,PLANT_01,DC_NORTH,2025-07-21,216,10108.8
NWO-1029,PLANT_01,DC_NORTH,2025-07-28,279,13057.2
NWO-1029,PLANT_01,DC_NORTH,2025-08-04,272,12729.6
NWO-1029,PLANT_01,DC_NORTH,2025-08-11,245,11466.0
NWO-1029,PLANT_01,DC_NORTH,2025-08-18,250,11700.0
NWO-1029,PLANT_01,DC_NORTH,2025-08-25,261,12214.8
NWO-1029,PLANT_01,DC_NORTH,2025-09-01,189,8845.2
NWO-1029,PLANT_01,DC_NORTH,2025-09-08,197,9219.6
NWO-1029,PLANT_01,DC_NORTH,2025-09-15,194,9079.2
NWO-1029,PLANT_01,DC_NORTH,2025-09-22,201,9406.8
NWO-1029,PLANT_01,DC_NORTH,2025-09-29,186,8704.8
NWO-1029,PLANT_01,DC_NORTH,2025-10-06,206,9640.8
NWO-1029,PLANT_01,DC_NORTH,2025-10-13,243,11372.4
NWO-1029,PLANT_01,DC_NORTH,2025-10-20,220,10296.0
NWO-1029,PLANT_01,DC_NORTH,2025-10-27,214,10015.2
NWO-1029,PLANT_01,DC_NORTH,2025-11-03,270,12636.0
NWO-1029,PLANT_01,DC_NORTH,2025-11-10,375,17550.0
NWO-1029,PLANT_01,DC_NORTH,2025-11-17,391,18298.8
NWO-1029,PLANT_01,DC_NORTH,2025-11-24,298,13946.4
NWO-1029,PLANT_01,DC_NORTH,2025-12-01,398,18626.4
NWO-1029,PLANT_01,DC_NORTH,2025-12-08,252,11793.6
NWO-1029,PLANT_01,DC_NORTH,2025-12-15,261,12214.8
NWO-1029,PLANT_01,DC_NORTH,2025-12-22,337,15771.6
NWO-1029,PLANT_01,DC_NORTH,2025-12-29,398,18626.4
NWO-1029,PLANT_01,DC_NORTH,2026-01-05,131,6130.8
NWO-1029,PLANT_01,DC_NORTH,2026-01-12,141,6598.8
NWO-1029,PLANT_01,DC_NORTH,2026-01-19,194,9079.2
NWO-1029,PLANT_01,DC_NORTH,2026-01-26,154,7207.2
NWO-1029,PLANT_01,DC_NORTH,2026-02-02,206,9640.8
NWO-1029,PLANT_01,DC_NORTH,2026-02-09,196,9172.8
NWO-1029,PLANT_01,DC_NORTH,2026-02-16,182,8517.6
NWO-1029,PLANT_01,DC_NORTH,2026-02-23,148,6926.4
NWO-1029,PLANT_01,DC_NORTH,2026-03-02,252,11793.6
NWO-1029,PLANT_01,DC_NORTH,2026-03-09,259,12121.2
NWO-1029,PLANT_01,DC_NORTH,2026-03-16,219,10249.2
NWO-1029,PLANT_01,DC_NORTH,2026-03-23,220,10296.0
NWO-1029,PLANT_01,DC_NORTH,2026-03-30,210,9828.0
NWO-1029,PLANT_01,DC_NORTH,2026-04-06,190,8892.0
NWO-1029,PLANT_01,DC_NORTH,2026-04-13,215,10062.0
NWO-1029,PLANT_01,DC_NORTH,2026-04-20,227,10623.6
NWO-1029,PLANT_01,DC_NORTH,2026-04-27,167,7815.6
NWO-1029,PLANT_01,DC_NORTH,2026-05-04,187,8751.6
NWO-1029,PLANT_01,DC_NORTH,2026-05-11,258,12074.4
NWO-1029,PLANT_01,DC_NORTH,2026-05-18,190,8892.0
NWO-1029,PLANT_01,DC_NORTH,2026-05-25,220,10296.0
NWO-1029,PLANT_01,DC_NORTH,2026-06-01,210,9828.0
NWO-1029,PLANT_01,DC_SOUTH,2023-06-05,609,28501.2
NWO-1029,PLANT_01,DC_SOUTH,2023-06-12,703,32900.4
NWO-1029,PLANT_01,DC_SOUTH,2023-06-19,669,31309.2
NWO-1029,PLANT_01,DC_SOUTH,2023-06-26,571,26722.8
NWO-1029,PLANT_01,DC_SOUTH,2023-07-03,701,32806.8
NWO-1029,PLANT_01,DC_SOUTH,2023-07-10,588,27518.4
NWO-1029,PLANT_01,DC_SOUTH,2023-07-17,719,33649.2
NWO-1029,PLANT_01,DC_SOUTH,2023-07-24,828,38750.4
NWO-1029,PLANT_01,DC_SOUTH,2023-07-31,588,27518.4
NWO-1029,PLANT_01,DC_SOUTH,2023-08-07,556,26020.8
NWO-1029,PLANT_01,DC_SOUTH,2023-08-14,754,35287.2
NWO-1029,PLANT_01,DC_SOUTH,2023-08-21,666,31168.8
NWO-1029,PLANT_01,DC_SOUTH,2023-08-28,584,27331.2
NWO-1029,PLANT_01,DC_SOUTH,2023-09-04,516,24148.8
NWO-1029,PLANT_01,DC_SOUTH,2023-09-11,583,27284.4
NWO-1029,PLANT_01,DC_SOUTH,2023-09-18,444,20779.2
NWO-1029,PLANT_01,DC_SOUTH,2023-09-25,614,28735.2
NWO-1029,PLANT_01,DC_SOUTH,2023-10-02,706,33040.8
NWO-1029,PLANT_01,DC_SOUTH,2023-10-09,793,37112.4
NWO-1029,PLANT_01,DC_SOUTH,2023-10-16,556,26020.8
NWO-1029,PLANT_01,DC_SOUTH,2023-10-23,522,24429.6
NWO-1029,PLANT_01,DC_SOUTH,2023-10-30,612,28641.6
NWO-1029,PLANT_01,DC_SOUTH,2023-11-06,871,40762.8
NWO-1029,PLANT_01,DC_SOUTH,2023-11-13,751,35146.8
NWO-1029,PLANT_01,DC_SOUTH,2023-11-20,854,39967.2
NWO-1029,PLANT_01,DC_SOUTH,2023-11-27,884,41371.2
NWO-1029,PLANT_01,DC_SOUTH,2023-12-04,806,37720.8
NWO-1029,PLANT_01,DC_SOUTH,2023-12-11,1081,50590.8
NWO-1029,PLANT_01,DC_SOUTH,2023-12-18,1040,48672.0
NWO-1029,PLANT_01,DC_SOUTH,2023-12-25,985,46098.0
NWO-1029,PLANT_01,DC_SOUTH,2024-01-01,496,23212.8
NWO-1029,PLANT_01,DC_SOUTH,2024-01-08,485,22698.0
NWO-1029,PLANT_01,DC_SOUTH,2024-01-15,497,23259.6
NWO-1029,PLANT_01,DC_SOUTH,2024-01-22,490,22932.0
NWO-1029,PLANT_01,DC_SOUTH,2024-01-29,571,26722.8
NWO-1029,PLANT_01,DC_SOUTH,2024-02-05,527,24663.6
NWO-1029,PLANT_01,DC_SOUTH,2024-02-12,415,19422.0
NWO-1029,PLANT_01,DC_SOUTH,2024-02-19,425,19890.0
NWO-1029,PLANT_01,DC_SOUTH,2024-02-26,458,21434.4
NWO-1029,PLANT_01,DC_SOUTH,2024-03-04,560,26208.0
NWO-1029,PLANT_01,DC_SOUTH,2024-03-11,623,29156.4
NWO-1029,PLANT_01,DC_SOUTH,2024-03-18,670,31356.0
NWO-1029,PLANT_01,DC_SOUTH,2024-03-25,618,28922.4
NWO-1029,PLANT_01,DC_SOUTH,2024-04-01,700,32760.0
NWO-1029,PLANT_01,DC_SOUTH,2024-04-08,669,31309.2
NWO-1029,PLANT_01,DC_SOUTH,2024-04-15,708,33134.4
NWO-1029,PLANT_01,DC_SOUTH,2024-04-22,595,27846.0
NWO-1029,PLANT_01,DC_SOUTH,2024-04-29,529,24757.2
NWO-1029,PLANT_01,DC_SOUTH,2024-05-06,571,26722.8
NWO-1029,PLANT_01,DC_SOUTH,2024-05-13,622,29109.6
NWO-1029,PLANT_01,DC_SOUTH,2024-05-20,641,29998.8
NWO-1029,PLANT_01,DC_SOUTH,2024-05-27,716,33508.8
NWO-1029,PLANT_01,DC_SOUTH,2024-06-03,757,35427.6
NWO-1029,PLANT_01,DC_SOUTH,2024-06-10,731,34210.8
NWO-1029,PLANT_01,DC_SOUTH,2024-06-17,687,32151.6
NWO-1029,PLANT_01,DC_SOUTH,2024-06-24,646,30232.8
NWO-1029,PLANT_01,DC_SOUTH,2024-07-01,645,30186.0
NWO-1029,PLANT_01,DC_SOUTH,2024-07-08,686,32104.8
NWO-1029,PLANT_01,DC_SOUTH,2024-07-15,649,30373.2
NWO-1029,PLANT_01,DC_SOUTH,2024-07-22,734,34351.2
NWO-1029,PLANT_01,DC_SOUTH,2024-07-29,791,37018.8
NWO-1029,PLANT_01,DC_SOUTH,2024-08-05,670,31356.0
NWO-1029,PLANT_01,DC_SOUTH,2024-08-12,578,27050.4
NWO-1029,PLANT_01,DC_SOUTH,2024-08-19,504,23587.2
NWO-1029,PLANT_01,DC_SOUTH,2024-08-26,611,28594.8
NWO-1029,PLANT_01,DC_SOUTH,2024-09-02,616,28828.8
NWO-1029,PLANT_01,DC_SOUTH,2024-09-09,571,26722.8
NWO-1029,PLANT_01,DC_SOUTH,2024-09-16,614,28735.2
NWO-1029,PLANT_01,DC_SOUTH,2024-09-23,510,23868.0
NWO-1029,PLANT_01,DC_SOUTH,2024-09-30,774,36223.2
NWO-1029,PLANT_01,DC_SOUTH,2024-10-07,597,27939.6
NWO-1029,PLANT_01,DC_SOUTH,2024-10-14,641,29998.8
NWO-1029,PLANT_01,DC_SOUTH,2024-10-21,738,34538.4
NWO-1029,PLANT_01,DC_SOUTH,2024-10-28,641,29998.8
NWO-1029,PLANT_01,DC_SOUTH,2024-11-04,785,36738.0
NWO-1029,PLANT_01,DC_SOUTH,2024-11-11,731,34210.8
NWO-1029,PLANT_01,DC_SOUTH,2024-11-18,1037,48531.6
NWO-1029,PLANT_01,DC_SOUTH,2024-11-25,1039,48625.2
NWO-1029,PLANT_01,DC_SOUTH,2024-12-02,942,44085.6
NWO-1029,PLANT_01,DC_SOUTH,2024-12-09,920,43056.0
NWO-1029,PLANT_01,DC_SOUTH,2024-12-16,953,44600.4
NWO-1029,PLANT_01,DC_SOUTH,2024-12-23,856,40060.8
NWO-1029,PLANT_01,DC_SOUTH,2024-12-30,960,44928.0
NWO-1029,PLANT_01,DC_SOUTH,2025-01-06,487,22791.6
NWO-1029,PLANT_01,DC_SOUTH,2025-01-13,460,21528.0
NWO-1029,PLANT_01,DC_SOUTH,2025-01-20,517,24195.6
NWO-1029,PLANT_01,DC_SOUTH,2025-01-27,510,23868.0
NWO-1029,PLANT_01,DC_SOUTH,2025-02-03,503,23540.4
NWO-1029,PLANT_01,DC_SOUTH,2025-02-10,403,18860.4
NWO-1029,PLANT_01,DC_SOUTH,2025-02-17,469,21949.2
NWO-1029,PLANT_01,DC_SOUTH,2025-02-24,471,22042.8
NWO-1029,PLANT_01,DC_SOUTH,2025-03-03,531,24850.8
NWO-1029,PLANT_01,DC_SOUTH,2025-03-10,564,26395.2
NWO-1029,PLANT_01,DC_SOUTH,2025-03-17,624,29203.2
NWO-1029,PLANT_01,DC_SOUTH,2025-03-24,499,23353.2
NWO-1029,PLANT_01,DC_SOUTH,2025-03-31,617,28875.6
NWO-1029,PLANT_01,DC_SOUTH,2025-04-07,517,24195.6
NWO-1029,PLANT_01,DC_SOUTH,2025-04-14,624,29203.2
NWO-1029,PLANT_01,DC_SOUTH,2025-04-21,603,28220.4
NWO-1029,PLANT_01,DC_SOUTH,2025-04-28,591,27658.8
NWO-1029,PLANT_01,DC_SOUTH,2025-05-05,624,29203.2
NWO-1029,PLANT_01,DC_SOUTH,2025-05-12,548,25646.4
NWO-1029,PLANT_01,DC_SOUTH,2025-05-19,699,32713.2
NWO-1029,PLANT_01,DC_SOUTH,2025-05-26,735,34398.0
NWO-1029,PLANT_01,DC_SOUTH,2025-06-02,708,33134.4
NWO-1029,PLANT_01,DC_SOUTH,2025-06-09,571,26722.8
NWO-1029,PLANT_01,DC_SOUTH,2025-06-16,694,32479.2
NWO-1029,PLANT_01,DC_SOUTH,2025-06-23,466,21808.8
NWO-1029,PLANT_01,DC_SOUTH,2025-06-30,598,27986.4
NWO-1029,PLANT_01,DC_SOUTH,2025-07-07,702,32853.6
NWO-1029,PLANT_01,DC_SOUTH,2025-07-14,575,26910.0
NWO-1029,PLANT_01,DC_SOUTH,2025-07-21,744,34819.2
NWO-1029,PLANT_01,DC_SOUTH,2025-07-28,700,32760.0
NWO-1029,PLANT_01,DC_SOUTH,2025-08-04,868,40622.4
NWO-1029,PLANT_01,DC_SOUTH,2025-08-11,665,31122.0
NWO-1029,PLANT_01,DC_SOUTH,2025-08-18,662,30981.6
NWO-1029,PLANT_01,DC_SOUTH,2025-08-25,618,28922.4
NWO-1029,PLANT_01,DC_SOUTH,2025-09-01,662,30981.6
NWO-1029,PLANT_01,DC_SOUTH,2025-09-08,628,29390.4
NWO-1029,PLANT_01,DC_SOUTH,2025-09-15,631,29530.8
NWO-1029,PLANT_01,DC_SOUTH,2025-09-22,577,27003.6
NWO-1029,PLANT_01,DC_SOUTH,2025-09-29,625,29250.0
NWO-1029,PLANT_01,DC_SOUTH,2025-10-06,606,28360.8
NWO-1029,PLANT_01,DC_SOUTH,2025-10-13,606,28360.8
NWO-1029,PLANT_01,DC_SOUTH,2025-10-20,707,33087.6
NWO-1029,PLANT_01,DC_SOUTH,2025-10-27,669,31309.2
NWO-1029,PLANT_01,DC_SOUTH,2025-11-03,740,34632.0
NWO-1029,PLANT_01,DC_SOUTH,2025-11-10,748,35006.4
NWO-1029,PLANT_01,DC_SOUTH,2025-11-17,867,40575.6
NWO-1029,PLANT_01,DC_SOUTH,2025-11-24,875,40950.0
NWO-1029,PLANT_01,DC_SOUTH,2025-12-01,920,43056.0
NWO-1029,PLANT_01,DC_SOUTH,2025-12-08,738,34538.4
NWO-1029,PLANT_01,DC_SOUTH,2025-12-15,642,30045.6
NWO-1029,PLANT_01,DC_SOUTH,2025-12-22,959,44881.2
NWO-1029,PLANT_01,DC_SOUTH,2025-12-29,852,39873.6
NWO-1029,PLANT_01,DC_SOUTH,2026-01-05,452,21153.6
NWO-1029,PLANT_01,DC_SOUTH,2026-01-12,406,19000.8
NWO-1029,PLANT_01,DC_SOUTH,2026-01-19,501,23446.8
NWO-1029,PLANT_01,DC_SOUTH,2026-01-26,471,22042.8
NWO-1029,PLANT_01,DC_SOUTH,2026-02-02,454,21247.2
NWO-1029,PLANT_01,DC_SOUTH,2026-02-09,494,23119.2
NWO-1029,PLANT_01,DC_SOUTH,2026-02-16,554,25927.2
NWO-1029,PLANT_01,DC_SOUTH,2026-02-23,437,20451.6
NWO-1029,PLANT_01,DC_SOUTH,2026-03-02,571,26722.8
NWO-1029,PLANT_01,DC_SOUTH,2026-03-09,575,26910.0
NWO-1029,PLANT_01,DC_SOUTH,2026-03-16,574,26863.2
NWO-1029,PLANT_01,DC_SOUTH,2026-03-23,576,26956.8
NWO-1029,PLANT_01,DC_SOUTH,2026-03-30,619,28969.2
NWO-1029,PLANT_01,DC_SOUTH,2026-04-06,657,30747.6
NWO-1029,PLANT_01,DC_SOUTH,2026-04-13,585,27378.0
NWO-1029,PLANT_01,DC_SOUTH,2026-04-20,550,25740.0
NWO-1029,PLANT_01,DC_SOUTH,2026-04-27,646,30232.8
NWO-1029,PLANT_01,DC_SOUTH,2026-05-04,655,30654.0
NWO-1029,PLANT_01,DC_SOUTH,2026-05-11,646,30232.8
NWO-1029,PLANT_01,DC_SOUTH,2026-05-18,571,26722.8
NWO-1029,PLANT_01,DC_SOUTH,2026-05-25,600,28080.0
NWO-1029,PLANT_01,DC_SOUTH,2026-06-01,582,27237.6
NWO-1029,PLANT_01,DC_WEST,2023-06-05,436,20404.8
NWO-1029,PLANT_01,DC_WEST,2023-06-12,519,24289.2
NWO-1029,PLANT_01,DC_WEST,2023-06-19,529,24757.2
NWO-1029,PLANT_01,DC_WEST,2023-06-26,446,20872.8
NWO-1029,PLANT_01,DC_WEST,2023-07-03,548,25646.4
NWO-1029,PLANT_01,DC_WEST,2023-07-10,547,25599.6
NWO-1029,PLANT_01,DC_WEST,2023-07-17,530,24804.0
NWO-1029,PLANT_01,DC_WEST,2023-07-24,481,22510.8
NWO-1029,PLANT_01,DC_WEST,2023-07-31,543,25412.4
NWO-1029,PLANT_01,DC_WEST,2023-08-07,447,20919.6
NWO-1029,PLANT_01,DC_WEST,2023-08-14,424,19843.2
NWO-1029,PLANT_01,DC_WEST,2023-08-21,357,16707.6
NWO-1029,PLANT_01,DC_WEST,2023-08-28,484,22651.2
NWO-1029,PLANT_01,DC_WEST,2023-09-04,438,20498.4
NWO-1029,PLANT_01,DC_WEST,2023-09-11,472,22089.6
NWO-1029,PLANT_01,DC_WEST,2023-09-18,446,20872.8
NWO-1029,PLANT_01,DC_WEST,2023-09-25,400,18720.0
NWO-1029,PLANT_01,DC_WEST,2023-10-02,508,23774.4
NWO-1029,PLANT_01,DC_WEST,2023-10-09,444,20779.2
NWO-1029,PLANT_01,DC_WEST,2023-10-16,427,19983.6
NWO-1029,PLANT_01,DC_WEST,2023-10-23,479,22417.2
NWO-1029,PLANT_01,DC_WEST,2023-10-30,429,20077.2
NWO-1029,PLANT_01,DC_WEST,2023-11-06,707,33087.6
NWO-1029,PLANT_01,DC_WEST,2023-11-13,791,37018.8
NWO-1029,PLANT_01,DC_WEST,2023-11-20,521,24382.8
NWO-1029,PLANT_01,DC_WEST,2023-11-27,755,35334.0
NWO-1029,PLANT_01,DC_WEST,2023-12-04,734,34351.2
NWO-1029,PLANT_01,DC_WEST,2023-12-11,792,37065.6
NWO-1029,PLANT_01,DC_WEST,2023-12-18,743,34772.4
NWO-1029,PLANT_01,DC_WEST,2023-12-25,623,29156.4
NWO-1029,PLANT_01,DC_WEST,2024-01-01,426,19936.8
NWO-1029,PLANT_01,DC_WEST,2024-01-08,386,18064.8
NWO-1029,PLANT_01,DC_WEST,2024-01-15,419,19609.2
NWO-1029,PLANT_01,DC_WEST,2024-01-22,315,14742.0
NWO-1029,PLANT_01,DC_WEST,2024-01-29,374,17503.2
NWO-1029,PLANT_01,DC_WEST,2024-02-05,392,18345.6
NWO-1029,PLANT_01,DC_WEST,2024-02-12,321,15022.8
NWO-1029,PLANT_01,DC_WEST,2024-02-19,320,14976.0
NWO-1029,PLANT_01,DC_WEST,2024-02-26,341,15958.8
NWO-1029,PLANT_01,DC_WEST,2024-03-04,486,22744.8
NWO-1029,PLANT_01,DC_WEST,2024-03-11,472,22089.6
NWO-1029,PLANT_01,DC_WEST,2024-03-18,494,23119.2
NWO-1029,PLANT_01,DC_WEST,2024-03-25,401,18766.8
NWO-1029,PLANT_01,DC_WEST,2024-04-01,322,15069.6
NWO-1029,PLANT_01,DC_WEST,2024-04-08,532,24897.6
NWO-1029,PLANT_01,DC_WEST,2024-04-15,419,19609.2
NWO-1029,PLANT_01,DC_WEST,2024-04-22,607,28407.6
NWO-1029,PLANT_01,DC_WEST,2024-04-29,375,17550.0
NWO-1029,PLANT_01,DC_WEST,2024-05-06,472,22089.6
NWO-1029,PLANT_01,DC_WEST,2024-05-13,455,21294.0
NWO-1029,PLANT_01,DC_WEST,2024-05-20,515,24102.0
NWO-1029,PLANT_01,DC_WEST,2024-05-27,392,18345.6
NWO-1029,PLANT_01,DC_WEST,2024-06-03,563,26348.4
NWO-1029,PLANT_01,DC_WEST,2024-06-10,445,20826.0
NWO-1029,PLANT_01,DC_WEST,2024-06-17,517,24195.6
NWO-1029,PLANT_01,DC_WEST,2024-06-24,518,24242.4
NWO-1029,PLANT_01,DC_WEST,2024-07-01,509,23821.2
NWO-1029,PLANT_01,DC_WEST,2024-07-08,503,23540.4
NWO-1029,PLANT_01,DC_WEST,2024-07-15,513,24008.4
NWO-1029,PLANT_01,DC_WEST,2024-07-22,468,21902.4
NWO-1029,PLANT_01,DC_WEST,2024-07-29,479,22417.2
NWO-1029,PLANT_01,DC_WEST,2024-08-05,531,24850.8
NWO-1029,PLANT_01,DC_WEST,2024-08-12,603,28220.4
NWO-1029,PLANT_01,DC_WEST,2024-08-19,473,22136.4
NWO-1029,PLANT_01,DC_WEST,2024-08-26,468,21902.4
NWO-1029,PLANT_01,DC_WEST,2024-09-02,535,25038.0
NWO-1029,PLANT_01,DC_WEST,2024-09-09,484,22651.2
NWO-1029,PLANT_01,DC_WEST,2024-09-16,471,22042.8
NWO-1029,PLANT_01,DC_WEST,2024-09-23,377,17643.6
NWO-1029,PLANT_01,DC_WEST,2024-09-30,381,17830.8
NWO-1029,PLANT_01,DC_WEST,2024-10-07,488,22838.4
NWO-1029,PLANT_01,DC_WEST,2024-10-14,494,23119.2
NWO-1029,PLANT_01,DC_WEST,2024-10-21,448,20966.4
NWO-1029,PLANT_01,DC_WEST,2024-10-28,442,20685.6
NWO-1029,PLANT_01,DC_WEST,2024-11-04,740,34632.0
NWO-1029,PLANT_01,DC_WEST,2024-11-11,691,32338.8
NWO-1029,PLANT_01,DC_WEST,2024-11-18,625,29250.0
NWO-1029,PLANT_01,DC_WEST,2024-11-25,555,25974.0
NWO-1029,PLANT_01,DC_WEST,2024-12-02,679,31777.2
NWO-1029,PLANT_01,DC_WEST,2024-12-09,743,34772.4
NWO-1029,PLANT_01,DC_WEST,2024-12-16,722,33789.6
NWO-1029,PLANT_01,DC_WEST,2024-12-23,483,22604.4
NWO-1029,PLANT_01,DC_WEST,2024-12-30,814,38095.2
NWO-1029,PLANT_01,DC_WEST,2025-01-06,344,16099.2
NWO-1029,PLANT_01,DC_WEST,2025-01-13,417,19515.6
NWO-1029,PLANT_01,DC_WEST,2025-01-20,417,19515.6
NWO-1029,PLANT_01,DC_WEST,2025-01-27,403,18860.4
NWO-1029,PLANT_01,DC_WEST,2025-02-03,286,13384.8
NWO-1029,PLANT_01,DC_WEST,2025-02-10,313,14648.4
NWO-1029,PLANT_01,DC_WEST,2025-02-17,350,16380.0
NWO-1029,PLANT_01,DC_WEST,2025-02-24,365,17082.0
NWO-1029,PLANT_01,DC_WEST,2025-03-03,394,18439.2
NWO-1029,PLANT_01,DC_WEST,2025-03-10,440,20592.0
NWO-1029,PLANT_01,DC_WEST,2025-03-17,324,15163.2
NWO-1029,PLANT_01,DC_WEST,2025-03-24,608,28454.4
NWO-1029,PLANT_01,DC_WEST,2025-03-31,402,18813.6
NWO-1029,PLANT_01,DC_WEST,2025-04-07,420,19656.0
NWO-1029,PLANT_01,DC_WEST,2025-04-14,429,20077.2
NWO-1029,PLANT_01,DC_WEST,2025-04-21,417,19515.6
NWO-1029,PLANT_01,DC_WEST,2025-04-28,369,17269.2
NWO-1029,PLANT_01,DC_WEST,2025-05-05,454,21247.2
NWO-1029,PLANT_01,DC_WEST,2025-05-12,405,18954.0
NWO-1029,PLANT_01,DC_WEST,2025-05-19,481,22510.8
NWO-1029,PLANT_01,DC_WEST,2025-05-26,489,22885.2
NWO-1029,PLANT_01,DC_WEST,2025-06-02,553,25880.4
NWO-1029,PLANT_01,DC_WEST,2025-06-09,508,23774.4
NWO-1029,PLANT_01,DC_WEST,2025-06-16,560,26208.0
NWO-1029,PLANT_01,DC_WEST,2025-06-23,600,28080.0
NWO-1029,PLANT_01,DC_WEST,2025-06-30,575,26910.0
NWO-1029,PLANT_01,DC_WEST,2025-07-07,466,21808.8
NWO-1029,PLANT_01,DC_WEST,2025-07-14,471,22042.8
NWO-1029,PLANT_01,DC_WEST,2025-07-21,580,27144.0
NWO-1029,PLANT_01,DC_WEST,2025-07-28,476,22276.8
NWO-1029,PLANT_01,DC_WEST,2025-08-04,440,20592.0
NWO-1029,PLANT_01,DC_WEST,2025-08-11,400,18720.0
NWO-1029,PLANT_01,DC_WEST,2025-08-18,490,22932.0
NWO-1029,PLANT_01,DC_WEST,2025-08-25,511,23914.8
NWO-1029,PLANT_01,DC_WEST,2025-09-01,459,21481.2
NWO-1029,PLANT_01,DC_WEST,2025-09-08,509,23821.2
NWO-1029,PLANT_01,DC_WEST,2025-09-15,369,17269.2
NWO-1029,PLANT_01,DC_WEST,2025-09-22,381,17830.8
NWO-1029,PLANT_01,DC_WEST,2025-09-29,394,18439.2
NWO-1029,PLANT_01,DC_WEST,2025-10-06,524,24523.2
NWO-1029,PLANT_01,DC_WEST,2025-10-13,432,20217.6
NWO-1029,PLANT_01,DC_WEST,2025-10-20,428,20030.4
NWO-1029,PLANT_01,DC_WEST,2025-10-27,462,21621.6
NWO-1029,PLANT_01,DC_WEST,2025-11-03,664,31075.2
NWO-1029,PLANT_01,DC_WEST,2025-11-10,630,29484.0
NWO-1029,PLANT_01,DC_WEST,2025-11-17,677,31683.6
NWO-1029,PLANT_01,DC_WEST,2025-11-24,703,32900.4
NWO-1029,PLANT_01,DC_WEST,2025-12-01,620,29016.0
NWO-1029,PLANT_01,DC_WEST,2025-12-08,634,29671.2
NWO-1029,PLANT_01,DC_WEST,2025-12-15,722,33789.6
NWO-1029,PLANT_01,DC_WEST,2025-12-22,581,27190.8
NWO-1029,PLANT_01,DC_WEST,2025-12-29,684,32011.2
NWO-1029,PLANT_01,DC_WEST,2026-01-05,391,18298.8
NWO-1029,PLANT_01,DC_WEST,2026-01-12,347,16239.6
NWO-1029,PLANT_01,DC_WEST,2026-01-19,321,15022.8
NWO-1029,PLANT_01,DC_WEST,2026-01-26,378,17690.4
NWO-1029,PLANT_01,DC_WEST,2026-02-02,365,17082.0
NWO-1029,PLANT_01,DC_WEST,2026-02-09,344,16099.2
NWO-1029,PLANT_01,DC_WEST,2026-02-16,412,19281.6
NWO-1029,PLANT_01,DC_WEST,2026-02-23,341,15958.8
NWO-1029,PLANT_01,DC_WEST,2026-03-02,450,21060.0
NWO-1029,PLANT_01,DC_WEST,2026-03-09,478,22370.4
NWO-1029,PLANT_01,DC_WEST,2026-03-16,446,20872.8
NWO-1029,PLANT_01,DC_WEST,2026-03-23,464,21715.2
NWO-1029,PLANT_01,DC_WEST,2026-03-30,309,14461.2
NWO-1029,PLANT_01,DC_WEST,2026-04-06,548,25646.4
NWO-1029,PLANT_01,DC_WEST,2026-04-13,462,21621.6
NWO-1029,PLANT_01,DC_WEST,2026-04-20,467,21855.6
NWO-1029,PLANT_01,DC_WEST,2026-04-27,534,24991.2
NWO-1029,PLANT_01,DC_WEST,2026-05-04,411,19234.8
NWO-1029,PLANT_01,DC_WEST,2026-05-11,506,23680.8
NWO-1029,PLANT_01,DC_WEST,2026-05-18,392,18345.6
NWO-1029,PLANT_01,DC_WEST,2026-05-25,450,21060.0
NWO-1029,PLANT_01,DC_WEST,2026-06-01,616,28828.8
NWO-1030,PLANT_01,DC_NORTH,2023-06-05,188,3434.76
NWO-1030,PLANT_01,DC_NORTH,2023-06-12,229,4183.83
NWO-1030,PLANT_01,DC_NORTH,2023-06-19,189,3453.03
NWO-1030,PLANT_01,DC_NORTH,2023-06-26,216,3946.32
NWO-1030,PLANT_01,DC_NORTH,2023-07-03,159,2904.93
NWO-1030,PLANT_01,DC_NORTH,2023-07-10,194,3544.38
NWO-1030,PLANT_01,DC_NORTH,2023-07-17,207,3781.89
NWO-1030,PLANT_01,DC_NORTH,2023-07-24,162,2959.74
NWO-1030,PLANT_01,DC_NORTH,2023-07-31,148,2703.96
NWO-1030,PLANT_01,DC_NORTH,2023-08-07,149,2722.23
NWO-1030,PLANT_01,DC_NORTH,2023-08-14,201,3672.27
NWO-1030,PLANT_01,DC_NORTH,2023-08-21,181,3306.87
NWO-1030,PLANT_01,DC_NORTH,2023-08-28,234,4275.18
NWO-1030,PLANT_01,DC_NORTH,2023-09-04,164,2996.28
NWO-1030,PLANT_01,DC_NORTH,2023-09-11,149,2722.23
NWO-1030,PLANT_01,DC_NORTH,2023-09-18,179,3270.33
NWO-1030,PLANT_01,DC_NORTH,2023-09-25,209,3818.43
NWO-1030,PLANT_01,DC_NORTH,2023-10-02,213,3891.51
NWO-1030,PLANT_01,DC_NORTH,2023-10-09,206,3763.62
NWO-1030,PLANT_01,DC_NORTH,2023-10-16,204,3727.08
NWO-1030,PLANT_01,DC_NORTH,2023-10-23,180,3288.6
NWO-1030,PLANT_01,DC_NORTH,2023-10-30,216,3946.32
NWO-1030,PLANT_01,DC_NORTH,2023-11-06,229,4183.83
NWO-1030,PLANT_01,DC_NORTH,2023-11-13,283,5170.41
NWO-1030,PLANT_01,DC_NORTH,2023-11-20,225,4110.75
NWO-1030,PLANT_01,DC_NORTH,2023-11-27,229,4183.83
NWO-1030,PLANT_01,DC_NORTH,2023-12-04,226,4129.02
NWO-1030,PLANT_01,DC_NORTH,2023-12-11,258,4713.66
NWO-1030,PLANT_01,DC_NORTH,2023-12-18,318,5809.86
NWO-1030,PLANT_01,DC_NORTH,2023-12-25,274,5005.98
NWO-1030,PLANT_01,DC_NORTH,2024-01-01,135,2466.45
NWO-1030,PLANT_01,DC_NORTH,2024-01-08,129,2356.83
NWO-1030,PLANT_01,DC_NORTH,2024-01-15,141,2576.07
NWO-1030,PLANT_01,DC_NORTH,2024-01-22,116,2119.32
NWO-1030,PLANT_01,DC_NORTH,2024-01-29,164,2996.28
NWO-1030,PLANT_01,DC_NORTH,2024-02-05,117,2137.59
NWO-1030,PLANT_01,DC_NORTH,2024-02-12,158,2886.66
NWO-1030,PLANT_01,DC_NORTH,2024-02-19,147,2685.69
NWO-1030,PLANT_01,DC_NORTH,2024-02-26,178,3252.06
NWO-1030,PLANT_01,DC_NORTH,2024-03-04,182,3325.14
NWO-1030,PLANT_01,DC_NORTH,2024-03-11,160,2923.2
NWO-1030,PLANT_01,DC_NORTH,2024-03-18,223,4074.21
NWO-1030,PLANT_01,DC_NORTH,2024-03-25,213,3891.51
NWO-1030,PLANT_01,DC_NORTH,2024-04-01,109,1991.43
NWO-1030,PLANT_01,DC_NORTH,2024-04-08,157,2868.39
NWO-1030,PLANT_01,DC_NORTH,2024-04-15,221,4037.67
NWO-1030,PLANT_01,DC_NORTH,2024-04-22,154,2813.58
NWO-1030,PLANT_01,DC_NORTH,2024-04-29,133,2429.91
NWO-1030,PLANT_01,DC_NORTH,2024-05-06,183,3343.41
NWO-1030,PLANT_01,DC_NORTH,2024-05-13,241,4403.07
NWO-1030,PLANT_01,DC_NORTH,2024-05-20,178,3252.06
NWO-1030,PLANT_01,DC_NORTH,2024-05-27,200,3654.0
NWO-1030,PLANT_01,DC_NORTH,2024-06-03,221,4037.67
NWO-1030,PLANT_01,DC_NORTH,2024-06-10,211,3854.97
NWO-1030,PLANT_01,DC_NORTH,2024-06-17,257,4695.39
NWO-1030,PLANT_01,DC_NORTH,2024-06-24,265,4841.55
NWO-1030,PLANT_01,DC_NORTH,2024-07-01,148,2703.96
NWO-1030,PLANT_01,DC_NORTH,2024-07-08,203,3708.81
NWO-1030,PLANT_01,DC_NORTH,2024-07-15,203,3708.81
NWO-1030,PLANT_01,DC_NORTH,2024-07-22,211,3854.97
NWO-1030,PLANT_01,DC_NORTH,2024-07-29,216,3946.32
NWO-1030,PLANT_01,DC_NORTH,2024-08-05,169,3087.63
NWO-1030,PLANT_01,DC_NORTH,2024-08-12,186,3398.22
NWO-1030,PLANT_01,DC_NORTH,2024-08-19,205,3745.35
NWO-1030,PLANT_01,DC_NORTH,2024-08-26,163,2978.01
NWO-1030,PLANT_01,DC_NORTH,2024-09-02,198,3617.46
NWO-1030,PLANT_01,DC_NORTH,2024-09-09,185,3379.95
NWO-1030,PLANT_01,DC_NORTH,2024-09-16,222,4055.94
NWO-1030,PLANT_01,DC_NORTH,2024-09-23,158,2886.66
NWO-1030,PLANT_01,DC_NORTH,2024-09-30,148,2703.96
NWO-1030,PLANT_01,DC_NORTH,2024-10-07,190,3471.3
NWO-1030,PLANT_01,DC_NORTH,2024-10-14,164,2996.28
NWO-1030,PLANT_01,DC_NORTH,2024-10-21,201,3672.27
NWO-1030,PLANT_01,DC_NORTH,2024-10-28,174,3178.98
NWO-1030,PLANT_01,DC_NORTH,2024-11-04,231,4220.37
NWO-1030,PLANT_01,DC_NORTH,2024-11-11,146,2667.42
NWO-1030,PLANT_01,DC_NORTH,2024-11-18,264,4823.28
NWO-1030,PLANT_01,DC_NORTH,2024-11-25,241,4403.07
NWO-1030,PLANT_01,DC_NORTH,2024-12-02,217,3964.59
NWO-1030,PLANT_01,DC_NORTH,2024-12-09,263,4805.01
NWO-1030,PLANT_01,DC_NORTH,2024-12-16,364,6650.28
NWO-1030,PLANT_01,DC_NORTH,2024-12-23,221,4037.67
NWO-1030,PLANT_01,DC_NORTH,2024-12-30,199,3635.73
NWO-1030,PLANT_01,DC_NORTH,2025-01-06,114,2082.78
NWO-1030,PLANT_01,DC_NORTH,2025-01-13,164,2996.28
NWO-1030,PLANT_01,DC_NORTH,2025-01-20,150,2740.5
NWO-1030,PLANT_01,DC_NORTH,2025-01-27,89,1626.03
NWO-1030,PLANT_01,DC_NORTH,2025-02-03,170,3105.9
NWO-1030,PLANT_01,DC_NORTH,2025-02-10,134,2448.18
NWO-1030,PLANT_01,DC_NORTH,2025-02-17,148,2703.96
NWO-1030,PLANT_01,DC_NORTH,2025-02-24,137,2502.99
NWO-1030,PLANT_01,DC_NORTH,2025-03-03,166,3032.82
NWO-1030,PLANT_01,DC_NORTH,2025-03-10,196,3580.92
NWO-1030,PLANT_01,DC_NORTH,2025-03-17,193,3526.11
NWO-1030,PLANT_01,DC_NORTH,2025-03-24,132,2411.64
NWO-1030,PLANT_01,DC_NORTH,2025-03-31,227,4147.29
NWO-1030,PLANT_01,DC_NORTH,2025-04-07,165,3014.55
NWO-1030,PLANT_01,DC_NORTH,2025-04-14,173,3160.71
NWO-1030,PLANT_01,DC_NORTH,2025-04-21,147,2685.69
NWO-1030,PLANT_01,DC_NORTH,2025-04-28,147,2685.69
NWO-1030,PLANT_01,DC_NORTH,2025-05-05,165,3014.55
NWO-1030,PLANT_01,DC_NORTH,2025-05-12,197,3599.19
NWO-1030,PLANT_01,DC_NORTH,2025-05-19,161,2941.47
NWO-1030,PLANT_01,DC_NORTH,2025-05-26,193,3526.11
NWO-1030,PLANT_01,DC_NORTH,2025-06-02,190,3471.3
NWO-1030,PLANT_01,DC_NORTH,2025-06-09,182,3325.14
NWO-1030,PLANT_01,DC_NORTH,2025-06-16,205,3745.35
NWO-1030,PLANT_01,DC_NORTH,2025-06-23,202,3690.54
NWO-1030,PLANT_01,DC_NORTH,2025-06-30,213,3891.51
NWO-1030,PLANT_01,DC_NORTH,2025-07-07,224,4092.48
NWO-1030,PLANT_01,DC_NORTH,2025-07-14,177,3233.79
NWO-1030,PLANT_01,DC_NORTH,2025-07-21,202,3690.54
NWO-1030,PLANT_01,DC_NORTH,2025-07-28,184,3361.68
NWO-1030,PLANT_01,DC_NORTH,2025-08-04,186,3398.22
NWO-1030,PLANT_01,DC_NORTH,2025-08-11,174,3178.98
NWO-1030,PLANT_01,DC_NORTH,2025-08-18,178,3252.06
NWO-1030,PLANT_01,DC_NORTH,2025-08-25,136,2484.72
NWO-1030,PLANT_01,DC_NORTH,2025-09-01,178,3252.06
NWO-1030,PLANT_01,DC_NORTH,2025-09-08,188,3434.76
NWO-1030,PLANT_01,DC_NORTH,2025-09-15,229,4183.83
NWO-1030,PLANT_01,DC_NORTH,2025-09-22,192,3507.84
NWO-1030,PLANT_01,DC_NORTH,2025-09-29,163,2978.01
NWO-1030,PLANT_01,DC_NORTH,2025-10-06,185,3379.95
NWO-1030,PLANT_01,DC_NORTH,2025-10-13,180,3288.6
NWO-1030,PLANT_01,DC_NORTH,2025-10-20,156,2850.12
NWO-1030,PLANT_01,DC_NORTH,2025-10-27,135,2466.45
NWO-1030,PLANT_01,DC_NORTH,2025-11-03,168,3069.36
NWO-1030,PLANT_01,DC_NORTH,2025-11-10,176,3215.52
NWO-1030,PLANT_01,DC_NORTH,2025-11-17,150,2740.5
NWO-1030,PLANT_01,DC_NORTH,2025-11-24,143,2612.61
NWO-1030,PLANT_01,DC_NORTH,2025-12-01,118,2155.86
NWO-1030,PLANT_01,DC_NORTH,2025-12-08,114,2082.78
NWO-1030,PLANT_01,DC_NORTH,2025-12-15,76,1388.52
NWO-1030,PLANT_01,DC_NORTH,2025-12-22,90,1644.3
NWO-1030,PLANT_01,DC_NORTH,2025-12-29,66,1205.82
NWO-1030,PLANT_01,DC_NORTH,2026-01-05,23,420.21
NWO-1030,PLANT_01,DC_NORTH,2026-01-12,15,274.05
NWO-1030,PLANT_01,DC_NORTH,2026-01-19,7,127.89
NWO-1030,PLANT_01,DC_SOUTH,2023-06-05,813,14853.51
NWO-1030,PLANT_01,DC_SOUTH,2023-06-12,637,11637.99
NWO-1030,PLANT_01,DC_SOUTH,2023-06-19,833,15218.91
NWO-1030,PLANT_01,DC_SOUTH,2023-06-26,542,9902.34
NWO-1030,PLANT_01,DC_SOUTH,2023-07-03,597,10907.19
NWO-1030,PLANT_01,DC_SOUTH,2023-07-10,527,9628.29
NWO-1030,PLANT_01,DC_SOUTH,2023-07-17,516,9427.32
NWO-1030,PLANT_01,DC_SOUTH,2023-07-24,462,8440.74
NWO-1030,PLANT_01,DC_SOUTH,2023-07-31,629,11491.83
NWO-1030,PLANT_01,DC_SOUTH,2023-08-07,516,9427.32
NWO-1030,PLANT_01,DC_SOUTH,2023-08-14,534,9756.18
NWO-1030,PLANT_01,DC_SOUTH,2023-08-21,497,9080.19
NWO-1030,PLANT_01,DC_SOUTH,2023-08-28,577,10541.79
NWO-1030,PLANT_01,DC_SOUTH,2023-09-04,419,7655.13
NWO-1030,PLANT_01,DC_SOUTH,2023-09-11,395,7216.65
NWO-1030,PLANT_01,DC_SOUTH,2023-09-18,461,8422.47
NWO-1030,PLANT_01,DC_SOUTH,2023-09-25,447,8166.69
NWO-1030,PLANT_01,DC_SOUTH,2023-10-02,553,10103.31
NWO-1030,PLANT_01,DC_SOUTH,2023-10-09,437,7983.99
NWO-1030,PLANT_01,DC_SOUTH,2023-10-16,497,9080.19
NWO-1030,PLANT_01,DC_SOUTH,2023-10-23,570,10413.9
NWO-1030,PLANT_01,DC_SOUTH,2023-10-30,527,9628.29
NWO-1030,PLANT_01,DC_SOUTH,2023-11-06,664,12131.28
NWO-1030,PLANT_01,DC_SOUTH,2023-11-13,642,11729.34
NWO-1030,PLANT_01,DC_SOUTH,2023-11-20,519,9482.13
NWO-1030,PLANT_01,DC_SOUTH,2023-11-27,693,12661.11
NWO-1030,PLANT_01,DC_SOUTH,2023-12-04,677,12368.79
NWO-1030,PLANT_01,DC_SOUTH,2023-12-11,661,12076.47
NWO-1030,PLANT_01,DC_SOUTH,2023-12-18,732,13373.64
NWO-1030,PLANT_01,DC_SOUTH,2023-12-25,689,12588.03
NWO-1030,PLANT_01,DC_SOUTH,2024-01-01,405,7399.35
NWO-1030,PLANT_01,DC_SOUTH,2024-01-08,416,7600.32
NWO-1030,PLANT_01,DC_SOUTH,2024-01-15,375,6851.25
NWO-1030,PLANT_01,DC_SOUTH,2024-01-22,424,7746.48
NWO-1030,PLANT_01,DC_SOUTH,2024-01-29,376,6869.52
NWO-1030,PLANT_01,DC_SOUTH,2024-02-05,383,6997.41
NWO-1030,PLANT_01,DC_SOUTH,2024-02-12,370,6759.9
NWO-1030,PLANT_01,DC_SOUTH,2024-02-19,462,8440.74
NWO-1030,PLANT_01,DC_SOUTH,2024-02-26,373,6814.71
NWO-1030,PLANT_01,DC_SOUTH,2024-03-04,399,7289.73
NWO-1030,PLANT_01,DC_SOUTH,2024-03-11,450,8221.5
NWO-1030,PLANT_01,DC_SOUTH,2024-03-18,421,7691.67
NWO-1030,PLANT_01,DC_SOUTH,2024-03-25,403,7362.81
NWO-1030,PLANT_01,DC_SOUTH,2024-04-01,518,9463.86
NWO-1030,PLANT_01,DC_SOUTH,2024-04-08,458,8367.66
NWO-1030,PLANT_01,DC_SOUTH,2024-04-15,485,8860.95
NWO-1030,PLANT_01,DC_SOUTH,2024-04-22,418,7636.86
NWO-1030,PLANT_01,DC_SOUTH,2024-04-29,507,9262.89
NWO-1030,PLANT_01,DC_SOUTH,2024-05-06,476,8696.52
NWO-1030,PLANT_01,DC_SOUTH,2024-05-13,518,9463.86
NWO-1030,PLANT_01,DC_SOUTH,2024-05-20,434,7929.18
NWO-1030,PLANT_01,DC_SOUTH,2024-05-27,507,9262.89
NWO-1030,PLANT_01,DC_SOUTH,2024-06-03,521,9518.67
NWO-1030,PLANT_01,DC_SOUTH,2024-06-10,537,9810.99
NWO-1030,PLANT_01,DC_SOUTH,2024-06-17,473,8641.71
NWO-1030,PLANT_01,DC_SOUTH,2024-06-24,501,9153.27
NWO-1030,PLANT_01,DC_SOUTH,2024-07-01,506,9244.62
NWO-1030,PLANT_01,DC_SOUTH,2024-07-08,599,10943.73
NWO-1030,PLANT_01,DC_SOUTH,2024-07-15,627,11455.29
NWO-1030,PLANT_01,DC_SOUTH,2024-07-22,605,11053.35
NWO-1030,PLANT_01,DC_SOUTH,2024-07-29,621,11345.67
NWO-1030,PLANT_01,DC_SOUTH,2024-08-05,500,9135.0
NWO-1030,PLANT_01,DC_SOUTH,2024-08-12,506,9244.62
NWO-1030,PLANT_01,DC_SOUTH,2024-08-19,543,9920.61
NWO-1030,PLANT_01,DC_SOUTH,2024-08-26,436,7965.72
NWO-1030,PLANT_01,DC_SOUTH,2024-09-02,408,7454.16
NWO-1030,PLANT_01,DC_SOUTH,2024-09-09,492,8988.84
NWO-1030,PLANT_01,DC_SOUTH,2024-09-16,457,8349.39
NWO-1030,PLANT_01,DC_SOUTH,2024-09-23,434,7929.18
NWO-1030,PLANT_01,DC_SOUTH,2024-09-30,481,8787.87
NWO-1030,PLANT_01,DC_SOUTH,2024-10-07,526,9610.02
NWO-1030,PLANT_01,DC_SOUTH,2024-10-14,517,9445.59
NWO-1030,PLANT_01,DC_SOUTH,2024-10-21,417,7618.59
NWO-1030,PLANT_01,DC_SOUTH,2024-10-28,521,9518.67
NWO-1030,PLANT_01,DC_SOUTH,2024-11-04,676,12350.52
NWO-1030,PLANT_01,DC_SOUTH,2024-11-11,724,13227.48
NWO-1030,PLANT_01,DC_SOUTH,2024-11-18,680,12423.6
NWO-1030,PLANT_01,DC_SOUTH,2024-11-25,649,11857.23
NWO-1030,PLANT_01,DC_SOUTH,2024-12-02,821,14999.67
NWO-1030,PLANT_01,DC_SOUTH,2024-12-09,709,12953.43
NWO-1030,PLANT_01,DC_SOUTH,2024-12-16,713,13026.51
NWO-1030,PLANT_01,DC_SOUTH,2024-12-23,658,12021.66
NWO-1030,PLANT_01,DC_SOUTH,2024-12-30,756,13812.12
NWO-1030,PLANT_01,DC_SOUTH,2025-01-06,381,6960.87
NWO-1030,PLANT_01,DC_SOUTH,2025-01-13,317,5791.59
NWO-1030,PLANT_01,DC_SOUTH,2025-01-20,394,7198.38
NWO-1030,PLANT_01,DC_SOUTH,2025-01-27,391,7143.57
NWO-1030,PLANT_01,DC_SOUTH,2025-02-03,412,7527.24
NWO-1030,PLANT_01,DC_SOUTH,2025-02-10,323,5901.21
NWO-1030,PLANT_01,DC_SOUTH,2025-02-17,298,5444.46
NWO-1030,PLANT_01,DC_SOUTH,2025-02-24,294,5371.38
NWO-1030,PLANT_01,DC_SOUTH,2025-03-03,461,8422.47
NWO-1030,PLANT_01,DC_SOUTH,2025-03-10,386,7052.22
NWO-1030,PLANT_01,DC_SOUTH,2025-03-17,363,6632.01
NWO-1030,PLANT_01,DC_SOUTH,2025-03-24,466,8513.82
NWO-1030,PLANT_01,DC_SOUTH,2025-03-31,491,8970.57
NWO-1030,PLANT_01,DC_SOUTH,2025-04-07,597,10907.19
NWO-1030,PLANT_01,DC_SOUTH,2025-04-14,462,8440.74
NWO-1030,PLANT_01,DC_SOUTH,2025-04-21,491,8970.57
NWO-1030,PLANT_01,DC_SOUTH,2025-04-28,467,8532.09
NWO-1030,PLANT_01,DC_SOUTH,2025-05-05,535,9774.45
NWO-1030,PLANT_01,DC_SOUTH,2025-05-12,523,9555.21
NWO-1030,PLANT_01,DC_SOUTH,2025-05-19,582,10633.14
NWO-1030,PLANT_01,DC_SOUTH,2025-05-26,513,9372.51
NWO-1030,PLANT_01,DC_SOUTH,2025-06-02,557,10176.39
NWO-1030,PLANT_01,DC_SOUTH,2025-06-09,489,8934.03
NWO-1030,PLANT_01,DC_SOUTH,2025-06-16,547,9993.69
NWO-1030,PLANT_01,DC_SOUTH,2025-06-23,452,8258.04
NWO-1030,PLANT_01,DC_SOUTH,2025-06-30,522,9536.94
NWO-1030,PLANT_01,DC_SOUTH,2025-07-07,575,10505.25
NWO-1030,PLANT_01,DC_SOUTH,2025-07-14,540,9865.8
NWO-1030,PLANT_01,DC_SOUTH,2025-07-21,500,9135.0
NWO-1030,PLANT_01,DC_SOUTH,2025-07-28,541,9884.07
NWO-1030,PLANT_01,DC_SOUTH,2025-08-04,564,10304.28
NWO-1030,PLANT_01,DC_SOUTH,2025-08-11,554,10121.58
NWO-1030,PLANT_01,DC_SOUTH,2025-08-18,450,8221.5
NWO-1030,PLANT_01,DC_SOUTH,2025-08-25,546,9975.42
NWO-1030,PLANT_01,DC_SOUTH,2025-09-01,415,7582.05
NWO-1030,PLANT_01,DC_SOUTH,2025-09-08,445,8130.15
NWO-1030,PLANT_01,DC_SOUTH,2025-09-15,466,8513.82
NWO-1030,PLANT_01,DC_SOUTH,2025-09-22,400,7308.0
NWO-1030,PLANT_01,DC_SOUTH,2025-09-29,467,8532.09
NWO-1030,PLANT_01,DC_SOUTH,2025-10-06,521,9518.67
NWO-1030,PLANT_01,DC_SOUTH,2025-10-13,520,9500.4
NWO-1030,PLANT_01,DC_SOUTH,2025-10-20,389,7107.03
NWO-1030,PLANT_01,DC_SOUTH,2025-10-27,432,7892.64
NWO-1030,PLANT_01,DC_SOUTH,2025-11-03,428,7819.56
NWO-1030,PLANT_01,DC_SOUTH,2025-11-10,464,8477.28
NWO-1030,PLANT_01,DC_SOUTH,2025-11-17,407,7435.89
NWO-1030,PLANT_01,DC_SOUTH,2025-11-24,285,5206.95
NWO-1030,PLANT_01,DC_SOUTH,2025-12-01,369,6741.63
NWO-1030,PLANT_01,DC_SOUTH,2025-12-08,323,5901.21
NWO-1030,PLANT_01,DC_SOUTH,2025-12-15,262,4786.74
NWO-1030,PLANT_01,DC_SOUTH,2025-12-22,238,4348.26
NWO-1030,PLANT_01,DC_SOUTH,2025-12-29,205,3745.35
NWO-1030,PLANT_01,DC_SOUTH,2026-01-05,67,1224.09
NWO-1030,PLANT_01,DC_SOUTH,2026-01-12,45,822.15
NWO-1030,PLANT_01,DC_SOUTH,2026-01-19,21,383.67
NWO-1030,PLANT_01,DC_WEST,2023-06-05,414,7563.78
NWO-1030,PLANT_01,DC_WEST,2023-06-12,433,7910.91
NWO-1030,PLANT_01,DC_WEST,2023-06-19,417,7618.59
NWO-1030,PLANT_01,DC_WEST,2023-06-26,392,7161.84
NWO-1030,PLANT_01,DC_WEST,2023-07-03,438,8002.26
NWO-1030,PLANT_01,DC_WEST,2023-07-10,405,7399.35
NWO-1030,PLANT_01,DC_WEST,2023-07-17,415,7582.05
NWO-1030,PLANT_01,DC_WEST,2023-07-24,395,7216.65
NWO-1030,PLANT_01,DC_WEST,2023-07-31,380,6942.6
NWO-1030,PLANT_01,DC_WEST,2023-08-07,375,6851.25
NWO-1030,PLANT_01,DC_WEST,2023-08-14,376,6869.52
NWO-1030,PLANT_01,DC_WEST,2023-08-21,406,7417.62
NWO-1030,PLANT_01,DC_WEST,2023-08-28,376,6869.52
NWO-1030,PLANT_01,DC_WEST,2023-09-04,395,7216.65
NWO-1030,PLANT_01,DC_WEST,2023-09-11,329,6010.83
NWO-1030,PLANT_01,DC_WEST,2023-09-18,363,6632.01
NWO-1030,PLANT_01,DC_WEST,2023-09-25,442,8075.34
NWO-1030,PLANT_01,DC_WEST,2023-10-02,424,7746.48
NWO-1030,PLANT_01,DC_WEST,2023-10-09,283,5170.41
NWO-1030,PLANT_01,DC_WEST,2023-10-16,395,7216.65
NWO-1030,PLANT_01,DC_WEST,2023-10-23,443,8093.61
NWO-1030,PLANT_01,DC_WEST,2023-10-30,370,6759.9
NWO-1030,PLANT_01,DC_WEST,2023-11-06,568,10377.36
NWO-1030,PLANT_01,DC_WEST,2023-11-13,519,9482.13
NWO-1030,PLANT_01,DC_WEST,2023-11-20,421,7691.67
NWO-1030,PLANT_01,DC_WEST,2023-11-27,491,8970.57
NWO-1030,PLANT_01,DC_WEST,2023-12-04,456,8331.12
NWO-1030,PLANT_01,DC_WEST,2023-12-11,527,9628.29
NWO-1030,PLANT_01,DC_WEST,2023-12-18,418,7636.86
NWO-1030,PLANT_01,DC_WEST,2023-12-25,595,10870.65
NWO-1030,PLANT_01,DC_WEST,2024-01-01,272,4969.44
NWO-1030,PLANT_01,DC_WEST,2024-01-08,264,4823.28
NWO-1030,PLANT_01,DC_WEST,2024-01-15,255,4658.85
NWO-1030,PLANT_01,DC_WEST,2024-01-22,307,5608.89
NWO-1030,PLANT_01,DC_WEST,2024-01-29,300,5481.0
NWO-1030,PLANT_01,DC_WEST,2024-02-05,269,4914.63
NWO-1030,PLANT_01,DC_WEST,2024-02-12,299,5462.73
NWO-1030,PLANT_01,DC_WEST,2024-02-19,289,5280.03
NWO-1030,PLANT_01,DC_WEST,2024-02-26,312,5700.24
NWO-1030,PLANT_01,DC_WEST,2024-03-04,355,6485.85
NWO-1030,PLANT_01,DC_WEST,2024-03-11,366,6686.82
NWO-1030,PLANT_01,DC_WEST,2024-03-18,272,4969.44
NWO-1030,PLANT_01,DC_WEST,2024-03-25,301,5499.27
NWO-1030,PLANT_01,DC_WEST,2024-04-01,324,5919.48
NWO-1030,PLANT_01,DC_WEST,2024-04-08,326,5956.02
NWO-1030,PLANT_01,DC_WEST,2024-04-15,348,6357.96
NWO-1030,PLANT_01,DC_WEST,2024-04-22,350,6394.5
NWO-1030,PLANT_01,DC_WEST,2024-04-29,268,4896.36
NWO-1030,PLANT_01,DC_WEST,2024-05-06,353,6449.31
NWO-1030,PLANT_01,DC_WEST,2024-05-13,425,7764.75
NWO-1030,PLANT_01,DC_WEST,2024-05-20,312,5700.24
NWO-1030,PLANT_01,DC_WEST,2024-05-27,341,6230.07
NWO-1030,PLANT_01,DC_WEST,2024-06-03,360,6577.2
NWO-1030,PLANT_01,DC_WEST,2024-06-10,403,7362.81
NWO-1030,PLANT_01,DC_WEST,2024-06-17,343,6266.61
NWO-1030,PLANT_01,DC_WEST,2024-06-24,386,7052.22
NWO-1030,PLANT_01,DC_WEST,2024-07-01,399,7289.73
NWO-1030,PLANT_01,DC_WEST,2024-07-08,437,7983.99
NWO-1030,PLANT_01,DC_WEST,2024-07-15,487,8897.49
NWO-1030,PLANT_01,DC_WEST,2024-07-22,439,8020.53
NWO-1030,PLANT_01,DC_WEST,2024-07-29,475,8678.25
NWO-1030,PLANT_01,DC_WEST,2024-08-05,395,7216.65
NWO-1030,PLANT_01,DC_WEST,2024-08-12,414,7563.78
NWO-1030,PLANT_01,DC_WEST,2024-08-19,319,5828.13
NWO-1030,PLANT_01,DC_WEST,2024-08-26,389,7107.03
NWO-1030,PLANT_01,DC_WEST,2024-09-02,358,6540.66
NWO-1030,PLANT_01,DC_WEST,2024-09-09,338,6175.26
NWO-1030,PLANT_01,DC_WEST,2024-09-16,296,5407.92
NWO-1030,PLANT_01,DC_WEST,2024-09-23,310,5663.7
NWO-1030,PLANT_01,DC_WEST,2024-09-30,341,6230.07
NWO-1030,PLANT_01,DC_WEST,2024-10-07,314,5736.78
NWO-1030,PLANT_01,DC_WEST,2024-10-14,433,7910.91
NWO-1030,PLANT_01,DC_WEST,2024-10-21,308,5627.16
NWO-1030,PLANT_01,DC_WEST,2024-10-28,305,5572.35
NWO-1030,PLANT_01,DC_WEST,2024-11-04,546,9975.42
NWO-1030,PLANT_01,DC_WEST,2024-11-11,572,10450.44
NWO-1030,PLANT_01,DC_WEST,2024-11-18,683,12478.41
NWO-1030,PLANT_01,DC_WEST,2024-11-25,463,8459.01
NWO-1030,PLANT_01,DC_WEST,2024-12-02,563,10286.01
NWO-1030,PLANT_01,DC_WEST,2024-12-09,550,10048.5
NWO-1030,PLANT_01,DC_WEST,2024-12-16,462,8440.74
NWO-1030,PLANT_01,DC_WEST,2024-12-23,434,7929.18
NWO-1030,PLANT_01,DC_WEST,2024-12-30,493,9007.11
NWO-1030,PLANT_01,DC_WEST,2025-01-06,265,4841.55
NWO-1030,PLANT_01,DC_WEST,2025-01-13,266,4859.82
NWO-1030,PLANT_01,DC_WEST,2025-01-20,264,4823.28
NWO-1030,PLANT_01,DC_WEST,2025-01-27,243,4439.61
NWO-1030,PLANT_01,DC_WEST,2025-02-03,392,7161.84
NWO-1030,PLANT_01,DC_WEST,2025-02-10,260,4750.2
NWO-1030,PLANT_01,DC_WEST,2025-02-17,393,7180.11
NWO-1030,PLANT_01,DC_WEST,2025-02-24,378,6906.06
NWO-1030,PLANT_01,DC_WEST,2025-03-03,314,5736.78
NWO-1030,PLANT_01,DC_WEST,2025-03-10,357,6522.39
NWO-1030,PLANT_01,DC_WEST,2025-03-17,329,6010.83
NWO-1030,PLANT_01,DC_WEST,2025-03-24,392,7161.84
NWO-1030,PLANT_01,DC_WEST,2025-03-31,319,5828.13
NWO-1030,PLANT_01,DC_WEST,2025-04-07,404,7381.08
NWO-1030,PLANT_01,DC_WEST,2025-04-14,327,5974.29
NWO-1030,PLANT_01,DC_WEST,2025-04-21,353,6449.31
NWO-1030,PLANT_01,DC_WEST,2025-04-28,353,6449.31
NWO-1030,PLANT_01,DC_WEST,2025-05-05,406,7417.62
NWO-1030,PLANT_01,DC_WEST,2025-05-12,366,6686.82
NWO-1030,PLANT_01,DC_WEST,2025-05-19,397,7253.19
NWO-1030,PLANT_01,DC_WEST,2025-05-26,392,7161.84
NWO-1030,PLANT_01,DC_WEST,2025-06-02,471,8605.17
NWO-1030,PLANT_01,DC_WEST,2025-06-09,339,6193.53
NWO-1030,PLANT_01,DC_WEST,2025-06-16,410,7490.7
NWO-1030,PLANT_01,DC_WEST,2025-06-23,388,7088.76
NWO-1030,PLANT_01,DC_WEST,2025-06-30,401,7326.27
NWO-1030,PLANT_01,DC_WEST,2025-07-07,433,7910.91
NWO-1030,PLANT_01,DC_WEST,2025-07-14,426,7783.02
NWO-1030,PLANT_01,DC_WEST,2025-07-21,383,6997.41
NWO-1030,PLANT_01,DC_WEST,2025-07-28,380,6942.6
NWO-1030,PLANT_01,DC_WEST,2025-08-04,440,8038.8
NWO-1030,PLANT_01,DC_WEST,2025-08-11,419,7655.13
NWO-1030,PLANT_01,DC_WEST,2025-08-18,354,6467.58
NWO-1030,PLANT_01,DC_WEST,2025-08-25,500,9135.0
NWO-1030,PLANT_01,DC_WEST,2025-09-01,294,5371.38
NWO-1030,PLANT_01,DC_WEST,2025-09-08,304,5554.08
NWO-1030,PLANT_01,DC_WEST,2025-09-15,336,6138.72
NWO-1030,PLANT_01,DC_WEST,2025-09-22,288,5261.76
NWO-1030,PLANT_01,DC_WEST,2025-09-29,318,5809.86
NWO-1030,PLANT_01,DC_WEST,2025-10-06,496,9061.92
NWO-1030,PLANT_01,DC_WEST,2025-10-13,328,5992.56
NWO-1030,PLANT_01,DC_WEST,2025-10-20,372,6796.44
NWO-1030,PLANT_01,DC_WEST,2025-10-27,281,5133.87
NWO-1030,PLANT_01,DC_WEST,2025-11-03,472,8623.44
NWO-1030,PLANT_01,DC_WEST,2025-11-10,303,5535.81
NWO-1030,PLANT_01,DC_WEST,2025-11-17,318,5809.86
NWO-1030,PLANT_01,DC_WEST,2025-11-24,252,4604.04
NWO-1030,PLANT_01,DC_WEST,2025-12-01,202,3690.54
NWO-1030,PLANT_01,DC_WEST,2025-12-08,264,4823.28
NWO-1030,PLANT_01,DC_WEST,2025-12-15,291,5316.57
NWO-1030,PLANT_01,DC_WEST,2025-12-22,234,4275.18
NWO-1030,PLANT_01,DC_WEST,2025-12-29,162,2959.74
NWO-1030,PLANT_01,DC_WEST,2026-01-05,53,968.31
NWO-1030,PLANT_01,DC_WEST,2026-01-12,40,730.8
NWO-1030,PLANT_01,DC_WEST,2026-01-19,16,292.32
NWO-1031,PLANT_01,DC_NORTH,2023-06-05,188,4267.6
NWO-1031,PLANT_01,DC_NORTH,2023-06-12,186,4222.2
NWO-1031,PLANT_01,DC_NORTH,2023-06-19,171,3881.7
NWO-1031,PLANT_01,DC_NORTH,2023-06-26,147,3336.9
NWO-1031,PLANT_01,DC_NORTH,2023-07-03,131,2973.7
NWO-1031,PLANT_01,DC_NORTH,2023-07-10,149,3382.3
NWO-1031,PLANT_01,DC_NORTH,2023-07-17,175,3972.5
NWO-1031,PLANT_01,DC_NORTH,2023-07-24,214,4857.8
NWO-1031,PLANT_01,DC_NORTH,2023-07-31,196,4449.2
NWO-1031,PLANT_01,DC_NORTH,2023-08-07,181,4108.7
NWO-1031,PLANT_01,DC_NORTH,2023-08-14,181,4108.7
NWO-1031,PLANT_01,DC_NORTH,2023-08-21,155,3518.5
NWO-1031,PLANT_01,DC_NORTH,2023-08-28,152,3450.4
NWO-1031,PLANT_01,DC_NORTH,2023-09-04,186,4222.2
NWO-1031,PLANT_01,DC_NORTH,2023-09-11,150,3405.0
NWO-1031,PLANT_01,DC_NORTH,2023-09-18,118,2678.6
NWO-1031,PLANT_01,DC_NORTH,2023-09-25,130,2951.0
NWO-1031,PLANT_01,DC_NORTH,2023-10-02,150,3405.0
NWO-1031,PLANT_01,DC_NORTH,2023-10-09,180,4086.0
NWO-1031,PLANT_01,DC_NORTH,2023-10-16,143,3246.1
NWO-1031,PLANT_01,DC_NORTH,2023-10-23,139,3155.3
NWO-1031,PLANT_01,DC_NORTH,2023-10-30,189,4290.3
NWO-1031,PLANT_01,DC_NORTH,2023-11-06,206,4676.2
NWO-1031,PLANT_01,DC_NORTH,2023-11-13,197,4471.9
NWO-1031,PLANT_01,DC_NORTH,2023-11-20,188,4267.6
NWO-1031,PLANT_01,DC_NORTH,2023-11-27,280,6356.0
NWO-1031,PLANT_01,DC_NORTH,2023-12-04,196,4449.2
NWO-1031,PLANT_01,DC_NORTH,2023-12-11,213,4835.1
NWO-1031,PLANT_01,DC_NORTH,2023-12-18,198,4494.6
NWO-1031,PLANT_01,DC_NORTH,2023-12-25,174,3949.8
NWO-1031,PLANT_01,DC_NORTH,2024-01-01,89,2020.3
NWO-1031,PLANT_01,DC_NORTH,2024-01-08,121,2746.7
NWO-1031,PLANT_01,DC_NORTH,2024-01-15,131,2973.7
NWO-1031,PLANT_01,DC_NORTH,2024-01-22,146,3314.2
NWO-1031,PLANT_01,DC_NORTH,2024-01-29,104,2360.8
NWO-1031,PLANT_01,DC_NORTH,2024-02-05,129,2928.3
NWO-1031,PLANT_01,DC_NORTH,2024-02-12,130,2951.0
NWO-1031,PLANT_01,DC_NORTH,2024-02-19,118,2678.6
NWO-1031,PLANT_01,DC_NORTH,2024-02-26,107,2428.9
NWO-1031,PLANT_01,DC_NORTH,2024-03-04,123,2792.1
NWO-1031,PLANT_01,DC_NORTH,2024-03-11,140,3178.0
NWO-1031,PLANT_01,DC_NORTH,2024-03-18,211,4789.7
NWO-1031,PLANT_01,DC_NORTH,2024-03-25,144,3268.8
NWO-1031,PLANT_01,DC_NORTH,2024-04-01,109,2474.3
NWO-1031,PLANT_01,DC_NORTH,2024-04-08,165,3745.5
NWO-1031,PLANT_01,DC_NORTH,2024-04-15,133,3019.1
NWO-1031,PLANT_01,DC_NORTH,2024-04-22,145,3291.5
NWO-1031,PLANT_01,DC_NORTH,2024-04-29,143,3246.1
NWO-1031,PLANT_01,DC_NORTH,2024-05-06,178,4040.6
NWO-1031,PLANT_01,DC_NORTH,2024-05-13,159,3609.3
NWO-1031,PLANT_01,DC_NORTH,2024-05-20,145,3291.5
NWO-1031,PLANT_01,DC_NORTH,2024-05-27,146,3314.2
NWO-1031,PLANT_01,DC_NORTH,2024-06-03,168,3813.6
NWO-1031,PLANT_01,DC_NORTH,2024-06-10,156,3541.2
NWO-1031,PLANT_01,DC_NORTH,2024-06-17,236,5357.2
NWO-1031,PLANT_01,DC_NORTH,2024-06-24,132,2996.4
NWO-1031,PLANT_01,DC_NORTH,2024-07-01,186,4222.2
NWO-1031,PLANT_01,DC_NORTH,2024-07-08,154,3495.8
NWO-1031,PLANT_01,DC_NORTH,2024-07-15,174,3949.8
NWO-1031,PLANT_01,DC_NORTH,2024-07-22,182,4131.4
NWO-1031,PLANT_01,DC_NORTH,2024-07-29,193,4381.1
NWO-1031,PLANT_01,DC_NORTH,2024-08-05,185,4199.5
NWO-1031,PLANT_01,DC_NORTH,2024-08-12,171,3881.7
NWO-1031,PLANT_01,DC_NORTH,2024-08-19,174,3949.8
NWO-1031,PLANT_01,DC_NORTH,2024-08-26,146,3314.2
NWO-1031,PLANT_01,DC_NORTH,2024-09-02,152,3450.4
NWO-1031,PLANT_01,DC_NORTH,2024-09-09,158,3586.6
NWO-1031,PLANT_01,DC_NORTH,2024-09-16,122,2769.4
NWO-1031,PLANT_01,DC_NORTH,2024-09-23,172,3904.4
NWO-1031,PLANT_01,DC_NORTH,2024-09-30,165,3745.5
NWO-1031,PLANT_01,DC_NORTH,2024-10-07,154,3495.8
NWO-1031,PLANT_01,DC_NORTH,2024-10-14,202,4585.4
NWO-1031,PLANT_01,DC_NORTH,2024-10-21,336,7627.2
NWO-1031,PLANT_01,DC_NORTH,2024-10-28,107,2428.9
NWO-1031,PLANT_01,DC_NORTH,2024-11-04,225,5107.5
NWO-1031,PLANT_01,DC_NORTH,2024-11-11,228,5175.6
NWO-1031,PLANT_01,DC_NORTH,2024-11-18,258,5856.6
NWO-1031,PLANT_01,DC_NORTH,2024-11-25,189,4290.3
NWO-1031,PLANT_01,DC_NORTH,2024-12-02,233,5289.1
NWO-1031,PLANT_01,DC_NORTH,2024-12-09,244,5538.8
NWO-1031,PLANT_01,DC_NORTH,2024-12-16,192,4358.4
NWO-1031,PLANT_01,DC_NORTH,2024-12-23,221,5016.7
NWO-1031,PLANT_01,DC_NORTH,2024-12-30,268,6083.6
NWO-1031,PLANT_01,DC_NORTH,2025-01-06,126,2860.2
NWO-1031,PLANT_01,DC_NORTH,2025-01-13,84,1906.8
NWO-1031,PLANT_01,DC_NORTH,2025-01-20,119,2701.3
NWO-1031,PLANT_01,DC_NORTH,2025-01-27,131,2973.7
NWO-1031,PLANT_01,DC_NORTH,2025-02-03,100,2270.0
NWO-1031,PLANT_01,DC_NORTH,2025-02-10,124,2814.8
NWO-1031,PLANT_01,DC_NORTH,2025-02-17,107,2428.9
NWO-1031,PLANT_01,DC_NORTH,2025-02-24,109,2474.3
NWO-1031,PLANT_01,DC_NORTH,2025-03-03,135,3064.5
NWO-1031,PLANT_01,DC_NORTH,2025-03-10,159,3609.3
NWO-1031,PLANT_01,DC_NORTH,2025-03-17,138,3132.6
NWO-1031,PLANT_01,DC_NORTH,2025-03-24,130,2951.0
NWO-1031,PLANT_01,DC_NORTH,2025-03-31,178,4040.6
NWO-1031,PLANT_01,DC_NORTH,2025-04-07,157,3563.9
NWO-1031,PLANT_01,DC_NORTH,2025-04-14,122,2769.4
NWO-1031,PLANT_01,DC_NORTH,2025-04-21,137,3109.9
NWO-1031,PLANT_01,DC_NORTH,2025-04-28,142,3223.4
NWO-1031,PLANT_01,DC_NORTH,2025-05-05,139,3155.3
NWO-1031,PLANT_01,DC_NORTH,2025-05-12,183,4154.1
NWO-1031,PLANT_01,DC_NORTH,2025-05-19,149,3382.3
NWO-1031,PLANT_01,DC_NORTH,2025-05-26,190,4313.0
NWO-1031,PLANT_01,DC_NORTH,2025-06-02,144,3268.8
NWO-1031,PLANT_01,DC_NORTH,2025-06-09,166,3768.2
NWO-1031,PLANT_01,DC_NORTH,2025-06-16,176,3995.2
NWO-1031,PLANT_01,DC_NORTH,2025-06-23,148,3359.6
NWO-1031,PLANT_01,DC_NORTH,2025-06-30,182,4131.4
NWO-1031,PLANT_01,DC_NORTH,2025-07-07,325,7377.5
NWO-1031,PLANT_01,DC_NORTH,2025-07-14,255,5788.5
NWO-1031,PLANT_01,DC_NORTH,2025-07-21,261,5924.7
NWO-1031,PLANT_01,DC_NORTH,2025-07-28,184,4176.8
NWO-1031,PLANT_01,DC_NORTH,2025-08-04,165,3745.5
NWO-1031,PLANT_01,DC_NORTH,2025-08-11,147,3336.9
NWO-1031,PLANT_01,DC_NORTH,2025-08-18,130,2951.0
NWO-1031,PLANT_01,DC_NORTH,2025-08-25,160,3632.0
NWO-1031,PLANT_01,DC_NORTH,2025-09-01,175,3972.5
NWO-1031,PLANT_01,DC_NORTH,2025-09-08,145,3291.5
NWO-1031,PLANT_01,DC_NORTH,2025-09-15,151,3427.7
NWO-1031,PLANT_01,DC_NORTH,2025-09-22,162,3677.4
NWO-1031,PLANT_01,DC_NORTH,2025-09-29,167,3790.9
NWO-1031,PLANT_01,DC_NORTH,2025-10-06,152,3450.4
NWO-1031,PLANT_01,DC_NORTH,2025-10-13,138,3132.6
NWO-1031,PLANT_01,DC_NORTH,2025-10-20,166,3768.2
NWO-1031,PLANT_01,DC_NORTH,2025-10-27,135,3064.5
NWO-1031,PLANT_01,DC_NORTH,2025-11-03,207,4698.9
NWO-1031,PLANT_01,DC_NORTH,2025-11-10,218,4948.6
NWO-1031,PLANT_01,DC_NORTH,2025-11-17,154,3495.8
NWO-1031,PLANT_01,DC_NORTH,2025-11-24,166,3768.2
NWO-1031,PLANT_01,DC_NORTH,2025-12-01,195,4426.5
NWO-1031,PLANT_01,DC_NORTH,2025-12-08,273,6197.1
NWO-1031,PLANT_01,DC_NORTH,2025-12-15,201,4562.7
NWO-1031,PLANT_01,DC_NORTH,2025-12-22,182,4131.4
NWO-1031,PLANT_01,DC_NORTH,2025-12-29,296,6719.2
NWO-1031,PLANT_01,DC_NORTH,2026-01-05,137,3109.9
NWO-1031,PLANT_01,DC_NORTH,2026-01-12,122,2769.4
NWO-1031,PLANT_01,DC_NORTH,2026-01-19,137,3109.9
NWO-1031,PLANT_01,DC_NORTH,2026-01-26,112,2542.4
NWO-1031,PLANT_01,DC_NORTH,2026-02-02,115,2610.5
NWO-1031,PLANT_01,DC_NORTH,2026-02-09,128,2905.6
NWO-1031,PLANT_01,DC_NORTH,2026-02-16,126,2860.2
NWO-1031,PLANT_01,DC_NORTH,2026-02-23,132,2996.4
NWO-1031,PLANT_01,DC_NORTH,2026-03-02,154,3495.8
NWO-1031,PLANT_01,DC_NORTH,2026-03-09,135,3064.5
NWO-1031,PLANT_01,DC_NORTH,2026-03-16,107,2428.9
NWO-1031,PLANT_01,DC_NORTH,2026-03-23,148,3359.6
NWO-1031,PLANT_01,DC_NORTH,2026-03-30,140,3178.0
NWO-1031,PLANT_01,DC_NORTH,2026-04-06,177,4017.9
NWO-1031,PLANT_01,DC_NORTH,2026-04-13,140,3178.0
NWO-1031,PLANT_01,DC_NORTH,2026-04-20,166,3768.2
NWO-1031,PLANT_01,DC_NORTH,2026-04-27,153,3473.1
NWO-1031,PLANT_01,DC_NORTH,2026-05-04,134,3041.8
NWO-1031,PLANT_01,DC_NORTH,2026-05-11,157,3563.9
NWO-1031,PLANT_01,DC_NORTH,2026-05-18,176,3995.2
NWO-1031,PLANT_01,DC_NORTH,2026-05-25,133,3019.1
NWO-1031,PLANT_01,DC_NORTH,2026-06-01,174,3949.8
NWO-1031,PLANT_01,DC_SOUTH,2023-06-05,524,11894.8
NWO-1031,PLANT_01,DC_SOUTH,2023-06-12,494,11213.8
NWO-1031,PLANT_01,DC_SOUTH,2023-06-19,405,9193.5
NWO-1031,PLANT_01,DC_SOUTH,2023-06-26,414,9397.8
NWO-1031,PLANT_01,DC_SOUTH,2023-07-03,506,11486.2
NWO-1031,PLANT_01,DC_SOUTH,2023-07-10,438,9942.6
NWO-1031,PLANT_01,DC_SOUTH,2023-07-17,423,9602.1
NWO-1031,PLANT_01,DC_SOUTH,2023-07-24,473,10737.1
NWO-1031,PLANT_01,DC_SOUTH,2023-07-31,459,10419.3
NWO-1031,PLANT_01,DC_SOUTH,2023-08-07,439,9965.3
NWO-1031,PLANT_01,DC_SOUTH,2023-08-14,527,11962.9
NWO-1031,PLANT_01,DC_SOUTH,2023-08-21,516,11713.2
NWO-1031,PLANT_01,DC_SOUTH,2023-08-28,406,9216.2
NWO-1031,PLANT_01,DC_SOUTH,2023-09-04,405,9193.5
NWO-1031,PLANT_01,DC_SOUTH,2023-09-11,304,6900.8
NWO-1031,PLANT_01,DC_SOUTH,2023-09-18,401,9102.7
NWO-1031,PLANT_01,DC_SOUTH,2023-09-25,379,8603.3
NWO-1031,PLANT_01,DC_SOUTH,2023-10-02,411,9329.7
NWO-1031,PLANT_01,DC_SOUTH,2023-10-09,474,10759.8
NWO-1031,PLANT_01,DC_SOUTH,2023-10-16,378,8580.6
NWO-1031,PLANT_01,DC_SOUTH,2023-10-23,407,9238.9
NWO-1031,PLANT_01,DC_SOUTH,2023-10-30,432,9806.4
NWO-1031,PLANT_01,DC_SOUTH,2023-11-06,593,13461.1
NWO-1031,PLANT_01,DC_SOUTH,2023-11-13,636,14437.2
NWO-1031,PLANT_01,DC_SOUTH,2023-11-20,507,11508.9
NWO-1031,PLANT_01,DC_SOUTH,2023-11-27,539,12235.3
NWO-1031,PLANT_01,DC_SOUTH,2023-12-04,634,14391.8
NWO-1031,PLANT_01,DC_SOUTH,2023-12-11,704,15980.8
NWO-1031,PLANT_01,DC_SOUTH,2023-12-18,647,14686.9
NWO-1031,PLANT_01,DC_SOUTH,2023-12-25,598,13574.6
NWO-1031,PLANT_01,DC_SOUTH,2024-01-01,357,8103.9
NWO-1031,PLANT_01,DC_SOUTH,2024-01-08,345,7831.5
NWO-1031,PLANT_01,DC_SOUTH,2024-01-15,317,7195.9
NWO-1031,PLANT_01,DC_SOUTH,2024-01-22,268,6083.6
NWO-1031,PLANT_01,DC_SOUTH,2024-01-29,354,8035.8
NWO-1031,PLANT_01,DC_SOUTH,2024-02-05,337,7649.9
NWO-1031,PLANT_01,DC_SOUTH,2024-02-12,327,7422.9
NWO-1031,PLANT_01,DC_SOUTH,2024-02-19,276,6265.2
NWO-1031,PLANT_01,DC_SOUTH,2024-02-26,364,8262.8
NWO-1031,PLANT_01,DC_SOUTH,2024-03-04,405,9193.5
NWO-1031,PLANT_01,DC_SOUTH,2024-03-11,373,8467.1
NWO-1031,PLANT_01,DC_SOUTH,2024-03-18,404,9170.8
NWO-1031,PLANT_01,DC_SOUTH,2024-03-25,397,9011.9
NWO-1031,PLANT_01,DC_SOUTH,2024-04-01,377,8557.9
NWO-1031,PLANT_01,DC_SOUTH,2024-04-08,378,8580.6
NWO-1031,PLANT_01,DC_SOUTH,2024-04-15,365,8285.5
NWO-1031,PLANT_01,DC_SOUTH,2024-04-22,378,8580.6
NWO-1031,PLANT_01,DC_SOUTH,2024-04-29,523,11872.1
NWO-1031,PLANT_01,DC_SOUTH,2024-05-06,418,9488.6
NWO-1031,PLANT_01,DC_SOUTH,2024-05-13,430,9761.0
NWO-1031,PLANT_01,DC_SOUTH,2024-05-20,417,9465.9
NWO-1031,PLANT_01,DC_SOUTH,2024-05-27,415,9420.5
NWO-1031,PLANT_01,DC_SOUTH,2024-06-03,434,9851.8
NWO-1031,PLANT_01,DC_SOUTH,2024-06-10,483,10964.1
NWO-1031,PLANT_01,DC_SOUTH,2024-06-17,429,9738.3
NWO-1031,PLANT_01,DC_SOUTH,2024-06-24,445,10101.5
NWO-1031,PLANT_01,DC_SOUTH,2024-07-01,588,13347.6
NWO-1031,PLANT_01,DC_SOUTH,2024-07-08,558,12666.6
NWO-1031,PLANT_01,DC_SOUTH,2024-07-15,476,10805.2
NWO-1031,PLANT_01,DC_SOUTH,2024-07-22,474,10759.8
NWO-1031,PLANT_01,DC_SOUTH,2024-07-29,390,8853.0
NWO-1031,PLANT_01,DC_SOUTH,2024-08-05,464,10532.8
NWO-1031,PLANT_01,DC_SOUTH,2024-08-12,449,10192.3
NWO-1031,PLANT_01,DC_SOUTH,2024-08-19,478,10850.6
NWO-1031,PLANT_01,DC_SOUTH,2024-08-26,429,9738.3
NWO-1031,PLANT_01,DC_SOUTH,2024-09-02,414,9397.8
NWO-1031,PLANT_01,DC_SOUTH,2024-09-09,410,9307.0
NWO-1031,PLANT_01,DC_SOUTH,2024-09-16,304,6900.8
NWO-1031,PLANT_01,DC_SOUTH,2024-09-23,392,8898.4
NWO-1031,PLANT_01,DC_SOUTH,2024-09-30,365,8285.5
NWO-1031,PLANT_01,DC_SOUTH,2024-10-07,455,10328.5
NWO-1031,PLANT_01,DC_SOUTH,2024-10-14,374,8489.8
NWO-1031,PLANT_01,DC_SOUTH,2024-10-21,454,10305.8
NWO-1031,PLANT_01,DC_SOUTH,2024-10-28,381,8648.7
NWO-1031,PLANT_01,DC_SOUTH,2024-11-04,530,12031.0
NWO-1031,PLANT_01,DC_SOUTH,2024-11-11,506,11486.2
NWO-1031,PLANT_01,DC_SOUTH,2024-11-18,620,14074.0
NWO-1031,PLANT_01,DC_SOUTH,2024-11-25,604,13710.8
NWO-1031,PLANT_01,DC_SOUTH,2024-12-02,568,12893.6
NWO-1031,PLANT_01,DC_SOUTH,2024-12-09,658,14936.6
NWO-1031,PLANT_01,DC_SOUTH,2024-12-16,565,12825.5
NWO-1031,PLANT_01,DC_SOUTH,2024-12-23,716,16253.2
NWO-1031,PLANT_01,DC_SOUTH,2024-12-30,607,13778.9
NWO-1031,PLANT_01,DC_SOUTH,2025-01-06,291,6605.7
NWO-1031,PLANT_01,DC_SOUTH,2025-01-13,292,6628.4
NWO-1031,PLANT_01,DC_SOUTH,2025-01-20,280,6356.0
NWO-1031,PLANT_01,DC_SOUTH,2025-01-27,290,6583.0
NWO-1031,PLANT_01,DC_SOUTH,2025-02-03,376,8535.2
NWO-1031,PLANT_01,DC_SOUTH,2025-02-10,332,7536.4
NWO-1031,PLANT_01,DC_SOUTH,2025-02-17,367,8330.9
NWO-1031,PLANT_01,DC_SOUTH,2025-02-24,294,6673.8
NWO-1031,PLANT_01,DC_SOUTH,2025-03-03,294,6673.8
NWO-1031,PLANT_01,DC_SOUTH,2025-03-10,463,10510.1
NWO-1031,PLANT_01,DC_SOUTH,2025-03-17,370,8399.0
NWO-1031,PLANT_01,DC_SOUTH,2025-03-24,365,8285.5
NWO-1031,PLANT_01,DC_SOUTH,2025-03-31,335,7604.5
NWO-1031,PLANT_01,DC_SOUTH,2025-04-07,370,8399.0
NWO-1031,PLANT_01,DC_SOUTH,2025-04-14,382,8671.4
NWO-1031,PLANT_01,DC_SOUTH,2025-04-21,421,9556.7
NWO-1031,PLANT_01,DC_SOUTH,2025-04-28,444,10078.8
NWO-1031,PLANT_01,DC_SOUTH,2025-05-05,358,8126.6
NWO-1031,PLANT_01,DC_SOUTH,2025-05-12,467,10600.9
NWO-1031,PLANT_01,DC_SOUTH,2025-05-19,473,10737.1
NWO-1031,PLANT_01,DC_SOUTH,2025-05-26,318,7218.6
NWO-1031,PLANT_01,DC_SOUTH,2025-06-02,476,10805.2
NWO-1031,PLANT_01,DC_SOUTH,2025-06-09,475,10782.5
NWO-1031,PLANT_01,DC_SOUTH,2025-06-16,438,9942.6
NWO-1031,PLANT_01,DC_SOUTH,2025-06-23,503,11418.1
NWO-1031,PLANT_01,DC_SOUTH,2025-06-30,510,11577.0
NWO-1031,PLANT_01,DC_SOUTH,2025-07-07,525,11917.5
NWO-1031,PLANT_01,DC_SOUTH,2025-07-14,506,11486.2
NWO-1031,PLANT_01,DC_SOUTH,2025-07-21,588,13347.6
NWO-1031,PLANT_01,DC_SOUTH,2025-07-28,728,16525.6
NWO-1031,PLANT_01,DC_SOUTH,2025-08-04,401,9102.7
NWO-1031,PLANT_01,DC_SOUTH,2025-08-11,405,9193.5
NWO-1031,PLANT_01,DC_SOUTH,2025-08-18,497,11281.9
NWO-1031,PLANT_01,DC_SOUTH,2025-08-25,463,10510.1
NWO-1031,PLANT_01,DC_SOUTH,2025-09-01,409,9284.3
NWO-1031,PLANT_01,DC_SOUTH,2025-09-08,383,8694.1
NWO-1031,PLANT_01,DC_SOUTH,2025-09-15,409,9284.3
NWO-1031,PLANT_01,DC_SOUTH,2025-09-22,437,9919.9
NWO-1031,PLANT_01,DC_SOUTH,2025-09-29,412,9352.4
NWO-1031,PLANT_01,DC_SOUTH,2025-10-06,423,9602.1
NWO-1031,PLANT_01,DC_SOUTH,2025-10-13,473,10737.1
NWO-1031,PLANT_01,DC_SOUTH,2025-10-20,452,10260.4
NWO-1031,PLANT_01,DC_SOUTH,2025-10-27,403,9148.1
NWO-1031,PLANT_01,DC_SOUTH,2025-11-03,541,12280.7
NWO-1031,PLANT_01,DC_SOUTH,2025-11-10,680,15436.0
NWO-1031,PLANT_01,DC_SOUTH,2025-11-17,496,11259.2
NWO-1031,PLANT_01,DC_SOUTH,2025-11-24,616,13983.2
NWO-1031,PLANT_01,DC_SOUTH,2025-12-01,607,13778.9
NWO-1031,PLANT_01,DC_SOUTH,2025-12-08,694,15753.8
NWO-1031,PLANT_01,DC_SOUTH,2025-12-15,598,13574.6
NWO-1031,PLANT_01,DC_SOUTH,2025-12-22,598,13574.6
NWO-1031,PLANT_01,DC_SOUTH,2025-12-29,608,13801.6
NWO-1031,PLANT_01,DC_SOUTH,2026-01-05,332,7536.4
NWO-1031,PLANT_01,DC_SOUTH,2026-01-12,261,5924.7
NWO-1031,PLANT_01,DC_SOUTH,2026-01-19,314,7127.8
NWO-1031,PLANT_01,DC_SOUTH,2026-01-26,361,8194.7
NWO-1031,PLANT_01,DC_SOUTH,2026-02-02,297,6741.9
NWO-1031,PLANT_01,DC_SOUTH,2026-02-09,299,6787.3
NWO-1031,PLANT_01,DC_SOUTH,2026-02-16,356,8081.2
NWO-1031,PLANT_01,DC_SOUTH,2026-02-23,319,7241.3
NWO-1031,PLANT_01,DC_SOUTH,2026-03-02,334,7581.8
NWO-1031,PLANT_01,DC_SOUTH,2026-03-09,370,8399.0
NWO-1031,PLANT_01,DC_SOUTH,2026-03-16,385,8739.5
NWO-1031,PLANT_01,DC_SOUTH,2026-03-23,402,9125.4
NWO-1031,PLANT_01,DC_SOUTH,2026-03-30,334,7581.8
NWO-1031,PLANT_01,DC_SOUTH,2026-04-06,451,10237.7
NWO-1031,PLANT_01,DC_SOUTH,2026-04-13,377,8557.9
NWO-1031,PLANT_01,DC_SOUTH,2026-04-20,342,7763.4
NWO-1031,PLANT_01,DC_SOUTH,2026-04-27,399,9057.3
NWO-1031,PLANT_01,DC_SOUTH,2026-05-04,410,9307.0
NWO-1031,PLANT_01,DC_SOUTH,2026-05-11,447,10146.9
NWO-1031,PLANT_01,DC_SOUTH,2026-05-18,501,11372.7
NWO-1031,PLANT_01,DC_SOUTH,2026-05-25,400,9080.0
NWO-1031,PLANT_01,DC_SOUTH,2026-06-01,433,9829.1
NWO-1031,PLANT_01,DC_WEST,2023-06-05,307,6968.9
NWO-1031,PLANT_01,DC_WEST,2023-06-12,334,7581.8
NWO-1031,PLANT_01,DC_WEST,2023-06-19,363,8240.1
NWO-1031,PLANT_01,DC_WEST,2023-06-26,343,7786.1
NWO-1031,PLANT_01,DC_WEST,2023-07-03,310,7037.0
NWO-1031,PLANT_01,DC_WEST,2023-07-10,364,8262.8
NWO-1031,PLANT_01,DC_WEST,2023-07-17,381,8648.7
NWO-1031,PLANT_01,DC_WEST,2023-07-24,330,7491.0
NWO-1031,PLANT_01,DC_WEST,2023-07-31,516,11713.2
NWO-1031,PLANT_01,DC_WEST,2023-08-07,326,7400.2
NWO-1031,PLANT_01,DC_WEST,2023-08-14,378,8580.6
NWO-1031,PLANT_01,DC_WEST,2023-08-21,280,6356.0
NWO-1031,PLANT_01,DC_WEST,2023-08-28,303,6878.1
NWO-1031,PLANT_01,DC_WEST,2023-09-04,276,6265.2
NWO-1031,PLANT_01,DC_WEST,2023-09-11,322,7309.4
NWO-1031,PLANT_01,DC_WEST,2023-09-18,264,5992.8
NWO-1031,PLANT_01,DC_WEST,2023-09-25,257,5833.9
NWO-1031,PLANT_01,DC_WEST,2023-10-02,340,7718.0
NWO-1031,PLANT_01,DC_WEST,2023-10-09,301,6832.7
NWO-1031,PLANT_01,DC_WEST,2023-10-16,289,6560.3
NWO-1031,PLANT_01,DC_WEST,2023-10-23,316,7173.2
NWO-1031,PLANT_01,DC_WEST,2023-10-30,315,7150.5
NWO-1031,PLANT_01,DC_WEST,2023-11-06,470,10669.0
NWO-1031,PLANT_01,DC_WEST,2023-11-13,389,8830.3
NWO-1031,PLANT_01,DC_WEST,2023-11-20,405,9193.5
NWO-1031,PLANT_01,DC_WEST,2023-11-27,436,9897.2
NWO-1031,PLANT_01,DC_WEST,2023-12-04,500,11350.0
NWO-1031,PLANT_01,DC_WEST,2023-12-11,501,11372.7
NWO-1031,PLANT_01,DC_WEST,2023-12-18,396,8989.2
NWO-1031,PLANT_01,DC_WEST,2023-12-25,415,9420.5
NWO-1031,PLANT_01,DC_WEST,2024-01-01,218,4948.6
NWO-1031,PLANT_01,DC_WEST,2024-01-08,244,5538.8
NWO-1031,PLANT_01,DC_WEST,2024-01-15,284,6446.8
NWO-1031,PLANT_01,DC_WEST,2024-01-22,210,4767.0
NWO-1031,PLANT_01,DC_WEST,2024-01-29,257,5833.9
NWO-1031,PLANT_01,DC_WEST,2024-02-05,247,5606.9
NWO-1031,PLANT_01,DC_WEST,2024-02-12,275,6242.5
NWO-1031,PLANT_01,DC_WEST,2024-02-19,220,4994.0
NWO-1031,PLANT_01,DC_WEST,2024-02-26,255,5788.5
NWO-1031,PLANT_01,DC_WEST,2024-03-04,230,5221.0
NWO-1031,PLANT_01,DC_WEST,2024-03-11,330,7491.0
NWO-1031,PLANT_01,DC_WEST,2024-03-18,299,6787.3
NWO-1031,PLANT_01,DC_WEST,2024-03-25,241,5470.7
NWO-1031,PLANT_01,DC_WEST,2024-04-01,319,7241.3
NWO-1031,PLANT_01,DC_WEST,2024-04-08,273,6197.1
NWO-1031,PLANT_01,DC_WEST,2024-04-15,263,5970.1
NWO-1031,PLANT_01,DC_WEST,2024-04-22,343,7786.1
NWO-1031,PLANT_01,DC_WEST,2024-04-29,383,8694.1
NWO-1031,PLANT_01,DC_WEST,2024-05-06,298,6764.6
NWO-1031,PLANT_01,DC_WEST,2024-05-13,374,8489.8
NWO-1031,PLANT_01,DC_WEST,2024-05-20,327,7422.9
NWO-1031,PLANT_01,DC_WEST,2024-05-27,253,5743.1
NWO-1031,PLANT_01,DC_WEST,2024-06-03,313,7105.1
NWO-1031,PLANT_01,DC_WEST,2024-06-10,322,7309.4
NWO-1031,PLANT_01,DC_WEST,2024-06-17,381,8648.7
NWO-1031,PLANT_01,DC_WEST,2024-06-24,284,6446.8
NWO-1031,PLANT_01,DC_WEST,2024-07-01,349,7922.3
NWO-1031,PLANT_01,DC_WEST,2024-07-08,406,9216.2
NWO-1031,PLANT_01,DC_WEST,2024-07-15,326,7400.2
NWO-1031,PLANT_01,DC_WEST,2024-07-22,358,8126.6
NWO-1031,PLANT_01,DC_WEST,2024-07-29,348,7899.6
NWO-1031,PLANT_01,DC_WEST,2024-08-05,326,7400.2
NWO-1031,PLANT_01,DC_WEST,2024-08-12,304,6900.8
NWO-1031,PLANT_01,DC_WEST,2024-08-19,369,8376.3
NWO-1031,PLANT_01,DC_WEST,2024-08-26,303,6878.1
NWO-1031,PLANT_01,DC_WEST,2024-09-02,308,6991.6
NWO-1031,PLANT_01,DC_WEST,2024-09-09,235,5334.5
NWO-1031,PLANT_01,DC_WEST,2024-09-16,289,6560.3
NWO-1031,PLANT_01,DC_WEST,2024-09-23,298,6764.6
NWO-1031,PLANT_01,DC_WEST,2024-09-30,276,6265.2
NWO-1031,PLANT_01,DC_WEST,2024-10-07,276,6265.2
NWO-1031,PLANT_01,DC_WEST,2024-10-14,326,7400.2
NWO-1031,PLANT_01,DC_WEST,2024-10-21,293,6651.1
NWO-1031,PLANT_01,DC_WEST,2024-10-28,315,7150.5
NWO-1031,PLANT_01,DC_WEST,2024-11-04,477,10827.9
NWO-1031,PLANT_01,DC_WEST,2024-11-11,419,9511.3
NWO-1031,PLANT_01,DC_WEST,2024-11-18,466,10578.2
NWO-1031,PLANT_01,DC_WEST,2024-11-25,484,10986.8
NWO-1031,PLANT_01,DC_WEST,2024-12-02,405,9193.5
NWO-1031,PLANT_01,DC_WEST,2024-12-09,449,10192.3
NWO-1031,PLANT_01,DC_WEST,2024-12-16,400,9080.0
NWO-1031,PLANT_01,DC_WEST,2024-12-23,413,9375.1
NWO-1031,PLANT_01,DC_WEST,2024-12-30,439,9965.3
NWO-1031,PLANT_01,DC_WEST,2025-01-06,266,6038.2
NWO-1031,PLANT_01,DC_WEST,2025-01-13,247,5606.9
NWO-1031,PLANT_01,DC_WEST,2025-01-20,171,3881.7
NWO-1031,PLANT_01,DC_WEST,2025-01-27,261,5924.7
NWO-1031,PLANT_01,DC_WEST,2025-02-03,272,6174.4
NWO-1031,PLANT_01,DC_WEST,2025-02-10,244,5538.8
NWO-1031,PLANT_01,DC_WEST,2025-02-17,241,5470.7
NWO-1031,PLANT_01,DC_WEST,2025-02-24,223,5062.1
NWO-1031,PLANT_01,DC_WEST,2025-03-03,324,7354.8
NWO-1031,PLANT_01,DC_WEST,2025-03-10,271,6151.7
NWO-1031,PLANT_01,DC_WEST,2025-03-17,279,6333.3
NWO-1031,PLANT_01,DC_WEST,2025-03-24,295,6696.5
NWO-1031,PLANT_01,DC_WEST,2025-03-31,267,6060.9
NWO-1031,PLANT_01,DC_WEST,2025-04-07,358,8126.6
NWO-1031,PLANT_01,DC_WEST,2025-04-14,311,7059.7
NWO-1031,PLANT_01,DC_WEST,2025-04-21,336,7627.2
NWO-1031,PLANT_01,DC_WEST,2025-04-28,304,6900.8
NWO-1031,PLANT_01,DC_WEST,2025-05-05,320,7264.0
NWO-1031,PLANT_01,DC_WEST,2025-05-12,355,8058.5
NWO-1031,PLANT_01,DC_WEST,2025-05-19,426,9670.2
NWO-1031,PLANT_01,DC_WEST,2025-05-26,470,10669.0
NWO-1031,PLANT_01,DC_WEST,2025-06-02,483,10964.1
NWO-1031,PLANT_01,DC_WEST,2025-06-09,409,9284.3
NWO-1031,PLANT_01,DC_WEST,2025-06-16,390,8853.0
NWO-1031,PLANT_01,DC_WEST,2025-06-23,349,7922.3
NWO-1031,PLANT_01,DC_WEST,2025-06-30,363,8240.1
NWO-1031,PLANT_01,DC_WEST,2025-07-07,274,6219.8
NWO-1031,PLANT_01,DC_WEST,2025-07-14,370,8399.0
NWO-1031,PLANT_01,DC_WEST,2025-07-21,368,8353.6
NWO-1031,PLANT_01,DC_WEST,2025-07-28,306,6946.2
NWO-1031,PLANT_01,DC_WEST,2025-08-04,286,6492.2
NWO-1031,PLANT_01,DC_WEST,2025-08-11,317,7195.9
NWO-1031,PLANT_01,DC_WEST,2025-08-18,345,7831.5
NWO-1031,PLANT_01,DC_WEST,2025-08-25,381,8648.7
NWO-1031,PLANT_01,DC_WEST,2025-09-01,278,6310.6
NWO-1031,PLANT_01,DC_WEST,2025-09-08,396,8989.2
NWO-1031,PLANT_01,DC_WEST,2025-09-15,297,6741.9
NWO-1031,PLANT_01,DC_WEST,2025-09-22,292,6628.4
NWO-1031,PLANT_01,DC_WEST,2025-09-29,250,5675.0
NWO-1031,PLANT_01,DC_WEST,2025-10-06,316,7173.2
NWO-1031,PLANT_01,DC_WEST,2025-10-13,395,8966.5
NWO-1031,PLANT_01,DC_WEST,2025-10-20,246,5584.2
NWO-1031,PLANT_01,DC_WEST,2025-10-27,245,5561.5
NWO-1031,PLANT_01,DC_WEST,2025-11-03,498,11304.6
NWO-1031,PLANT_01,DC_WEST,2025-11-10,464,10532.8
NWO-1031,PLANT_01,DC_WEST,2025-11-17,455,10328.5
NWO-1031,PLANT_01,DC_WEST,2025-11-24,394,8943.8
NWO-1031,PLANT_01,DC_WEST,2025-12-01,433,9829.1
NWO-1031,PLANT_01,DC_WEST,2025-12-08,390,8853.0
NWO-1031,PLANT_01,DC_WEST,2025-12-15,414,9397.8
NWO-1031,PLANT_01,DC_WEST,2025-12-22,502,11395.4
NWO-1031,PLANT_01,DC_WEST,2025-12-29,469,10646.3
NWO-1031,PLANT_01,DC_WEST,2026-01-05,235,5334.5
NWO-1031,PLANT_01,DC_WEST,2026-01-12,235,5334.5
NWO-1031,PLANT_01,DC_WEST,2026-01-19,272,6174.4
NWO-1031,PLANT_01,DC_WEST,2026-01-26,223,5062.1
NWO-1031,PLANT_01,DC_WEST,2026-02-02,281,6378.7
NWO-1031,PLANT_01,DC_WEST,2026-02-09,278,6310.6
NWO-1031,PLANT_01,DC_WEST,2026-02-16,211,4789.7
NWO-1031,PLANT_01,DC_WEST,2026-02-23,223,5062.1
NWO-1031,PLANT_01,DC_WEST,2026-03-02,285,6469.5
NWO-1031,PLANT_01,DC_WEST,2026-03-09,244,5538.8
NWO-1031,PLANT_01,DC_WEST,2026-03-16,340,7718.0
NWO-1031,PLANT_01,DC_WEST,2026-03-23,288,6537.6
NWO-1031,PLANT_01,DC_WEST,2026-03-30,318,7218.6
NWO-1031,PLANT_01,DC_WEST,2026-04-06,324,7354.8
NWO-1031,PLANT_01,DC_WEST,2026-04-13,299,6787.3
NWO-1031,PLANT_01,DC_WEST,2026-04-20,231,5243.7
NWO-1031,PLANT_01,DC_WEST,2026-04-27,352,7990.4
NWO-1031,PLANT_01,DC_WEST,2026-05-04,311,7059.7
NWO-1031,PLANT_01,DC_WEST,2026-05-11,333,7559.1
NWO-1031,PLANT_01,DC_WEST,2026-05-18,268,6083.6
NWO-1031,PLANT_01,DC_WEST,2026-05-25,304,6900.8
NWO-1031,PLANT_01,DC_WEST,2026-06-01,326,7400.2
NWO-1032,PLANT_01,DC_NORTH,2023-06-05,160,1787.2
NWO-1032,PLANT_01,DC_NORTH,2023-06-12,155,1731.35
NWO-1032,PLANT_01,DC_NORTH,2023-06-19,156,1742.52
NWO-1032,PLANT_01,DC_NORTH,2023-06-26,159,1776.03
NWO-1032,PLANT_01,DC_NORTH,2023-07-03,134,1496.78
NWO-1032,PLANT_01,DC_NORTH,2023-07-10,177,1977.09
NWO-1032,PLANT_01,DC_NORTH,2023-07-17,154,1720.18
NWO-1032,PLANT_01,DC_NORTH,2023-07-24,144,1608.48
NWO-1032,PLANT_01,DC_NORTH,2023-07-31,157,1753.69
NWO-1032,PLANT_01,DC_NORTH,2023-08-07,149,1664.33
NWO-1032,PLANT_01,DC_NORTH,2023-08-14,176,1965.92
NWO-1032,PLANT_01,DC_NORTH,2023-08-21,166,1854.22
NWO-1032,PLANT_01,DC_NORTH,2023-08-28,146,1630.82
NWO-1032,PLANT_01,DC_NORTH,2023-09-04,147,1641.99
NWO-1032,PLANT_01,DC_NORTH,2023-09-11,174,1943.58
NWO-1032,PLANT_01,DC_NORTH,2023-09-18,167,1865.39
NWO-1032,PLANT_01,DC_NORTH,2023-09-25,167,1865.39
NWO-1032,PLANT_01,DC_NORTH,2023-10-02,116,1295.72
NWO-1032,PLANT_01,DC_NORTH,2023-10-09,147,1641.99
NWO-1032,PLANT_01,DC_NORTH,2023-10-16,158,1764.86
NWO-1032,PLANT_01,DC_NORTH,2023-10-23,171,1910.07
NWO-1032,PLANT_01,DC_NORTH,2023-10-30,163,1820.71
NWO-1032,PLANT_01,DC_NORTH,2023-11-06,268,2993.56
NWO-1032,PLANT_01,DC_NORTH,2023-11-13,247,2758.99
NWO-1032,PLANT_01,DC_NORTH,2023-11-20,248,2770.16
NWO-1032,PLANT_01,DC_NORTH,2023-11-27,223,2490.91
NWO-1032,PLANT_01,DC_NORTH,2023-12-04,235,2624.95
NWO-1032,PLANT_01,DC_NORTH,2023-12-11,181,2021.77
NWO-1032,PLANT_01,DC_NORTH,2023-12-18,271,3027.07
NWO-1032,PLANT_01,DC_NORTH,2023-12-25,226,2524.42
NWO-1032,PLANT_01,DC_NORTH,2024-01-01,115,1284.55
NWO-1032,PLANT_01,DC_NORTH,2024-01-08,137,1530.29
NWO-1032,PLANT_01,DC_NORTH,2024-01-15,159,1776.03
NWO-1032,PLANT_01,DC_NORTH,2024-01-22,125,1396.25
NWO-1032,PLANT_01,DC_NORTH,2024-01-29,124,1385.08
NWO-1032,PLANT_01,DC_NORTH,2024-02-05,132,1474.44
NWO-1032,PLANT_01,DC_NORTH,2024-02-12,117,1306.89
NWO-1032,PLANT_01,DC_NORTH,2024-02-19,93,1038.81
NWO-1032,PLANT_01,DC_NORTH,2024-02-26,95,1061.15
NWO-1032,PLANT_01,DC_NORTH,2024-03-04,114,1273.38
NWO-1032,PLANT_01,DC_NORTH,2024-03-11,120,1340.4
NWO-1032,PLANT_01,DC_NORTH,2024-03-18,178,1988.26
NWO-1032,PLANT_01,DC_NORTH,2024-03-25,163,1820.71
NWO-1032,PLANT_01,DC_NORTH,2024-04-01,199,2222.83
NWO-1032,PLANT_01,DC_NORTH,2024-04-08,133,1485.61
NWO-1032,PLANT_01,DC_NORTH,2024-04-15,133,1485.61
NWO-1032,PLANT_01,DC_NORTH,2024-04-22,139,1552.63
NWO-1032,PLANT_01,DC_NORTH,2024-04-29,164,1831.88
NWO-1032,PLANT_01,DC_NORTH,2024-05-06,142,1586.14
NWO-1032,PLANT_01,DC_NORTH,2024-05-13,135,1507.95
NWO-1032,PLANT_01,DC_NORTH,2024-05-20,199,2222.83
NWO-1032,PLANT_01,DC_NORTH,2024-05-27,123,1373.91
NWO-1032,PLANT_01,DC_NORTH,2024-06-03,173,1932.41
NWO-1032,PLANT_01,DC_NORTH,2024-06-10,130,1452.1
NWO-1032,PLANT_01,DC_NORTH,2024-06-17,158,1764.86
NWO-1032,PLANT_01,DC_NORTH,2024-06-24,156,1742.52
NWO-1032,PLANT_01,DC_NORTH,2024-07-01,197,2200.49
NWO-1032,PLANT_01,DC_NORTH,2024-07-08,204,2278.68
NWO-1032,PLANT_01,DC_NORTH,2024-07-15,178,1988.26
NWO-1032,PLANT_01,DC_NORTH,2024-07-22,195,2178.15
NWO-1032,PLANT_01,DC_NORTH,2024-07-29,212,2368.04
NWO-1032,PLANT_01,DC_NORTH,2024-08-05,152,1697.84
NWO-1032,PLANT_01,DC_NORTH,2024-08-12,174,1943.58
NWO-1032,PLANT_01,DC_NORTH,2024-08-19,141,1574.97
NWO-1032,PLANT_01,DC_NORTH,2024-08-26,122,1362.74
NWO-1032,PLANT_01,DC_NORTH,2024-09-02,152,1697.84
NWO-1032,PLANT_01,DC_NORTH,2024-09-09,141,1574.97
NWO-1032,PLANT_01,DC_NORTH,2024-09-16,89,994.13
NWO-1032,PLANT_01,DC_NORTH,2024-09-23,156,1742.52
NWO-1032,PLANT_01,DC_NORTH,2024-09-30,144,1608.48
NWO-1032,PLANT_01,DC_NORTH,2024-10-07,126,1407.42
NWO-1032,PLANT_01,DC_NORTH,2024-10-14,131,1463.27
NWO-1032,PLANT_01,DC_NORTH,2024-10-21,160,1787.2
NWO-1032,PLANT_01,DC_NORTH,2024-10-28,188,2099.96
NWO-1032,PLANT_01,DC_NORTH,2024-11-04,179,1999.43
NWO-1032,PLANT_01,DC_NORTH,2024-11-11,197,2200.49
NWO-1032,PLANT_01,DC_NORTH,2024-11-18,262,2926.54
NWO-1032,PLANT_01,DC_NORTH,2024-11-25,238,2658.46
NWO-1032,PLANT_01,DC_NORTH,2024-12-02,233,2602.61
NWO-1032,PLANT_01,DC_NORTH,2024-12-09,233,2602.61
NWO-1032,PLANT_01,DC_NORTH,2024-12-16,195,2178.15
NWO-1032,PLANT_01,DC_NORTH,2024-12-23,170,1898.9
NWO-1032,PLANT_01,DC_NORTH,2024-12-30,194,2166.98
NWO-1032,PLANT_01,DC_NORTH,2025-01-06,90,1005.3
NWO-1032,PLANT_01,DC_NORTH,2025-01-13,105,1172.85
NWO-1032,PLANT_01,DC_NORTH,2025-01-20,105,1172.85
NWO-1032,PLANT_01,DC_NORTH,2025-01-27,117,1306.89
NWO-1032,PLANT_01,DC_NORTH,2025-02-03,117,1306.89
NWO-1032,PLANT_01,DC_NORTH,2025-02-10,110,1228.7
NWO-1032,PLANT_01,DC_NORTH,2025-02-17,79,882.43
NWO-1032,PLANT_01,DC_NORTH,2025-02-24,94,1049.98
NWO-1032,PLANT_01,DC_NORTH,2025-03-03,120,1340.4
NWO-1032,PLANT_01,DC_NORTH,2025-03-10,125,1396.25
NWO-1032,PLANT_01,DC_NORTH,2025-03-17,146,1630.82
NWO-1032,PLANT_01,DC_NORTH,2025-03-24,128,1429.76
NWO-1032,PLANT_01,DC_NORTH,2025-03-31,120,1340.4
NWO-1032,PLANT_01,DC_NORTH,2025-04-07,145,1619.65
NWO-1032,PLANT_01,DC_NORTH,2025-04-14,124,1385.08
NWO-1032,PLANT_01,DC_NORTH,2025-04-21,152,1697.84
NWO-1032,PLANT_01,DC_NORTH,2025-04-28,128,1429.76
NWO-1032,PLANT_01,DC_NORTH,2025-05-05,141,1574.97
NWO-1032,PLANT_01,DC_NORTH,2025-05-12,162,1809.54
NWO-1032,PLANT_01,DC_NORTH,2025-05-19,148,1653.16
NWO-1032,PLANT_01,DC_NORTH,2025-05-26,155,1731.35
NWO-1032,PLANT_01,DC_NORTH,2025-06-02,147,1641.99
NWO-1032,PLANT_01,DC_NORTH,2025-06-09,200,2234.0
NWO-1032,PLANT_01,DC_NORTH,2025-06-16,196,2189.32
NWO-1032,PLANT_01,DC_NORTH,2025-06-23,191,2133.47
NWO-1032,PLANT_01,DC_NORTH,2025-06-30,145,1619.65
NWO-1032,PLANT_01,DC_NORTH,2025-07-07,178,1988.26
NWO-1032,PLANT_01,DC_NORTH,2025-07-14,190,2122.3
NWO-1032,PLANT_01,DC_NORTH,2025-07-21,192,2144.64
NWO-1032,PLANT_01,DC_NORTH,2025-07-28,198,2211.66
NWO-1032,PLANT_01,DC_NORTH,2025-08-04,175,1954.75
NWO-1032,PLANT_01,DC_NORTH,2025-08-11,172,1921.24
NWO-1032,PLANT_01,DC_NORTH,2025-08-18,178,1988.26
NWO-1032,PLANT_01,DC_NORTH,2025-08-25,182,2032.94
NWO-1032,PLANT_01,DC_NORTH,2025-09-01,125,1396.25
NWO-1032,PLANT_01,DC_NORTH,2025-09-08,148,1653.16
NWO-1032,PLANT_01,DC_NORTH,2025-09-15,166,1854.22
NWO-1032,PLANT_01,DC_NORTH,2025-09-22,172,1921.24
NWO-1032,PLANT_01,DC_NORTH,2025-09-29,164,1831.88
NWO-1032,PLANT_01,DC_NORTH,2025-10-06,157,1753.69
NWO-1032,PLANT_01,DC_NORTH,2025-10-13,160,1787.2
NWO-1032,PLANT_01,DC_NORTH,2025-10-20,198,2211.66
NWO-1032,PLANT_01,DC_NORTH,2025-10-27,149,1664.33
NWO-1032,PLANT_01,DC_NORTH,2025-11-03,213,2379.21
NWO-1032,PLANT_01,DC_NORTH,2025-11-10,200,2234.0
NWO-1032,PLANT_01,DC_NORTH,2025-11-17,185,2066.45
NWO-1032,PLANT_01,DC_NORTH,2025-11-24,227,2535.59
NWO-1032,PLANT_01,DC_NORTH,2025-12-01,272,3038.24
NWO-1032,PLANT_01,DC_NORTH,2025-12-08,218,2435.06
NWO-1032,PLANT_01,DC_NORTH,2025-12-15,210,2345.7
NWO-1032,PLANT_01,DC_NORTH,2025-12-22,208,2323.36
NWO-1032,PLANT_01,DC_NORTH,2025-12-29,167,1865.39
NWO-1032,PLANT_01,DC_NORTH,2026-01-05,85,949.45
NWO-1032,PLANT_01,DC_NORTH,2026-01-12,76,848.92
NWO-1032,PLANT_01,DC_NORTH,2026-01-19,71,793.07
NWO-1032,PLANT_01,DC_NORTH,2026-01-26,65,726.05
NWO-1032,PLANT_01,DC_NORTH,2026-02-02,69,770.73
NWO-1032,PLANT_01,DC_NORTH,2026-02-09,46,513.82
NWO-1032,PLANT_01,DC_NORTH,2026-02-16,43,480.31
NWO-1032,PLANT_01,DC_NORTH,2026-02-23,44,491.48
NWO-1032,PLANT_01,DC_NORTH,2026-03-02,50,558.5
NWO-1032,PLANT_01,DC_NORTH,2026-03-09,40,446.8
NWO-1032,PLANT_01,DC_NORTH,2026-03-16,26,290.42
NWO-1032,PLANT_01,DC_NORTH,2026-03-23,17,189.89
NWO-1032,PLANT_01,DC_NORTH,2026-03-30,7,78.19
NWO-1032,PLANT_01,DC_SOUTH,2023-06-05,458,5115.86
NWO-1032,PLANT_01,DC_SOUTH,2023-06-12,491,5484.47
NWO-1032,PLANT_01,DC_SOUTH,2023-06-19,365,4077.05
NWO-1032,PLANT_01,DC_SOUTH,2023-06-26,429,4791.93
NWO-1032,PLANT_01,DC_SOUTH,2023-07-03,474,5294.58
NWO-1032,PLANT_01,DC_SOUTH,2023-07-10,387,4322.79
NWO-1032,PLANT_01,DC_SOUTH,2023-07-17,480,5361.6
NWO-1032,PLANT_01,DC_SOUTH,2023-07-24,546,6098.82
NWO-1032,PLANT_01,DC_SOUTH,2023-07-31,516,5763.72
NWO-1032,PLANT_01,DC_SOUTH,2023-08-07,390,4356.3
NWO-1032,PLANT_01,DC_SOUTH,2023-08-14,432,4825.44
NWO-1032,PLANT_01,DC_SOUTH,2023-08-21,381,4255.77
NWO-1032,PLANT_01,DC_SOUTH,2023-08-28,370,4132.9
NWO-1032,PLANT_01,DC_SOUTH,2023-09-04,366,4088.22
NWO-1032,PLANT_01,DC_SOUTH,2023-09-11,380,4244.6
NWO-1032,PLANT_01,DC_SOUTH,2023-09-18,321,3585.57
NWO-1032,PLANT_01,DC_SOUTH,2023-09-25,430,4803.1
NWO-1032,PLANT_01,DC_SOUTH,2023-10-02,341,3808.97
NWO-1032,PLANT_01,DC_SOUTH,2023-10-09,472,5272.24
NWO-1032,PLANT_01,DC_SOUTH,2023-10-16,355,3965.35
NWO-1032,PLANT_01,DC_SOUTH,2023-10-23,490,5473.3
NWO-1032,PLANT_01,DC_SOUTH,2023-10-30,390,4356.3
NWO-1032,PLANT_01,DC_SOUTH,2023-11-06,554,6188.18
NWO-1032,PLANT_01,DC_SOUTH,2023-11-13,635,7092.95
NWO-1032,PLANT_01,DC_SOUTH,2023-11-20,473,5283.41
NWO-1032,PLANT_01,DC_SOUTH,2023-11-27,461,5149.37
NWO-1032,PLANT_01,DC_SOUTH,2023-12-04,453,5060.01
NWO-1032,PLANT_01,DC_SOUTH,2023-12-11,586,6545.62
NWO-1032,PLANT_01,DC_SOUTH,2023-12-18,519,5797.23
NWO-1032,PLANT_01,DC_SOUTH,2023-12-25,574,6411.58
NWO-1032,PLANT_01,DC_SOUTH,2024-01-01,367,4099.39
NWO-1032,PLANT_01,DC_SOUTH,2024-01-08,462,5160.54
NWO-1032,PLANT_01,DC_SOUTH,2024-01-15,262,2926.54
NWO-1032,PLANT_01,DC_SOUTH,2024-01-22,301,3362.17
NWO-1032,PLANT_01,DC_SOUTH,2024-01-29,389,4345.13
NWO-1032,PLANT_01,DC_SOUTH,2024-02-05,407,4546.19
NWO-1032,PLANT_01,DC_SOUTH,2024-02-12,317,3540.89
NWO-1032,PLANT_01,DC_SOUTH,2024-02-19,369,4121.73
NWO-1032,PLANT_01,DC_SOUTH,2024-02-26,284,3172.28
NWO-1032,PLANT_01,DC_SOUTH,2024-03-04,345,3853.65
NWO-1032,PLANT_01,DC_SOUTH,2024-03-11,314,3507.38
NWO-1032,PLANT_01,DC_SOUTH,2024-03-18,378,4222.26
NWO-1032,PLANT_01,DC_SOUTH,2024-03-25,350,3909.5
NWO-1032,PLANT_01,DC_SOUTH,2024-04-01,368,4110.56
NWO-1032,PLANT_01,DC_SOUTH,2024-04-08,357,3987.69
NWO-1032,PLANT_01,DC_SOUTH,2024-04-15,333,3719.61
NWO-1032,PLANT_01,DC_SOUTH,2024-04-22,460,5138.2
NWO-1032,PLANT_01,DC_SOUTH,2024-04-29,443,4948.31
NWO-1032,PLANT_01,DC_SOUTH,2024-05-06,442,4937.14
NWO-1032,PLANT_01,DC_SOUTH,2024-05-13,400,4468.0
NWO-1032,PLANT_01,DC_SOUTH,2024-05-20,337,3764.29
NWO-1032,PLANT_01,DC_SOUTH,2024-05-27,309,3451.53
NWO-1032,PLANT_01,DC_SOUTH,2024-06-03,484,5406.28
NWO-1032,PLANT_01,DC_SOUTH,2024-06-10,496,5540.32
NWO-1032,PLANT_01,DC_SOUTH,2024-06-17,401,4479.17
NWO-1032,PLANT_01,DC_SOUTH,2024-06-24,383,4278.11
NWO-1032,PLANT_01,DC_SOUTH,2024-07-01,461,5149.37
NWO-1032,PLANT_01,DC_SOUTH,2024-07-08,390,4356.3
NWO-1032,PLANT_01,DC_SOUTH,2024-07-15,489,5462.13
NWO-1032,PLANT_01,DC_SOUTH,2024-07-22,499,5573.83
NWO-1032,PLANT_01,DC_SOUTH,2024-07-29,488,5450.96
NWO-1032,PLANT_01,DC_SOUTH,2024-08-05,362,4043.54
NWO-1032,PLANT_01,DC_SOUTH,2024-08-12,409,4568.53
NWO-1032,PLANT_01,DC_SOUTH,2024-08-19,380,4244.6
NWO-1032,PLANT_01,DC_SOUTH,2024-08-26,330,3686.1
NWO-1032,PLANT_01,DC_SOUTH,2024-09-02,376,4199.92
NWO-1032,PLANT_01,DC_SOUTH,2024-09-09,373,4166.41
NWO-1032,PLANT_01,DC_SOUTH,2024-09-16,377,4211.09
NWO-1032,PLANT_01,DC_SOUTH,2024-09-23,354,3954.18
NWO-1032,PLANT_01,DC_SOUTH,2024-09-30,427,4769.59
NWO-1032,PLANT_01,DC_SOUTH,2024-10-07,420,4691.4
NWO-1032,PLANT_01,DC_SOUTH,2024-10-14,419,4680.23
NWO-1032,PLANT_01,DC_SOUTH,2024-10-21,473,5283.41
NWO-1032,PLANT_01,DC_SOUTH,2024-10-28,419,4680.23
NWO-1032,PLANT_01,DC_SOUTH,2024-11-04,467,5216.39
NWO-1032,PLANT_01,DC_SOUTH,2024-11-11,538,6009.46
NWO-1032,PLANT_01,DC_SOUTH,2024-11-18,571,6378.07
NWO-1032,PLANT_01,DC_SOUTH,2024-11-25,704,7863.68
NWO-1032,PLANT_01,DC_SOUTH,2024-12-02,530,5920.1
NWO-1032,PLANT_01,DC_SOUTH,2024-12-09,593,6623.81
NWO-1032,PLANT_01,DC_SOUTH,2024-12-16,602,6724.34
NWO-1032,PLANT_01,DC_SOUTH,2024-12-23,568,6344.56
NWO-1032,PLANT_01,DC_SOUTH,2024-12-30,483,5395.11
NWO-1032,PLANT_01,DC_SOUTH,2025-01-06,366,4088.22
NWO-1032,PLANT_01,DC_SOUTH,2025-01-13,292,3261.64
NWO-1032,PLANT_01,DC_SOUTH,2025-01-20,300,3351.0
NWO-1032,PLANT_01,DC_SOUTH,2025-01-27,333,3719.61
NWO-1032,PLANT_01,DC_SOUTH,2025-02-03,325,3630.25
NWO-1032,PLANT_01,DC_SOUTH,2025-02-10,338,3775.46
NWO-1032,PLANT_01,DC_SOUTH,2025-02-17,362,4043.54
NWO-1032,PLANT_01,DC_SOUTH,2025-02-24,350,3909.5
NWO-1032,PLANT_01,DC_SOUTH,2025-03-03,342,3820.14
NWO-1032,PLANT_01,DC_SOUTH,2025-03-10,394,4400.98
NWO-1032,PLANT_01,DC_SOUTH,2025-03-17,274,3060.58
NWO-1032,PLANT_01,DC_SOUTH,2025-03-24,363,4054.71
NWO-1032,PLANT_01,DC_SOUTH,2025-03-31,342,3820.14
NWO-1032,PLANT_01,DC_SOUTH,2025-04-07,441,4925.97
NWO-1032,PLANT_01,DC_SOUTH,2025-04-14,381,4255.77
NWO-1032,PLANT_01,DC_SOUTH,2025-04-21,441,4925.97
NWO-1032,PLANT_01,DC_SOUTH,2025-04-28,370,4132.9
NWO-1032,PLANT_01,DC_SOUTH,2025-05-05,381,4255.77
NWO-1032,PLANT_01,DC_SOUTH,2025-05-12,439,4903.63
NWO-1032,PLANT_01,DC_SOUTH,2025-05-19,409,4568.53
NWO-1032,PLANT_01,DC_SOUTH,2025-05-26,398,4445.66
NWO-1032,PLANT_01,DC_SOUTH,2025-06-02,433,4836.61
NWO-1032,PLANT_01,DC_SOUTH,2025-06-09,472,5272.24
NWO-1032,PLANT_01,DC_SOUTH,2025-06-16,384,4289.28
NWO-1032,PLANT_01,DC_SOUTH,2025-06-23,345,3853.65
NWO-1032,PLANT_01,DC_SOUTH,2025-06-30,491,5484.47
NWO-1032,PLANT_01,DC_SOUTH,2025-07-07,422,4713.74
NWO-1032,PLANT_01,DC_SOUTH,2025-07-14,404,4512.68
NWO-1032,PLANT_01,DC_SOUTH,2025-07-21,455,5082.35
NWO-1032,PLANT_01,DC_SOUTH,2025-07-28,517,5774.89
NWO-1032,PLANT_01,DC_SOUTH,2025-08-04,443,4948.31
NWO-1032,PLANT_01,DC_SOUTH,2025-08-11,377,4211.09
NWO-1032,PLANT_01,DC_SOUTH,2025-08-18,480,5361.6
NWO-1032,PLANT_01,DC_SOUTH,2025-08-25,429,4791.93
NWO-1032,PLANT_01,DC_SOUTH,2025-09-01,362,4043.54
NWO-1032,PLANT_01,DC_SOUTH,2025-09-08,435,4858.95
NWO-1032,PLANT_01,DC_SOUTH,2025-09-15,346,3864.82
NWO-1032,PLANT_01,DC_SOUTH,2025-09-22,396,4423.32
NWO-1032,PLANT_01,DC_SOUTH,2025-09-29,445,4970.65
NWO-1032,PLANT_01,DC_SOUTH,2025-10-06,573,6400.41
NWO-1032,PLANT_01,DC_SOUTH,2025-10-13,370,4132.9
NWO-1032,PLANT_01,DC_SOUTH,2025-10-20,484,5406.28
NWO-1032,PLANT_01,DC_SOUTH,2025-10-27,384,4289.28
NWO-1032,PLANT_01,DC_SOUTH,2025-11-03,533,5953.61
NWO-1032,PLANT_01,DC_SOUTH,2025-11-10,744,8310.48
NWO-1032,PLANT_01,DC_SOUTH,2025-11-17,610,6813.7
NWO-1032,PLANT_01,DC_SOUTH,2025-11-24,684,7640.28
NWO-1032,PLANT_01,DC_SOUTH,2025-12-01,607,6780.19
NWO-1032,PLANT_01,DC_SOUTH,2025-12-08,574,6411.58
NWO-1032,PLANT_01,DC_SOUTH,2025-12-15,592,6612.64
NWO-1032,PLANT_01,DC_SOUTH,2025-12-22,469,5238.73
NWO-1032,PLANT_01,DC_SOUTH,2025-12-29,436,4870.12
NWO-1032,PLANT_01,DC_SOUTH,2026-01-05,225,2513.25
NWO-1032,PLANT_01,DC_SOUTH,2026-01-12,203,2267.51
NWO-1032,PLANT_01,DC_SOUTH,2026-01-19,178,1988.26
NWO-1032,PLANT_01,DC_SOUTH,2026-01-26,201,2245.17
NWO-1032,PLANT_01,DC_SOUTH,2026-02-02,192,2144.64
NWO-1032,PLANT_01,DC_SOUTH,2026-02-09,162,1809.54
NWO-1032,PLANT_01,DC_SOUTH,2026-02-16,146,1630.82
NWO-1032,PLANT_01,DC_SOUTH,2026-02-23,126,1407.42
NWO-1032,PLANT_01,DC_SOUTH,2026-03-02,97,1083.49
NWO-1032,PLANT_01,DC_SOUTH,2026-03-09,88,982.96
NWO-1032,PLANT_01,DC_SOUTH,2026-03-16,72,804.24
NWO-1032,PLANT_01,DC_SOUTH,2026-03-23,37,413.29
NWO-1032,PLANT_01,DC_SOUTH,2026-03-30,22,245.74
NWO-1032,PLANT_01,DC_WEST,2023-06-05,327,3652.59
NWO-1032,PLANT_01,DC_WEST,2023-06-12,368,4110.56
NWO-1032,PLANT_01,DC_WEST,2023-06-19,264,2948.88
NWO-1032,PLANT_01,DC_WEST,2023-06-26,279,3116.43
NWO-1032,PLANT_01,DC_WEST,2023-07-03,313,3496.21
NWO-1032,PLANT_01,DC_WEST,2023-07-10,317,3540.89
NWO-1032,PLANT_01,DC_WEST,2023-07-17,333,3719.61
NWO-1032,PLANT_01,DC_WEST,2023-07-24,372,4155.24
NWO-1032,PLANT_01,DC_WEST,2023-07-31,319,3563.23
NWO-1032,PLANT_01,DC_WEST,2023-08-07,326,3641.42
NWO-1032,PLANT_01,DC_WEST,2023-08-14,333,3719.61
NWO-1032,PLANT_01,DC_WEST,2023-08-21,290,3239.3
NWO-1032,PLANT_01,DC_WEST,2023-08-28,251,2803.67
NWO-1032,PLANT_01,DC_WEST,2023-09-04,304,3395.68
NWO-1032,PLANT_01,DC_WEST,2023-09-11,318,3552.06
NWO-1032,PLANT_01,DC_WEST,2023-09-18,276,3082.92
NWO-1032,PLANT_01,DC_WEST,2023-09-25,284,3172.28
NWO-1032,PLANT_01,DC_WEST,2023-10-02,272,3038.24
NWO-1032,PLANT_01,DC_WEST,2023-10-09,295,3295.15
NWO-1032,PLANT_01,DC_WEST,2023-10-16,299,3339.83
NWO-1032,PLANT_01,DC_WEST,2023-10-23,318,3552.06
NWO-1032,PLANT_01,DC_WEST,2023-10-30,296,3306.32
NWO-1032,PLANT_01,DC_WEST,2023-11-06,458,5115.86
NWO-1032,PLANT_01,DC_WEST,2023-11-13,398,4445.66
NWO-1032,PLANT_01,DC_WEST,2023-11-20,446,4981.82
NWO-1032,PLANT_01,DC_WEST,2023-11-27,399,4456.83
NWO-1032,PLANT_01,DC_WEST,2023-12-04,343,3831.31
NWO-1032,PLANT_01,DC_WEST,2023-12-11,460,5138.2
NWO-1032,PLANT_01,DC_WEST,2023-12-18,412,4602.04
NWO-1032,PLANT_01,DC_WEST,2023-12-25,437,4881.29
NWO-1032,PLANT_01,DC_WEST,2024-01-01,209,2334.53
NWO-1032,PLANT_01,DC_WEST,2024-01-08,190,2122.3
NWO-1032,PLANT_01,DC_WEST,2024-01-15,239,2669.63
NWO-1032,PLANT_01,DC_WEST,2024-01-22,239,2669.63
NWO-1032,PLANT_01,DC_WEST,2024-01-29,183,2044.11
NWO-1032,PLANT_01,DC_WEST,2024-02-05,202,2256.34
NWO-1032,PLANT_01,DC_WEST,2024-02-12,276,3082.92
NWO-1032,PLANT_01,DC_WEST,2024-02-19,244,2725.48
NWO-1032,PLANT_01,DC_WEST,2024-02-26,273,3049.41
NWO-1032,PLANT_01,DC_WEST,2024-03-04,293,3272.81
NWO-1032,PLANT_01,DC_WEST,2024-03-11,285,3183.45
NWO-1032,PLANT_01,DC_WEST,2024-03-18,295,3295.15
NWO-1032,PLANT_01,DC_WEST,2024-03-25,322,3596.74
NWO-1032,PLANT_01,DC_WEST,2024-04-01,233,2602.61
NWO-1032,PLANT_01,DC_WEST,2024-04-08,298,3328.66
NWO-1032,PLANT_01,DC_WEST,2024-04-15,257,2870.69
NWO-1032,PLANT_01,DC_WEST,2024-04-22,300,3351.0
NWO-1032,PLANT_01,DC_WEST,2024-04-29,248,2770.16
NWO-1032,PLANT_01,DC_WEST,2024-05-06,392,4378.64
NWO-1032,PLANT_01,DC_WEST,2024-05-13,308,3440.36
NWO-1032,PLANT_01,DC_WEST,2024-05-20,272,3038.24
NWO-1032,PLANT_01,DC_WEST,2024-05-27,287,3205.79
NWO-1032,PLANT_01,DC_WEST,2024-06-03,336,3753.12
NWO-1032,PLANT_01,DC_WEST,2024-06-10,335,3741.95
NWO-1032,PLANT_01,DC_WEST,2024-06-17,311,3473.87
NWO-1032,PLANT_01,DC_WEST,2024-06-24,342,3820.14
NWO-1032,PLANT_01,DC_WEST,2024-07-01,342,3820.14
NWO-1032,PLANT_01,DC_WEST,2024-07-08,286,3194.62
NWO-1032,PLANT_01,DC_WEST,2024-07-15,364,4065.88
NWO-1032,PLANT_01,DC_WEST,2024-07-22,429,4791.93
NWO-1032,PLANT_01,DC_WEST,2024-07-29,386,4311.62
NWO-1032,PLANT_01,DC_WEST,2024-08-05,349,3898.33
NWO-1032,PLANT_01,DC_WEST,2024-08-12,325,3630.25
NWO-1032,PLANT_01,DC_WEST,2024-08-19,314,3507.38
NWO-1032,PLANT_01,DC_WEST,2024-08-26,325,3630.25
NWO-1032,PLANT_01,DC_WEST,2024-09-02,328,3663.76
NWO-1032,PLANT_01,DC_WEST,2024-09-09,277,3094.09
NWO-1032,PLANT_01,DC_WEST,2024-09-16,332,3708.44
NWO-1032,PLANT_01,DC_WEST,2024-09-23,327,3652.59
NWO-1032,PLANT_01,DC_WEST,2024-09-30,358,3998.86
NWO-1032,PLANT_01,DC_WEST,2024-10-07,277,3094.09
NWO-1032,PLANT_01,DC_WEST,2024-10-14,320,3574.4
NWO-1032,PLANT_01,DC_WEST,2024-10-21,315,3518.55
NWO-1032,PLANT_01,DC_WEST,2024-10-28,242,2703.14
NWO-1032,PLANT_01,DC_WEST,2024-11-04,425,4747.25
NWO-1032,PLANT_01,DC_WEST,2024-11-11,469,5238.73
NWO-1032,PLANT_01,DC_WEST,2024-11-18,368,4110.56
NWO-1032,PLANT_01,DC_WEST,2024-11-25,424,4736.08
NWO-1032,PLANT_01,DC_WEST,2024-12-02,391,4367.47
NWO-1032,PLANT_01,DC_WEST,2024-12-09,472,5272.24
NWO-1032,PLANT_01,DC_WEST,2024-12-16,407,4546.19
NWO-1032,PLANT_01,DC_WEST,2024-12-23,413,4613.21
NWO-1032,PLANT_01,DC_WEST,2024-12-30,423,4724.91
NWO-1032,PLANT_01,DC_WEST,2025-01-06,224,2502.08
NWO-1032,PLANT_01,DC_WEST,2025-01-13,247,2758.99
NWO-1032,PLANT_01,DC_WEST,2025-01-20,191,2133.47
NWO-1032,PLANT_01,DC_WEST,2025-01-27,254,2837.18
NWO-1032,PLANT_01,DC_WEST,2025-02-03,290,3239.3
NWO-1032,PLANT_01,DC_WEST,2025-02-10,233,2602.61
NWO-1032,PLANT_01,DC_WEST,2025-02-17,232,2591.44
NWO-1032,PLANT_01,DC_WEST,2025-02-24,244,2725.48
NWO-1032,PLANT_01,DC_WEST,2025-03-03,336,3753.12
NWO-1032,PLANT_01,DC_WEST,2025-03-10,270,3015.9
NWO-1032,PLANT_01,DC_WEST,2025-03-17,276,3082.92
NWO-1032,PLANT_01,DC_WEST,2025-03-24,294,3283.98
NWO-1032,PLANT_01,DC_WEST,2025-03-31,299,3339.83
NWO-1032,PLANT_01,DC_WEST,2025-04-07,272,3038.24
NWO-1032,PLANT_01,DC_WEST,2025-04-14,311,3473.87
NWO-1032,PLANT_01,DC_WEST,2025-04-21,272,3038.24
NWO-1032,PLANT_01,DC_WEST,2025-04-28,337,3764.29
NWO-1032,PLANT_01,DC_WEST,2025-05-05,339,3786.63
NWO-1032,PLANT_01,DC_WEST,2025-05-12,303,3384.51
NWO-1032,PLANT_01,DC_WEST,2025-05-19,258,2881.86
NWO-1032,PLANT_01,DC_WEST,2025-05-26,328,3663.76
NWO-1032,PLANT_01,DC_WEST,2025-06-02,389,4345.13
NWO-1032,PLANT_01,DC_WEST,2025-06-09,346,3864.82
NWO-1032,PLANT_01,DC_WEST,2025-06-16,284,3172.28
NWO-1032,PLANT_01,DC_WEST,2025-06-23,315,3518.55
NWO-1032,PLANT_01,DC_WEST,2025-06-30,314,3507.38
NWO-1032,PLANT_01,DC_WEST,2025-07-07,346,3864.82
NWO-1032,PLANT_01,DC_WEST,2025-07-14,384,4289.28
NWO-1032,PLANT_01,DC_WEST,2025-07-21,305,3406.85
NWO-1032,PLANT_01,DC_WEST,2025-07-28,359,4010.03
NWO-1032,PLANT_01,DC_WEST,2025-08-04,298,3328.66
NWO-1032,PLANT_01,DC_WEST,2025-08-11,348,3887.16
NWO-1032,PLANT_01,DC_WEST,2025-08-18,379,4233.43
NWO-1032,PLANT_01,DC_WEST,2025-08-25,348,3887.16
NWO-1032,PLANT_01,DC_WEST,2025-09-01,278,3105.26
NWO-1032,PLANT_01,DC_WEST,2025-09-08,265,2960.05
NWO-1032,PLANT_01,DC_WEST,2025-09-15,289,3228.13
NWO-1032,PLANT_01,DC_WEST,2025-09-22,263,2937.71
NWO-1032,PLANT_01,DC_WEST,2025-09-29,240,2680.8
NWO-1032,PLANT_01,DC_WEST,2025-10-06,261,2915.37
NWO-1032,PLANT_01,DC_WEST,2025-10-13,293,3272.81
NWO-1032,PLANT_01,DC_WEST,2025-10-20,287,3205.79
NWO-1032,PLANT_01,DC_WEST,2025-10-27,335,3741.95
NWO-1032,PLANT_01,DC_WEST,2025-11-03,368,4110.56
NWO-1032,PLANT_01,DC_WEST,2025-11-10,412,4602.04
NWO-1032,PLANT_01,DC_WEST,2025-11-17,343,3831.31
NWO-1032,PLANT_01,DC_WEST,2025-11-24,461,5149.37
NWO-1032,PLANT_01,DC_WEST,2025-12-01,485,5417.45
NWO-1032,PLANT_01,DC_WEST,2025-12-08,445,4970.65
NWO-1032,PLANT_01,DC_WEST,2025-12-15,457,5104.69
NWO-1032,PLANT_01,DC_WEST,2025-12-22,381,4255.77
NWO-1032,PLANT_01,DC_WEST,2025-12-29,404,4512.68
NWO-1032,PLANT_01,DC_WEST,2026-01-05,198,2211.66
NWO-1032,PLANT_01,DC_WEST,2026-01-12,177,1977.09
NWO-1032,PLANT_01,DC_WEST,2026-01-19,179,1999.43
NWO-1032,PLANT_01,DC_WEST,2026-01-26,128,1429.76
NWO-1032,PLANT_01,DC_WEST,2026-02-02,124,1385.08
NWO-1032,PLANT_01,DC_WEST,2026-02-09,123,1373.91
NWO-1032,PLANT_01,DC_WEST,2026-02-16,103,1150.51
NWO-1032,PLANT_01,DC_WEST,2026-02-23,90,1005.3
NWO-1032,PLANT_01,DC_WEST,2026-03-02,96,1072.32
NWO-1032,PLANT_01,DC_WEST,2026-03-09,71,793.07
NWO-1032,PLANT_01,DC_WEST,2026-03-16,55,614.35
NWO-1032,PLANT_01,DC_WEST,2026-03-23,30,335.1
NWO-1032,PLANT_01,DC_WEST,2026-03-30,16,178.72
NWO-1033,PLANT_01,DC_NORTH,2023-06-05,117,3994.38
NWO-1033,PLANT_01,DC_NORTH,2023-06-12,110,3755.4
NWO-1033,PLANT_01,DC_NORTH,2023-06-19,126,4301.64
NWO-1033,PLANT_01,DC_NORTH,2023-06-26,117,3994.38
NWO-1033,PLANT_01,DC_NORTH,2023-07-03,154,5257.56
NWO-1033,PLANT_01,DC_NORTH,2023-07-10,122,4165.08
NWO-1033,PLANT_01,DC_NORTH,2023-07-17,131,4472.34
NWO-1033,PLANT_01,DC_NORTH,2023-07-24,99,3379.86
NWO-1033,PLANT_01,DC_NORTH,2023-07-31,153,5223.42
NWO-1033,PLANT_01,DC_NORTH,2023-08-07,123,4199.22
NWO-1033,PLANT_01,DC_NORTH,2023-08-14,146,4984.44
NWO-1033,PLANT_01,DC_NORTH,2023-08-21,109,3721.26
NWO-1033,PLANT_01,DC_NORTH,2023-08-28,139,4745.46
NWO-1033,PLANT_01,DC_NORTH,2023-09-04,94,3209.16
NWO-1033,PLANT_01,DC_NORTH,2023-09-11,91,3106.74
NWO-1033,PLANT_01,DC_NORTH,2023-09-18,122,4165.08
NWO-1033,PLANT_01,DC_NORTH,2023-09-25,104,3550.56
NWO-1033,PLANT_01,DC_NORTH,2023-10-02,102,3482.28
NWO-1033,PLANT_01,DC_NORTH,2023-10-09,101,3448.14
NWO-1033,PLANT_01,DC_NORTH,2023-10-16,108,3687.12
NWO-1033,PLANT_01,DC_NORTH,2023-10-23,128,4369.92
NWO-1033,PLANT_01,DC_NORTH,2023-10-30,131,4472.34
NWO-1033,PLANT_01,DC_NORTH,2023-11-06,144,4916.16
NWO-1033,PLANT_01,DC_NORTH,2023-11-13,187,6384.18
NWO-1033,PLANT_01,DC_NORTH,2023-11-20,144,4916.16
NWO-1033,PLANT_01,DC_NORTH,2023-11-27,124,4233.36
NWO-1033,PLANT_01,DC_NORTH,2023-12-04,143,4882.02
NWO-1033,PLANT_01,DC_NORTH,2023-12-11,161,5496.54
NWO-1033,PLANT_01,DC_NORTH,2023-12-18,198,6759.72
NWO-1033,PLANT_01,DC_NORTH,2023-12-25,149,5086.86
NWO-1033,PLANT_01,DC_NORTH,2024-01-01,86,2936.04
NWO-1033,PLANT_01,DC_NORTH,2024-01-08,88,3004.32
NWO-1033,PLANT_01,DC_NORTH,2024-01-15,101,3448.14
NWO-1033,PLANT_01,DC_NORTH,2024-01-22,83,2833.62
NWO-1033,PLANT_01,DC_NORTH,2024-01-29,114,3891.96
NWO-1033,PLANT_01,DC_NORTH,2024-02-05,73,2492.22
NWO-1033,PLANT_01,DC_NORTH,2024-02-12,89,3038.46
NWO-1033,PLANT_01,DC_NORTH,2024-02-19,126,4301.64
NWO-1033,PLANT_01,DC_NORTH,2024-02-26,108,3687.12
NWO-1033,PLANT_01,DC_NORTH,2024-03-04,111,3789.54
NWO-1033,PLANT_01,DC_NORTH,2024-03-11,95,3243.3
NWO-1033,PLANT_01,DC_NORTH,2024-03-18,129,4404.06
NWO-1033,PLANT_01,DC_NORTH,2024-03-25,112,3823.68
NWO-1033,PLANT_01,DC_NORTH,2024-04-01,104,3550.56
NWO-1033,PLANT_01,DC_NORTH,2024-04-08,111,3789.54
NWO-1033,PLANT_01,DC_NORTH,2024-04-15,129,4404.06
NWO-1033,PLANT_01,DC_NORTH,2024-04-22,135,4608.9
NWO-1033,PLANT_01,DC_NORTH,2024-04-29,112,3823.68
NWO-1033,PLANT_01,DC_NORTH,2024-05-06,120,4096.8
NWO-1033,PLANT_01,DC_NORTH,2024-05-13,140,4779.6
NWO-1033,PLANT_01,DC_NORTH,2024-05-20,138,4711.32
NWO-1033,PLANT_01,DC_NORTH,2024-05-27,113,3857.82
NWO-1033,PLANT_01,DC_NORTH,2024-06-03,131,4472.34
NWO-1033,PLANT_01,DC_NORTH,2024-06-10,140,4779.6
NWO-1033,PLANT_01,DC_NORTH,2024-06-17,165,5633.1
NWO-1033,PLANT_01,DC_NORTH,2024-06-24,123,4199.22
NWO-1033,PLANT_01,DC_NORTH,2024-07-01,131,4472.34
NWO-1033,PLANT_01,DC_NORTH,2024-07-08,129,4404.06
NWO-1033,PLANT_01,DC_NORTH,2024-07-15,93,3175.02
NWO-1033,PLANT_01,DC_NORTH,2024-07-22,112,3823.68
NWO-1033,PLANT_01,DC_NORTH,2024-07-29,123,4199.22
NWO-1033,PLANT_01,DC_NORTH,2024-08-05,103,3516.42
NWO-1033,PLANT_01,DC_NORTH,2024-08-12,133,4540.62
NWO-1033,PLANT_01,DC_NORTH,2024-08-19,157,5359.98
NWO-1033,PLANT_01,DC_NORTH,2024-08-26,109,3721.26
NWO-1033,PLANT_01,DC_NORTH,2024-09-02,124,4233.36
NWO-1033,PLANT_01,DC_NORTH,2024-09-09,117,3994.38
NWO-1033,PLANT_01,DC_NORTH,2024-09-16,117,3994.38
NWO-1033,PLANT_01,DC_NORTH,2024-09-23,109,3721.26
NWO-1033,PLANT_01,DC_NORTH,2024-09-30,125,4267.5
NWO-1033,PLANT_01,DC_NORTH,2024-10-07,152,5189.28
NWO-1033,PLANT_01,DC_NORTH,2024-10-14,111,3789.54
NWO-1033,PLANT_01,DC_NORTH,2024-10-21,125,4267.5
NWO-1033,PLANT_01,DC_NORTH,2024-10-28,111,3789.54
NWO-1033,PLANT_01,DC_NORTH,2024-11-04,143,4882.02
NWO-1033,PLANT_01,DC_NORTH,2024-11-11,205,6998.7
NWO-1033,PLANT_01,DC_NORTH,2024-11-18,133,4540.62
NWO-1033,PLANT_01,DC_NORTH,2024-11-25,134,4574.76
NWO-1033,PLANT_01,DC_NORTH,2024-12-02,140,4779.6
NWO-1033,PLANT_01,DC_NORTH,2024-12-09,151,5155.14
NWO-1033,PLANT_01,DC_NORTH,2024-12-16,135,4608.9
NWO-1033,PLANT_01,DC_NORTH,2024-12-23,199,6793.86
NWO-1033,PLANT_01,DC_NORTH,2024-12-30,144,4916.16
NWO-1033,PLANT_01,DC_NORTH,2025-01-06,72,2458.08
NWO-1033,PLANT_01,DC_NORTH,2025-01-13,97,3311.58
NWO-1033,PLANT_01,DC_NORTH,2025-01-20,73,2492.22
NWO-1033,PLANT_01,DC_NORTH,2025-01-27,95,3243.3
NWO-1033,PLANT_01,DC_NORTH,2025-02-03,91,3106.74
NWO-1033,PLANT_01,DC_NORTH,2025-02-10,121,4130.94
NWO-1033,PLANT_01,DC_NORTH,2025-02-17,108,3687.12
NWO-1033,PLANT_01,DC_NORTH,2025-02-24,86,2936.04
NWO-1033,PLANT_01,DC_NORTH,2025-03-03,110,3755.4
NWO-1033,PLANT_01,DC_NORTH,2025-03-10,109,3721.26
NWO-1033,PLANT_01,DC_NORTH,2025-03-17,99,3379.86
NWO-1033,PLANT_01,DC_NORTH,2025-03-24,140,4779.6
NWO-1033,PLANT_01,DC_NORTH,2025-03-31,184,6281.76
NWO-1033,PLANT_01,DC_NORTH,2025-04-07,146,4984.44
NWO-1033,PLANT_01,DC_NORTH,2025-04-14,102,3482.28
NWO-1033,PLANT_01,DC_NORTH,2025-04-21,192,6554.88
NWO-1033,PLANT_01,DC_NORTH,2025-04-28,183,6247.62
NWO-1033,PLANT_01,DC_NORTH,2025-05-05,168,5735.52
NWO-1033,PLANT_01,DC_NORTH,2025-05-12,109,3721.26
NWO-1033,PLANT_01,DC_NORTH,2025-05-19,137,4677.18
NWO-1033,PLANT_01,DC_NORTH,2025-05-26,100,3414.0
NWO-1033,PLANT_01,DC_NORTH,2025-06-02,107,3652.98
NWO-1033,PLANT_01,DC_NORTH,2025-06-09,113,3857.82
NWO-1033,PLANT_01,DC_NORTH,2025-06-16,115,3926.1
NWO-1033,PLANT_01,DC_NORTH,2025-06-23,115,3926.1
NWO-1033,PLANT_01,DC_NORTH,2025-06-30,123,4199.22
NWO-1033,PLANT_01,DC_NORTH,2025-07-07,147,5018.58
NWO-1033,PLANT_01,DC_NORTH,2025-07-14,141,4813.74
NWO-1033,PLANT_01,DC_NORTH,2025-07-21,120,4096.8
NWO-1033,PLANT_01,DC_NORTH,2025-07-28,148,5052.72
NWO-1033,PLANT_01,DC_NORTH,2025-08-04,132,4506.48
NWO-1033,PLANT_01,DC_NORTH,2025-08-11,116,3960.24
NWO-1033,PLANT_01,DC_NORTH,2025-08-18,129,4404.06
NWO-1033,PLANT_01,DC_NORTH,2025-08-25,142,4847.88
NWO-1033,PLANT_01,DC_NORTH,2025-09-01,86,2936.04
NWO-1033,PLANT_01,DC_NORTH,2025-09-08,128,4369.92
NWO-1033,PLANT_01,DC_NORTH,2025-09-15,112,3823.68
NWO-1033,PLANT_01,DC_NORTH,2025-09-22,86,2936.04
NWO-1033,PLANT_01,DC_NORTH,2025-09-29,126,4301.64
NWO-1033,PLANT_01,DC_NORTH,2025-10-06,118,4028.52
NWO-1033,PLANT_01,DC_NORTH,2025-10-13,112,3823.68
NWO-1033,PLANT_01,DC_NORTH,2025-10-20,109,3721.26
NWO-1033,PLANT_01,DC_NORTH,2025-10-27,141,4813.74
NWO-1033,PLANT_01,DC_NORTH,2025-11-03,157,5359.98
NWO-1033,PLANT_01,DC_NORTH,2025-11-10,216,7374.24
NWO-1033,PLANT_01,DC_NORTH,2025-11-17,158,5394.12
NWO-1033,PLANT_01,DC_NORTH,2025-11-24,156,5325.84
NWO-1033,PLANT_01,DC_NORTH,2025-12-01,161,5496.54
NWO-1033,PLANT_01,DC_NORTH,2025-12-08,171,5837.94
NWO-1033,PLANT_01,DC_NORTH,2025-12-15,187,6384.18
NWO-1033,PLANT_01,DC_NORTH,2025-12-22,186,6350.04
NWO-1033,PLANT_01,DC_NORTH,2025-12-29,220,7510.8
NWO-1033,PLANT_01,DC_NORTH,2026-01-05,88,3004.32
NWO-1033,PLANT_01,DC_NORTH,2026-01-12,107,3652.98
NWO-1033,PLANT_01,DC_NORTH,2026-01-19,76,2594.64
NWO-1033,PLANT_01,DC_NORTH,2026-01-26,88,3004.32
NWO-1033,PLANT_01,DC_NORTH,2026-02-02,111,3789.54
NWO-1033,PLANT_01,DC_NORTH,2026-02-09,92,3140.88
NWO-1033,PLANT_01,DC_NORTH,2026-02-16,93,3175.02
NWO-1033,PLANT_01,DC_NORTH,2026-02-23,98,3345.72
NWO-1033,PLANT_01,DC_NORTH,2026-03-02,114,3891.96
NWO-1033,PLANT_01,DC_NORTH,2026-03-09,111,3789.54
NWO-1033,PLANT_01,DC_NORTH,2026-03-16,108,3687.12
NWO-1033,PLANT_01,DC_NORTH,2026-03-23,108,3687.12
NWO-1033,PLANT_01,DC_NORTH,2026-03-30,120,4096.8
NWO-1033,PLANT_01,DC_NORTH,2026-04-06,115,3926.1
NWO-1033,PLANT_01,DC_NORTH,2026-04-13,93,3175.02
NWO-1033,PLANT_01,DC_NORTH,2026-04-20,103,3516.42
NWO-1033,PLANT_01,DC_NORTH,2026-04-27,109,3721.26
NWO-1033,PLANT_01,DC_NORTH,2026-05-04,112,3823.68
NWO-1033,PLANT_01,DC_NORTH,2026-05-11,77,2628.78
NWO-1033,PLANT_01,DC_NORTH,2026-05-18,102,3482.28
NWO-1033,PLANT_01,DC_NORTH,2026-05-25,90,3072.6
NWO-1033,PLANT_01,DC_NORTH,2026-06-01,124,4233.36
NWO-1033,PLANT_01,DC_SOUTH,2023-06-05,340,11607.6
NWO-1033,PLANT_01,DC_SOUTH,2023-06-12,361,12324.54
NWO-1033,PLANT_01,DC_SOUTH,2023-06-19,333,11368.62
NWO-1033,PLANT_01,DC_SOUTH,2023-06-26,417,14236.38
NWO-1033,PLANT_01,DC_SOUTH,2023-07-03,352,12017.28
NWO-1033,PLANT_01,DC_SOUTH,2023-07-10,290,9900.6
NWO-1033,PLANT_01,DC_SOUTH,2023-07-17,349,11914.86
NWO-1033,PLANT_01,DC_SOUTH,2023-07-24,349,11914.86
NWO-1033,PLANT_01,DC_SOUTH,2023-07-31,399,13621.86
NWO-1033,PLANT_01,DC_SOUTH,2023-08-07,359,12256.26
NWO-1033,PLANT_01,DC_SOUTH,2023-08-14,329,11232.06
NWO-1033,PLANT_01,DC_SOUTH,2023-08-21,308,10515.12
NWO-1033,PLANT_01,DC_SOUTH,2023-08-28,300,10242.0
NWO-1033,PLANT_01,DC_SOUTH,2023-09-04,286,9764.04
NWO-1033,PLANT_01,DC_SOUTH,2023-09-11,359,12256.26
NWO-1033,PLANT_01,DC_SOUTH,2023-09-18,327,11163.78
NWO-1033,PLANT_01,DC_SOUTH,2023-09-25,287,9798.18
NWO-1033,PLANT_01,DC_SOUTH,2023-10-02,331,11300.34
NWO-1033,PLANT_01,DC_SOUTH,2023-10-09,319,10890.66
NWO-1033,PLANT_01,DC_SOUTH,2023-10-16,391,13348.74
NWO-1033,PLANT_01,DC_SOUTH,2023-10-23,340,11607.6
NWO-1033,PLANT_01,DC_SOUTH,2023-10-30,299,10207.86
NWO-1033,PLANT_01,DC_SOUTH,2023-11-06,477,16284.78
NWO-1033,PLANT_01,DC_SOUTH,2023-11-13,465,15875.1
NWO-1033,PLANT_01,DC_SOUTH,2023-11-20,369,12597.66
NWO-1033,PLANT_01,DC_SOUTH,2023-11-27,380,12973.2
NWO-1033,PLANT_01,DC_SOUTH,2023-12-04,503,17172.42
NWO-1033,PLANT_01,DC_SOUTH,2023-12-11,478,16318.92
NWO-1033,PLANT_01,DC_SOUTH,2023-12-18,443,15124.02
NWO-1033,PLANT_01,DC_SOUTH,2023-12-25,422,14407.08
NWO-1033,PLANT_01,DC_SOUTH,2024-01-01,192,6554.88
NWO-1033,PLANT_01,DC_SOUTH,2024-01-08,245,8364.3
NWO-1033,PLANT_01,DC_SOUTH,2024-01-15,249,8500.86
NWO-1033,PLANT_01,DC_SOUTH,2024-01-22,254,8671.56
NWO-1033,PLANT_01,DC_SOUTH,2024-01-29,267,9115.38
NWO-1033,PLANT_01,DC_SOUTH,2024-02-05,271,9251.94
NWO-1033,PLANT_01,DC_SOUTH,2024-02-12,242,8261.88
NWO-1033,PLANT_01,DC_SOUTH,2024-02-19,229,7818.06
NWO-1033,PLANT_01,DC_SOUTH,2024-02-26,234,7988.76
NWO-1033,PLANT_01,DC_SOUTH,2024-03-04,419,14304.66
NWO-1033,PLANT_01,DC_SOUTH,2024-03-11,564,19254.96
NWO-1033,PLANT_01,DC_SOUTH,2024-03-18,224,7647.36
NWO-1033,PLANT_01,DC_SOUTH,2024-03-25,268,9149.52
NWO-1033,PLANT_01,DC_SOUTH,2024-04-01,312,10651.68
NWO-1033,PLANT_01,DC_SOUTH,2024-04-08,262,8944.68
NWO-1033,PLANT_01,DC_SOUTH,2024-04-15,294,10037.16
NWO-1033,PLANT_01,DC_SOUTH,2024-04-22,358,12222.12
NWO-1033,PLANT_01,DC_SOUTH,2024-04-29,330,11266.2
NWO-1033,PLANT_01,DC_SOUTH,2024-05-06,267,9115.38
NWO-1033,PLANT_01,DC_SOUTH,2024-05-13,300,10242.0
NWO-1033,PLANT_01,DC_SOUTH,2024-05-20,289,9866.46
NWO-1033,PLANT_01,DC_SOUTH,2024-05-27,247,8432.58
NWO-1033,PLANT_01,DC_SOUTH,2024-06-03,315,10754.1
NWO-1033,PLANT_01,DC_SOUTH,2024-06-10,375,12802.5
NWO-1033,PLANT_01,DC_SOUTH,2024-06-17,344,11744.16
NWO-1033,PLANT_01,DC_SOUTH,2024-06-24,311,10617.54
NWO-1033,PLANT_01,DC_SOUTH,2024-07-01,374,12768.36
NWO-1033,PLANT_01,DC_SOUTH,2024-07-08,350,11949.0
NWO-1033,PLANT_01,DC_SOUTH,2024-07-15,290,9900.6
NWO-1033,PLANT_01,DC_SOUTH,2024-07-22,265,9047.1
NWO-1033,PLANT_01,DC_SOUTH,2024-07-29,273,9320.22
NWO-1033,PLANT_01,DC_SOUTH,2024-08-05,347,11846.58
NWO-1033,PLANT_01,DC_SOUTH,2024-08-12,378,12904.92
NWO-1033,PLANT_01,DC_SOUTH,2024-08-19,360,12290.4
NWO-1033,PLANT_01,DC_SOUTH,2024-08-26,313,10685.82
NWO-1033,PLANT_01,DC_SOUTH,2024-09-02,265,9047.1
NWO-1033,PLANT_01,DC_SOUTH,2024-09-09,357,12187.98
NWO-1033,PLANT_01,DC_SOUTH,2024-09-16,325,11095.5
NWO-1033,PLANT_01,DC_SOUTH,2024-09-23,352,12017.28
NWO-1033,PLANT_01,DC_SOUTH,2024-09-30,283,9661.62
NWO-1033,PLANT_01,DC_SOUTH,2024-10-07,311,10617.54
NWO-1033,PLANT_01,DC_SOUTH,2024-10-14,319,10890.66
NWO-1033,PLANT_01,DC_SOUTH,2024-10-21,327,11163.78
NWO-1033,PLANT_01,DC_SOUTH,2024-10-28,360,12290.4
NWO-1033,PLANT_01,DC_SOUTH,2024-11-04,472,16114.08
NWO-1033,PLANT_01,DC_SOUTH,2024-11-11,311,10617.54
NWO-1033,PLANT_01,DC_SOUTH,2024-11-18,404,13792.56
NWO-1033,PLANT_01,DC_SOUTH,2024-11-25,395,13485.3
NWO-1033,PLANT_01,DC_SOUTH,2024-12-02,456,15567.84
NWO-1033,PLANT_01,DC_SOUTH,2024-12-09,418,14270.52
NWO-1033,PLANT_01,DC_SOUTH,2024-12-16,444,15158.16
NWO-1033,PLANT_01,DC_SOUTH,2024-12-23,446,15226.44
NWO-1033,PLANT_01,DC_SOUTH,2024-12-30,449,15328.86
NWO-1033,PLANT_01,DC_SOUTH,2025-01-06,282,9627.48
NWO-1033,PLANT_01,DC_SOUTH,2025-01-13,247,8432.58
NWO-1033,PLANT_01,DC_SOUTH,2025-01-20,237,8091.18
NWO-1033,PLANT_01,DC_SOUTH,2025-01-27,204,6964.56
NWO-1033,PLANT_01,DC_SOUTH,2025-02-03,248,8466.72
NWO-1033,PLANT_01,DC_SOUTH,2025-02-10,274,9354.36
NWO-1033,PLANT_01,DC_SOUTH,2025-02-17,253,8637.42
NWO-1033,PLANT_01,DC_SOUTH,2025-02-24,221,7544.94
NWO-1033,PLANT_01,DC_SOUTH,2025-03-03,283,9661.62
NWO-1033,PLANT_01,DC_SOUTH,2025-03-10,294,10037.16
NWO-1033,PLANT_01,DC_SOUTH,2025-03-17,311,10617.54
NWO-1033,PLANT_01,DC_SOUTH,2025-03-24,388,13246.32
NWO-1033,PLANT_01,DC_SOUTH,2025-03-31,276,9422.64
NWO-1033,PLANT_01,DC_SOUTH,2025-04-07,275,9388.5
NWO-1033,PLANT_01,DC_SOUTH,2025-04-14,289,9866.46
NWO-1033,PLANT_01,DC_SOUTH,2025-04-21,319,10890.66
NWO-1033,PLANT_01,DC_SOUTH,2025-04-28,281,9593.34
NWO-1033,PLANT_01,DC_SOUTH,2025-05-05,310,10583.4
NWO-1033,PLANT_01,DC_SOUTH,2025-05-12,321,10958.94
NWO-1033,PLANT_01,DC_SOUTH,2025-05-19,315,10754.1
NWO-1033,PLANT_01,DC_SOUTH,2025-05-26,268,9149.52
NWO-1033,PLANT_01,DC_SOUTH,2025-06-02,284,9695.76
NWO-1033,PLANT_01,DC_SOUTH,2025-06-09,349,11914.86
NWO-1033,PLANT_01,DC_SOUTH,2025-06-16,383,13075.62
NWO-1033,PLANT_01,DC_SOUTH,2025-06-23,334,11402.76
NWO-1033,PLANT_01,DC_SOUTH,2025-06-30,335,11436.9
NWO-1033,PLANT_01,DC_SOUTH,2025-07-07,434,14816.76
NWO-1033,PLANT_01,DC_SOUTH,2025-07-14,375,12802.5
NWO-1033,PLANT_01,DC_SOUTH,2025-07-21,290,9900.6
NWO-1033,PLANT_01,DC_SOUTH,2025-07-28,377,12870.78
NWO-1033,PLANT_01,DC_SOUTH,2025-08-04,334,11402.76
NWO-1033,PLANT_01,DC_SOUTH,2025-08-11,253,8637.42
NWO-1033,PLANT_01,DC_SOUTH,2025-08-18,367,12529.38
NWO-1033,PLANT_01,DC_SOUTH,2025-08-25,254,8671.56
NWO-1033,PLANT_01,DC_SOUTH,2025-09-01,292,9968.88
NWO-1033,PLANT_01,DC_SOUTH,2025-09-08,306,10446.84
NWO-1033,PLANT_01,DC_SOUTH,2025-09-15,278,9490.92
NWO-1033,PLANT_01,DC_SOUTH,2025-09-22,323,11027.22
NWO-1033,PLANT_01,DC_SOUTH,2025-09-29,291,9934.74
NWO-1033,PLANT_01,DC_SOUTH,2025-10-06,475,16216.5
NWO-1033,PLANT_01,DC_SOUTH,2025-10-13,400,13656.0
NWO-1033,PLANT_01,DC_SOUTH,2025-10-20,461,15738.54
NWO-1033,PLANT_01,DC_SOUTH,2025-10-27,317,10822.38
NWO-1033,PLANT_01,DC_SOUTH,2025-11-03,400,13656.0
NWO-1033,PLANT_01,DC_SOUTH,2025-11-10,421,14372.94
NWO-1033,PLANT_01,DC_SOUTH,2025-11-17,351,11983.14
NWO-1033,PLANT_01,DC_SOUTH,2025-11-24,480,16387.2
NWO-1033,PLANT_01,DC_SOUTH,2025-12-01,389,13280.46
NWO-1033,PLANT_01,DC_SOUTH,2025-12-08,372,12700.08
NWO-1033,PLANT_01,DC_SOUTH,2025-12-15,510,17411.4
NWO-1033,PLANT_01,DC_SOUTH,2025-12-22,607,20722.98
NWO-1033,PLANT_01,DC_SOUTH,2025-12-29,552,18845.28
NWO-1033,PLANT_01,DC_SOUTH,2026-01-05,192,6554.88
NWO-1033,PLANT_01,DC_SOUTH,2026-01-12,203,6930.42
NWO-1033,PLANT_01,DC_SOUTH,2026-01-19,249,8500.86
NWO-1033,PLANT_01,DC_SOUTH,2026-01-26,234,7988.76
NWO-1033,PLANT_01,DC_SOUTH,2026-02-02,309,10549.26
NWO-1033,PLANT_01,DC_SOUTH,2026-02-09,239,8159.46
NWO-1033,PLANT_01,DC_SOUTH,2026-02-16,310,10583.4
NWO-1033,PLANT_01,DC_SOUTH,2026-02-23,228,7783.92
NWO-1033,PLANT_01,DC_SOUTH,2026-03-02,319,10890.66
NWO-1033,PLANT_01,DC_SOUTH,2026-03-09,338,11539.32
NWO-1033,PLANT_01,DC_SOUTH,2026-03-16,266,9081.24
NWO-1033,PLANT_01,DC_SOUTH,2026-03-23,281,9593.34
NWO-1033,PLANT_01,DC_SOUTH,2026-03-30,217,7408.38
NWO-1033,PLANT_01,DC_SOUTH,2026-04-06,315,10754.1
NWO-1033,PLANT_01,DC_SOUTH,2026-04-13,283,9661.62
NWO-1033,PLANT_01,DC_SOUTH,2026-04-20,249,8500.86
NWO-1033,PLANT_01,DC_SOUTH,2026-04-27,338,11539.32
NWO-1033,PLANT_01,DC_SOUTH,2026-05-04,310,10583.4
NWO-1033,PLANT_01,DC_SOUTH,2026-05-11,316,10788.24
NWO-1033,PLANT_01,DC_SOUTH,2026-05-18,332,11334.48
NWO-1033,PLANT_01,DC_SOUTH,2026-05-25,391,13348.74
NWO-1033,PLANT_01,DC_SOUTH,2026-06-01,260,8876.4
NWO-1033,PLANT_01,DC_WEST,2023-06-05,248,8466.72
NWO-1033,PLANT_01,DC_WEST,2023-06-12,245,8364.3
NWO-1033,PLANT_01,DC_WEST,2023-06-19,269,9183.66
NWO-1033,PLANT_01,DC_WEST,2023-06-26,239,8159.46
NWO-1033,PLANT_01,DC_WEST,2023-07-03,264,9012.96
NWO-1033,PLANT_01,DC_WEST,2023-07-10,290,9900.6
NWO-1033,PLANT_01,DC_WEST,2023-07-17,184,6281.76
NWO-1033,PLANT_01,DC_WEST,2023-07-24,258,8808.12
NWO-1033,PLANT_01,DC_WEST,2023-07-31,299,10207.86
NWO-1033,PLANT_01,DC_WEST,2023-08-07,200,6828.0
NWO-1033,PLANT_01,DC_WEST,2023-08-14,243,8296.02
NWO-1033,PLANT_01,DC_WEST,2023-08-21,233,7954.62
NWO-1033,PLANT_01,DC_WEST,2023-08-28,286,9764.04
NWO-1033,PLANT_01,DC_WEST,2023-09-04,229,7818.06
NWO-1033,PLANT_01,DC_WEST,2023-09-11,213,7271.82
NWO-1033,PLANT_01,DC_WEST,2023-09-18,211,7203.54
NWO-1033,PLANT_01,DC_WEST,2023-09-25,213,7271.82
NWO-1033,PLANT_01,DC_WEST,2023-10-02,228,7783.92
NWO-1033,PLANT_01,DC_WEST,2023-10-09,238,8125.32
NWO-1033,PLANT_01,DC_WEST,2023-10-16,266,9081.24
NWO-1033,PLANT_01,DC_WEST,2023-10-23,219,7476.66
NWO-1033,PLANT_01,DC_WEST,2023-10-30,271,9251.94
NWO-1033,PLANT_01,DC_WEST,2023-11-06,311,10617.54
NWO-1033,PLANT_01,DC_WEST,2023-11-13,347,11846.58
NWO-1033,PLANT_01,DC_WEST,2023-11-20,311,10617.54
NWO-1033,PLANT_01,DC_WEST,2023-11-27,344,11744.16
NWO-1033,PLANT_01,DC_WEST,2023-12-04,282,9627.48
NWO-1033,PLANT_01,DC_WEST,2023-12-11,279,9525.06
NWO-1033,PLANT_01,DC_WEST,2023-12-18,381,13007.34
NWO-1033,PLANT_01,DC_WEST,2023-12-25,386,13178.04
NWO-1033,PLANT_01,DC_WEST,2024-01-01,177,6042.78
NWO-1033,PLANT_01,DC_WEST,2024-01-08,204,6964.56
NWO-1033,PLANT_01,DC_WEST,2024-01-15,153,5223.42
NWO-1033,PLANT_01,DC_WEST,2024-01-22,129,4404.06
NWO-1033,PLANT_01,DC_WEST,2024-01-29,178,6076.92
NWO-1033,PLANT_01,DC_WEST,2024-02-05,173,5906.22
NWO-1033,PLANT_01,DC_WEST,2024-02-12,187,6384.18
NWO-1033,PLANT_01,DC_WEST,2024-02-19,189,6452.46
NWO-1033,PLANT_01,DC_WEST,2024-02-26,201,6862.14
NWO-1033,PLANT_01,DC_WEST,2024-03-04,229,7818.06
NWO-1033,PLANT_01,DC_WEST,2024-03-11,230,7852.2
NWO-1033,PLANT_01,DC_WEST,2024-03-18,208,7101.12
NWO-1033,PLANT_01,DC_WEST,2024-03-25,207,7066.98
NWO-1033,PLANT_01,DC_WEST,2024-04-01,246,8398.44
NWO-1033,PLANT_01,DC_WEST,2024-04-08,202,6896.28
NWO-1033,PLANT_01,DC_WEST,2024-04-15,260,8876.4
NWO-1033,PLANT_01,DC_WEST,2024-04-22,228,7783.92
NWO-1033,PLANT_01,DC_WEST,2024-04-29,226,7715.64
NWO-1033,PLANT_01,DC_WEST,2024-05-06,230,7852.2
NWO-1033,PLANT_01,DC_WEST,2024-05-13,249,8500.86
NWO-1033,PLANT_01,DC_WEST,2024-05-20,236,8057.04
NWO-1033,PLANT_01,DC_WEST,2024-05-27,204,6964.56
NWO-1033,PLANT_01,DC_WEST,2024-06-03,275,9388.5
NWO-1033,PLANT_01,DC_WEST,2024-06-10,320,10924.8
NWO-1033,PLANT_01,DC_WEST,2024-06-17,238,8125.32
NWO-1033,PLANT_01,DC_WEST,2024-06-24,254,8671.56
NWO-1033,PLANT_01,DC_WEST,2024-07-01,239,8159.46
NWO-1033,PLANT_01,DC_WEST,2024-07-08,224,7647.36
NWO-1033,PLANT_01,DC_WEST,2024-07-15,256,8739.84
NWO-1033,PLANT_01,DC_WEST,2024-07-22,247,8432.58
NWO-1033,PLANT_01,DC_WEST,2024-07-29,232,7920.48
NWO-1033,PLANT_01,DC_WEST,2024-08-05,208,7101.12
NWO-1033,PLANT_01,DC_WEST,2024-08-12,296,10105.44
NWO-1033,PLANT_01,DC_WEST,2024-08-19,236,8057.04
NWO-1033,PLANT_01,DC_WEST,2024-08-26,272,9286.08
NWO-1033,PLANT_01,DC_WEST,2024-09-02,230,7852.2
NWO-1033,PLANT_01,DC_WEST,2024-09-09,245,8364.3
NWO-1033,PLANT_01,DC_WEST,2024-09-16,202,6896.28
NWO-1033,PLANT_01,DC_WEST,2024-09-23,257,8773.98
NWO-1033,PLANT_01,DC_WEST,2024-09-30,213,7271.82
NWO-1033,PLANT_01,DC_WEST,2024-10-07,229,7818.06
NWO-1033,PLANT_01,DC_WEST,2024-10-14,260,8876.4
NWO-1033,PLANT_01,DC_WEST,2024-10-21,239,8159.46
NWO-1033,PLANT_01,DC_WEST,2024-10-28,248,8466.72
NWO-1033,PLANT_01,DC_WEST,2024-11-04,293,10003.02
NWO-1033,PLANT_01,DC_WEST,2024-11-11,310,10583.4
NWO-1033,PLANT_01,DC_WEST,2024-11-18,311,10617.54
NWO-1033,PLANT_01,DC_WEST,2024-11-25,404,13792.56
NWO-1033,PLANT_01,DC_WEST,2024-12-02,290,9900.6
NWO-1033,PLANT_01,DC_WEST,2024-12-09,596,20347.44
NWO-1033,PLANT_01,DC_WEST,2024-12-16,370,12631.8
NWO-1033,PLANT_01,DC_WEST,2024-12-23,371,12665.94
NWO-1033,PLANT_01,DC_WEST,2024-12-30,294,10037.16
NWO-1033,PLANT_01,DC_WEST,2025-01-06,184,6281.76
NWO-1033,PLANT_01,DC_WEST,2025-01-13,207,7066.98
NWO-1033,PLANT_01,DC_WEST,2025-01-20,215,7340.1
NWO-1033,PLANT_01,DC_WEST,2025-01-27,168,5735.52
NWO-1033,PLANT_01,DC_WEST,2025-02-03,182,6213.48
NWO-1033,PLANT_01,DC_WEST,2025-02-10,171,5837.94
NWO-1033,PLANT_01,DC_WEST,2025-02-17,220,7510.8
NWO-1033,PLANT_01,DC_WEST,2025-02-24,253,8637.42
NWO-1033,PLANT_01,DC_WEST,2025-03-03,182,6213.48
NWO-1033,PLANT_01,DC_WEST,2025-03-10,203,6930.42
NWO-1033,PLANT_01,DC_WEST,2025-03-17,202,6896.28
NWO-1033,PLANT_01,DC_WEST,2025-03-24,205,6998.7
NWO-1033,PLANT_01,DC_WEST,2025-03-31,181,6179.34
NWO-1033,PLANT_01,DC_WEST,2025-04-07,244,8330.16
NWO-1033,PLANT_01,DC_WEST,2025-04-14,185,6315.9
NWO-1033,PLANT_01,DC_WEST,2025-04-21,182,6213.48
NWO-1033,PLANT_01,DC_WEST,2025-04-28,222,7579.08
NWO-1033,PLANT_01,DC_WEST,2025-05-05,251,8569.14
NWO-1033,PLANT_01,DC_WEST,2025-05-12,252,8603.28
NWO-1033,PLANT_01,DC_WEST,2025-05-19,243,8296.02
NWO-1033,PLANT_01,DC_WEST,2025-05-26,182,6213.48
NWO-1033,PLANT_01,DC_WEST,2025-06-02,195,6657.3
NWO-1033,PLANT_01,DC_WEST,2025-06-09,254,8671.56
NWO-1033,PLANT_01,DC_WEST,2025-06-16,290,9900.6
NWO-1033,PLANT_01,DC_WEST,2025-06-23,241,8227.74
NWO-1033,PLANT_01,DC_WEST,2025-06-30,253,8637.42
NWO-1033,PLANT_01,DC_WEST,2025-07-07,300,10242.0
NWO-1033,PLANT_01,DC_WEST,2025-07-14,213,7271.82
NWO-1033,PLANT_01,DC_WEST,2025-07-21,251,8569.14
NWO-1033,PLANT_01,DC_WEST,2025-07-28,221,7544.94
NWO-1033,PLANT_01,DC_WEST,2025-08-04,209,7135.26
NWO-1033,PLANT_01,DC_WEST,2025-08-11,261,8910.54
NWO-1033,PLANT_01,DC_WEST,2025-08-18,258,8808.12
NWO-1033,PLANT_01,DC_WEST,2025-08-25,302,10310.28
NWO-1033,PLANT_01,DC_WEST,2025-09-01,260,8876.4
NWO-1033,PLANT_01,DC_WEST,2025-09-08,215,7340.1
NWO-1033,PLANT_01,DC_WEST,2025-09-15,266,9081.24
NWO-1033,PLANT_01,DC_WEST,2025-09-22,246,8398.44
NWO-1033,PLANT_01,DC_WEST,2025-09-29,208,7101.12
NWO-1033,PLANT_01,DC_WEST,2025-10-06,238,8125.32
NWO-1033,PLANT_01,DC_WEST,2025-10-13,192,6554.88
NWO-1033,PLANT_01,DC_WEST,2025-10-20,221,7544.94
NWO-1033,PLANT_01,DC_WEST,2025-10-27,263,8978.82
NWO-1033,PLANT_01,DC_WEST,2025-11-03,353,12051.42
NWO-1033,PLANT_01,DC_WEST,2025-11-10,288,9832.32
NWO-1033,PLANT_01,DC_WEST,2025-11-17,285,9729.9
NWO-1033,PLANT_01,DC_WEST,2025-11-24,320,10924.8
NWO-1033,PLANT_01,DC_WEST,2025-12-01,347,11846.58
NWO-1033,PLANT_01,DC_WEST,2025-12-08,361,12324.54
NWO-1033,PLANT_01,DC_WEST,2025-12-15,318,10856.52
NWO-1033,PLANT_01,DC_WEST,2025-12-22,291,9934.74
NWO-1033,PLANT_01,DC_WEST,2025-12-29,258,8808.12
NWO-1033,PLANT_01,DC_WEST,2026-01-05,205,6998.7
NWO-1033,PLANT_01,DC_WEST,2026-01-12,162,5530.68
NWO-1033,PLANT_01,DC_WEST,2026-01-19,182,6213.48
NWO-1033,PLANT_01,DC_WEST,2026-01-26,172,5872.08
NWO-1033,PLANT_01,DC_WEST,2026-02-02,192,6554.88
NWO-1033,PLANT_01,DC_WEST,2026-02-09,186,6350.04
NWO-1033,PLANT_01,DC_WEST,2026-02-16,162,5530.68
NWO-1033,PLANT_01,DC_WEST,2026-02-23,145,4950.3
NWO-1033,PLANT_01,DC_WEST,2026-03-02,198,6759.72
NWO-1033,PLANT_01,DC_WEST,2026-03-09,200,6828.0
NWO-1033,PLANT_01,DC_WEST,2026-03-16,203,6930.42
NWO-1033,PLANT_01,DC_WEST,2026-03-23,220,7510.8
NWO-1033,PLANT_01,DC_WEST,2026-03-30,215,7340.1
NWO-1033,PLANT_01,DC_WEST,2026-04-06,216,7374.24
NWO-1033,PLANT_01,DC_WEST,2026-04-13,183,6247.62
NWO-1033,PLANT_01,DC_WEST,2026-04-20,249,8500.86
NWO-1033,PLANT_01,DC_WEST,2026-04-27,199,6793.86
NWO-1033,PLANT_01,DC_WEST,2026-05-04,210,7169.4
NWO-1033,PLANT_01,DC_WEST,2026-05-11,223,7613.22
NWO-1033,PLANT_01,DC_WEST,2026-05-18,253,8637.42
NWO-1033,PLANT_01,DC_WEST,2026-05-25,221,7544.94
NWO-1033,PLANT_01,DC_WEST,2026-06-01,224,7647.36
NWO-1034,PLANT_01,DC_NORTH,2023-06-05,61,11762.02
NWO-1034,PLANT_01,DC_NORTH,2023-06-12,57,10990.74
NWO-1034,PLANT_01,DC_NORTH,2023-06-19,91,17546.62
NWO-1034,PLANT_01,DC_NORTH,2023-06-26,79,15232.78
NWO-1034,PLANT_01,DC_NORTH,2023-07-03,65,12533.3
NWO-1034,PLANT_01,DC_NORTH,2023-07-10,57,10990.74
NWO-1034,PLANT_01,DC_NORTH,2023-07-17,68,13111.76
NWO-1034,PLANT_01,DC_NORTH,2023-07-24,54,10412.28
NWO-1034,PLANT_01,DC_NORTH,2023-07-31,49,9448.18
NWO-1034,PLANT_01,DC_NORTH,2023-08-07,75,14461.5
NWO-1034,PLANT_01,DC_NORTH,2023-08-14,69,13304.58
NWO-1034,PLANT_01,DC_NORTH,2023-08-21,70,13497.4
NWO-1034,PLANT_01,DC_NORTH,2023-08-28,54,10412.28
NWO-1034,PLANT_01,DC_NORTH,2023-09-04,60,11569.2
NWO-1034,PLANT_01,DC_NORTH,2023-09-11,61,11762.02
NWO-1034,PLANT_01,DC_NORTH,2023-09-18,67,12918.94
NWO-1034,PLANT_01,DC_NORTH,2023-09-25,60,11569.2
NWO-1034,PLANT_01,DC_NORTH,2023-10-02,63,12147.66
NWO-1034,PLANT_01,DC_NORTH,2023-10-09,61,11762.02
NWO-1034,PLANT_01,DC_NORTH,2023-10-16,63,12147.66
NWO-1034,PLANT_01,DC_NORTH,2023-10-23,64,12340.48
NWO-1034,PLANT_01,DC_NORTH,2023-10-30,55,10605.1
NWO-1034,PLANT_01,DC_NORTH,2023-11-06,89,17160.98
NWO-1034,PLANT_01,DC_NORTH,2023-11-13,79,15232.78
NWO-1034,PLANT_01,DC_NORTH,2023-11-20,82,15811.24
NWO-1034,PLANT_01,DC_NORTH,2023-11-27,100,19282.0
NWO-1034,PLANT_01,DC_NORTH,2023-12-04,79,15232.78
NWO-1034,PLANT_01,DC_NORTH,2023-12-11,101,19474.82
NWO-1034,PLANT_01,DC_NORTH,2023-12-18,94,18125.08
NWO-1034,PLANT_01,DC_NORTH,2023-12-25,105,20246.1
NWO-1034,PLANT_01,DC_NORTH,2024-01-01,50,9641.0
NWO-1034,PLANT_01,DC_NORTH,2024-01-08,51,9833.82
NWO-1034,PLANT_01,DC_NORTH,2024-01-15,51,9833.82
NWO-1034,PLANT_01,DC_NORTH,2024-01-22,41,7905.62
NWO-1034,PLANT_01,DC_NORTH,2024-01-29,48,9255.36
NWO-1034,PLANT_01,DC_NORTH,2024-02-05,48,9255.36
NWO-1034,PLANT_01,DC_NORTH,2024-02-12,41,7905.62
NWO-1034,PLANT_01,DC_NORTH,2024-02-19,47,9062.54
NWO-1034,PLANT_01,DC_NORTH,2024-02-26,47,9062.54
NWO-1034,PLANT_01,DC_NORTH,2024-03-04,63,12147.66
NWO-1034,PLANT_01,DC_NORTH,2024-03-11,47,9062.54
NWO-1034,PLANT_01,DC_NORTH,2024-03-18,38,7327.16
NWO-1034,PLANT_01,DC_NORTH,2024-03-25,58,11183.56
NWO-1034,PLANT_01,DC_NORTH,2024-04-01,59,11376.38
NWO-1034,PLANT_01,DC_NORTH,2024-04-08,78,15039.96
NWO-1034,PLANT_01,DC_NORTH,2024-04-15,52,10026.64
NWO-1034,PLANT_01,DC_NORTH,2024-04-22,70,13497.4
NWO-1034,PLANT_01,DC_NORTH,2024-04-29,62,11954.84
NWO-1034,PLANT_01,DC_NORTH,2024-05-06,83,16004.06
NWO-1034,PLANT_01,DC_NORTH,2024-05-13,66,12726.12
NWO-1034,PLANT_01,DC_NORTH,2024-05-20,65,12533.3
NWO-1034,PLANT_01,DC_NORTH,2024-05-27,69,13304.58
NWO-1034,PLANT_01,DC_NORTH,2024-06-03,56,10797.92
NWO-1034,PLANT_01,DC_NORTH,2024-06-10,69,13304.58
NWO-1034,PLANT_01,DC_NORTH,2024-06-17,87,16775.34
NWO-1034,PLANT_01,DC_NORTH,2024-06-24,65,12533.3
NWO-1034,PLANT_01,DC_NORTH,2024-07-01,71,13690.22
NWO-1034,PLANT_01,DC_NORTH,2024-07-08,55,10605.1
NWO-1034,PLANT_01,DC_NORTH,2024-07-15,71,13690.22
NWO-1034,PLANT_01,DC_NORTH,2024-07-22,56,10797.92
NWO-1034,PLANT_01,DC_NORTH,2024-07-29,86,16582.52
NWO-1034,PLANT_01,DC_NORTH,2024-08-05,65,12533.3
NWO-1034,PLANT_01,DC_NORTH,2024-08-12,55,10605.1
NWO-1034,PLANT_01,DC_NORTH,2024-08-19,57,10990.74
NWO-1034,PLANT_01,DC_NORTH,2024-08-26,62,11954.84
NWO-1034,PLANT_01,DC_NORTH,2024-09-02,66,12726.12
NWO-1034,PLANT_01,DC_NORTH,2024-09-09,48,9255.36
NWO-1034,PLANT_01,DC_NORTH,2024-09-16,57,10990.74
NWO-1034,PLANT_01,DC_NORTH,2024-09-23,46,8869.72
NWO-1034,PLANT_01,DC_NORTH,2024-09-30,39,7519.98
NWO-1034,PLANT_01,DC_NORTH,2024-10-07,54,10412.28
NWO-1034,PLANT_01,DC_NORTH,2024-10-14,64,12340.48
NWO-1034,PLANT_01,DC_NORTH,2024-10-21,70,13497.4
NWO-1034,PLANT_01,DC_NORTH,2024-10-28,68,13111.76
NWO-1034,PLANT_01,DC_NORTH,2024-11-04,114,21981.48
NWO-1034,PLANT_01,DC_NORTH,2024-11-11,99,19089.18
NWO-1034,PLANT_01,DC_NORTH,2024-11-18,99,19089.18
NWO-1034,PLANT_01,DC_NORTH,2024-11-25,73,14075.86
NWO-1034,PLANT_01,DC_NORTH,2024-12-02,87,16775.34
NWO-1034,PLANT_01,DC_NORTH,2024-12-09,77,14847.14
NWO-1034,PLANT_01,DC_NORTH,2024-12-16,66,12726.12
NWO-1034,PLANT_01,DC_NORTH,2024-12-23,70,13497.4
NWO-1034,PLANT_01,DC_NORTH,2024-12-30,97,18703.54
NWO-1034,PLANT_01,DC_NORTH,2025-01-06,53,10219.46
NWO-1034,PLANT_01,DC_NORTH,2025-01-13,44,8484.08
NWO-1034,PLANT_01,DC_NORTH,2025-01-20,39,7519.98
NWO-1034,PLANT_01,DC_NORTH,2025-01-27,50,9641.0
NWO-1034,PLANT_01,DC_NORTH,2025-02-03,36,6941.52
NWO-1034,PLANT_01,DC_NORTH,2025-02-10,54,10412.28
NWO-1034,PLANT_01,DC_NORTH,2025-02-17,51,9833.82
NWO-1034,PLANT_01,DC_NORTH,2025-02-24,51,9833.82
NWO-1034,PLANT_01,DC_NORTH,2025-03-03,51,9833.82
NWO-1034,PLANT_01,DC_NORTH,2025-03-10,68,13111.76
NWO-1034,PLANT_01,DC_NORTH,2025-03-17,49,9448.18
NWO-1034,PLANT_01,DC_NORTH,2025-03-24,58,11183.56
NWO-1034,PLANT_01,DC_NORTH,2025-03-31,64,12340.48
NWO-1034,PLANT_01,DC_NORTH,2025-04-07,51,9833.82
NWO-1034,PLANT_01,DC_NORTH,2025-04-14,57,10990.74
NWO-1034,PLANT_01,DC_NORTH,2025-04-21,60,11569.2
NWO-1034,PLANT_01,DC_NORTH,2025-04-28,61,11762.02
NWO-1034,PLANT_01,DC_NORTH,2025-05-05,66,12726.12
NWO-1034,PLANT_01,DC_NORTH,2025-05-12,64,12340.48
NWO-1034,PLANT_01,DC_NORTH,2025-05-19,43,8291.26
NWO-1034,PLANT_01,DC_NORTH,2025-05-26,55,10605.1
NWO-1034,PLANT_01,DC_NORTH,2025-06-02,65,12533.3
NWO-1034,PLANT_01,DC_NORTH,2025-06-09,65,12533.3
NWO-1034,PLANT_01,DC_NORTH,2025-06-16,54,10412.28
NWO-1034,PLANT_01,DC_NORTH,2025-06-23,87,16775.34
NWO-1034,PLANT_01,DC_NORTH,2025-06-30,64,12340.48
NWO-1034,PLANT_01,DC_NORTH,2025-07-07,64,12340.48
NWO-1034,PLANT_01,DC_NORTH,2025-07-14,63,12147.66
NWO-1034,PLANT_01,DC_NORTH,2025-07-21,73,14075.86
NWO-1034,PLANT_01,DC_NORTH,2025-07-28,69,13304.58
NWO-1034,PLANT_01,DC_NORTH,2025-08-04,79,15232.78
NWO-1034,PLANT_01,DC_NORTH,2025-08-11,69,13304.58
NWO-1034,PLANT_01,DC_NORTH,2025-08-18,68,13111.76
NWO-1034,PLANT_01,DC_NORTH,2025-08-25,66,12726.12
NWO-1034,PLANT_01,DC_NORTH,2025-09-01,58,11183.56
NWO-1034,PLANT_01,DC_NORTH,2025-09-08,54,10412.28
NWO-1034,PLANT_01,DC_NORTH,2025-09-15,51,9833.82
NWO-1034,PLANT_01,DC_NORTH,2025-09-22,75,14461.5
NWO-1034,PLANT_01,DC_NORTH,2025-09-29,51,9833.82
NWO-1034,PLANT_01,DC_NORTH,2025-10-06,59,11376.38
NWO-1034,PLANT_01,DC_NORTH,2025-10-13,57,10990.74
NWO-1034,PLANT_01,DC_NORTH,2025-10-20,71,13690.22
NWO-1034,PLANT_01,DC_NORTH,2025-10-27,43,8291.26
NWO-1034,PLANT_01,DC_NORTH,2025-11-03,110,21210.2
NWO-1034,PLANT_01,DC_NORTH,2025-11-10,86,16582.52
NWO-1034,PLANT_01,DC_NORTH,2025-11-17,73,14075.86
NWO-1034,PLANT_01,DC_NORTH,2025-11-24,90,17353.8
NWO-1034,PLANT_01,DC_NORTH,2025-12-01,90,17353.8
NWO-1034,PLANT_01,DC_NORTH,2025-12-08,70,13497.4
NWO-1034,PLANT_01,DC_NORTH,2025-12-15,104,20053.28
NWO-1034,PLANT_01,DC_NORTH,2025-12-22,92,17739.44
NWO-1034,PLANT_01,DC_NORTH,2025-12-29,100,19282.0
NWO-1034,PLANT_01,DC_NORTH,2026-01-05,48,9255.36
NWO-1034,PLANT_01,DC_NORTH,2026-01-12,47,9062.54
NWO-1034,PLANT_01,DC_NORTH,2026-01-19,40,7712.8
NWO-1034,PLANT_01,DC_NORTH,2026-01-26,33,6363.06
NWO-1034,PLANT_01,DC_NORTH,2026-02-02,33,6363.06
NWO-1034,PLANT_01,DC_NORTH,2026-02-09,29,5591.78
NWO-1034,PLANT_01,DC_NORTH,2026-02-16,23,4434.86
NWO-1034,PLANT_01,DC_NORTH,2026-02-23,25,4820.5
NWO-1034,PLANT_01,DC_NORTH,2026-03-02,23,4434.86
NWO-1034,PLANT_01,DC_NORTH,2026-03-09,16,3085.12
NWO-1034,PLANT_01,DC_NORTH,2026-03-16,18,3470.76
NWO-1034,PLANT_01,DC_NORTH,2026-03-23,14,2699.48
NWO-1034,PLANT_01,DC_NORTH,2026-03-30,11,2121.02
NWO-1034,PLANT_01,DC_NORTH,2026-04-06,6,1156.92
NWO-1034,PLANT_01,DC_NORTH,2026-04-13,3,578.46
NWO-1034,PLANT_01,DC_SOUTH,2023-06-05,178,34321.96
NWO-1034,PLANT_01,DC_SOUTH,2023-06-12,208,40106.56
NWO-1034,PLANT_01,DC_SOUTH,2023-06-19,188,36250.16
NWO-1034,PLANT_01,DC_SOUTH,2023-06-26,197,37985.54
NWO-1034,PLANT_01,DC_SOUTH,2023-07-03,180,34707.6
NWO-1034,PLANT_01,DC_SOUTH,2023-07-10,156,30079.92
NWO-1034,PLANT_01,DC_SOUTH,2023-07-17,179,34514.78
NWO-1034,PLANT_01,DC_SOUTH,2023-07-24,161,31044.02
NWO-1034,PLANT_01,DC_SOUTH,2023-07-31,161,31044.02
NWO-1034,PLANT_01,DC_SOUTH,2023-08-07,139,26801.98
NWO-1034,PLANT_01,DC_SOUTH,2023-08-14,168,32393.76
NWO-1034,PLANT_01,DC_SOUTH,2023-08-21,191,36828.62
NWO-1034,PLANT_01,DC_SOUTH,2023-08-28,165,31815.3
NWO-1034,PLANT_01,DC_SOUTH,2023-09-04,192,37021.44
NWO-1034,PLANT_01,DC_SOUTH,2023-09-11,140,26994.8
NWO-1034,PLANT_01,DC_SOUTH,2023-09-18,133,25645.06
NWO-1034,PLANT_01,DC_SOUTH,2023-09-25,222,42806.04
NWO-1034,PLANT_01,DC_SOUTH,2023-10-02,171,32972.22
NWO-1034,PLANT_01,DC_SOUTH,2023-10-09,185,35671.7
NWO-1034,PLANT_01,DC_SOUTH,2023-10-16,189,36442.98
NWO-1034,PLANT_01,DC_SOUTH,2023-10-23,182,35093.24
NWO-1034,PLANT_01,DC_SOUTH,2023-10-30,163,31429.66
NWO-1034,PLANT_01,DC_SOUTH,2023-11-06,201,38756.82
NWO-1034,PLANT_01,DC_SOUTH,2023-11-13,227,43770.14
NWO-1034,PLANT_01,DC_SOUTH,2023-11-20,190,36635.8
NWO-1034,PLANT_01,DC_SOUTH,2023-11-27,277,53411.14
NWO-1034,PLANT_01,DC_SOUTH,2023-12-04,262,50518.84
NWO-1034,PLANT_01,DC_SOUTH,2023-12-11,242,46662.44
NWO-1034,PLANT_01,DC_SOUTH,2023-12-18,261,50326.02
NWO-1034,PLANT_01,DC_SOUTH,2023-12-25,273,52639.86
NWO-1034,PLANT_01,DC_SOUTH,2024-01-01,121,23331.22
NWO-1034,PLANT_01,DC_SOUTH,2024-01-08,111,21403.02
NWO-1034,PLANT_01,DC_SOUTH,2024-01-15,140,26994.8
NWO-1034,PLANT_01,DC_SOUTH,2024-01-22,120,23138.4
NWO-1034,PLANT_01,DC_SOUTH,2024-01-29,122,23524.04
NWO-1034,PLANT_01,DC_SOUTH,2024-02-05,119,22945.58
NWO-1034,PLANT_01,DC_SOUTH,2024-02-12,114,21981.48
NWO-1034,PLANT_01,DC_SOUTH,2024-02-19,112,21595.84
NWO-1034,PLANT_01,DC_SOUTH,2024-02-26,122,23524.04
NWO-1034,PLANT_01,DC_SOUTH,2024-03-04,155,29887.1
NWO-1034,PLANT_01,DC_SOUTH,2024-03-11,132,25452.24
NWO-1034,PLANT_01,DC_SOUTH,2024-03-18,145,27958.9
NWO-1034,PLANT_01,DC_SOUTH,2024-03-25,139,26801.98
NWO-1034,PLANT_01,DC_SOUTH,2024-04-01,114,21981.48
NWO-1034,PLANT_01,DC_SOUTH,2024-04-08,157,30272.74
NWO-1034,PLANT_01,DC_SOUTH,2024-04-15,155,29887.1
NWO-1034,PLANT_01,DC_SOUTH,2024-04-22,123,23716.86
NWO-1034,PLANT_01,DC_SOUTH,2024-04-29,157,30272.74
NWO-1034,PLANT_01,DC_SOUTH,2024-05-06,181,34900.42
NWO-1034,PLANT_01,DC_SOUTH,2024-05-13,158,30465.56
NWO-1034,PLANT_01,DC_SOUTH,2024-05-20,168,32393.76
NWO-1034,PLANT_01,DC_SOUTH,2024-05-27,167,32200.94
NWO-1034,PLANT_01,DC_SOUTH,2024-06-03,149,28730.18
NWO-1034,PLANT_01,DC_SOUTH,2024-06-10,178,34321.96
NWO-1034,PLANT_01,DC_SOUTH,2024-06-17,195,37599.9
NWO-1034,PLANT_01,DC_SOUTH,2024-06-24,204,39335.28
NWO-1034,PLANT_01,DC_SOUTH,2024-07-01,187,36057.34
NWO-1034,PLANT_01,DC_SOUTH,2024-07-08,196,37792.72
NWO-1034,PLANT_01,DC_SOUTH,2024-07-15,178,34321.96
NWO-1034,PLANT_01,DC_SOUTH,2024-07-22,199,38371.18
NWO-1034,PLANT_01,DC_SOUTH,2024-07-29,210,40492.2
NWO-1034,PLANT_01,DC_SOUTH,2024-08-05,176,33936.32
NWO-1034,PLANT_01,DC_SOUTH,2024-08-12,173,33357.86
NWO-1034,PLANT_01,DC_SOUTH,2024-08-19,161,31044.02
NWO-1034,PLANT_01,DC_SOUTH,2024-08-26,203,39142.46
NWO-1034,PLANT_01,DC_SOUTH,2024-09-02,129,24873.78
NWO-1034,PLANT_01,DC_SOUTH,2024-09-09,136,26223.52
NWO-1034,PLANT_01,DC_SOUTH,2024-09-16,162,31236.84
NWO-1034,PLANT_01,DC_SOUTH,2024-09-23,163,31429.66
NWO-1034,PLANT_01,DC_SOUTH,2024-09-30,162,31236.84
NWO-1034,PLANT_01,DC_SOUTH,2024-10-07,142,27380.44
NWO-1034,PLANT_01,DC_SOUTH,2024-10-14,194,37407.08
NWO-1034,PLANT_01,DC_SOUTH,2024-10-21,118,22752.76
NWO-1034,PLANT_01,DC_SOUTH,2024-10-28,153,29501.46
NWO-1034,PLANT_01,DC_SOUTH,2024-11-04,207,39913.74
NWO-1034,PLANT_01,DC_SOUTH,2024-11-11,245,47240.9
NWO-1034,PLANT_01,DC_SOUTH,2024-11-18,199,38371.18
NWO-1034,PLANT_01,DC_SOUTH,2024-11-25,279,53796.78
NWO-1034,PLANT_01,DC_SOUTH,2024-12-02,227,43770.14
NWO-1034,PLANT_01,DC_SOUTH,2024-12-09,230,44348.6
NWO-1034,PLANT_01,DC_SOUTH,2024-12-16,235,45312.7
NWO-1034,PLANT_01,DC_SOUTH,2024-12-23,181,34900.42
NWO-1034,PLANT_01,DC_SOUTH,2024-12-30,243,46855.26
NWO-1034,PLANT_01,DC_SOUTH,2025-01-06,142,27380.44
NWO-1034,PLANT_01,DC_SOUTH,2025-01-13,153,29501.46
NWO-1034,PLANT_01,DC_SOUTH,2025-01-20,149,28730.18
NWO-1034,PLANT_01,DC_SOUTH,2025-01-27,143,27573.26
NWO-1034,PLANT_01,DC_SOUTH,2025-02-03,129,24873.78
NWO-1034,PLANT_01,DC_SOUTH,2025-02-10,123,23716.86
NWO-1034,PLANT_01,DC_SOUTH,2025-02-17,130,25066.6
NWO-1034,PLANT_01,DC_SOUTH,2025-02-24,140,26994.8
NWO-1034,PLANT_01,DC_SOUTH,2025-03-03,151,29115.82
NWO-1034,PLANT_01,DC_SOUTH,2025-03-10,195,37599.9
NWO-1034,PLANT_01,DC_SOUTH,2025-03-17,148,28537.36
NWO-1034,PLANT_01,DC_SOUTH,2025-03-24,138,26609.16
NWO-1034,PLANT_01,DC_SOUTH,2025-03-31,140,26994.8
NWO-1034,PLANT_01,DC_SOUTH,2025-04-07,133,25645.06
NWO-1034,PLANT_01,DC_SOUTH,2025-04-14,151,29115.82
NWO-1034,PLANT_01,DC_SOUTH,2025-04-21,155,29887.1
NWO-1034,PLANT_01,DC_SOUTH,2025-04-28,182,35093.24
NWO-1034,PLANT_01,DC_SOUTH,2025-05-05,152,29308.64
NWO-1034,PLANT_01,DC_SOUTH,2025-05-12,181,34900.42
NWO-1034,PLANT_01,DC_SOUTH,2025-05-19,163,31429.66
NWO-1034,PLANT_01,DC_SOUTH,2025-05-26,159,30658.38
NWO-1034,PLANT_01,DC_SOUTH,2025-06-02,196,37792.72
NWO-1034,PLANT_01,DC_SOUTH,2025-06-09,168,32393.76
NWO-1034,PLANT_01,DC_SOUTH,2025-06-16,190,36635.8
NWO-1034,PLANT_01,DC_SOUTH,2025-06-23,156,30079.92
NWO-1034,PLANT_01,DC_SOUTH,2025-06-30,157,30272.74
NWO-1034,PLANT_01,DC_SOUTH,2025-07-07,165,31815.3
NWO-1034,PLANT_01,DC_SOUTH,2025-07-14,189,36442.98
NWO-1034,PLANT_01,DC_SOUTH,2025-07-21,199,38371.18
NWO-1034,PLANT_01,DC_SOUTH,2025-07-28,186,35864.52
NWO-1034,PLANT_01,DC_SOUTH,2025-08-04,186,35864.52
NWO-1034,PLANT_01,DC_SOUTH,2025-08-11,149,28730.18
NWO-1034,PLANT_01,DC_SOUTH,2025-08-18,180,34707.6
NWO-1034,PLANT_01,DC_SOUTH,2025-08-25,186,35864.52
NWO-1034,PLANT_01,DC_SOUTH,2025-09-01,175,33743.5
NWO-1034,PLANT_01,DC_SOUTH,2025-09-08,178,34321.96
NWO-1034,PLANT_01,DC_SOUTH,2025-09-15,151,29115.82
NWO-1034,PLANT_01,DC_SOUTH,2025-09-22,153,29501.46
NWO-1034,PLANT_01,DC_SOUTH,2025-09-29,155,29887.1
NWO-1034,PLANT_01,DC_SOUTH,2025-10-06,154,29694.28
NWO-1034,PLANT_01,DC_SOUTH,2025-10-13,180,34707.6
NWO-1034,PLANT_01,DC_SOUTH,2025-10-20,167,32200.94
NWO-1034,PLANT_01,DC_SOUTH,2025-10-27,171,32972.22
NWO-1034,PLANT_01,DC_SOUTH,2025-11-03,263,50711.66
NWO-1034,PLANT_01,DC_SOUTH,2025-11-10,212,40877.84
NWO-1034,PLANT_01,DC_SOUTH,2025-11-17,270,52061.4
NWO-1034,PLANT_01,DC_SOUTH,2025-11-24,229,44155.78
NWO-1034,PLANT_01,DC_SOUTH,2025-12-01,220,42420.4
NWO-1034,PLANT_01,DC_SOUTH,2025-12-08,227,43770.14
NWO-1034,PLANT_01,DC_SOUTH,2025-12-15,251,48397.82
NWO-1034,PLANT_01,DC_SOUTH,2025-12-22,212,40877.84
NWO-1034,PLANT_01,DC_SOUTH,2025-12-29,257,49554.74
NWO-1034,PLANT_01,DC_SOUTH,2026-01-05,136,26223.52
NWO-1034,PLANT_01,DC_SOUTH,2026-01-12,124,23909.68
NWO-1034,PLANT_01,DC_SOUTH,2026-01-19,110,21210.2
NWO-1034,PLANT_01,DC_SOUTH,2026-01-26,106,20438.92
NWO-1034,PLANT_01,DC_SOUTH,2026-02-02,105,20246.1
NWO-1034,PLANT_01,DC_SOUTH,2026-02-09,79,15232.78
NWO-1034,PLANT_01,DC_SOUTH,2026-02-16,60,11569.2
NWO-1034,PLANT_01,DC_SOUTH,2026-02-23,68,13111.76
NWO-1034,PLANT_01,DC_SOUTH,2026-03-02,57,10990.74
NWO-1034,PLANT_01,DC_SOUTH,2026-03-09,61,11762.02
NWO-1034,PLANT_01,DC_SOUTH,2026-03-16,44,8484.08
NWO-1034,PLANT_01,DC_SOUTH,2026-03-23,35,6748.7
NWO-1034,PLANT_01,DC_SOUTH,2026-03-30,25,4820.5
NWO-1034,PLANT_01,DC_SOUTH,2026-04-06,21,4049.22
NWO-1034,PLANT_01,DC_SOUTH,2026-04-13,10,1928.2
NWO-1034,PLANT_01,DC_WEST,2023-06-05,127,24488.14
NWO-1034,PLANT_01,DC_WEST,2023-06-12,142,27380.44
NWO-1034,PLANT_01,DC_WEST,2023-06-19,138,26609.16
NWO-1034,PLANT_01,DC_WEST,2023-06-26,151,29115.82
NWO-1034,PLANT_01,DC_WEST,2023-07-03,145,27958.9
NWO-1034,PLANT_01,DC_WEST,2023-07-10,115,22174.3
NWO-1034,PLANT_01,DC_WEST,2023-07-17,129,24873.78
NWO-1034,PLANT_01,DC_WEST,2023-07-24,127,24488.14
NWO-1034,PLANT_01,DC_WEST,2023-07-31,138,26609.16
NWO-1034,PLANT_01,DC_WEST,2023-08-07,134,25837.88
NWO-1034,PLANT_01,DC_WEST,2023-08-14,131,25259.42
NWO-1034,PLANT_01,DC_WEST,2023-08-21,143,27573.26
NWO-1034,PLANT_01,DC_WEST,2023-08-28,135,26030.7
NWO-1034,PLANT_01,DC_WEST,2023-09-04,103,19860.46
NWO-1034,PLANT_01,DC_WEST,2023-09-11,140,26994.8
NWO-1034,PLANT_01,DC_WEST,2023-09-18,120,23138.4
NWO-1034,PLANT_01,DC_WEST,2023-09-25,103,19860.46
NWO-1034,PLANT_01,DC_WEST,2023-10-02,147,28344.54
NWO-1034,PLANT_01,DC_WEST,2023-10-09,149,28730.18
NWO-1034,PLANT_01,DC_WEST,2023-10-16,111,21403.02
NWO-1034,PLANT_01,DC_WEST,2023-10-23,142,27380.44
NWO-1034,PLANT_01,DC_WEST,2023-10-30,107,20631.74
NWO-1034,PLANT_01,DC_WEST,2023-11-06,150,28923.0
NWO-1034,PLANT_01,DC_WEST,2023-11-13,169,32586.58
NWO-1034,PLANT_01,DC_WEST,2023-11-20,175,33743.5
NWO-1034,PLANT_01,DC_WEST,2023-11-27,183,35286.06
NWO-1034,PLANT_01,DC_WEST,2023-12-04,195,37599.9
NWO-1034,PLANT_01,DC_WEST,2023-12-11,190,36635.8
NWO-1034,PLANT_01,DC_WEST,2023-12-18,213,41070.66
NWO-1034,PLANT_01,DC_WEST,2023-12-25,209,40299.38
NWO-1034,PLANT_01,DC_WEST,2024-01-01,89,17160.98
NWO-1034,PLANT_01,DC_WEST,2024-01-08,90,17353.8
NWO-1034,PLANT_01,DC_WEST,2024-01-15,95,18317.9
NWO-1034,PLANT_01,DC_WEST,2024-01-22,95,18317.9
NWO-1034,PLANT_01,DC_WEST,2024-01-29,100,19282.0
NWO-1034,PLANT_01,DC_WEST,2024-02-05,90,17353.8
NWO-1034,PLANT_01,DC_WEST,2024-02-12,95,18317.9
NWO-1034,PLANT_01,DC_WEST,2024-02-19,100,19282.0
NWO-1034,PLANT_01,DC_WEST,2024-02-26,87,16775.34
NWO-1034,PLANT_01,DC_WEST,2024-03-04,104,20053.28
NWO-1034,PLANT_01,DC_WEST,2024-03-11,103,19860.46
NWO-1034,PLANT_01,DC_WEST,2024-03-18,127,24488.14
NWO-1034,PLANT_01,DC_WEST,2024-03-25,106,20438.92
NWO-1034,PLANT_01,DC_WEST,2024-04-01,109,21017.38
NWO-1034,PLANT_01,DC_WEST,2024-04-08,110,21210.2
NWO-1034,PLANT_01,DC_WEST,2024-04-15,114,21981.48
NWO-1034,PLANT_01,DC_WEST,2024-04-22,98,18896.36
NWO-1034,PLANT_01,DC_WEST,2024-04-29,150,28923.0
NWO-1034,PLANT_01,DC_WEST,2024-05-06,133,25645.06
NWO-1034,PLANT_01,DC_WEST,2024-05-13,121,23331.22
NWO-1034,PLANT_01,DC_WEST,2024-05-20,143,27573.26
NWO-1034,PLANT_01,DC_WEST,2024-05-27,154,29694.28
NWO-1034,PLANT_01,DC_WEST,2024-06-03,132,25452.24
NWO-1034,PLANT_01,DC_WEST,2024-06-10,137,26416.34
NWO-1034,PLANT_01,DC_WEST,2024-06-17,146,28151.72
NWO-1034,PLANT_01,DC_WEST,2024-06-24,104,20053.28
NWO-1034,PLANT_01,DC_WEST,2024-07-01,166,32008.12
NWO-1034,PLANT_01,DC_WEST,2024-07-08,147,28344.54
NWO-1034,PLANT_01,DC_WEST,2024-07-15,108,20824.56
NWO-1034,PLANT_01,DC_WEST,2024-07-22,147,28344.54
NWO-1034,PLANT_01,DC_WEST,2024-07-29,131,25259.42
NWO-1034,PLANT_01,DC_WEST,2024-08-05,131,25259.42
NWO-1034,PLANT_01,DC_WEST,2024-08-12,157,30272.74
NWO-1034,PLANT_01,DC_WEST,2024-08-19,214,41263.48
NWO-1034,PLANT_01,DC_WEST,2024-08-26,186,35864.52
NWO-1034,PLANT_01,DC_WEST,2024-09-02,166,32008.12
NWO-1034,PLANT_01,DC_WEST,2024-09-09,121,23331.22
NWO-1034,PLANT_01,DC_WEST,2024-09-16,132,25452.24
NWO-1034,PLANT_01,DC_WEST,2024-09-23,147,28344.54
NWO-1034,PLANT_01,DC_WEST,2024-09-30,155,29887.1
NWO-1034,PLANT_01,DC_WEST,2024-10-07,136,26223.52
NWO-1034,PLANT_01,DC_WEST,2024-10-14,119,22945.58
NWO-1034,PLANT_01,DC_WEST,2024-10-21,123,23716.86
NWO-1034,PLANT_01,DC_WEST,2024-10-28,108,20824.56
NWO-1034,PLANT_01,DC_WEST,2024-11-04,209,40299.38
NWO-1034,PLANT_01,DC_WEST,2024-11-11,158,30465.56
NWO-1034,PLANT_01,DC_WEST,2024-11-18,181,34900.42
NWO-1034,PLANT_01,DC_WEST,2024-11-25,164,31622.48
NWO-1034,PLANT_01,DC_WEST,2024-12-02,182,35093.24
NWO-1034,PLANT_01,DC_WEST,2024-12-09,154,29694.28
NWO-1034,PLANT_01,DC_WEST,2024-12-16,211,40685.02
NWO-1034,PLANT_01,DC_WEST,2024-12-23,193,37214.26
NWO-1034,PLANT_01,DC_WEST,2024-12-30,191,36828.62
NWO-1034,PLANT_01,DC_WEST,2025-01-06,89,17160.98
NWO-1034,PLANT_01,DC_WEST,2025-01-13,112,21595.84
NWO-1034,PLANT_01,DC_WEST,2025-01-20,91,17546.62
NWO-1034,PLANT_01,DC_WEST,2025-01-27,108,20824.56
NWO-1034,PLANT_01,DC_WEST,2025-02-03,95,18317.9
NWO-1034,PLANT_01,DC_WEST,2025-02-10,91,17546.62
NWO-1034,PLANT_01,DC_WEST,2025-02-17,102,19667.64
NWO-1034,PLANT_01,DC_WEST,2025-02-24,93,17932.26
NWO-1034,PLANT_01,DC_WEST,2025-03-03,120,23138.4
NWO-1034,PLANT_01,DC_WEST,2025-03-10,119,22945.58
NWO-1034,PLANT_01,DC_WEST,2025-03-17,117,22559.94
NWO-1034,PLANT_01,DC_WEST,2025-03-24,108,20824.56
NWO-1034,PLANT_01,DC_WEST,2025-03-31,121,23331.22
NWO-1034,PLANT_01,DC_WEST,2025-04-07,102,19667.64
NWO-1034,PLANT_01,DC_WEST,2025-04-14,92,17739.44
NWO-1034,PLANT_01,DC_WEST,2025-04-21,115,22174.3
NWO-1034,PLANT_01,DC_WEST,2025-04-28,112,21595.84
NWO-1034,PLANT_01,DC_WEST,2025-05-05,128,24680.96
NWO-1034,PLANT_01,DC_WEST,2025-05-12,127,24488.14
NWO-1034,PLANT_01,DC_WEST,2025-05-19,133,25645.06
NWO-1034,PLANT_01,DC_WEST,2025-05-26,122,23524.04
NWO-1034,PLANT_01,DC_WEST,2025-06-02,111,21403.02
NWO-1034,PLANT_01,DC_WEST,2025-06-09,127,24488.14
NWO-1034,PLANT_01,DC_WEST,2025-06-16,146,28151.72
NWO-1034,PLANT_01,DC_WEST,2025-06-23,139,26801.98
NWO-1034,PLANT_01,DC_WEST,2025-06-30,150,28923.0
NWO-1034,PLANT_01,DC_WEST,2025-07-07,137,26416.34
NWO-1034,PLANT_01,DC_WEST,2025-07-14,146,28151.72
NWO-1034,PLANT_01,DC_WEST,2025-07-21,150,28923.0
NWO-1034,PLANT_01,DC_WEST,2025-07-28,142,27380.44
NWO-1034,PLANT_01,DC_WEST,2025-08-04,121,23331.22
NWO-1034,PLANT_01,DC_WEST,2025-08-11,139,26801.98
NWO-1034,PLANT_01,DC_WEST,2025-08-18,115,22174.3
NWO-1034,PLANT_01,DC_WEST,2025-08-25,146,28151.72
NWO-1034,PLANT_01,DC_WEST,2025-09-01,125,24102.5
NWO-1034,PLANT_01,DC_WEST,2025-09-08,105,20246.1
NWO-1034,PLANT_01,DC_WEST,2025-09-15,116,22367.12
NWO-1034,PLANT_01,DC_WEST,2025-09-22,117,22559.94
NWO-1034,PLANT_01,DC_WEST,2025-09-29,134,25837.88
NWO-1034,PLANT_01,DC_WEST,2025-10-06,117,22559.94
NWO-1034,PLANT_01,DC_WEST,2025-10-13,154,29694.28
NWO-1034,PLANT_01,DC_WEST,2025-10-20,124,23909.68
NWO-1034,PLANT_01,DC_WEST,2025-10-27,102,19667.64
NWO-1034,PLANT_01,DC_WEST,2025-11-03,133,25645.06
NWO-1034,PLANT_01,DC_WEST,2025-11-10,168,32393.76
NWO-1034,PLANT_01,DC_WEST,2025-11-17,195,37599.9
NWO-1034,PLANT_01,DC_WEST,2025-11-24,178,34321.96
NWO-1034,PLANT_01,DC_WEST,2025-12-01,178,34321.96
NWO-1034,PLANT_01,DC_WEST,2025-12-08,170,32779.4
NWO-1034,PLANT_01,DC_WEST,2025-12-15,164,31622.48
NWO-1034,PLANT_01,DC_WEST,2025-12-22,210,40492.2
NWO-1034,PLANT_01,DC_WEST,2025-12-29,181,34900.42
NWO-1034,PLANT_01,DC_WEST,2026-01-05,88,16968.16
NWO-1034,PLANT_01,DC_WEST,2026-01-12,80,15425.6
NWO-1034,PLANT_01,DC_WEST,2026-01-19,69,13304.58
NWO-1034,PLANT_01,DC_WEST,2026-01-26,75,14461.5
NWO-1034,PLANT_01,DC_WEST,2026-02-02,69,13304.58
NWO-1034,PLANT_01,DC_WEST,2026-02-09,66,12726.12
NWO-1034,PLANT_01,DC_WEST,2026-02-16,56,10797.92
NWO-1034,PLANT_01,DC_WEST,2026-02-23,52,10026.64
NWO-1034,PLANT_01,DC_WEST,2026-03-02,54,10412.28
NWO-1034,PLANT_01,DC_WEST,2026-03-09,38,7327.16
NWO-1034,PLANT_01,DC_WEST,2026-03-16,34,6555.88
NWO-1034,PLANT_01,DC_WEST,2026-03-23,30,5784.6
NWO-1034,PLANT_01,DC_WEST,2026-03-30,21,4049.22
NWO-1034,PLANT_01,DC_WEST,2026-04-06,14,2699.48
NWO-1034,PLANT_01,DC_WEST,2026-04-13,9,1735.38
NWO-1035,PLANT_01,DC_NORTH,2023-06-05,100,13940.0
NWO-1035,PLANT_01,DC_NORTH,2023-06-12,87,12127.8
NWO-1035,PLANT_01,DC_NORTH,2023-06-19,76,10594.4
NWO-1035,PLANT_01,DC_NORTH,2023-06-26,100,13940.0
NWO-1035,PLANT_01,DC_NORTH,2023-07-03,99,13800.6
NWO-1035,PLANT_01,DC_NORTH,2023-07-10,104,14497.6
NWO-1035,PLANT_01,DC_NORTH,2023-07-17,72,10036.8
NWO-1035,PLANT_01,DC_NORTH,2023-07-24,99,13800.6
NWO-1035,PLANT_01,DC_NORTH,2023-07-31,92,12824.8
NWO-1035,PLANT_01,DC_NORTH,2023-08-07,75,10455.0
NWO-1035,PLANT_01,DC_NORTH,2023-08-14,77,10733.8
NWO-1035,PLANT_01,DC_NORTH,2023-08-21,88,12267.2
NWO-1035,PLANT_01,DC_NORTH,2023-08-28,71,9897.4
NWO-1035,PLANT_01,DC_NORTH,2023-09-04,71,9897.4
NWO-1035,PLANT_01,DC_NORTH,2023-09-11,74,10315.6
NWO-1035,PLANT_01,DC_NORTH,2023-09-18,82,11430.8
NWO-1035,PLANT_01,DC_NORTH,2023-09-25,81,11291.4
NWO-1035,PLANT_01,DC_NORTH,2023-10-02,79,11012.6
NWO-1035,PLANT_01,DC_NORTH,2023-10-09,96,13382.4
NWO-1035,PLANT_01,DC_NORTH,2023-10-16,82,11430.8
NWO-1035,PLANT_01,DC_NORTH,2023-10-23,72,10036.8
NWO-1035,PLANT_01,DC_NORTH,2023-10-30,58,8085.2
NWO-1035,PLANT_01,DC_NORTH,2023-11-06,89,12406.6
NWO-1035,PLANT_01,DC_NORTH,2023-11-13,131,18261.4
NWO-1035,PLANT_01,DC_NORTH,2023-11-20,105,14637.0
NWO-1035,PLANT_01,DC_NORTH,2023-11-27,90,12546.0
NWO-1035,PLANT_01,DC_NORTH,2023-12-04,99,13800.6
NWO-1035,PLANT_01,DC_NORTH,2023-12-11,91,12685.4
NWO-1035,PLANT_01,DC_NORTH,2023-12-18,146,20352.4
NWO-1035,PLANT_01,DC_NORTH,2023-12-25,134,18679.6
NWO-1035,PLANT_01,DC_NORTH,2024-01-01,61,8503.4
NWO-1035,PLANT_01,DC_NORTH,2024-01-08,66,9200.4
NWO-1035,PLANT_01,DC_NORTH,2024-01-15,49,6830.6
NWO-1035,PLANT_01,DC_NORTH,2024-01-22,61,8503.4
NWO-1035,PLANT_01,DC_NORTH,2024-01-29,60,8364.0
NWO-1035,PLANT_01,DC_NORTH,2024-02-05,47,6551.8
NWO-1035,PLANT_01,DC_NORTH,2024-02-12,54,7527.6
NWO-1035,PLANT_01,DC_NORTH,2024-02-19,66,9200.4
NWO-1035,PLANT_01,DC_NORTH,2024-02-26,51,7109.4
NWO-1035,PLANT_01,DC_NORTH,2024-03-04,60,8364.0
NWO-1035,PLANT_01,DC_NORTH,2024-03-11,50,6970.0
NWO-1035,PLANT_01,DC_NORTH,2024-03-18,75,10455.0
NWO-1035,PLANT_01,DC_NORTH,2024-03-25,138,19237.2
NWO-1035,PLANT_01,DC_NORTH,2024-04-01,134,18679.6
NWO-1035,PLANT_01,DC_NORTH,2024-04-08,79,11012.6
NWO-1035,PLANT_01,DC_NORTH,2024-04-15,68,9479.2
NWO-1035,PLANT_01,DC_NORTH,2024-04-22,74,10315.6
NWO-1035,PLANT_01,DC_NORTH,2024-04-29,69,9618.6
NWO-1035,PLANT_01,DC_NORTH,2024-05-06,88,12267.2
NWO-1035,PLANT_01,DC_NORTH,2024-05-13,58,8085.2
NWO-1035,PLANT_01,DC_NORTH,2024-05-20,78,10873.2
NWO-1035,PLANT_01,DC_NORTH,2024-05-27,85,11849.0
NWO-1035,PLANT_01,DC_NORTH,2024-06-03,82,11430.8
NWO-1035,PLANT_01,DC_NORTH,2024-06-10,79,11012.6
NWO-1035,PLANT_01,DC_NORTH,2024-06-17,75,10455.0
NWO-1035,PLANT_01,DC_NORTH,2024-06-24,84,11709.6
NWO-1035,PLANT_01,DC_NORTH,2024-07-01,82,11430.8
NWO-1035,PLANT_01,DC_NORTH,2024-07-08,86,11988.4
NWO-1035,PLANT_01,DC_NORTH,2024-07-15,100,13940.0
NWO-1035,PLANT_01,DC_NORTH,2024-07-22,97,13521.8
NWO-1035,PLANT_01,DC_NORTH,2024-07-29,93,12964.2
NWO-1035,PLANT_01,DC_NORTH,2024-08-05,82,11430.8
NWO-1035,PLANT_01,DC_NORTH,2024-08-12,71,9897.4
NWO-1035,PLANT_01,DC_NORTH,2024-08-19,86,11988.4
NWO-1035,PLANT_01,DC_NORTH,2024-08-26,71,9897.4
NWO-1035,PLANT_01,DC_NORTH,2024-09-02,75,10455.0
NWO-1035,PLANT_01,DC_NORTH,2024-09-09,63,8782.2
NWO-1035,PLANT_01,DC_NORTH,2024-09-16,74,10315.6
NWO-1035,PLANT_01,DC_NORTH,2024-09-23,90,12546.0
NWO-1035,PLANT_01,DC_NORTH,2024-09-30,62,8642.8
NWO-1035,PLANT_01,DC_NORTH,2024-10-07,81,11291.4
NWO-1035,PLANT_01,DC_NORTH,2024-10-14,84,11709.6
NWO-1035,PLANT_01,DC_NORTH,2024-10-21,91,12685.4
NWO-1035,PLANT_01,DC_NORTH,2024-10-28,73,10176.2
NWO-1035,PLANT_01,DC_NORTH,2024-11-04,116,16170.4
NWO-1035,PLANT_01,DC_NORTH,2024-11-11,94,13103.6
NWO-1035,PLANT_01,DC_NORTH,2024-11-18,115,16031.0
NWO-1035,PLANT_01,DC_NORTH,2024-11-25,87,12127.8
NWO-1035,PLANT_01,DC_NORTH,2024-12-02,107,14915.8
NWO-1035,PLANT_01,DC_NORTH,2024-12-09,111,15473.4
NWO-1035,PLANT_01,DC_NORTH,2024-12-16,105,14637.0
NWO-1035,PLANT_01,DC_NORTH,2024-12-23,120,16728.0
NWO-1035,PLANT_01,DC_NORTH,2024-12-30,129,17982.6
NWO-1035,PLANT_01,DC_NORTH,2025-01-06,38,5297.2
NWO-1035,PLANT_01,DC_NORTH,2025-01-13,103,14358.2
NWO-1035,PLANT_01,DC_NORTH,2025-01-20,60,8364.0
NWO-1035,PLANT_01,DC_NORTH,2025-01-27,49,6830.6
NWO-1035,PLANT_01,DC_NORTH,2025-02-03,58,8085.2
NWO-1035,PLANT_01,DC_NORTH,2025-02-10,88,12267.2
NWO-1035,PLANT_01,DC_NORTH,2025-02-17,60,8364.0
NWO-1035,PLANT_01,DC_NORTH,2025-02-24,61,8503.4
NWO-1035,PLANT_01,DC_NORTH,2025-03-03,61,8503.4
NWO-1035,PLANT_01,DC_NORTH,2025-03-10,50,6970.0
NWO-1035,PLANT_01,DC_NORTH,2025-03-17,59,8224.6
NWO-1035,PLANT_01,DC_NORTH,2025-03-24,58,8085.2
NWO-1035,PLANT_01,DC_NORTH,2025-03-31,85,11849.0
NWO-1035,PLANT_01,DC_NORTH,2025-04-07,79,11012.6
NWO-1035,PLANT_01,DC_NORTH,2025-04-14,89,12406.6
NWO-1035,PLANT_01,DC_NORTH,2025-04-21,83,11570.2
NWO-1035,PLANT_01,DC_NORTH,2025-04-28,83,11570.2
NWO-1035,PLANT_01,DC_NORTH,2025-05-05,85,11849.0
NWO-1035,PLANT_01,DC_NORTH,2025-05-12,89,12406.6
NWO-1035,PLANT_01,DC_NORTH,2025-05-19,73,10176.2
NWO-1035,PLANT_01,DC_NORTH,2025-05-26,78,10873.2
NWO-1035,PLANT_01,DC_NORTH,2025-06-02,101,14079.4
NWO-1035,PLANT_01,DC_NORTH,2025-06-09,60,8364.0
NWO-1035,PLANT_01,DC_NORTH,2025-06-16,60,8364.0
NWO-1035,PLANT_01,DC_NORTH,2025-06-23,101,14079.4
NWO-1035,PLANT_01,DC_NORTH,2025-06-30,73,10176.2
NWO-1035,PLANT_01,DC_NORTH,2025-07-07,99,13800.6
NWO-1035,PLANT_01,DC_NORTH,2025-07-14,84,11709.6
NWO-1035,PLANT_01,DC_NORTH,2025-07-21,99,13800.6
NWO-1035,PLANT_01,DC_NORTH,2025-07-28,69,9618.6
NWO-1035,PLANT_01,DC_NORTH,2025-08-04,79,11012.6
NWO-1035,PLANT_01,DC_NORTH,2025-08-11,93,12964.2
NWO-1035,PLANT_01,DC_NORTH,2025-08-18,98,13661.2
NWO-1035,PLANT_01,DC_NORTH,2025-08-25,87,12127.8
NWO-1035,PLANT_01,DC_NORTH,2025-09-01,85,11849.0
NWO-1035,PLANT_01,DC_NORTH,2025-09-08,73,10176.2
NWO-1035,PLANT_01,DC_NORTH,2025-09-15,61,8503.4
NWO-1035,PLANT_01,DC_NORTH,2025-09-22,74,10315.6
NWO-1035,PLANT_01,DC_NORTH,2025-09-29,86,11988.4
NWO-1035,PLANT_01,DC_NORTH,2025-10-06,63,8782.2
NWO-1035,PLANT_01,DC_NORTH,2025-10-13,68,9479.2
NWO-1035,PLANT_01,DC_NORTH,2025-10-20,49,6830.6
NWO-1035,PLANT_01,DC_NORTH,2025-10-27,50,6970.0
NWO-1035,PLANT_01,DC_NORTH,2025-11-03,79,11012.6
NWO-1035,PLANT_01,DC_NORTH,2025-11-10,79,11012.6
NWO-1035,PLANT_01,DC_NORTH,2025-11-17,58,8085.2
NWO-1035,PLANT_01,DC_NORTH,2025-11-24,52,7248.8
NWO-1035,PLANT_01,DC_NORTH,2025-12-01,49,6830.6
NWO-1035,PLANT_01,DC_NORTH,2025-12-08,40,5576.0
NWO-1035,PLANT_01,DC_NORTH,2025-12-15,34,4739.6
NWO-1035,PLANT_01,DC_NORTH,2025-12-22,29,4042.6
NWO-1035,PLANT_01,DC_NORTH,2025-12-29,19,2648.6
NWO-1035,PLANT_01,DC_NORTH,2026-01-05,7,975.8
NWO-1035,PLANT_01,DC_NORTH,2026-01-12,3,418.2
NWO-1035,PLANT_01,DC_SOUTH,2023-06-05,245,34153.0
NWO-1035,PLANT_01,DC_SOUTH,2023-06-12,232,32340.8
NWO-1035,PLANT_01,DC_SOUTH,2023-06-19,192,26764.8
NWO-1035,PLANT_01,DC_SOUTH,2023-06-26,241,33595.4
NWO-1035,PLANT_01,DC_SOUTH,2023-07-03,168,23419.2
NWO-1035,PLANT_01,DC_SOUTH,2023-07-10,198,27601.2
NWO-1035,PLANT_01,DC_SOUTH,2023-07-17,194,27043.6
NWO-1035,PLANT_01,DC_SOUTH,2023-07-24,210,29274.0
NWO-1035,PLANT_01,DC_SOUTH,2023-07-31,201,28019.4
NWO-1035,PLANT_01,DC_SOUTH,2023-08-07,233,32480.2
NWO-1035,PLANT_01,DC_SOUTH,2023-08-14,226,31504.4
NWO-1035,PLANT_01,DC_SOUTH,2023-08-21,241,33595.4
NWO-1035,PLANT_01,DC_SOUTH,2023-08-28,235,32759.0
NWO-1035,PLANT_01,DC_SOUTH,2023-09-04,183,25510.2
NWO-1035,PLANT_01,DC_SOUTH,2023-09-11,191,26625.4
NWO-1035,PLANT_01,DC_SOUTH,2023-09-18,212,29552.8
NWO-1035,PLANT_01,DC_SOUTH,2023-09-25,203,28298.2
NWO-1035,PLANT_01,DC_SOUTH,2023-10-02,181,25231.4
NWO-1035,PLANT_01,DC_SOUTH,2023-10-09,257,35825.8
NWO-1035,PLANT_01,DC_SOUTH,2023-10-16,238,33177.2
NWO-1035,PLANT_01,DC_SOUTH,2023-10-23,214,29831.6
NWO-1035,PLANT_01,DC_SOUTH,2023-10-30,204,28437.6
NWO-1035,PLANT_01,DC_SOUTH,2023-11-06,300,41820.0
NWO-1035,PLANT_01,DC_SOUTH,2023-11-13,296,41262.4
NWO-1035,PLANT_01,DC_SOUTH,2023-11-20,289,40286.6
NWO-1035,PLANT_01,DC_SOUTH,2023-11-27,248,34571.2
NWO-1035,PLANT_01,DC_SOUTH,2023-12-04,292,40704.8
NWO-1035,PLANT_01,DC_SOUTH,2023-12-11,314,43771.6
NWO-1035,PLANT_01,DC_SOUTH,2023-12-18,283,39450.2
NWO-1035,PLANT_01,DC_SOUTH,2023-12-25,313,43632.2
NWO-1035,PLANT_01,DC_SOUTH,2024-01-01,142,19794.8
NWO-1035,PLANT_01,DC_SOUTH,2024-01-08,120,16728.0
NWO-1035,PLANT_01,DC_SOUTH,2024-01-15,160,22304.0
NWO-1035,PLANT_01,DC_SOUTH,2024-01-22,144,20073.6
NWO-1035,PLANT_01,DC_SOUTH,2024-01-29,165,23001.0
NWO-1035,PLANT_01,DC_SOUTH,2024-02-05,161,22443.4
NWO-1035,PLANT_01,DC_SOUTH,2024-02-12,138,19237.2
NWO-1035,PLANT_01,DC_SOUTH,2024-02-19,149,20770.6
NWO-1035,PLANT_01,DC_SOUTH,2024-02-26,187,26067.8
NWO-1035,PLANT_01,DC_SOUTH,2024-03-04,166,23140.4
NWO-1035,PLANT_01,DC_SOUTH,2024-03-11,198,27601.2
NWO-1035,PLANT_01,DC_SOUTH,2024-03-18,193,26904.2
NWO-1035,PLANT_01,DC_SOUTH,2024-03-25,175,24395.0
NWO-1035,PLANT_01,DC_SOUTH,2024-04-01,195,27183.0
NWO-1035,PLANT_01,DC_SOUTH,2024-04-08,214,29831.6
NWO-1035,PLANT_01,DC_SOUTH,2024-04-15,184,25649.6
NWO-1035,PLANT_01,DC_SOUTH,2024-04-22,206,28716.4
NWO-1035,PLANT_01,DC_SOUTH,2024-04-29,182,25370.8
NWO-1035,PLANT_01,DC_SOUTH,2024-05-06,206,28716.4
NWO-1035,PLANT_01,DC_SOUTH,2024-05-13,225,31365.0
NWO-1035,PLANT_01,DC_SOUTH,2024-05-20,162,22582.8
NWO-1035,PLANT_01,DC_SOUTH,2024-05-27,187,26067.8
NWO-1035,PLANT_01,DC_SOUTH,2024-06-03,208,28995.2
NWO-1035,PLANT_01,DC_SOUTH,2024-06-10,185,25789.0
NWO-1035,PLANT_01,DC_SOUTH,2024-06-17,237,33037.8
NWO-1035,PLANT_01,DC_SOUTH,2024-06-24,231,32201.4
NWO-1035,PLANT_01,DC_SOUTH,2024-07-01,240,33456.0
NWO-1035,PLANT_01,DC_SOUTH,2024-07-08,244,34013.6
NWO-1035,PLANT_01,DC_SOUTH,2024-07-15,198,27601.2
NWO-1035,PLANT_01,DC_SOUTH,2024-07-22,213,29692.2
NWO-1035,PLANT_01,DC_SOUTH,2024-07-29,231,32201.4
NWO-1035,PLANT_01,DC_SOUTH,2024-08-05,179,24952.6
NWO-1035,PLANT_01,DC_SOUTH,2024-08-12,216,30110.4
NWO-1035,PLANT_01,DC_SOUTH,2024-08-19,249,34710.6
NWO-1035,PLANT_01,DC_SOUTH,2024-08-26,196,27322.4
NWO-1035,PLANT_01,DC_SOUTH,2024-09-02,151,21049.4
NWO-1035,PLANT_01,DC_SOUTH,2024-09-09,202,28158.8
NWO-1035,PLANT_01,DC_SOUTH,2024-09-16,213,29692.2
NWO-1035,PLANT_01,DC_SOUTH,2024-09-23,199,27740.6
NWO-1035,PLANT_01,DC_SOUTH,2024-09-30,166,23140.4
NWO-1035,PLANT_01,DC_SOUTH,2024-10-07,208,28995.2
NWO-1035,PLANT_01,DC_SOUTH,2024-10-14,209,29134.6
NWO-1035,PLANT_01,DC_SOUTH,2024-10-21,216,30110.4
NWO-1035,PLANT_01,DC_SOUTH,2024-10-28,250,34850.0
NWO-1035,PLANT_01,DC_SOUTH,2024-11-04,238,33177.2
NWO-1035,PLANT_01,DC_SOUTH,2024-11-11,308,42935.2
NWO-1035,PLANT_01,DC_SOUTH,2024-11-18,309,43074.6
NWO-1035,PLANT_01,DC_SOUTH,2024-11-25,271,37777.4
NWO-1035,PLANT_01,DC_SOUTH,2024-12-02,309,43074.6
NWO-1035,PLANT_01,DC_SOUTH,2024-12-09,241,33595.4
NWO-1035,PLANT_01,DC_SOUTH,2024-12-16,308,42935.2
NWO-1035,PLANT_01,DC_SOUTH,2024-12-23,277,38613.8
NWO-1035,PLANT_01,DC_SOUTH,2024-12-30,302,42098.8
NWO-1035,PLANT_01,DC_SOUTH,2025-01-06,150,20910.0
NWO-1035,PLANT_01,DC_SOUTH,2025-01-13,135,18819.0
NWO-1035,PLANT_01,DC_SOUTH,2025-01-20,157,21885.8
NWO-1035,PLANT_01,DC_SOUTH,2025-01-27,155,21607.0
NWO-1035,PLANT_01,DC_SOUTH,2025-02-03,145,20213.0
NWO-1035,PLANT_01,DC_SOUTH,2025-02-10,177,24673.8
NWO-1035,PLANT_01,DC_SOUTH,2025-02-17,151,21049.4
NWO-1035,PLANT_01,DC_SOUTH,2025-02-24,165,23001.0
NWO-1035,PLANT_01,DC_SOUTH,2025-03-03,176,24534.4
NWO-1035,PLANT_01,DC_SOUTH,2025-03-10,186,25928.4
NWO-1035,PLANT_01,DC_SOUTH,2025-03-17,208,28995.2
NWO-1035,PLANT_01,DC_SOUTH,2025-03-24,185,25789.0
NWO-1035,PLANT_01,DC_SOUTH,2025-03-31,192,26764.8
NWO-1035,PLANT_01,DC_SOUTH,2025-04-07,191,26625.4
NWO-1035,PLANT_01,DC_SOUTH,2025-04-14,228,31783.2
NWO-1035,PLANT_01,DC_SOUTH,2025-04-21,234,32619.6
NWO-1035,PLANT_01,DC_SOUTH,2025-04-28,234,32619.6
NWO-1035,PLANT_01,DC_SOUTH,2025-05-05,174,24255.6
NWO-1035,PLANT_01,DC_SOUTH,2025-05-12,218,30389.2
NWO-1035,PLANT_01,DC_SOUTH,2025-05-19,221,30807.4
NWO-1035,PLANT_01,DC_SOUTH,2025-05-26,248,34571.2
NWO-1035,PLANT_01,DC_SOUTH,2025-06-02,248,34571.2
NWO-1035,PLANT_01,DC_SOUTH,2025-06-09,206,28716.4
NWO-1035,PLANT_01,DC_SOUTH,2025-06-16,223,31086.2
NWO-1035,PLANT_01,DC_SOUTH,2025-06-23,183,25510.2
NWO-1035,PLANT_01,DC_SOUTH,2025-06-30,195,27183.0
NWO-1035,PLANT_01,DC_SOUTH,2025-07-07,284,39589.6
NWO-1035,PLANT_01,DC_SOUTH,2025-07-14,224,31225.6
NWO-1035,PLANT_01,DC_SOUTH,2025-07-21,236,32898.4
NWO-1035,PLANT_01,DC_SOUTH,2025-07-28,216,30110.4
NWO-1035,PLANT_01,DC_SOUTH,2025-08-04,239,33316.6
NWO-1035,PLANT_01,DC_SOUTH,2025-08-11,233,32480.2
NWO-1035,PLANT_01,DC_SOUTH,2025-08-18,218,30389.2
NWO-1035,PLANT_01,DC_SOUTH,2025-08-25,246,34292.4
NWO-1035,PLANT_01,DC_SOUTH,2025-09-01,245,34153.0
NWO-1035,PLANT_01,DC_SOUTH,2025-09-08,215,29971.0
NWO-1035,PLANT_01,DC_SOUTH,2025-09-15,226,31504.4
NWO-1035,PLANT_01,DC_SOUTH,2025-09-22,225,31365.0
NWO-1035,PLANT_01,DC_SOUTH,2025-09-29,162,22582.8
NWO-1035,PLANT_01,DC_SOUTH,2025-10-06,163,22722.2
NWO-1035,PLANT_01,DC_SOUTH,2025-10-13,157,21885.8
NWO-1035,PLANT_01,DC_SOUTH,2025-10-20,229,31922.6
NWO-1035,PLANT_01,DC_SOUTH,2025-10-27,175,24395.0
NWO-1035,PLANT_01,DC_SOUTH,2025-11-03,207,28855.8
NWO-1035,PLANT_01,DC_SOUTH,2025-11-10,209,29134.6
NWO-1035,PLANT_01,DC_SOUTH,2025-11-17,142,19794.8
NWO-1035,PLANT_01,DC_SOUTH,2025-11-24,150,20910.0
NWO-1035,PLANT_01,DC_SOUTH,2025-12-01,144,20073.6
NWO-1035,PLANT_01,DC_SOUTH,2025-12-08,96,13382.4
NWO-1035,PLANT_01,DC_SOUTH,2025-12-15,83,11570.2
NWO-1035,PLANT_01,DC_SOUTH,2025-12-22,77,10733.8
NWO-1035,PLANT_01,DC_SOUTH,2025-12-29,70,9758.0
NWO-1035,PLANT_01,DC_SOUTH,2026-01-05,19,2648.6
NWO-1035,PLANT_01,DC_SOUTH,2026-01-12,10,1394.0
NWO-1035,PLANT_01,DC_WEST,2023-06-05,185,25789.0
NWO-1035,PLANT_01,DC_WEST,2023-06-12,195,27183.0
NWO-1035,PLANT_01,DC_WEST,2023-06-19,137,19097.8
NWO-1035,PLANT_01,DC_WEST,2023-06-26,173,24116.2
NWO-1035,PLANT_01,DC_WEST,2023-07-03,159,22164.6
NWO-1035,PLANT_01,DC_WEST,2023-07-10,184,25649.6
NWO-1035,PLANT_01,DC_WEST,2023-07-17,197,27461.8
NWO-1035,PLANT_01,DC_WEST,2023-07-24,187,26067.8
NWO-1035,PLANT_01,DC_WEST,2023-07-31,128,17843.2
NWO-1035,PLANT_01,DC_WEST,2023-08-07,148,20631.2
NWO-1035,PLANT_01,DC_WEST,2023-08-14,143,19934.2
NWO-1035,PLANT_01,DC_WEST,2023-08-21,195,27183.0
NWO-1035,PLANT_01,DC_WEST,2023-08-28,205,28577.0
NWO-1035,PLANT_01,DC_WEST,2023-09-04,153,21328.2
NWO-1035,PLANT_01,DC_WEST,2023-09-11,151,21049.4
NWO-1035,PLANT_01,DC_WEST,2023-09-18,164,22861.6
NWO-1035,PLANT_01,DC_WEST,2023-09-25,137,19097.8
NWO-1035,PLANT_01,DC_WEST,2023-10-02,152,21188.8
NWO-1035,PLANT_01,DC_WEST,2023-10-09,155,21607.0
NWO-1035,PLANT_01,DC_WEST,2023-10-16,139,19376.6
NWO-1035,PLANT_01,DC_WEST,2023-10-23,173,24116.2
NWO-1035,PLANT_01,DC_WEST,2023-10-30,192,26764.8
NWO-1035,PLANT_01,DC_WEST,2023-11-06,178,24813.2
NWO-1035,PLANT_01,DC_WEST,2023-11-13,210,29274.0
NWO-1035,PLANT_01,DC_WEST,2023-11-20,167,23279.8
NWO-1035,PLANT_01,DC_WEST,2023-11-27,206,28716.4
NWO-1035,PLANT_01,DC_WEST,2023-12-04,261,36383.4
NWO-1035,PLANT_01,DC_WEST,2023-12-11,220,30668.0
NWO-1035,PLANT_01,DC_WEST,2023-12-18,251,34989.4
NWO-1035,PLANT_01,DC_WEST,2023-12-25,217,30249.8
NWO-1035,PLANT_01,DC_WEST,2024-01-01,136,18958.4
NWO-1035,PLANT_01,DC_WEST,2024-01-08,134,18679.6
NWO-1035,PLANT_01,DC_WEST,2024-01-15,104,14497.6
NWO-1035,PLANT_01,DC_WEST,2024-01-22,115,16031.0
NWO-1035,PLANT_01,DC_WEST,2024-01-29,115,16031.0
NWO-1035,PLANT_01,DC_WEST,2024-02-05,104,14497.6
NWO-1035,PLANT_01,DC_WEST,2024-02-12,119,16588.6
NWO-1035,PLANT_01,DC_WEST,2024-02-19,123,17146.2
NWO-1035,PLANT_01,DC_WEST,2024-02-26,129,17982.6
NWO-1035,PLANT_01,DC_WEST,2024-03-04,163,22722.2
NWO-1035,PLANT_01,DC_WEST,2024-03-11,174,24255.6
NWO-1035,PLANT_01,DC_WEST,2024-03-18,121,16867.4
NWO-1035,PLANT_01,DC_WEST,2024-03-25,144,20073.6
NWO-1035,PLANT_01,DC_WEST,2024-04-01,147,20491.8
NWO-1035,PLANT_01,DC_WEST,2024-04-08,153,21328.2
NWO-1035,PLANT_01,DC_WEST,2024-04-15,154,21467.6
NWO-1035,PLANT_01,DC_WEST,2024-04-22,158,22025.2
NWO-1035,PLANT_01,DC_WEST,2024-04-29,156,21746.4
NWO-1035,PLANT_01,DC_WEST,2024-05-06,169,23558.6
NWO-1035,PLANT_01,DC_WEST,2024-05-13,146,20352.4
NWO-1035,PLANT_01,DC_WEST,2024-05-20,161,22443.4
NWO-1035,PLANT_01,DC_WEST,2024-05-27,156,21746.4
NWO-1035,PLANT_01,DC_WEST,2024-06-03,197,27461.8
NWO-1035,PLANT_01,DC_WEST,2024-06-10,155,21607.0
NWO-1035,PLANT_01,DC_WEST,2024-06-17,153,21328.2
NWO-1035,PLANT_01,DC_WEST,2024-06-24,188,26207.2
NWO-1035,PLANT_01,DC_WEST,2024-07-01,166,23140.4
NWO-1035,PLANT_01,DC_WEST,2024-07-08,164,22861.6
NWO-1035,PLANT_01,DC_WEST,2024-07-15,152,21188.8
NWO-1035,PLANT_01,DC_WEST,2024-07-22,172,23976.8
NWO-1035,PLANT_01,DC_WEST,2024-07-29,174,24255.6
NWO-1035,PLANT_01,DC_WEST,2024-08-05,144,20073.6
NWO-1035,PLANT_01,DC_WEST,2024-08-12,184,25649.6
NWO-1035,PLANT_01,DC_WEST,2024-08-19,178,24813.2
NWO-1035,PLANT_01,DC_WEST,2024-08-26,159,22164.6
NWO-1035,PLANT_01,DC_WEST,2024-09-02,144,20073.6
NWO-1035,PLANT_01,DC_WEST,2024-09-09,158,22025.2
NWO-1035,PLANT_01,DC_WEST,2024-09-16,134,18679.6
NWO-1035,PLANT_01,DC_WEST,2024-09-23,160,22304.0
NWO-1035,PLANT_01,DC_WEST,2024-09-30,174,24255.6
NWO-1035,PLANT_01,DC_WEST,2024-10-07,146,20352.4
NWO-1035,PLANT_01,DC_WEST,2024-10-14,130,18122.0
NWO-1035,PLANT_01,DC_WEST,2024-10-21,157,21885.8
NWO-1035,PLANT_01,DC_WEST,2024-10-28,111,15473.4
NWO-1035,PLANT_01,DC_WEST,2024-11-04,238,33177.2
NWO-1035,PLANT_01,DC_WEST,2024-11-11,196,27322.4
NWO-1035,PLANT_01,DC_WEST,2024-11-18,226,31504.4
NWO-1035,PLANT_01,DC_WEST,2024-11-25,190,26486.0
NWO-1035,PLANT_01,DC_WEST,2024-12-02,244,34013.6
NWO-1035,PLANT_01,DC_WEST,2024-12-09,213,29692.2
NWO-1035,PLANT_01,DC_WEST,2024-12-16,222,30946.8
NWO-1035,PLANT_01,DC_WEST,2024-12-23,176,24534.4
NWO-1035,PLANT_01,DC_WEST,2024-12-30,243,33874.2
NWO-1035,PLANT_01,DC_WEST,2025-01-06,93,12964.2
NWO-1035,PLANT_01,DC_WEST,2025-01-13,112,15612.8
NWO-1035,PLANT_01,DC_WEST,2025-01-20,127,17703.8
NWO-1035,PLANT_01,DC_WEST,2025-01-27,103,14358.2
NWO-1035,PLANT_01,DC_WEST,2025-02-03,132,18400.8
NWO-1035,PLANT_01,DC_WEST,2025-02-10,120,16728.0
NWO-1035,PLANT_01,DC_WEST,2025-02-17,114,15891.6
NWO-1035,PLANT_01,DC_WEST,2025-02-24,146,20352.4
NWO-1035,PLANT_01,DC_WEST,2025-03-03,139,19376.6
NWO-1035,PLANT_01,DC_WEST,2025-03-10,177,24673.8
NWO-1035,PLANT_01,DC_WEST,2025-03-17,136,18958.4
NWO-1035,PLANT_01,DC_WEST,2025-03-24,166,23140.4
NWO-1035,PLANT_01,DC_WEST,2025-03-31,131,18261.4
NWO-1035,PLANT_01,DC_WEST,2025-04-07,148,20631.2
NWO-1035,PLANT_01,DC_WEST,2025-04-14,146,20352.4
NWO-1035,PLANT_01,DC_WEST,2025-04-21,140,19516.0
NWO-1035,PLANT_01,DC_WEST,2025-04-28,142,19794.8
NWO-1035,PLANT_01,DC_WEST,2025-05-05,147,20491.8
NWO-1035,PLANT_01,DC_WEST,2025-05-12,159,22164.6
NWO-1035,PLANT_01,DC_WEST,2025-05-19,170,23698.0
NWO-1035,PLANT_01,DC_WEST,2025-05-26,193,26904.2
NWO-1035,PLANT_01,DC_WEST,2025-06-02,142,19794.8
NWO-1035,PLANT_01,DC_WEST,2025-06-09,168,23419.2
NWO-1035,PLANT_01,DC_WEST,2025-06-16,155,21607.0
NWO-1035,PLANT_01,DC_WEST,2025-06-23,149,20770.6
NWO-1035,PLANT_01,DC_WEST,2025-06-30,182,25370.8
NWO-1035,PLANT_01,DC_WEST,2025-07-07,166,23140.4
NWO-1035,PLANT_01,DC_WEST,2025-07-14,190,26486.0
NWO-1035,PLANT_01,DC_WEST,2025-07-21,180,25092.0
NWO-1035,PLANT_01,DC_WEST,2025-07-28,147,20491.8
NWO-1035,PLANT_01,DC_WEST,2025-08-04,188,26207.2
NWO-1035,PLANT_01,DC_WEST,2025-08-11,176,24534.4
NWO-1035,PLANT_01,DC_WEST,2025-08-18,184,25649.6
NWO-1035,PLANT_01,DC_WEST,2025-08-25,168,23419.2
NWO-1035,PLANT_01,DC_WEST,2025-09-01,140,19516.0
NWO-1035,PLANT_01,DC_WEST,2025-09-08,127,17703.8
NWO-1035,PLANT_01,DC_WEST,2025-09-15,137,19097.8
NWO-1035,PLANT_01,DC_WEST,2025-09-22,169,23558.6
NWO-1035,PLANT_01,DC_WEST,2025-09-29,157,21885.8
NWO-1035,PLANT_01,DC_WEST,2025-10-06,149,20770.6
NWO-1035,PLANT_01,DC_WEST,2025-10-13,153,21328.2
NWO-1035,PLANT_01,DC_WEST,2025-10-20,154,21467.6
NWO-1035,PLANT_01,DC_WEST,2025-10-27,122,17006.8
NWO-1035,PLANT_01,DC_WEST,2025-11-03,177,24673.8
NWO-1035,PLANT_01,DC_WEST,2025-11-10,117,16309.8
NWO-1035,PLANT_01,DC_WEST,2025-11-17,96,13382.4
NWO-1035,PLANT_01,DC_WEST,2025-11-24,99,13800.6
NWO-1035,PLANT_01,DC_WEST,2025-12-01,88,12267.2
NWO-1035,PLANT_01,DC_WEST,2025-12-08,100,13940.0
NWO-1035,PLANT_01,DC_WEST,2025-12-15,61,8503.4
NWO-1035,PLANT_01,DC_WEST,2025-12-22,47,6551.8
NWO-1035,PLANT_01,DC_WEST,2025-12-29,36,5018.4
NWO-1035,PLANT_01,DC_WEST,2026-01-05,15,2091.0
NWO-1035,PLANT_01,DC_WEST,2026-01-12,7,975.8
NWO-1036,PLANT_01,DC_NORTH,2023-06-05,85,4041.75
NWO-1036,PLANT_01,DC_NORTH,2023-06-12,92,4374.6
NWO-1036,PLANT_01,DC_NORTH,2023-06-19,102,4850.1
NWO-1036,PLANT_01,DC_NORTH,2023-06-26,129,6133.95
NWO-1036,PLANT_01,DC_NORTH,2023-07-03,122,5801.1
NWO-1036,PLANT_01,DC_NORTH,2023-07-10,104,4945.2
NWO-1036,PLANT_01,DC_NORTH,2023-07-17,86,4089.3
NWO-1036,PLANT_01,DC_NORTH,2023-07-24,115,5468.25
NWO-1036,PLANT_01,DC_NORTH,2023-07-31,112,5325.6
NWO-1036,PLANT_01,DC_NORTH,2023-08-07,90,4279.5
NWO-1036,PLANT_01,DC_NORTH,2023-08-14,71,3376.05
NWO-1036,PLANT_01,DC_NORTH,2023-08-21,86,4089.3
NWO-1036,PLANT_01,DC_NORTH,2023-08-28,104,4945.2
NWO-1036,PLANT_01,DC_NORTH,2023-09-04,87,4136.85
NWO-1036,PLANT_01,DC_NORTH,2023-09-11,90,4279.5
NWO-1036,PLANT_01,DC_NORTH,2023-09-18,92,4374.6
NWO-1036,PLANT_01,DC_NORTH,2023-09-25,76,3613.8
NWO-1036,PLANT_01,DC_NORTH,2023-10-02,84,3994.2
NWO-1036,PLANT_01,DC_NORTH,2023-10-09,111,5278.05
NWO-1036,PLANT_01,DC_NORTH,2023-10-16,99,4707.45
NWO-1036,PLANT_01,DC_NORTH,2023-10-23,87,4136.85
NWO-1036,PLANT_01,DC_NORTH,2023-10-30,77,3661.35
NWO-1036,PLANT_01,DC_NORTH,2023-11-06,105,4992.75
NWO-1036,PLANT_01,DC_NORTH,2023-11-13,151,7180.05
NWO-1036,PLANT_01,DC_NORTH,2023-11-20,158,7512.9
NWO-1036,PLANT_01,DC_NORTH,2023-11-27,153,7275.15
NWO-1036,PLANT_01,DC_NORTH,2023-12-04,129,6133.95
NWO-1036,PLANT_01,DC_NORTH,2023-12-11,108,5135.4
NWO-1036,PLANT_01,DC_NORTH,2023-12-18,137,6514.35
NWO-1036,PLANT_01,DC_NORTH,2023-12-25,132,6276.6
NWO-1036,PLANT_01,DC_NORTH,2024-01-01,54,2567.7
NWO-1036,PLANT_01,DC_NORTH,2024-01-08,81,3851.55
NWO-1036,PLANT_01,DC_NORTH,2024-01-15,71,3376.05
NWO-1036,PLANT_01,DC_NORTH,2024-01-22,56,2662.8
NWO-1036,PLANT_01,DC_NORTH,2024-01-29,90,4279.5
NWO-1036,PLANT_01,DC_NORTH,2024-02-05,72,3423.6
NWO-1036,PLANT_01,DC_NORTH,2024-02-12,74,3518.7
NWO-1036,PLANT_01,DC_NORTH,2024-02-19,73,3471.15
NWO-1036,PLANT_01,DC_NORTH,2024-02-26,53,2520.15
NWO-1036,PLANT_01,DC_NORTH,2024-03-04,119,5658.45
NWO-1036,PLANT_01,DC_NORTH,2024-03-11,83,3946.65
NWO-1036,PLANT_01,DC_NORTH,2024-03-18,85,4041.75
NWO-1036,PLANT_01,DC_NORTH,2024-03-25,91,4327.05
NWO-1036,PLANT_01,DC_NORTH,2024-04-01,73,3471.15
NWO-1036,PLANT_01,DC_NORTH,2024-04-08,102,4850.1
NWO-1036,PLANT_01,DC_NORTH,2024-04-15,97,4612.35
NWO-1036,PLANT_01,DC_NORTH,2024-04-22,105,4992.75
NWO-1036,PLANT_01,DC_NORTH,2024-04-29,71,3376.05
NWO-1036,PLANT_01,DC_NORTH,2024-05-06,96,4564.8
NWO-1036,PLANT_01,DC_NORTH,2024-05-13,82,3899.1
NWO-1036,PLANT_01,DC_NORTH,2024-05-20,87,4136.85
NWO-1036,PLANT_01,DC_NORTH,2024-05-27,91,4327.05
NWO-1036,PLANT_01,DC_NORTH,2024-06-03,100,4755.0
NWO-1036,PLANT_01,DC_NORTH,2024-06-10,95,4517.25
NWO-1036,PLANT_01,DC_NORTH,2024-06-17,78,3708.9
NWO-1036,PLANT_01,DC_NORTH,2024-06-24,123,5848.65
NWO-1036,PLANT_01,DC_NORTH,2024-07-01,108,5135.4
NWO-1036,PLANT_01,DC_NORTH,2024-07-08,98,4659.9
NWO-1036,PLANT_01,DC_NORTH,2024-07-15,118,5610.9
NWO-1036,PLANT_01,DC_NORTH,2024-07-22,122,5801.1
NWO-1036,PLANT_01,DC_NORTH,2024-07-29,104,4945.2
NWO-1036,PLANT_01,DC_NORTH,2024-08-05,77,3661.35
NWO-1036,PLANT_01,DC_NORTH,2024-08-12,123,5848.65
NWO-1036,PLANT_01,DC_NORTH,2024-08-19,72,3423.6
NWO-1036,PLANT_01,DC_NORTH,2024-08-26,110,5230.5
NWO-1036,PLANT_01,DC_NORTH,2024-09-02,99,4707.45
NWO-1036,PLANT_01,DC_NORTH,2024-09-09,94,4469.7
NWO-1036,PLANT_01,DC_NORTH,2024-09-16,103,4897.65
NWO-1036,PLANT_01,DC_NORTH,2024-09-23,100,4755.0
NWO-1036,PLANT_01,DC_NORTH,2024-09-30,70,3328.5
NWO-1036,PLANT_01,DC_NORTH,2024-10-07,65,3090.75
NWO-1036,PLANT_01,DC_NORTH,2024-10-14,105,4992.75
NWO-1036,PLANT_01,DC_NORTH,2024-10-21,102,4850.1
NWO-1036,PLANT_01,DC_NORTH,2024-10-28,79,3756.45
NWO-1036,PLANT_01,DC_NORTH,2024-11-04,135,6419.25
NWO-1036,PLANT_01,DC_NORTH,2024-11-11,169,8035.95
NWO-1036,PLANT_01,DC_NORTH,2024-11-18,97,4612.35
NWO-1036,PLANT_01,DC_NORTH,2024-11-25,86,4089.3
NWO-1036,PLANT_01,DC_NORTH,2024-12-02,128,6086.4
NWO-1036,PLANT_01,DC_NORTH,2024-12-09,133,6324.15
NWO-1036,PLANT_01,DC_NORTH,2024-12-16,142,6752.1
NWO-1036,PLANT_01,DC_NORTH,2024-12-23,174,8273.7
NWO-1036,PLANT_01,DC_NORTH,2024-12-30,147,6989.85
NWO-1036,PLANT_01,DC_NORTH,2025-01-06,69,3280.95
NWO-1036,PLANT_01,DC_NORTH,2025-01-13,55,2615.25
NWO-1036,PLANT_01,DC_NORTH,2025-01-20,75,3566.25
NWO-1036,PLANT_01,DC_NORTH,2025-01-27,59,2805.45
NWO-1036,PLANT_01,DC_NORTH,2025-02-03,72,3423.6
NWO-1036,PLANT_01,DC_NORTH,2025-02-10,77,3661.35
NWO-1036,PLANT_01,DC_NORTH,2025-02-17,57,2710.35
NWO-1036,PLANT_01,DC_NORTH,2025-02-24,68,3233.4
NWO-1036,PLANT_01,DC_NORTH,2025-03-03,100,4755.0
NWO-1036,PLANT_01,DC_NORTH,2025-03-10,75,3566.25
NWO-1036,PLANT_01,DC_NORTH,2025-03-17,82,3899.1
NWO-1036,PLANT_01,DC_NORTH,2025-03-24,90,4279.5
NWO-1036,PLANT_01,DC_NORTH,2025-03-31,82,3899.1
NWO-1036,PLANT_01,DC_NORTH,2025-04-07,113,5373.15
NWO-1036,PLANT_01,DC_NORTH,2025-04-14,101,4802.55
NWO-1036,PLANT_01,DC_NORTH,2025-04-21,78,3708.9
NWO-1036,PLANT_01,DC_NORTH,2025-04-28,90,4279.5
NWO-1036,PLANT_01,DC_NORTH,2025-05-05,93,4422.15
NWO-1036,PLANT_01,DC_NORTH,2025-05-12,88,4184.4
NWO-1036,PLANT_01,DC_NORTH,2025-05-19,82,3899.1
NWO-1036,PLANT_01,DC_NORTH,2025-05-26,74,3518.7
NWO-1036,PLANT_01,DC_NORTH,2025-06-02,73,3471.15
NWO-1036,PLANT_01,DC_NORTH,2025-06-09,95,4517.25
NWO-1036,PLANT_01,DC_NORTH,2025-06-16,104,4945.2
NWO-1036,PLANT_01,DC_NORTH,2025-06-23,78,3708.9
NWO-1036,PLANT_01,DC_NORTH,2025-06-30,82,3899.1
NWO-1036,PLANT_01,DC_NORTH,2025-07-07,109,5182.95
NWO-1036,PLANT_01,DC_NORTH,2025-07-14,92,4374.6
NWO-1036,PLANT_01,DC_NORTH,2025-07-21,107,5087.85
NWO-1036,PLANT_01,DC_NORTH,2025-07-28,114,5420.7
NWO-1036,PLANT_01,DC_NORTH,2025-08-04,95,4517.25
NWO-1036,PLANT_01,DC_NORTH,2025-08-11,77,3661.35
NWO-1036,PLANT_01,DC_NORTH,2025-08-18,115,5468.25
NWO-1036,PLANT_01,DC_NORTH,2025-08-25,84,3994.2
NWO-1036,PLANT_01,DC_NORTH,2025-09-01,107,5087.85
NWO-1036,PLANT_01,DC_NORTH,2025-09-08,153,7275.15
NWO-1036,PLANT_01,DC_NORTH,2025-09-15,117,5563.35
NWO-1036,PLANT_01,DC_NORTH,2025-09-22,98,4659.9
NWO-1036,PLANT_01,DC_NORTH,2025-09-29,100,4755.0
NWO-1036,PLANT_01,DC_NORTH,2025-10-06,92,4374.6
NWO-1036,PLANT_01,DC_NORTH,2025-10-13,85,4041.75
NWO-1036,PLANT_01,DC_NORTH,2025-10-20,79,3756.45
NWO-1036,PLANT_01,DC_NORTH,2025-10-27,101,4802.55
NWO-1036,PLANT_01,DC_NORTH,2025-11-03,124,5896.2
NWO-1036,PLANT_01,DC_NORTH,2025-11-10,149,7084.95
NWO-1036,PLANT_01,DC_NORTH,2025-11-17,113,5373.15
NWO-1036,PLANT_01,DC_NORTH,2025-11-24,130,6181.5
NWO-1036,PLANT_01,DC_NORTH,2025-12-01,170,8083.5
NWO-1036,PLANT_01,DC_NORTH,2025-12-08,136,6466.8
NWO-1036,PLANT_01,DC_NORTH,2025-12-15,131,6229.05
NWO-1036,PLANT_01,DC_NORTH,2025-12-22,165,7845.75
NWO-1036,PLANT_01,DC_NORTH,2025-12-29,135,6419.25
NWO-1036,PLANT_01,DC_NORTH,2026-01-05,74,3518.7
NWO-1036,PLANT_01,DC_NORTH,2026-01-12,61,2900.55
NWO-1036,PLANT_01,DC_NORTH,2026-01-19,48,2282.4
NWO-1036,PLANT_01,DC_NORTH,2026-01-26,53,2520.15
NWO-1036,PLANT_01,DC_NORTH,2026-02-02,87,4136.85
NWO-1036,PLANT_01,DC_NORTH,2026-02-09,71,3376.05
NWO-1036,PLANT_01,DC_NORTH,2026-02-16,76,3613.8
NWO-1036,PLANT_01,DC_NORTH,2026-02-23,90,4279.5
NWO-1036,PLANT_01,DC_NORTH,2026-03-02,73,3471.15
NWO-1036,PLANT_01,DC_NORTH,2026-03-09,97,4612.35
NWO-1036,PLANT_01,DC_NORTH,2026-03-16,84,3994.2
NWO-1036,PLANT_01,DC_NORTH,2026-03-23,84,3994.2
NWO-1036,PLANT_01,DC_NORTH,2026-03-30,61,2900.55
NWO-1036,PLANT_01,DC_NORTH,2026-04-06,98,4659.9
NWO-1036,PLANT_01,DC_NORTH,2026-04-13,95,4517.25
NWO-1036,PLANT_01,DC_NORTH,2026-04-20,72,3423.6
NWO-1036,PLANT_01,DC_NORTH,2026-04-27,96,4564.8
NWO-1036,PLANT_01,DC_NORTH,2026-05-04,96,4564.8
NWO-1036,PLANT_01,DC_NORTH,2026-05-11,90,4279.5
NWO-1036,PLANT_01,DC_NORTH,2026-05-18,87,4136.85
NWO-1036,PLANT_01,DC_NORTH,2026-05-25,117,5563.35
NWO-1036,PLANT_01,DC_NORTH,2026-06-01,99,4707.45
NWO-1036,PLANT_01,DC_SOUTH,2023-06-05,254,12077.7
NWO-1036,PLANT_01,DC_SOUTH,2023-06-12,279,13266.45
NWO-1036,PLANT_01,DC_SOUTH,2023-06-19,239,11364.45
NWO-1036,PLANT_01,DC_SOUTH,2023-06-26,253,12030.15
NWO-1036,PLANT_01,DC_SOUTH,2023-07-03,269,12790.95
NWO-1036,PLANT_01,DC_SOUTH,2023-07-10,306,14550.3
NWO-1036,PLANT_01,DC_SOUTH,2023-07-17,333,15834.15
NWO-1036,PLANT_01,DC_SOUTH,2023-07-24,275,13076.25
NWO-1036,PLANT_01,DC_SOUTH,2023-07-31,284,13504.2
NWO-1036,PLANT_01,DC_SOUTH,2023-08-07,249,11839.95
NWO-1036,PLANT_01,DC_SOUTH,2023-08-14,246,11697.3
NWO-1036,PLANT_01,DC_SOUTH,2023-08-21,250,11887.5
NWO-1036,PLANT_01,DC_SOUTH,2023-08-28,267,12695.85
NWO-1036,PLANT_01,DC_SOUTH,2023-09-04,247,11744.85
NWO-1036,PLANT_01,DC_SOUTH,2023-09-11,213,10128.15
NWO-1036,PLANT_01,DC_SOUTH,2023-09-18,238,11316.9
NWO-1036,PLANT_01,DC_SOUTH,2023-09-25,241,11459.55
NWO-1036,PLANT_01,DC_SOUTH,2023-10-02,233,11079.15
NWO-1036,PLANT_01,DC_SOUTH,2023-10-09,262,12458.1
NWO-1036,PLANT_01,DC_SOUTH,2023-10-16,263,12505.65
NWO-1036,PLANT_01,DC_SOUTH,2023-10-23,226,10746.3
NWO-1036,PLANT_01,DC_SOUTH,2023-10-30,315,14978.25
NWO-1036,PLANT_01,DC_SOUTH,2023-11-06,305,14502.75
NWO-1036,PLANT_01,DC_SOUTH,2023-11-13,390,18544.5
NWO-1036,PLANT_01,DC_SOUTH,2023-11-20,233,11079.15
NWO-1036,PLANT_01,DC_SOUTH,2023-11-27,340,16167.0
NWO-1036,PLANT_01,DC_SOUTH,2023-12-04,388,18449.4
NWO-1036,PLANT_01,DC_SOUTH,2023-12-11,406,19305.3
NWO-1036,PLANT_01,DC_SOUTH,2023-12-18,388,18449.4
NWO-1036,PLANT_01,DC_SOUTH,2023-12-25,360,17118.0
NWO-1036,PLANT_01,DC_SOUTH,2024-01-01,179,8511.45
NWO-1036,PLANT_01,DC_SOUTH,2024-01-08,176,8368.8
NWO-1036,PLANT_01,DC_SOUTH,2024-01-15,175,8321.25
NWO-1036,PLANT_01,DC_SOUTH,2024-01-22,188,8939.4
NWO-1036,PLANT_01,DC_SOUTH,2024-01-29,168,7988.4
NWO-1036,PLANT_01,DC_SOUTH,2024-02-05,179,8511.45
NWO-1036,PLANT_01,DC_SOUTH,2024-02-12,203,9652.65
NWO-1036,PLANT_01,DC_SOUTH,2024-02-19,197,9367.35
NWO-1036,PLANT_01,DC_SOUTH,2024-02-26,214,10175.7
NWO-1036,PLANT_01,DC_SOUTH,2024-03-04,195,9272.25
NWO-1036,PLANT_01,DC_SOUTH,2024-03-11,199,9462.45
NWO-1036,PLANT_01,DC_SOUTH,2024-03-18,241,11459.55
NWO-1036,PLANT_01,DC_SOUTH,2024-03-25,240,11412.0
NWO-1036,PLANT_01,DC_SOUTH,2024-04-01,263,12505.65
NWO-1036,PLANT_01,DC_SOUTH,2024-04-08,231,10984.05
NWO-1036,PLANT_01,DC_SOUTH,2024-04-15,242,11507.1
NWO-1036,PLANT_01,DC_SOUTH,2024-04-22,243,11554.65
NWO-1036,PLANT_01,DC_SOUTH,2024-04-29,268,12743.4
NWO-1036,PLANT_01,DC_SOUTH,2024-05-06,249,11839.95
NWO-1036,PLANT_01,DC_SOUTH,2024-05-13,242,11507.1
NWO-1036,PLANT_01,DC_SOUTH,2024-05-20,218,10365.9
NWO-1036,PLANT_01,DC_SOUTH,2024-05-27,240,11412.0
NWO-1036,PLANT_01,DC_SOUTH,2024-06-03,267,12695.85
NWO-1036,PLANT_01,DC_SOUTH,2024-06-10,275,13076.25
NWO-1036,PLANT_01,DC_SOUTH,2024-06-17,242,11507.1
NWO-1036,PLANT_01,DC_SOUTH,2024-06-24,256,12172.8
NWO-1036,PLANT_01,DC_SOUTH,2024-07-01,328,15596.4
NWO-1036,PLANT_01,DC_SOUTH,2024-07-08,303,14407.65
NWO-1036,PLANT_01,DC_SOUTH,2024-07-15,327,15548.85
NWO-1036,PLANT_01,DC_SOUTH,2024-07-22,250,11887.5
NWO-1036,PLANT_01,DC_SOUTH,2024-07-29,273,12981.15
NWO-1036,PLANT_01,DC_SOUTH,2024-08-05,281,13361.55
NWO-1036,PLANT_01,DC_SOUTH,2024-08-12,303,14407.65
NWO-1036,PLANT_01,DC_SOUTH,2024-08-19,271,12886.05
NWO-1036,PLANT_01,DC_SOUTH,2024-08-26,256,12172.8
NWO-1036,PLANT_01,DC_SOUTH,2024-09-02,193,9177.15
NWO-1036,PLANT_01,DC_SOUTH,2024-09-09,227,10793.85
NWO-1036,PLANT_01,DC_SOUTH,2024-09-16,246,11697.3
NWO-1036,PLANT_01,DC_SOUTH,2024-09-23,172,8178.6
NWO-1036,PLANT_01,DC_SOUTH,2024-09-30,205,9747.75
NWO-1036,PLANT_01,DC_SOUTH,2024-10-07,209,9937.95
NWO-1036,PLANT_01,DC_SOUTH,2024-10-14,284,13504.2
NWO-1036,PLANT_01,DC_SOUTH,2024-10-21,274,13028.7
NWO-1036,PLANT_01,DC_SOUTH,2024-10-28,274,13028.7
NWO-1036,PLANT_01,DC_SOUTH,2024-11-04,391,18592.05
NWO-1036,PLANT_01,DC_SOUTH,2024-11-11,412,19590.6
NWO-1036,PLANT_01,DC_SOUTH,2024-11-18,321,15263.55
NWO-1036,PLANT_01,DC_SOUTH,2024-11-25,349,16594.95
NWO-1036,PLANT_01,DC_SOUTH,2024-12-02,356,16927.8
NWO-1036,PLANT_01,DC_SOUTH,2024-12-09,373,17736.15
NWO-1036,PLANT_01,DC_SOUTH,2024-12-16,327,15548.85
NWO-1036,PLANT_01,DC_SOUTH,2024-12-23,350,16642.5
NWO-1036,PLANT_01,DC_SOUTH,2024-12-30,377,17926.35
NWO-1036,PLANT_01,DC_SOUTH,2025-01-06,218,10365.9
NWO-1036,PLANT_01,DC_SOUTH,2025-01-13,200,9510.0
NWO-1036,PLANT_01,DC_SOUTH,2025-01-20,165,7845.75
NWO-1036,PLANT_01,DC_SOUTH,2025-01-27,207,9842.85
NWO-1036,PLANT_01,DC_SOUTH,2025-02-03,188,8939.4
NWO-1036,PLANT_01,DC_SOUTH,2025-02-10,162,7703.1
NWO-1036,PLANT_01,DC_SOUTH,2025-02-17,179,8511.45
NWO-1036,PLANT_01,DC_SOUTH,2025-02-24,185,8796.75
NWO-1036,PLANT_01,DC_SOUTH,2025-03-03,214,10175.7
NWO-1036,PLANT_01,DC_SOUTH,2025-03-10,217,10318.35
NWO-1036,PLANT_01,DC_SOUTH,2025-03-17,200,9510.0
NWO-1036,PLANT_01,DC_SOUTH,2025-03-24,213,10128.15
NWO-1036,PLANT_01,DC_SOUTH,2025-03-31,203,9652.65
NWO-1036,PLANT_01,DC_SOUTH,2025-04-07,215,10223.25
NWO-1036,PLANT_01,DC_SOUTH,2025-04-14,208,9890.4
NWO-1036,PLANT_01,DC_SOUTH,2025-04-21,213,10128.15
NWO-1036,PLANT_01,DC_SOUTH,2025-04-28,190,9034.5
NWO-1036,PLANT_01,DC_SOUTH,2025-05-05,226,10746.3
NWO-1036,PLANT_01,DC_SOUTH,2025-05-12,246,11697.3
NWO-1036,PLANT_01,DC_SOUTH,2025-05-19,252,11982.6
NWO-1036,PLANT_01,DC_SOUTH,2025-05-26,234,11126.7
NWO-1036,PLANT_01,DC_SOUTH,2025-06-02,240,11412.0
NWO-1036,PLANT_01,DC_SOUTH,2025-06-09,223,10603.65
NWO-1036,PLANT_01,DC_SOUTH,2025-06-16,244,11602.2
NWO-1036,PLANT_01,DC_SOUTH,2025-06-23,248,11792.4
NWO-1036,PLANT_01,DC_SOUTH,2025-06-30,274,13028.7
NWO-1036,PLANT_01,DC_SOUTH,2025-07-07,265,12600.75
NWO-1036,PLANT_01,DC_SOUTH,2025-07-14,277,13171.35
NWO-1036,PLANT_01,DC_SOUTH,2025-07-21,264,12553.2
NWO-1036,PLANT_01,DC_SOUTH,2025-07-28,215,10223.25
NWO-1036,PLANT_01,DC_SOUTH,2025-08-04,293,13932.15
NWO-1036,PLANT_01,DC_SOUTH,2025-08-11,268,12743.4
NWO-1036,PLANT_01,DC_SOUTH,2025-08-18,193,9177.15
NWO-1036,PLANT_01,DC_SOUTH,2025-08-25,252,11982.6
NWO-1036,PLANT_01,DC_SOUTH,2025-09-01,243,11554.65
NWO-1036,PLANT_01,DC_SOUTH,2025-09-08,226,10746.3
NWO-1036,PLANT_01,DC_SOUTH,2025-09-15,244,11602.2
NWO-1036,PLANT_01,DC_SOUTH,2025-09-22,257,12220.35
NWO-1036,PLANT_01,DC_SOUTH,2025-09-29,240,11412.0
NWO-1036,PLANT_01,DC_SOUTH,2025-10-06,219,10413.45
NWO-1036,PLANT_01,DC_SOUTH,2025-10-13,258,12267.9
NWO-1036,PLANT_01,DC_SOUTH,2025-10-20,264,12553.2
NWO-1036,PLANT_01,DC_SOUTH,2025-10-27,242,11507.1
NWO-1036,PLANT_01,DC_SOUTH,2025-11-03,308,14645.4
NWO-1036,PLANT_01,DC_SOUTH,2025-11-10,425,20208.75
NWO-1036,PLANT_01,DC_SOUTH,2025-11-17,366,17403.3
NWO-1036,PLANT_01,DC_SOUTH,2025-11-24,304,14455.2
NWO-1036,PLANT_01,DC_SOUTH,2025-12-01,369,17545.95
NWO-1036,PLANT_01,DC_SOUTH,2025-12-08,276,13123.8
NWO-1036,PLANT_01,DC_SOUTH,2025-12-15,341,16214.55
NWO-1036,PLANT_01,DC_SOUTH,2025-12-22,399,18972.45
NWO-1036,PLANT_01,DC_SOUTH,2025-12-29,395,18782.25
NWO-1036,PLANT_01,DC_SOUTH,2026-01-05,163,7750.65
NWO-1036,PLANT_01,DC_SOUTH,2026-01-12,188,8939.4
NWO-1036,PLANT_01,DC_SOUTH,2026-01-19,222,10556.1
NWO-1036,PLANT_01,DC_SOUTH,2026-01-26,207,9842.85
NWO-1036,PLANT_01,DC_SOUTH,2026-02-02,185,8796.75
NWO-1036,PLANT_01,DC_SOUTH,2026-02-09,183,8701.65
NWO-1036,PLANT_01,DC_SOUTH,2026-02-16,209,9937.95
NWO-1036,PLANT_01,DC_SOUTH,2026-02-23,202,9605.1
NWO-1036,PLANT_01,DC_SOUTH,2026-03-02,237,11269.35
NWO-1036,PLANT_01,DC_SOUTH,2026-03-09,201,9557.55
NWO-1036,PLANT_01,DC_SOUTH,2026-03-16,265,12600.75
NWO-1036,PLANT_01,DC_SOUTH,2026-03-23,244,11602.2
NWO-1036,PLANT_01,DC_SOUTH,2026-03-30,266,12648.3
NWO-1036,PLANT_01,DC_SOUTH,2026-04-06,264,12553.2
NWO-1036,PLANT_01,DC_SOUTH,2026-04-13,198,9414.9
NWO-1036,PLANT_01,DC_SOUTH,2026-04-20,193,9177.15
NWO-1036,PLANT_01,DC_SOUTH,2026-04-27,263,12505.65
NWO-1036,PLANT_01,DC_SOUTH,2026-05-04,228,10841.4
NWO-1036,PLANT_01,DC_SOUTH,2026-05-11,238,11316.9
NWO-1036,PLANT_01,DC_SOUTH,2026-05-18,185,8796.75
NWO-1036,PLANT_01,DC_SOUTH,2026-05-25,221,10508.55
NWO-1036,PLANT_01,DC_SOUTH,2026-06-01,288,13694.4
NWO-1036,PLANT_01,DC_WEST,2023-06-05,192,9129.6
NWO-1036,PLANT_01,DC_WEST,2023-06-12,162,7703.1
NWO-1036,PLANT_01,DC_WEST,2023-06-19,212,10080.6
NWO-1036,PLANT_01,DC_WEST,2023-06-26,206,9795.3
NWO-1036,PLANT_01,DC_WEST,2023-07-03,237,11269.35
NWO-1036,PLANT_01,DC_WEST,2023-07-10,195,9272.25
NWO-1036,PLANT_01,DC_WEST,2023-07-17,218,10365.9
NWO-1036,PLANT_01,DC_WEST,2023-07-24,217,10318.35
NWO-1036,PLANT_01,DC_WEST,2023-07-31,245,11649.75
NWO-1036,PLANT_01,DC_WEST,2023-08-07,195,9272.25
NWO-1036,PLANT_01,DC_WEST,2023-08-14,191,9082.05
NWO-1036,PLANT_01,DC_WEST,2023-08-21,182,8654.1
NWO-1036,PLANT_01,DC_WEST,2023-08-28,193,9177.15
NWO-1036,PLANT_01,DC_WEST,2023-09-04,198,9414.9
NWO-1036,PLANT_01,DC_WEST,2023-09-11,155,7370.25
NWO-1036,PLANT_01,DC_WEST,2023-09-18,152,7227.6
NWO-1036,PLANT_01,DC_WEST,2023-09-25,200,9510.0
NWO-1036,PLANT_01,DC_WEST,2023-10-02,188,8939.4
NWO-1036,PLANT_01,DC_WEST,2023-10-09,201,9557.55
NWO-1036,PLANT_01,DC_WEST,2023-10-16,143,6799.65
NWO-1036,PLANT_01,DC_WEST,2023-10-23,180,8559.0
NWO-1036,PLANT_01,DC_WEST,2023-10-30,167,7940.85
NWO-1036,PLANT_01,DC_WEST,2023-11-06,275,13076.25
NWO-1036,PLANT_01,DC_WEST,2023-11-13,229,10888.95
NWO-1036,PLANT_01,DC_WEST,2023-11-20,285,13551.75
NWO-1036,PLANT_01,DC_WEST,2023-11-27,246,11697.3
NWO-1036,PLANT_01,DC_WEST,2023-12-04,280,13314.0
NWO-1036,PLANT_01,DC_WEST,2023-12-11,252,11982.6
NWO-1036,PLANT_01,DC_WEST,2023-12-18,286,13599.3
NWO-1036,PLANT_01,DC_WEST,2023-12-25,262,12458.1
NWO-1036,PLANT_01,DC_WEST,2024-01-01,157,7465.35
NWO-1036,PLANT_01,DC_WEST,2024-01-08,157,7465.35
NWO-1036,PLANT_01,DC_WEST,2024-01-15,179,8511.45
NWO-1036,PLANT_01,DC_WEST,2024-01-22,126,5991.3
NWO-1036,PLANT_01,DC_WEST,2024-01-29,158,7512.9
NWO-1036,PLANT_01,DC_WEST,2024-02-05,161,7655.55
NWO-1036,PLANT_01,DC_WEST,2024-02-12,142,6752.1
NWO-1036,PLANT_01,DC_WEST,2024-02-19,151,7180.05
NWO-1036,PLANT_01,DC_WEST,2024-02-26,151,7180.05
NWO-1036,PLANT_01,DC_WEST,2024-03-04,171,8131.05
NWO-1036,PLANT_01,DC_WEST,2024-03-11,186,8844.3
NWO-1036,PLANT_01,DC_WEST,2024-03-18,207,9842.85
NWO-1036,PLANT_01,DC_WEST,2024-03-25,163,7750.65
NWO-1036,PLANT_01,DC_WEST,2024-04-01,183,8701.65
NWO-1036,PLANT_01,DC_WEST,2024-04-08,138,6561.9
NWO-1036,PLANT_01,DC_WEST,2024-04-15,195,9272.25
NWO-1036,PLANT_01,DC_WEST,2024-04-22,156,7417.8
NWO-1036,PLANT_01,DC_WEST,2024-04-29,143,6799.65
NWO-1036,PLANT_01,DC_WEST,2024-05-06,187,8891.85
NWO-1036,PLANT_01,DC_WEST,2024-05-13,171,8131.05
NWO-1036,PLANT_01,DC_WEST,2024-05-20,210,9985.5
NWO-1036,PLANT_01,DC_WEST,2024-05-27,202,9605.1
NWO-1036,PLANT_01,DC_WEST,2024-06-03,220,10461.0
NWO-1036,PLANT_01,DC_WEST,2024-06-10,209,9937.95
NWO-1036,PLANT_01,DC_WEST,2024-06-17,228,10841.4
NWO-1036,PLANT_01,DC_WEST,2024-06-24,185,8796.75
NWO-1036,PLANT_01,DC_WEST,2024-07-01,225,10698.75
NWO-1036,PLANT_01,DC_WEST,2024-07-08,208,9890.4
NWO-1036,PLANT_01,DC_WEST,2024-07-15,179,8511.45
NWO-1036,PLANT_01,DC_WEST,2024-07-22,191,9082.05
NWO-1036,PLANT_01,DC_WEST,2024-07-29,199,9462.45
NWO-1036,PLANT_01,DC_WEST,2024-08-05,204,9700.2
NWO-1036,PLANT_01,DC_WEST,2024-08-12,167,7940.85
NWO-1036,PLANT_01,DC_WEST,2024-08-19,184,8749.2
NWO-1036,PLANT_01,DC_WEST,2024-08-26,176,8368.8
NWO-1036,PLANT_01,DC_WEST,2024-09-02,154,7322.7
NWO-1036,PLANT_01,DC_WEST,2024-09-09,200,9510.0
NWO-1036,PLANT_01,DC_WEST,2024-09-16,196,9319.8
NWO-1036,PLANT_01,DC_WEST,2024-09-23,203,9652.65
NWO-1036,PLANT_01,DC_WEST,2024-09-30,153,7275.15
NWO-1036,PLANT_01,DC_WEST,2024-10-07,207,9842.85
NWO-1036,PLANT_01,DC_WEST,2024-10-14,164,7798.2
NWO-1036,PLANT_01,DC_WEST,2024-10-21,175,8321.25
NWO-1036,PLANT_01,DC_WEST,2024-10-28,138,6561.9
NWO-1036,PLANT_01,DC_WEST,2024-11-04,251,11935.05
NWO-1036,PLANT_01,DC_WEST,2024-11-11,262,12458.1
NWO-1036,PLANT_01,DC_WEST,2024-11-18,276,13123.8
NWO-1036,PLANT_01,DC_WEST,2024-11-25,237,11269.35
NWO-1036,PLANT_01,DC_WEST,2024-12-02,280,13314.0
NWO-1036,PLANT_01,DC_WEST,2024-12-09,210,9985.5
NWO-1036,PLANT_01,DC_WEST,2024-12-16,294,13979.7
NWO-1036,PLANT_01,DC_WEST,2024-12-23,266,12648.3
NWO-1036,PLANT_01,DC_WEST,2024-12-30,258,12267.9
NWO-1036,PLANT_01,DC_WEST,2025-01-06,135,6419.25
NWO-1036,PLANT_01,DC_WEST,2025-01-13,128,6086.4
NWO-1036,PLANT_01,DC_WEST,2025-01-20,165,7845.75
NWO-1036,PLANT_01,DC_WEST,2025-01-27,152,7227.6
NWO-1036,PLANT_01,DC_WEST,2025-02-03,166,7893.3
NWO-1036,PLANT_01,DC_WEST,2025-02-10,144,6847.2
NWO-1036,PLANT_01,DC_WEST,2025-02-17,117,5563.35
NWO-1036,PLANT_01,DC_WEST,2025-02-24,100,4755.0
NWO-1036,PLANT_01,DC_WEST,2025-03-03,175,8321.25
NWO-1036,PLANT_01,DC_WEST,2025-03-10,171,8131.05
NWO-1036,PLANT_01,DC_WEST,2025-03-17,169,8035.95
NWO-1036,PLANT_01,DC_WEST,2025-03-24,190,9034.5
NWO-1036,PLANT_01,DC_WEST,2025-03-31,165,7845.75
NWO-1036,PLANT_01,DC_WEST,2025-04-07,210,9985.5
NWO-1036,PLANT_01,DC_WEST,2025-04-14,187,8891.85
NWO-1036,PLANT_01,DC_WEST,2025-04-21,177,8416.35
NWO-1036,PLANT_01,DC_WEST,2025-04-28,159,7560.45
NWO-1036,PLANT_01,DC_WEST,2025-05-05,208,9890.4
NWO-1036,PLANT_01,DC_WEST,2025-05-12,180,8559.0
NWO-1036,PLANT_01,DC_WEST,2025-05-19,160,7608.0
NWO-1036,PLANT_01,DC_WEST,2025-05-26,178,8463.9
NWO-1036,PLANT_01,DC_WEST,2025-06-02,215,10223.25
NWO-1036,PLANT_01,DC_WEST,2025-06-09,211,10033.05
NWO-1036,PLANT_01,DC_WEST,2025-06-16,178,8463.9
NWO-1036,PLANT_01,DC_WEST,2025-06-23,237,11269.35
NWO-1036,PLANT_01,DC_WEST,2025-06-30,179,8511.45
NWO-1036,PLANT_01,DC_WEST,2025-07-07,167,7940.85
NWO-1036,PLANT_01,DC_WEST,2025-07-14,180,8559.0
NWO-1036,PLANT_01,DC_WEST,2025-07-21,222,10556.1
NWO-1036,PLANT_01,DC_WEST,2025-07-28,229,10888.95
NWO-1036,PLANT_01,DC_WEST,2025-08-04,193,9177.15
NWO-1036,PLANT_01,DC_WEST,2025-08-11,174,8273.7
NWO-1036,PLANT_01,DC_WEST,2025-08-18,190,9034.5
NWO-1036,PLANT_01,DC_WEST,2025-08-25,142,6752.1
NWO-1036,PLANT_01,DC_WEST,2025-09-01,162,7703.1
NWO-1036,PLANT_01,DC_WEST,2025-09-08,169,8035.95
NWO-1036,PLANT_01,DC_WEST,2025-09-15,187,8891.85
NWO-1036,PLANT_01,DC_WEST,2025-09-22,182,8654.1
NWO-1036,PLANT_01,DC_WEST,2025-09-29,183,8701.65
NWO-1036,PLANT_01,DC_WEST,2025-10-06,188,8939.4
NWO-1036,PLANT_01,DC_WEST,2025-10-13,189,8986.95
NWO-1036,PLANT_01,DC_WEST,2025-10-20,202,9605.1
NWO-1036,PLANT_01,DC_WEST,2025-10-27,188,8939.4
NWO-1036,PLANT_01,DC_WEST,2025-11-03,246,11697.3
NWO-1036,PLANT_01,DC_WEST,2025-11-10,241,11459.55
NWO-1036,PLANT_01,DC_WEST,2025-11-17,249,11839.95
NWO-1036,PLANT_01,DC_WEST,2025-11-24,257,12220.35
NWO-1036,PLANT_01,DC_WEST,2025-12-01,299,14217.45
NWO-1036,PLANT_01,DC_WEST,2025-12-08,279,13266.45
NWO-1036,PLANT_01,DC_WEST,2025-12-15,228,10841.4
NWO-1036,PLANT_01,DC_WEST,2025-12-22,294,13979.7
NWO-1036,PLANT_01,DC_WEST,2025-12-29,267,12695.85
NWO-1036,PLANT_01,DC_WEST,2026-01-05,135,6419.25
NWO-1036,PLANT_01,DC_WEST,2026-01-12,146,6942.3
NWO-1036,PLANT_01,DC_WEST,2026-01-19,132,6276.6
NWO-1036,PLANT_01,DC_WEST,2026-01-26,135,6419.25
NWO-1036,PLANT_01,DC_WEST,2026-02-02,120,5706.0
NWO-1036,PLANT_01,DC_WEST,2026-02-09,138,6561.9
NWO-1036,PLANT_01,DC_WEST,2026-02-16,138,6561.9
NWO-1036,PLANT_01,DC_WEST,2026-02-23,160,7608.0
NWO-1036,PLANT_01,DC_WEST,2026-03-02,179,8511.45
NWO-1036,PLANT_01,DC_WEST,2026-03-09,167,7940.85
NWO-1036,PLANT_01,DC_WEST,2026-03-16,187,8891.85
NWO-1036,PLANT_01,DC_WEST,2026-03-23,147,6989.85
NWO-1036,PLANT_01,DC_WEST,2026-03-30,156,7417.8
NWO-1036,PLANT_01,DC_WEST,2026-04-06,180,8559.0
NWO-1036,PLANT_01,DC_WEST,2026-04-13,141,6704.55
NWO-1036,PLANT_01,DC_WEST,2026-04-20,183,8701.65
NWO-1036,PLANT_01,DC_WEST,2026-04-27,171,8131.05
NWO-1036,PLANT_01,DC_WEST,2026-05-04,167,7940.85
NWO-1036,PLANT_01,DC_WEST,2026-05-11,136,6466.8
NWO-1036,PLANT_01,DC_WEST,2026-05-18,181,8606.55
NWO-1036,PLANT_01,DC_WEST,2026-05-25,187,8891.85
NWO-1036,PLANT_01,DC_WEST,2026-06-01,166,7893.3
